date,base_currency,quote_currency,rate,yahoo_ticker
2016-01-01,EUR,SEK,9.156669616699219,EURSEK=X
2016-01-04,EUR,SEK,9.156800270080566,EURSEK=X
2016-01-05,EUR,SEK,9.200579643249512,EURSEK=X
2016-01-06,EUR,SEK,9.231679916381836,EURSEK=X
2016-01-07,EUR,SEK,9.253569602966309,EURSEK=X
2016-01-08,EUR,SEK,9.24446964263916,EURSEK=X
2016-01-11,EUR,SEK,9.287969589233398,EURSEK=X
2016-01-12,EUR,SEK,9.269390106201172,EURSEK=X
2016-01-13,EUR,SEK,9.25100040435791,EURSEK=X
2016-01-14,EUR,SEK,9.27560043334961,EURSEK=X
2016-01-15,EUR,SEK,9.286199569702148,EURSEK=X
2016-01-18,EUR,SEK,9.362199783325195,EURSEK=X
2016-01-19,EUR,SEK,9.35354995727539,EURSEK=X
2016-01-20,EUR,SEK,9.312000274658203,EURSEK=X
2016-01-21,EUR,SEK,9.348739624023438,EURSEK=X
2016-01-22,EUR,SEK,9.296640396118164,EURSEK=X
2016-01-25,EUR,SEK,9.262149810791016,EURSEK=X
2016-01-26,EUR,SEK,9.287579536437988,EURSEK=X
2016-01-27,EUR,SEK,9.28026008605957,EURSEK=X
2016-01-28,EUR,SEK,9.269800186157227,EURSEK=X
2016-01-29,EUR,SEK,9.29755973815918,EURSEK=X
2016-02-01,EUR,SEK,9.295060157775879,EURSEK=X
2016-02-02,EUR,SEK,9.286439895629883,EURSEK=X
2016-02-03,EUR,SEK,9.336199760437012,EURSEK=X
2016-02-04,EUR,SEK,9.360610008239746,EURSEK=X
2016-02-05,EUR,SEK,9.405540466308594,EURSEK=X
2016-02-08,EUR,SEK,9.428970336914062,EURSEK=X
2016-02-09,EUR,SEK,9.451769828796387,EURSEK=X
2016-02-10,EUR,SEK,9.496500015258789,EURSEK=X
2016-02-11,EUR,SEK,9.440699577331543,EURSEK=X
2016-02-12,EUR,SEK,9.476699829101562,EURSEK=X
2016-02-15,EUR,SEK,9.452560424804688,EURSEK=X
2016-02-16,EUR,SEK,9.466500282287598,EURSEK=X
2016-02-17,EUR,SEK,9.475259780883789,EURSEK=X
2016-02-18,EUR,SEK,9.46912956237793,EURSEK=X
2016-02-19,EUR,SEK,9.381919860839844,EURSEK=X
2016-02-22,EUR,SEK,9.387490272521973,EURSEK=X
2016-02-23,EUR,SEK,9.36870002746582,EURSEK=X
2016-02-24,EUR,SEK,9.344900131225586,EURSEK=X
2016-02-25,EUR,SEK,9.349300384521484,EURSEK=X
2016-02-26,EUR,SEK,9.365799903869629,EURSEK=X
2016-02-29,EUR,SEK,9.348600387573242,EURSEK=X
2016-03-01,EUR,SEK,9.31309986114502,EURSEK=X
2016-03-02,EUR,SEK,9.364359855651855,EURSEK=X
2016-03-03,EUR,SEK,9.357170104980469,EURSEK=X
2016-03-04,EUR,SEK,9.337869644165039,EURSEK=X
2016-03-07,EUR,SEK,9.324199676513672,EURSEK=X
2016-03-08,EUR,SEK,9.33080005645752,EURSEK=X
2016-03-09,EUR,SEK,9.340959548950195,EURSEK=X
2016-03-10,EUR,SEK,9.282400131225586,EURSEK=X
2016-03-11,EUR,SEK,9.356169700622559,EURSEK=X
2016-03-14,EUR,SEK,9.30679988861084,EURSEK=X
2016-03-15,EUR,SEK,9.26360034942627,EURSEK=X
2016-03-16,EUR,SEK,9.242280006408691,EURSEK=X
2016-03-17,EUR,SEK,9.234109878540039,EURSEK=X
2016-03-18,EUR,SEK,9.255410194396973,EURSEK=X
2016-03-21,EUR,SEK,9.2746000289917,EURSEK=X
2016-03-22,EUR,SEK,9.247900009155273,EURSEK=X
2016-03-23,EUR,SEK,9.228400230407715,EURSEK=X
2016-03-24,EUR,SEK,9.240269660949707,EURSEK=X
2016-03-25,EUR,SEK,9.264809608459473,EURSEK=X
2016-03-28,EUR,SEK,9.271780014038086,EURSEK=X
2016-03-29,EUR,SEK,9.269960403442383,EURSEK=X
2016-03-30,EUR,SEK,9.25039005279541,EURSEK=X
2016-03-31,EUR,SEK,9.2158203125,EURSEK=X
2016-04-01,EUR,SEK,9.236900329589844,EURSEK=X
2016-04-04,EUR,SEK,9.258370399475098,EURSEK=X
2016-04-05,EUR,SEK,9.250889778137207,EURSEK=X
2016-04-06,EUR,SEK,9.25139045715332,EURSEK=X
2016-04-07,EUR,SEK,9.290570259094238,EURSEK=X
2016-04-08,EUR,SEK,9.28219985961914,EURSEK=X
2016-04-11,EUR,SEK,9.29259967803955,EURSEK=X
2016-04-12,EUR,SEK,9.252900123596191,EURSEK=X
2016-04-13,EUR,SEK,9.198129653930664,EURSEK=X
2016-04-14,EUR,SEK,9.183799743652344,EURSEK=X
2016-04-15,EUR,SEK,9.16448974609375,EURSEK=X
2016-04-18,EUR,SEK,9.191200256347656,EURSEK=X
2016-04-19,EUR,SEK,9.174790382385254,EURSEK=X
2016-04-20,EUR,SEK,9.179770469665527,EURSEK=X
2016-04-21,EUR,SEK,9.180700302124023,EURSEK=X
2016-04-22,EUR,SEK,9.190690040588379,EURSEK=X
2016-04-25,EUR,SEK,9.155900001525879,EURSEK=X
2016-04-26,EUR,SEK,9.169699668884277,EURSEK=X
2016-04-27,EUR,SEK,9.172800064086914,EURSEK=X
2016-04-28,EUR,SEK,9.152170181274414,EURSEK=X
2016-04-29,EUR,SEK,9.159899711608887,EURSEK=X
2016-05-02,EUR,SEK,9.192859649658203,EURSEK=X
2016-05-03,EUR,SEK,9.179200172424316,EURSEK=X
2016-05-04,EUR,SEK,9.257599830627441,EURSEK=X
2016-05-05,EUR,SEK,9.263819694519043,EURSEK=X
2016-05-06,EUR,SEK,9.24213981628418,EURSEK=X
2016-05-09,EUR,SEK,9.279569625854492,EURSEK=X
2016-05-10,EUR,SEK,9.288260459899902,EURSEK=X
2016-05-11,EUR,SEK,9.273420333862305,EURSEK=X
2016-05-12,EUR,SEK,9.292200088500977,EURSEK=X
2016-05-13,EUR,SEK,9.306130409240723,EURSEK=X
2016-05-16,EUR,SEK,9.32116985321045,EURSEK=X
2016-05-17,EUR,SEK,9.351770401000977,EURSEK=X
2016-05-18,EUR,SEK,9.339570045471191,EURSEK=X
2016-05-19,EUR,SEK,9.363869667053223,EURSEK=X
2016-05-20,EUR,SEK,9.35338020324707,EURSEK=X
2016-05-23,EUR,SEK,9.33218002319336,EURSEK=X
2016-05-24,EUR,SEK,9.35813045501709,EURSEK=X
2016-05-25,EUR,SEK,9.259249687194824,EURSEK=X
2016-05-26,EUR,SEK,9.256340026855469,EURSEK=X
2016-05-27,EUR,SEK,9.265899658203125,EURSEK=X
2016-05-30,EUR,SEK,9.276100158691406,EURSEK=X
2016-05-31,EUR,SEK,9.277379989624023,EURSEK=X
2016-06-01,EUR,SEK,9.270879745483398,EURSEK=X
2016-06-02,EUR,SEK,9.280130386352539,EURSEK=X
2016-06-03,EUR,SEK,9.282219886779785,EURSEK=X
2016-06-06,EUR,SEK,9.25220012664795,EURSEK=X
2016-06-07,EUR,SEK,9.228799819946289,EURSEK=X
2016-06-08,EUR,SEK,9.228429794311523,EURSEK=X
2016-06-09,EUR,SEK,9.237380027770996,EURSEK=X
2016-06-10,EUR,SEK,9.254150390625,EURSEK=X
2016-06-13,EUR,SEK,9.34041976928711,EURSEK=X
2016-06-14,EUR,SEK,9.307129859924316,EURSEK=X
2016-06-15,EUR,SEK,9.316579818725586,EURSEK=X
2016-06-16,EUR,SEK,9.349379539489746,EURSEK=X
2016-06-17,EUR,SEK,9.365349769592285,EURSEK=X
2016-06-20,EUR,SEK,9.36709976196289,EURSEK=X
2016-06-21,EUR,SEK,9.324190139770508,EURSEK=X
2016-06-22,EUR,SEK,9.3018798828125,EURSEK=X
2016-06-23,EUR,SEK,9.304389953613281,EURSEK=X
2016-06-24,EUR,SEK,9.28477954864502,EURSEK=X
2016-06-27,EUR,SEK,9.417059898376465,EURSEK=X
2016-06-28,EUR,SEK,9.422550201416016,EURSEK=X
2016-06-29,EUR,SEK,9.404379844665527,EURSEK=X
2016-06-30,EUR,SEK,9.40038013458252,EURSEK=X
2016-07-01,EUR,SEK,9.388079643249512,EURSEK=X
2016-07-04,EUR,SEK,9.39490032196045,EURSEK=X
2016-07-05,EUR,SEK,9.386679649353027,EURSEK=X
2016-07-06,EUR,SEK,9.43850040435791,EURSEK=X
2016-07-07,EUR,SEK,9.457839965820312,EURSEK=X
2016-07-08,EUR,SEK,9.480629920959473,EURSEK=X
2016-07-11,EUR,SEK,9.485520362854004,EURSEK=X
2016-07-12,EUR,SEK,9.47307014465332,EURSEK=X
2016-07-13,EUR,SEK,9.443300247192383,EURSEK=X
2016-07-14,EUR,SEK,9.420069694519043,EURSEK=X
2016-07-15,EUR,SEK,9.448380470275879,EURSEK=X
2016-07-18,EUR,SEK,9.47266960144043,EURSEK=X
2016-07-19,EUR,SEK,9.461259841918945,EURSEK=X
2016-07-20,EUR,SEK,9.483070373535156,EURSEK=X
2016-07-21,EUR,SEK,9.459259986877441,EURSEK=X
2016-07-22,EUR,SEK,9.464509963989258,EURSEK=X
2016-07-25,EUR,SEK,9.49662971496582,EURSEK=X
2016-07-26,EUR,SEK,9.492130279541016,EURSEK=X
2016-07-27,EUR,SEK,9.50613021850586,EURSEK=X
2016-07-28,EUR,SEK,9.539950370788574,EURSEK=X
2016-07-29,EUR,SEK,9.56447982788086,EURSEK=X
2016-08-01,EUR,SEK,9.559579849243164,EURSEK=X
2016-08-02,EUR,SEK,9.592280387878418,EURSEK=X
2016-08-03,EUR,SEK,9.541999816894531,EURSEK=X
2016-08-04,EUR,SEK,9.526570320129395,EURSEK=X
2016-08-05,EUR,SEK,9.474069595336914,EURSEK=X
2016-08-08,EUR,SEK,9.496139526367188,EURSEK=X
2016-08-09,EUR,SEK,9.51156997680664,EURSEK=X
2016-08-10,EUR,SEK,9.486390113830566,EURSEK=X
2016-08-11,EUR,SEK,9.453669548034668,EURSEK=X
2016-08-12,EUR,SEK,9.436699867248535,EURSEK=X
2016-08-15,EUR,SEK,9.433500289916992,EURSEK=X
2016-08-16,EUR,SEK,9.456219673156738,EURSEK=X
2016-08-17,EUR,SEK,9.486499786376953,EURSEK=X
2016-08-18,EUR,SEK,9.499380111694336,EURSEK=X
2016-08-19,EUR,SEK,9.472359657287598,EURSEK=X
2016-08-22,EUR,SEK,9.492730140686035,EURSEK=X
2016-08-23,EUR,SEK,9.480500221252441,EURSEK=X
2016-08-24,EUR,SEK,9.467630386352539,EURSEK=X
2016-08-25,EUR,SEK,9.45680046081543,EURSEK=X
2016-08-26,EUR,SEK,9.484109878540039,EURSEK=X
2016-08-29,EUR,SEK,9.50117015838623,EURSEK=X
2016-08-30,EUR,SEK,9.464360237121582,EURSEK=X
2016-08-31,EUR,SEK,9.510100364685059,EURSEK=X
2016-09-01,EUR,SEK,9.548959732055664,EURSEK=X
2016-09-02,EUR,SEK,9.574379920959473,EURSEK=X
2016-09-05,EUR,SEK,9.569299697875977,EURSEK=X
2016-09-06,EUR,SEK,9.546799659729004,EURSEK=X
2016-09-07,EUR,SEK,9.534219741821289,EURSEK=X
2016-09-08,EUR,SEK,9.484519958496094,EURSEK=X
2016-09-09,EUR,SEK,9.506489753723145,EURSEK=X
2016-09-12,EUR,SEK,9.534859657287598,EURSEK=X
2016-09-13,EUR,SEK,9.530960083007812,EURSEK=X
2016-09-14,EUR,SEK,9.567879676818848,EURSEK=X
2016-09-15,EUR,SEK,9.549819946289062,EURSEK=X
2016-09-16,EUR,SEK,9.53026008605957,EURSEK=X
2016-09-19,EUR,SEK,9.55675983428955,EURSEK=X
2016-09-20,EUR,SEK,9.569499969482422,EURSEK=X
2016-09-21,EUR,SEK,9.581999778747559,EURSEK=X
2016-09-22,EUR,SEK,9.569700241088867,EURSEK=X
2016-09-23,EUR,SEK,9.576419830322266,EURSEK=X
2016-09-26,EUR,SEK,9.585929870605469,EURSEK=X
2016-09-27,EUR,SEK,9.609780311584473,EURSEK=X
2016-09-28,EUR,SEK,9.643099784851074,EURSEK=X
2016-09-29,EUR,SEK,9.604880332946777,EURSEK=X
2016-09-30,EUR,SEK,9.617799758911133,EURSEK=X
2016-10-03,EUR,SEK,9.639169692993164,EURSEK=X
2016-10-04,EUR,SEK,9.608220100402832,EURSEK=X
2016-10-05,EUR,SEK,9.636280059814453,EURSEK=X
2016-10-06,EUR,SEK,9.623129844665527,EURSEK=X
2016-10-07,EUR,SEK,9.608759880065918,EURSEK=X
2016-10-10,EUR,SEK,9.660309791564941,EURSEK=X
2016-10-11,EUR,SEK,9.637299537658691,EURSEK=X
2016-10-12,EUR,SEK,9.74783992767334,EURSEK=X
2016-10-13,EUR,SEK,9.749629974365234,EURSEK=X
2016-10-14,EUR,SEK,9.713629722595215,EURSEK=X
2016-10-17,EUR,SEK,9.696109771728516,EURSEK=X
2016-10-18,EUR,SEK,9.688799858093262,EURSEK=X
2016-10-19,EUR,SEK,9.695150375366211,EURSEK=X
2016-10-20,EUR,SEK,9.695810317993164,EURSEK=X
2016-10-21,EUR,SEK,9.688799858093262,EURSEK=X
2016-10-24,EUR,SEK,9.698670387268066,EURSEK=X
2016-10-25,EUR,SEK,9.692060470581055,EURSEK=X
2016-10-26,EUR,SEK,9.717570304870605,EURSEK=X
2016-10-27,EUR,SEK,9.716059684753418,EURSEK=X
2016-10-28,EUR,SEK,9.892370223999023,EURSEK=X
2016-10-31,EUR,SEK,9.892999649047852,EURSEK=X
2016-11-01,EUR,SEK,9.913060188293457,EURSEK=X
2016-11-02,EUR,SEK,9.9093599319458,EURSEK=X
2016-11-03,EUR,SEK,9.89900016784668,EURSEK=X
2016-11-04,EUR,SEK,9.953800201416016,EURSEK=X
2016-11-07,EUR,SEK,9.944299697875977,EURSEK=X
2016-11-08,EUR,SEK,9.95740032196045,EURSEK=X
2016-11-09,EUR,SEK,9.888500213623047,EURSEK=X
2016-11-10,EUR,SEK,9.88479995727539,EURSEK=X
2016-11-11,EUR,SEK,9.842499732971191,EURSEK=X
2016-11-14,EUR,SEK,9.85597038269043,EURSEK=X
2016-11-15,EUR,SEK,9.829500198364258,EURSEK=X
2016-11-16,EUR,SEK,9.848719596862793,EURSEK=X
2016-11-17,EUR,SEK,9.82588005065918,EURSEK=X
2016-11-18,EUR,SEK,9.811989784240723,EURSEK=X
2016-11-21,EUR,SEK,9.800999641418457,EURSEK=X
2016-11-22,EUR,SEK,9.79580020904541,EURSEK=X
2016-11-23,EUR,SEK,9.791569709777832,EURSEK=X
2016-11-24,EUR,SEK,9.787529945373535,EURSEK=X
2016-11-25,EUR,SEK,9.760479927062988,EURSEK=X
2016-11-28,EUR,SEK,9.791529655456543,EURSEK=X
2016-11-29,EUR,SEK,9.763999938964844,EURSEK=X
2016-11-30,EUR,SEK,9.769100189208984,EURSEK=X
2016-12-01,EUR,SEK,9.771499633789062,EURSEK=X
2016-12-02,EUR,SEK,9.824370384216309,EURSEK=X
2016-12-05,EUR,SEK,9.77573013305664,EURSEK=X
2016-12-06,EUR,SEK,9.81309986114502,EURSEK=X
2016-12-07,EUR,SEK,9.785499572753906,EURSEK=X
2016-12-08,EUR,SEK,9.755979537963867,EURSEK=X
2016-12-09,EUR,SEK,9.687700271606445,EURSEK=X
2016-12-12,EUR,SEK,9.69966983795166,EURSEK=X
2016-12-13,EUR,SEK,9.746999740600586,EURSEK=X
2016-12-14,EUR,SEK,9.737990379333496,EURSEK=X
2016-12-15,EUR,SEK,9.752530097961426,EURSEK=X
2016-12-16,EUR,SEK,9.793999671936035,EURSEK=X
2016-12-19,EUR,SEK,9.771140098571777,EURSEK=X
2016-12-20,EUR,SEK,9.751279830932617,EURSEK=X
2016-12-21,EUR,SEK,9.716099739074707,EURSEK=X
2016-12-22,EUR,SEK,9.616100311279297,EURSEK=X
2016-12-23,EUR,SEK,9.619999885559082,EURSEK=X
2016-12-26,EUR,SEK,9.623359680175781,EURSEK=X
2016-12-27,EUR,SEK,9.617899894714355,EURSEK=X
2016-12-28,EUR,SEK,9.646300315856934,EURSEK=X
2016-12-29,EUR,SEK,9.571789741516113,EURSEK=X
2016-12-30,EUR,SEK,9.583999633789062,EURSEK=X
2017-01-02,EUR,SEK,9.559889793395996,EURSEK=X
2017-01-03,EUR,SEK,9.536299705505371,EURSEK=X
2017-01-04,EUR,SEK,9.535499572753906,EURSEK=X
2017-01-05,EUR,SEK,9.549500465393066,EURSEK=X
2017-01-06,EUR,SEK,9.538869857788086,EURSEK=X
2017-01-09,EUR,SEK,9.538700103759766,EURSEK=X
2017-01-10,EUR,SEK,9.564499855041504,EURSEK=X
2017-01-11,EUR,SEK,9.583000183105469,EURSEK=X
2017-01-12,EUR,SEK,9.557499885559082,EURSEK=X
2017-01-13,EUR,SEK,9.496339797973633,EURSEK=X
2017-01-16,EUR,SEK,9.485199928283691,EURSEK=X
2017-01-17,EUR,SEK,9.489500045776367,EURSEK=X
2017-01-18,EUR,SEK,9.516169548034668,EURSEK=X
2017-01-19,EUR,SEK,9.513299942016602,EURSEK=X
2017-01-20,EUR,SEK,9.541399955749512,EURSEK=X
2017-01-23,EUR,SEK,9.508399963378906,EURSEK=X
2017-01-24,EUR,SEK,9.503499984741211,EURSEK=X
2017-01-25,EUR,SEK,9.49429988861084,EURSEK=X
2017-01-26,EUR,SEK,9.473799705505371,EURSEK=X
2017-01-27,EUR,SEK,9.447039604187012,EURSEK=X
2017-01-30,EUR,SEK,9.46364974975586,EURSEK=X
2017-01-31,EUR,SEK,9.444990158081055,EURSEK=X
2017-02-01,EUR,SEK,9.444299697875977,EURSEK=X
2017-02-02,EUR,SEK,9.420820236206055,EURSEK=X
2017-02-03,EUR,SEK,9.414130210876465,EURSEK=X
2017-02-06,EUR,SEK,9.449299812316895,EURSEK=X
2017-02-07,EUR,SEK,9.483670234680176,EURSEK=X
2017-02-08,EUR,SEK,9.478469848632812,EURSEK=X
2017-02-09,EUR,SEK,9.453499794006348,EURSEK=X
2017-02-10,EUR,SEK,9.485099792480469,EURSEK=X
2017-02-13,EUR,SEK,9.484299659729004,EURSEK=X
2017-02-14,EUR,SEK,9.471110343933105,EURSEK=X
2017-02-15,EUR,SEK,9.449799537658691,EURSEK=X
2017-02-16,EUR,SEK,9.456890106201172,EURSEK=X
2017-02-17,EUR,SEK,9.452939987182617,EURSEK=X
2017-02-20,EUR,SEK,9.460359573364258,EURSEK=X
2017-02-21,EUR,SEK,9.480799674987793,EURSEK=X
2017-02-22,EUR,SEK,9.456600189208984,EURSEK=X
2017-02-23,EUR,SEK,9.466099739074707,EURSEK=X
2017-02-24,EUR,SEK,9.517410278320312,EURSEK=X
2017-02-27,EUR,SEK,9.541000366210938,EURSEK=X
2017-02-28,EUR,SEK,9.594809532165527,EURSEK=X
2017-03-01,EUR,SEK,9.56089973449707,EURSEK=X
2017-03-02,EUR,SEK,9.542960166931152,EURSEK=X
2017-03-03,EUR,SEK,9.538700103759766,EURSEK=X
2017-03-06,EUR,SEK,9.535269737243652,EURSEK=X
2017-03-07,EUR,SEK,9.542169570922852,EURSEK=X
2017-03-08,EUR,SEK,9.52377986907959,EURSEK=X
2017-03-09,EUR,SEK,9.538700103759766,EURSEK=X
2017-03-10,EUR,SEK,9.56719970703125,EURSEK=X
2017-03-13,EUR,SEK,9.6143798828125,EURSEK=X
2017-03-14,EUR,SEK,9.52299976348877,EURSEK=X
2017-03-15,EUR,SEK,9.513199806213379,EURSEK=X
2017-03-16,EUR,SEK,9.529199600219727,EURSEK=X
2017-03-17,EUR,SEK,9.48900032043457,EURSEK=X
2017-03-20,EUR,SEK,9.481269836425781,EURSEK=X
2017-03-21,EUR,SEK,9.47262954711914,EURSEK=X
2017-03-22,EUR,SEK,9.51156997680664,EURSEK=X
2017-03-23,EUR,SEK,9.493949890136719,EURSEK=X
2017-03-24,EUR,SEK,9.51686954498291,EURSEK=X
2017-03-27,EUR,SEK,9.524589538574219,EURSEK=X
2017-03-28,EUR,SEK,9.541119575500488,EURSEK=X
2017-03-29,EUR,SEK,9.550100326538086,EURSEK=X
2017-03-30,EUR,SEK,9.541899681091309,EURSEK=X
2017-03-31,EUR,SEK,9.544790267944336,EURSEK=X
2017-04-03,EUR,SEK,9.55679988861084,EURSEK=X
2017-04-04,EUR,SEK,9.558679580688477,EURSEK=X
2017-04-05,EUR,SEK,9.604999542236328,EURSEK=X
2017-04-06,EUR,SEK,9.584779739379883,EURSEK=X
2017-04-07,EUR,SEK,9.603569984436035,EURSEK=X
2017-04-10,EUR,SEK,9.604339599609375,EURSEK=X
2017-04-11,EUR,SEK,9.616900444030762,EURSEK=X
2017-04-12,EUR,SEK,9.605010032653809,EURSEK=X
2017-04-13,EUR,SEK,9.57306957244873,EURSEK=X
2017-04-14,EUR,SEK,9.590900421142578,EURSEK=X
2017-04-17,EUR,SEK,9.586759567260742,EURSEK=X
2017-04-18,EUR,SEK,9.577159881591797,EURSEK=X
2017-04-19,EUR,SEK,9.612970352172852,EURSEK=X
2017-04-20,EUR,SEK,9.608940124511719,EURSEK=X
2017-04-21,EUR,SEK,9.629380226135254,EURSEK=X
2017-04-24,EUR,SEK,9.608989715576172,EURSEK=X
2017-04-25,EUR,SEK,9.623000144958496,EURSEK=X
2017-04-26,EUR,SEK,9.583499908447266,EURSEK=X
2017-04-27,EUR,SEK,9.55167007446289,EURSEK=X
2017-04-28,EUR,SEK,9.60200023651123,EURSEK=X
2017-05-01,EUR,SEK,9.644359588623047,EURSEK=X
2017-05-02,EUR,SEK,9.645739555358887,EURSEK=X
2017-05-03,EUR,SEK,9.620309829711914,EURSEK=X
2017-05-04,EUR,SEK,9.625100135803223,EURSEK=X
2017-05-05,EUR,SEK,9.697680473327637,EURSEK=X
2017-05-08,EUR,SEK,9.670900344848633,EURSEK=X
2017-05-09,EUR,SEK,9.658699989318848,EURSEK=X
2017-05-10,EUR,SEK,9.665510177612305,EURSEK=X
2017-05-11,EUR,SEK,9.694100379943848,EURSEK=X
2017-05-12,EUR,SEK,9.64700984954834,EURSEK=X
2017-05-15,EUR,SEK,9.656399726867676,EURSEK=X
2017-05-16,EUR,SEK,9.691080093383789,EURSEK=X
2017-05-17,EUR,SEK,9.736570358276367,EURSEK=X
2017-05-18,EUR,SEK,9.74425983428955,EURSEK=X
2017-05-19,EUR,SEK,9.771360397338867,EURSEK=X
2017-05-22,EUR,SEK,9.775099754333496,EURSEK=X
2017-05-23,EUR,SEK,9.76846981048584,EURSEK=X
2017-05-24,EUR,SEK,9.735969543457031,EURSEK=X
2017-05-25,EUR,SEK,9.726129531860352,EURSEK=X
2017-05-26,EUR,SEK,9.740599632263184,EURSEK=X
2017-05-29,EUR,SEK,9.706620216369629,EURSEK=X
2017-05-30,EUR,SEK,9.71310043334961,EURSEK=X
2017-05-31,EUR,SEK,9.752860069274902,EURSEK=X
2017-06-01,EUR,SEK,9.766400337219238,EURSEK=X
2017-06-02,EUR,SEK,9.731100082397461,EURSEK=X
2017-06-05,EUR,SEK,9.726889610290527,EURSEK=X
2017-06-06,EUR,SEK,9.739109992980957,EURSEK=X
2017-06-07,EUR,SEK,9.77295970916748,EURSEK=X
2017-06-08,EUR,SEK,9.776530265808105,EURSEK=X
2017-06-09,EUR,SEK,9.766799926757812,EURSEK=X
2017-06-12,EUR,SEK,9.756319999694824,EURSEK=X
2017-06-13,EUR,SEK,9.793600082397461,EURSEK=X
2017-06-14,EUR,SEK,9.736800193786621,EURSEK=X
2017-06-15,EUR,SEK,9.761110305786133,EURSEK=X
2017-06-16,EUR,SEK,9.753780364990234,EURSEK=X
2017-06-19,EUR,SEK,9.740300178527832,EURSEK=X
2017-06-20,EUR,SEK,9.747220039367676,EURSEK=X
2017-06-21,EUR,SEK,9.775670051574707,EURSEK=X
2017-06-22,EUR,SEK,9.767450332641602,EURSEK=X
2017-06-23,EUR,SEK,9.760239601135254,EURSEK=X
2017-06-26,EUR,SEK,9.7560396194458,EURSEK=X
2017-06-27,EUR,SEK,9.746399879455566,EURSEK=X
2017-06-28,EUR,SEK,9.757599830627441,EURSEK=X
2017-06-29,EUR,SEK,9.718660354614258,EURSEK=X
2017-06-30,EUR,SEK,9.676899909973145,EURSEK=X
2017-07-03,EUR,SEK,9.621760368347168,EURSEK=X
2017-07-04,EUR,SEK,9.64706039428711,EURSEK=X
2017-07-05,EUR,SEK,9.666299819946289,EURSEK=X
2017-07-06,EUR,SEK,9.635310173034668,EURSEK=X
2017-07-07,EUR,SEK,9.638870239257812,EURSEK=X
2017-07-10,EUR,SEK,9.604559898376465,EURSEK=X
2017-07-12,EUR,SEK,9.632049560546875,EURSEK=X
2017-07-13,EUR,SEK,9.601229667663574,EURSEK=X
2017-07-14,EUR,SEK,9.525130271911621,EURSEK=X
2017-07-17,EUR,SEK,9.530329704284668,EURSEK=X
2017-07-18,EUR,SEK,9.518799781799316,EURSEK=X
2017-07-19,EUR,SEK,9.58942985534668,EURSEK=X
2017-07-20,EUR,SEK,9.574780464172363,EURSEK=X
2017-07-21,EUR,SEK,9.556400299072266,EURSEK=X
2017-07-24,EUR,SEK,9.613699913024902,EURSEK=X
2017-07-25,EUR,SEK,9.561309814453125,EURSEK=X
2017-07-26,EUR,SEK,9.55558967590332,EURSEK=X
2017-07-27,EUR,SEK,9.586299896240234,EURSEK=X
2017-07-28,EUR,SEK,9.595029830932617,EURSEK=X
2017-07-31,EUR,SEK,9.523200035095215,EURSEK=X
2017-08-01,EUR,SEK,9.550189971923828,EURSEK=X
2017-08-02,EUR,SEK,9.576700210571289,EURSEK=X
2017-08-03,EUR,SEK,9.60099983215332,EURSEK=X
2017-08-04,EUR,SEK,9.612500190734863,EURSEK=X
2017-08-07,EUR,SEK,9.591309547424316,EURSEK=X
2017-08-08,EUR,SEK,9.61122989654541,EURSEK=X
2017-08-09,EUR,SEK,9.606889724731445,EURSEK=X
2017-08-10,EUR,SEK,9.60990047454834,EURSEK=X
2017-08-11,EUR,SEK,9.575369834899902,EURSEK=X
2017-08-14,EUR,SEK,9.602860450744629,EURSEK=X
2017-08-15,EUR,SEK,9.557279586791992,EURSEK=X
2017-08-16,EUR,SEK,9.476420402526855,EURSEK=X
2017-08-17,EUR,SEK,9.505419731140137,EURSEK=X
2017-08-18,EUR,SEK,9.539819717407227,EURSEK=X
2017-08-21,EUR,SEK,9.535810470581055,EURSEK=X
2017-08-22,EUR,SEK,9.538809776306152,EURSEK=X
2017-08-23,EUR,SEK,9.524800300598145,EURSEK=X
2017-08-24,EUR,SEK,9.514840126037598,EURSEK=X
2017-08-25,EUR,SEK,9.51887035369873,EURSEK=X
2017-08-28,EUR,SEK,9.49470043182373,EURSEK=X
2017-08-29,EUR,SEK,9.541769981384277,EURSEK=X
2017-08-30,EUR,SEK,9.50316047668457,EURSEK=X
2017-08-31,EUR,SEK,9.480669975280762,EURSEK=X
2017-09-01,EUR,SEK,9.450900077819824,EURSEK=X
2017-09-04,EUR,SEK,9.479109764099121,EURSEK=X
2017-09-05,EUR,SEK,9.470979690551758,EURSEK=X
2017-09-06,EUR,SEK,9.486200332641602,EURSEK=X
2017-09-07,EUR,SEK,9.50413990020752,EURSEK=X
2017-09-08,EUR,SEK,9.524860382080078,EURSEK=X
2017-09-11,EUR,SEK,9.540399551391602,EURSEK=X
2017-09-12,EUR,SEK,9.572699546813965,EURSEK=X
2017-09-13,EUR,SEK,9.536029815673828,EURSEK=X
2017-09-14,EUR,SEK,9.546199798583984,EURSEK=X
2017-09-15,EUR,SEK,9.524160385131836,EURSEK=X
2017-09-18,EUR,SEK,9.512049674987793,EURSEK=X
2017-09-19,EUR,SEK,9.514880180358887,EURSEK=X
2017-09-20,EUR,SEK,9.537360191345215,EURSEK=X
2017-09-21,EUR,SEK,9.529029846191406,EURSEK=X
2017-09-22,EUR,SEK,9.517379760742188,EURSEK=X
2017-09-25,EUR,SEK,9.53203010559082,EURSEK=X
2017-09-26,EUR,SEK,9.527000427246094,EURSEK=X
2017-09-27,EUR,SEK,9.577329635620117,EURSEK=X
2017-09-28,EUR,SEK,9.568479537963867,EURSEK=X
2017-09-29,EUR,SEK,9.560460090637207,EURSEK=X
2017-10-02,EUR,SEK,9.591879844665527,EURSEK=X
2017-10-03,EUR,SEK,9.58296012878418,EURSEK=X
2017-10-04,EUR,SEK,9.547499656677246,EURSEK=X
2017-10-05,EUR,SEK,9.514800071716309,EURSEK=X
2017-10-06,EUR,SEK,9.527400016784668,EURSEK=X
2017-10-09,EUR,SEK,9.520000457763672,EURSEK=X
2017-10-10,EUR,SEK,9.53717041015625,EURSEK=X
2017-10-11,EUR,SEK,9.531439781188965,EURSEK=X
2017-10-12,EUR,SEK,9.540029525756836,EURSEK=X
2017-10-13,EUR,SEK,9.609029769897461,EURSEK=X
2017-10-16,EUR,SEK,9.589309692382812,EURSEK=X
2017-10-17,EUR,SEK,9.555560111999512,EURSEK=X
2017-10-18,EUR,SEK,9.592399597167969,EURSEK=X
2017-10-19,EUR,SEK,9.595820426940918,EURSEK=X
2017-10-20,EUR,SEK,9.626290321350098,EURSEK=X
2017-10-23,EUR,SEK,9.611769676208496,EURSEK=X
2017-10-24,EUR,SEK,9.636150360107422,EURSEK=X
2017-10-25,EUR,SEK,9.669699668884277,EURSEK=X
2017-10-26,EUR,SEK,9.701499938964844,EURSEK=X
2017-10-27,EUR,SEK,9.733519554138184,EURSEK=X
2017-10-30,EUR,SEK,9.709699630737305,EURSEK=X
2017-10-31,EUR,SEK,9.727569580078125,EURSEK=X
2017-11-01,EUR,SEK,9.753000259399414,EURSEK=X
2017-11-02,EUR,SEK,9.76414966583252,EURSEK=X
2017-11-03,EUR,SEK,9.784379959106445,EURSEK=X
2017-11-06,EUR,SEK,9.790909767150879,EURSEK=X
2017-11-07,EUR,SEK,9.744400024414062,EURSEK=X
2017-11-08,EUR,SEK,9.723699569702148,EURSEK=X
2017-11-09,EUR,SEK,9.712800025939941,EURSEK=X
2017-11-10,EUR,SEK,9.751520156860352,EURSEK=X
2017-11-13,EUR,SEK,9.744449615478516,EURSEK=X
2017-11-14,EUR,SEK,9.77929973602295,EURSEK=X
2017-11-15,EUR,SEK,9.90625,EURSEK=X
2017-11-17,EUR,SEK,9.88761043548584,EURSEK=X
2017-11-20,EUR,SEK,9.919289588928223,EURSEK=X
2017-11-21,EUR,SEK,9.954170227050781,EURSEK=X
2017-11-22,EUR,SEK,9.894330024719238,EURSEK=X
2017-11-23,EUR,SEK,9.853750228881836,EURSEK=X
2017-11-24,EUR,SEK,9.828949928283691,EURSEK=X
2017-11-27,EUR,SEK,9.879509925842285,EURSEK=X
2017-11-28,EUR,SEK,9.8641996383667,EURSEK=X
2017-11-29,EUR,SEK,9.882200241088867,EURSEK=X
2017-11-30,EUR,SEK,9.918499946594238,EURSEK=X
2017-12-01,EUR,SEK,9.973030090332031,EURSEK=X
2017-12-04,EUR,SEK,9.944470405578613,EURSEK=X
2017-12-05,EUR,SEK,9.991129875183105,EURSEK=X
2017-12-06,EUR,SEK,9.894399642944336,EURSEK=X
2017-12-07,EUR,SEK,9.940199851989746,EURSEK=X
2017-12-08,EUR,SEK,9.989800453186035,EURSEK=X
2017-12-11,EUR,SEK,9.95460033416748,EURSEK=X
2017-12-12,EUR,SEK,10.009160041809082,EURSEK=X
2017-12-13,EUR,SEK,9.881799697875977,EURSEK=X
2017-12-14,EUR,SEK,9.950400352478027,EURSEK=X
2017-12-15,EUR,SEK,9.936670303344727,EURSEK=X
2017-12-18,EUR,SEK,9.983369827270508,EURSEK=X
2017-12-19,EUR,SEK,9.937999725341797,EURSEK=X
2017-12-20,EUR,SEK,9.946399688720703,EURSEK=X
2017-12-21,EUR,SEK,9.96679973602295,EURSEK=X
2017-12-22,EUR,SEK,9.940190315246582,EURSEK=X
2017-12-25,EUR,SEK,9.882499694824219,EURSEK=X
2017-12-26,EUR,SEK,9.881699562072754,EURSEK=X
2017-12-27,EUR,SEK,9.902970314025879,EURSEK=X
2017-12-28,EUR,SEK,9.838089942932129,EURSEK=X
2017-12-29,EUR,SEK,9.845709800720215,EURSEK=X
2018-01-01,EUR,SEK,9.817399978637695,EURSEK=X
2018-01-02,EUR,SEK,9.823929786682129,EURSEK=X
2018-01-03,EUR,SEK,9.840399742126465,EURSEK=X
2018-01-04,EUR,SEK,9.824410438537598,EURSEK=X
2018-01-05,EUR,SEK,9.81425952911377,EURSEK=X
2018-01-08,EUR,SEK,9.80370044708252,EURSEK=X
2018-01-09,EUR,SEK,9.819430351257324,EURSEK=X
2018-01-10,EUR,SEK,9.824700355529785,EURSEK=X
2018-01-11,EUR,SEK,9.794699668884277,EURSEK=X
2018-01-12,EUR,SEK,9.780500411987305,EURSEK=X
2018-01-15,EUR,SEK,9.80912971496582,EURSEK=X
2018-01-16,EUR,SEK,9.829580307006836,EURSEK=X
2018-01-17,EUR,SEK,9.856200218200684,EURSEK=X
2018-01-18,EUR,SEK,9.80620002746582,EURSEK=X
2018-01-19,EUR,SEK,9.811570167541504,EURSEK=X
2018-01-22,EUR,SEK,9.835860252380371,EURSEK=X
2018-01-23,EUR,SEK,9.833200454711914,EURSEK=X
2018-01-24,EUR,SEK,9.845450401306152,EURSEK=X
2018-01-25,EUR,SEK,9.827159881591797,EURSEK=X
2018-01-26,EUR,SEK,9.822580337524414,EURSEK=X
2018-01-29,EUR,SEK,9.779629707336426,EURSEK=X
2018-01-30,EUR,SEK,9.758500099182129,EURSEK=X
2018-01-31,EUR,SEK,9.786319732666016,EURSEK=X
2018-02-01,EUR,SEK,9.783900260925293,EURSEK=X
2018-02-02,EUR,SEK,9.810420036315918,EURSEK=X
2018-02-05,EUR,SEK,9.837209701538086,EURSEK=X
2018-02-06,EUR,SEK,9.868789672851562,EURSEK=X
2018-02-07,EUR,SEK,9.839300155639648,EURSEK=X
2018-02-08,EUR,SEK,9.911399841308594,EURSEK=X
2018-02-09,EUR,SEK,9.936559677124023,EURSEK=X
2018-02-12,EUR,SEK,9.911310195922852,EURSEK=X
2018-02-13,EUR,SEK,9.90839958190918,EURSEK=X
2018-02-14,EUR,SEK,9.913619995117188,EURSEK=X
2018-02-15,EUR,SEK,9.903070449829102,EURSEK=X
2018-02-16,EUR,SEK,9.912500381469727,EURSEK=X
2018-02-19,EUR,SEK,9.884389877319336,EURSEK=X
2018-02-20,EUR,SEK,9.908029556274414,EURSEK=X
2018-02-21,EUR,SEK,9.98744010925293,EURSEK=X
2018-02-22,EUR,SEK,9.972399711608887,EURSEK=X
2018-02-23,EUR,SEK,10.00730037689209,EURSEK=X
2018-02-26,EUR,SEK,10.049409866333008,EURSEK=X
2018-02-27,EUR,SEK,10.04043960571289,EURSEK=X
2018-02-28,EUR,SEK,10.058730125427246,EURSEK=X
2018-03-01,EUR,SEK,10.106100082397461,EURSEK=X
2018-03-02,EUR,SEK,10.115650177001953,EURSEK=X
2018-03-05,EUR,SEK,10.157259941101074,EURSEK=X
2018-03-06,EUR,SEK,10.187100410461426,EURSEK=X
2018-03-07,EUR,SEK,10.18871021270752,EURSEK=X
2018-03-08,EUR,SEK,10.213199615478516,EURSEK=X
2018-03-09,EUR,SEK,10.173399925231934,EURSEK=X
2018-03-12,EUR,SEK,10.144969940185547,EURSEK=X
2018-03-13,EUR,SEK,10.162870407104492,EURSEK=X
2018-03-14,EUR,SEK,10.17805004119873,EURSEK=X
2018-03-15,EUR,SEK,10.123209953308105,EURSEK=X
2018-03-16,EUR,SEK,10.068110466003418,EURSEK=X
2018-03-19,EUR,SEK,10.060500144958496,EURSEK=X
2018-03-20,EUR,SEK,10.070819854736328,EURSEK=X
2018-03-21,EUR,SEK,10.059700012207031,EURSEK=X
2018-03-22,EUR,SEK,10.107099533081055,EURSEK=X
2018-03-23,EUR,SEK,10.156999588012695,EURSEK=X
2018-03-26,EUR,SEK,10.182760238647461,EURSEK=X
2018-03-27,EUR,SEK,10.18970012664795,EURSEK=X
2018-03-28,EUR,SEK,10.204440116882324,EURSEK=X
2018-03-29,EUR,SEK,10.2841796875,EURSEK=X
2018-03-30,EUR,SEK,10.27869987487793,EURSEK=X
2018-04-02,EUR,SEK,10.280200004577637,EURSEK=X
2018-04-03,EUR,SEK,10.321100234985352,EURSEK=X
2018-04-04,EUR,SEK,10.298419952392578,EURSEK=X
2018-04-05,EUR,SEK,10.308699607849121,EURSEK=X
2018-04-06,EUR,SEK,10.318099975585938,EURSEK=X
2018-04-09,EUR,SEK,10.298489570617676,EURSEK=X
2018-04-10,EUR,SEK,10.298379898071289,EURSEK=X
2018-04-11,EUR,SEK,10.25529956817627,EURSEK=X
2018-04-12,EUR,SEK,10.29520034790039,EURSEK=X
2018-04-13,EUR,SEK,10.363490104675293,EURSEK=X
2018-04-16,EUR,SEK,10.445799827575684,EURSEK=X
2018-04-17,EUR,SEK,10.418919563293457,EURSEK=X
2018-04-18,EUR,SEK,10.391300201416016,EURSEK=X
2018-04-19,EUR,SEK,10.397299766540527,EURSEK=X
2018-04-20,EUR,SEK,10.375760078430176,EURSEK=X
2018-04-23,EUR,SEK,10.373499870300293,EURSEK=X
2018-04-24,EUR,SEK,10.398380279541016,EURSEK=X
2018-04-25,EUR,SEK,10.410920143127441,EURSEK=X
2018-04-26,EUR,SEK,10.412980079650879,EURSEK=X
2018-04-27,EUR,SEK,10.477299690246582,EURSEK=X
2018-04-30,EUR,SEK,10.509499549865723,EURSEK=X
2018-05-01,EUR,SEK,10.56190013885498,EURSEK=X
2018-05-02,EUR,SEK,10.601590156555176,EURSEK=X
2018-05-03,EUR,SEK,10.656160354614258,EURSEK=X
2018-05-04,EUR,SEK,10.560020446777344,EURSEK=X
2018-05-07,EUR,SEK,10.535860061645508,EURSEK=X
2018-05-08,EUR,SEK,10.533900260925293,EURSEK=X
2018-05-09,EUR,SEK,10.452400207519531,EURSEK=X
2018-05-10,EUR,SEK,10.31410026550293,EURSEK=X
2018-05-11,EUR,SEK,10.299500465393066,EURSEK=X
2018-05-14,EUR,SEK,10.262530326843262,EURSEK=X
2018-05-15,EUR,SEK,10.306260108947754,EURSEK=X
2018-05-16,EUR,SEK,10.278679847717285,EURSEK=X
2018-05-17,EUR,SEK,10.268899917602539,EURSEK=X
2018-05-18,EUR,SEK,10.305489540100098,EURSEK=X
2018-05-21,EUR,SEK,10.302599906921387,EURSEK=X
2018-05-22,EUR,SEK,10.225910186767578,EURSEK=X
2018-05-23,EUR,SEK,10.233400344848633,EURSEK=X
2018-05-24,EUR,SEK,10.242329597473145,EURSEK=X
2018-05-25,EUR,SEK,10.26725959777832,EURSEK=X
2018-05-28,EUR,SEK,10.212960243225098,EURSEK=X
2018-05-29,EUR,SEK,10.25730037689209,EURSEK=X
2018-05-30,EUR,SEK,10.344300270080566,EURSEK=X
2018-05-31,EUR,SEK,10.280019760131836,EURSEK=X
2018-06-01,EUR,SEK,10.303979873657227,EURSEK=X
2018-06-04,EUR,SEK,10.285699844360352,EURSEK=X
2018-06-05,EUR,SEK,10.239500045776367,EURSEK=X
2018-06-06,EUR,SEK,10.246199607849121,EURSEK=X
2018-06-07,EUR,SEK,10.277700424194336,EURSEK=X
2018-06-08,EUR,SEK,10.264749526977539,EURSEK=X
2018-06-11,EUR,SEK,10.249039649963379,EURSEK=X
2018-06-12,EUR,SEK,10.20300006866455,EURSEK=X
2018-06-13,EUR,SEK,10.14618968963623,EURSEK=X
2018-06-14,EUR,SEK,10.154000282287598,EURSEK=X
2018-06-15,EUR,SEK,10.114150047302246,EURSEK=X
2018-06-18,EUR,SEK,10.200200080871582,EURSEK=X
2018-06-19,EUR,SEK,10.25337028503418,EURSEK=X
2018-06-20,EUR,SEK,10.303370475769043,EURSEK=X
2018-06-21,EUR,SEK,10.279330253601074,EURSEK=X
2018-06-22,EUR,SEK,10.315970420837402,EURSEK=X
2018-06-25,EUR,SEK,10.330389976501465,EURSEK=X
2018-06-26,EUR,SEK,10.347729682922363,EURSEK=X
2018-06-27,EUR,SEK,10.341480255126953,EURSEK=X
2018-06-28,EUR,SEK,10.370969772338867,EURSEK=X
2018-06-29,EUR,SEK,10.442110061645508,EURSEK=X
2018-07-02,EUR,SEK,10.453510284423828,EURSEK=X
2018-07-03,EUR,SEK,10.432080268859863,EURSEK=X
2018-07-04,EUR,SEK,10.29800033569336,EURSEK=X
2018-07-05,EUR,SEK,10.235650062561035,EURSEK=X
2018-07-06,EUR,SEK,10.25100040435791,EURSEK=X
2018-07-09,EUR,SEK,10.242600440979004,EURSEK=X
2018-07-10,EUR,SEK,10.246999740600586,EURSEK=X
2018-07-11,EUR,SEK,10.257800102233887,EURSEK=X
2018-07-12,EUR,SEK,10.295000076293945,EURSEK=X
2018-07-13,EUR,SEK,10.352510452270508,EURSEK=X
2018-07-16,EUR,SEK,10.382100105285645,EURSEK=X
2018-07-17,EUR,SEK,10.325440406799316,EURSEK=X
2018-07-18,EUR,SEK,10.300100326538086,EURSEK=X
2018-07-19,EUR,SEK,10.318699836730957,EURSEK=X
2018-07-20,EUR,SEK,10.369669914245605,EURSEK=X
2018-07-23,EUR,SEK,10.383199691772461,EURSEK=X
2018-07-24,EUR,SEK,10.358460426330566,EURSEK=X
2018-07-25,EUR,SEK,10.303000450134277,EURSEK=X
2018-07-26,EUR,SEK,10.26509952545166,EURSEK=X
2018-07-27,EUR,SEK,10.256939888000488,EURSEK=X
2018-07-30,EUR,SEK,10.298399925231934,EURSEK=X
2018-07-31,EUR,SEK,10.247989654541016,EURSEK=X
2018-08-01,EUR,SEK,10.271699905395508,EURSEK=X
2018-08-02,EUR,SEK,10.266189575195312,EURSEK=X
2018-08-03,EUR,SEK,10.292699813842773,EURSEK=X
2018-08-06,EUR,SEK,10.311659812927246,EURSEK=X
2018-08-07,EUR,SEK,10.327139854431152,EURSEK=X
2018-08-08,EUR,SEK,10.333399772644043,EURSEK=X
2018-08-09,EUR,SEK,10.390000343322754,EURSEK=X
2018-08-10,EUR,SEK,10.378829956054688,EURSEK=X
2018-08-13,EUR,SEK,10.412500381469727,EURSEK=X
2018-08-14,EUR,SEK,10.398240089416504,EURSEK=X
2018-08-15,EUR,SEK,10.37339973449707,EURSEK=X
2018-08-16,EUR,SEK,10.444820404052734,EURSEK=X
2018-08-17,EUR,SEK,10.454000473022461,EURSEK=X
2018-08-20,EUR,SEK,10.470239639282227,EURSEK=X
2018-08-21,EUR,SEK,10.510259628295898,EURSEK=X
2018-08-22,EUR,SEK,10.523189544677734,EURSEK=X
2018-08-23,EUR,SEK,10.500550270080566,EURSEK=X
2018-08-24,EUR,SEK,10.548199653625488,EURSEK=X
2018-08-27,EUR,SEK,10.599920272827148,EURSEK=X
2018-08-28,EUR,SEK,10.619979858398438,EURSEK=X
2018-08-29,EUR,SEK,10.67788028717041,EURSEK=X
2018-08-30,EUR,SEK,10.69303035736084,EURSEK=X
2018-08-31,EUR,SEK,10.636340141296387,EURSEK=X
2018-09-03,EUR,SEK,10.609199523925781,EURSEK=X
2018-09-04,EUR,SEK,10.563249588012695,EURSEK=X
2018-09-05,EUR,SEK,10.520549774169922,EURSEK=X
2018-09-06,EUR,SEK,10.526949882507324,EURSEK=X
2018-09-07,EUR,SEK,10.588239669799805,EURSEK=X
2018-09-10,EUR,SEK,10.463379859924316,EURSEK=X
2018-09-11,EUR,SEK,10.504599571228027,EURSEK=X
2018-09-12,EUR,SEK,10.492839813232422,EURSEK=X
2018-09-13,EUR,SEK,10.439430236816406,EURSEK=X
2018-09-14,EUR,SEK,10.466509819030762,EURSEK=X
2018-09-17,EUR,SEK,10.513699531555176,EURSEK=X
2018-09-18,EUR,SEK,10.40999984741211,EURSEK=X
2018-09-19,EUR,SEK,10.395179748535156,EURSEK=X
2018-09-20,EUR,SEK,10.353919982910156,EURSEK=X
2018-09-21,EUR,SEK,10.329079627990723,EURSEK=X
2018-09-24,EUR,SEK,10.315699577331543,EURSEK=X
2018-09-25,EUR,SEK,10.335909843444824,EURSEK=X
2018-09-26,EUR,SEK,10.366700172424316,EURSEK=X
2018-09-27,EUR,SEK,10.342049598693848,EURSEK=X
2018-09-28,EUR,SEK,10.301230430603027,EURSEK=X
2018-10-01,EUR,SEK,10.314749717712402,EURSEK=X
2018-10-02,EUR,SEK,10.351300239562988,EURSEK=X
2018-10-03,EUR,SEK,10.404500007629395,EURSEK=X
2018-10-04,EUR,SEK,10.399660110473633,EURSEK=X
2018-10-05,EUR,SEK,10.425800323486328,EURSEK=X
2018-10-08,EUR,SEK,10.449749946594238,EURSEK=X
2018-10-09,EUR,SEK,10.435799598693848,EURSEK=X
2018-10-10,EUR,SEK,10.45536994934082,EURSEK=X
2018-10-11,EUR,SEK,10.525199890136719,EURSEK=X
2018-10-12,EUR,SEK,10.400219917297363,EURSEK=X
2018-10-15,EUR,SEK,10.358420372009277,EURSEK=X
2018-10-16,EUR,SEK,10.363499641418457,EURSEK=X
2018-10-17,EUR,SEK,10.312270164489746,EURSEK=X
2018-10-18,EUR,SEK,10.310480117797852,EURSEK=X
2018-10-19,EUR,SEK,10.35319995880127,EURSEK=X
2018-10-22,EUR,SEK,10.34179973602295,EURSEK=X
2018-10-23,EUR,SEK,10.314599990844727,EURSEK=X
2018-10-24,EUR,SEK,10.351030349731445,EURSEK=X
2018-10-25,EUR,SEK,10.386420249938965,EURSEK=X
2018-10-26,EUR,SEK,10.368300437927246,EURSEK=X
2018-10-29,EUR,SEK,10.40530014038086,EURSEK=X
2018-10-30,EUR,SEK,10.407039642333984,EURSEK=X
2018-10-31,EUR,SEK,10.406579971313477,EURSEK=X
2018-11-01,EUR,SEK,10.365559577941895,EURSEK=X
2018-11-02,EUR,SEK,10.312700271606445,EURSEK=X
2018-11-05,EUR,SEK,10.305999755859375,EURSEK=X
2018-11-06,EUR,SEK,10.333999633789062,EURSEK=X
2018-11-07,EUR,SEK,10.331489562988281,EURSEK=X
2018-11-08,EUR,SEK,10.30780029296875,EURSEK=X
2018-11-09,EUR,SEK,10.2510404586792,EURSEK=X
2018-11-12,EUR,SEK,10.279800415039062,EURSEK=X
2018-11-13,EUR,SEK,10.26377010345459,EURSEK=X
2018-11-14,EUR,SEK,10.227999687194824,EURSEK=X
2018-11-15,EUR,SEK,10.273509979248047,EURSEK=X
2018-11-16,EUR,SEK,10.264900207519531,EURSEK=X
2018-11-19,EUR,SEK,10.27826976776123,EURSEK=X
2018-11-20,EUR,SEK,10.306249618530273,EURSEK=X
2018-11-21,EUR,SEK,10.341650009155273,EURSEK=X
2018-11-22,EUR,SEK,10.28637981414795,EURSEK=X
2018-11-23,EUR,SEK,10.304200172424316,EURSEK=X
2018-11-26,EUR,SEK,10.30331039428711,EURSEK=X
2018-11-27,EUR,SEK,10.298600196838379,EURSEK=X
2018-11-28,EUR,SEK,10.284000396728516,EURSEK=X
2018-11-29,EUR,SEK,10.268799781799316,EURSEK=X
2018-11-30,EUR,SEK,10.326199531555176,EURSEK=X
2018-12-03,EUR,SEK,10.281800270080566,EURSEK=X
2018-12-04,EUR,SEK,10.233019828796387,EURSEK=X
2018-12-05,EUR,SEK,10.22659969329834,EURSEK=X
2018-12-06,EUR,SEK,10.184880256652832,EURSEK=X
2018-12-07,EUR,SEK,10.222339630126953,EURSEK=X
2018-12-10,EUR,SEK,10.30426025390625,EURSEK=X
2018-12-11,EUR,SEK,10.321439743041992,EURSEK=X
2018-12-12,EUR,SEK,10.283729553222656,EURSEK=X
2018-12-13,EUR,SEK,10.333000183105469,EURSEK=X
2018-12-14,EUR,SEK,10.289239883422852,EURSEK=X
2018-12-17,EUR,SEK,10.241000175476074,EURSEK=X
2018-12-18,EUR,SEK,10.276599884033203,EURSEK=X
2018-12-19,EUR,SEK,10.301460266113281,EURSEK=X
2018-12-20,EUR,SEK,10.35099983215332,EURSEK=X
2018-12-21,EUR,SEK,10.271599769592285,EURSEK=X
2018-12-24,EUR,SEK,10.281729698181152,EURSEK=X
2018-12-25,EUR,SEK,10.305399894714355,EURSEK=X
2018-12-26,EUR,SEK,10.323760032653809,EURSEK=X
2018-12-27,EUR,SEK,10.327300071716309,EURSEK=X
2018-12-28,EUR,SEK,10.29990005493164,EURSEK=X
2018-12-31,EUR,SEK,10.273099899291992,EURSEK=X
2019-01-01,EUR,SEK,10.13640022277832,EURSEK=X
2019-01-02,EUR,SEK,10.160929679870605,EURSEK=X
2019-01-03,EUR,SEK,10.229000091552734,EURSEK=X
2019-01-04,EUR,SEK,10.253399848937988,EURSEK=X
2019-01-07,EUR,SEK,10.215789794921875,EURSEK=X
2019-01-08,EUR,SEK,10.205849647521973,EURSEK=X
2019-01-09,EUR,SEK,10.20580005645752,EURSEK=X
2019-01-10,EUR,SEK,10.241169929504395,EURSEK=X
2019-01-11,EUR,SEK,10.237000465393066,EURSEK=X
2019-01-14,EUR,SEK,10.240400314331055,EURSEK=X
2019-01-15,EUR,SEK,10.260100364685059,EURSEK=X
2019-01-16,EUR,SEK,10.230199813842773,EURSEK=X
2019-01-17,EUR,SEK,10.24551010131836,EURSEK=X
2019-01-18,EUR,SEK,10.269929885864258,EURSEK=X
2019-01-21,EUR,SEK,10.25510025024414,EURSEK=X
2019-01-22,EUR,SEK,10.24746036529541,EURSEK=X
2019-01-23,EUR,SEK,10.250300407409668,EURSEK=X
2019-01-24,EUR,SEK,10.260000228881836,EURSEK=X
2019-01-25,EUR,SEK,10.257479667663574,EURSEK=X
2019-01-28,EUR,SEK,10.318460464477539,EURSEK=X
2019-01-29,EUR,SEK,10.343700408935547,EURSEK=X
2019-01-30,EUR,SEK,10.36400032043457,EURSEK=X
2019-01-31,EUR,SEK,10.376489639282227,EURSEK=X
2019-02-01,EUR,SEK,10.348799705505371,EURSEK=X
2019-02-04,EUR,SEK,10.372989654541016,EURSEK=X
2019-02-05,EUR,SEK,10.414730072021484,EURSEK=X
2019-02-06,EUR,SEK,10.394240379333496,EURSEK=X
2019-02-07,EUR,SEK,10.454830169677734,EURSEK=X
2019-02-08,EUR,SEK,10.498950004577637,EURSEK=X
2019-02-11,EUR,SEK,10.497699737548828,EURSEK=X
2019-02-12,EUR,SEK,10.492989540100098,EURSEK=X
2019-02-13,EUR,SEK,10.4862699508667,EURSEK=X
2019-02-14,EUR,SEK,10.437800407409668,EURSEK=X
2019-02-15,EUR,SEK,10.492730140686035,EURSEK=X
2019-02-18,EUR,SEK,10.474499702453613,EURSEK=X
2019-02-19,EUR,SEK,10.463629722595215,EURSEK=X
2019-02-20,EUR,SEK,10.554499626159668,EURSEK=X
2019-02-21,EUR,SEK,10.558850288391113,EURSEK=X
2019-02-22,EUR,SEK,10.619810104370117,EURSEK=X
2019-02-25,EUR,SEK,10.581609725952148,EURSEK=X
2019-02-26,EUR,SEK,10.576970100402832,EURSEK=X
2019-02-27,EUR,SEK,10.568349838256836,EURSEK=X
2019-02-28,EUR,SEK,10.543109893798828,EURSEK=X
2019-03-01,EUR,SEK,10.50629997253418,EURSEK=X
2019-03-04,EUR,SEK,10.526410102844238,EURSEK=X
2019-03-05,EUR,SEK,10.593660354614258,EURSEK=X
2019-03-06,EUR,SEK,10.518799781799316,EURSEK=X
2019-03-07,EUR,SEK,10.509010314941406,EURSEK=X
2019-03-08,EUR,SEK,10.584930419921875,EURSEK=X
2019-03-11,EUR,SEK,10.581000328063965,EURSEK=X
2019-03-12,EUR,SEK,10.54738998413086,EURSEK=X
2019-03-13,EUR,SEK,10.57151985168457,EURSEK=X
2019-03-14,EUR,SEK,10.529999732971191,EURSEK=X
2019-03-15,EUR,SEK,10.516839981079102,EURSEK=X
2019-03-18,EUR,SEK,10.456379890441895,EURSEK=X
2019-03-19,EUR,SEK,10.46084976196289,EURSEK=X
2019-03-20,EUR,SEK,10.4443998336792,EURSEK=X
2019-03-21,EUR,SEK,10.425700187683105,EURSEK=X
2019-03-22,EUR,SEK,10.432000160217285,EURSEK=X
2019-03-25,EUR,SEK,10.463299751281738,EURSEK=X
2019-03-26,EUR,SEK,10.44950008392334,EURSEK=X
2019-03-27,EUR,SEK,10.410400390625,EURSEK=X
2019-03-28,EUR,SEK,10.433830261230469,EURSEK=X
2019-03-29,EUR,SEK,10.427200317382812,EURSEK=X
2019-04-01,EUR,SEK,10.408300399780273,EURSEK=X
2019-04-02,EUR,SEK,10.404399871826172,EURSEK=X
2019-04-03,EUR,SEK,10.448369979858398,EURSEK=X
2019-04-04,EUR,SEK,10.41250991821289,EURSEK=X
2019-04-05,EUR,SEK,10.417240142822266,EURSEK=X
2019-04-08,EUR,SEK,10.425749778747559,EURSEK=X
2019-04-09,EUR,SEK,10.429730415344238,EURSEK=X
2019-04-10,EUR,SEK,10.424260139465332,EURSEK=X
2019-04-11,EUR,SEK,10.441729545593262,EURSEK=X
2019-04-12,EUR,SEK,10.45186996459961,EURSEK=X
2019-04-15,EUR,SEK,10.465200424194336,EURSEK=X
2019-04-16,EUR,SEK,10.472299575805664,EURSEK=X
2019-04-17,EUR,SEK,10.448800086975098,EURSEK=X
2019-04-18,EUR,SEK,10.439800262451172,EURSEK=X
2019-04-19,EUR,SEK,10.45619010925293,EURSEK=X
2019-04-22,EUR,SEK,10.463299751281738,EURSEK=X
2019-04-23,EUR,SEK,10.472820281982422,EURSEK=X
2019-04-24,EUR,SEK,10.501469612121582,EURSEK=X
2019-04-25,EUR,SEK,10.519889831542969,EURSEK=X
2019-04-26,EUR,SEK,10.612299919128418,EURSEK=X
2019-04-29,EUR,SEK,10.602899551391602,EURSEK=X
2019-04-30,EUR,SEK,10.632699966430664,EURSEK=X
2019-05-01,EUR,SEK,10.644800186157227,EURSEK=X
2019-05-02,EUR,SEK,10.680760383605957,EURSEK=X
2019-05-03,EUR,SEK,10.700019836425781,EURSEK=X
2019-05-06,EUR,SEK,10.702239990234375,EURSEK=X
2019-05-07,EUR,SEK,10.711199760437012,EURSEK=X
2019-05-08,EUR,SEK,10.733099937438965,EURSEK=X
2019-05-09,EUR,SEK,10.76095962524414,EURSEK=X
2019-05-10,EUR,SEK,10.82699966430664,EURSEK=X
2019-05-13,EUR,SEK,10.802499771118164,EURSEK=X
2019-05-14,EUR,SEK,10.816929817199707,EURSEK=X
2019-05-15,EUR,SEK,10.760910034179688,EURSEK=X
2019-05-16,EUR,SEK,10.762310028076172,EURSEK=X
2019-05-17,EUR,SEK,10.773870468139648,EURSEK=X
2019-05-20,EUR,SEK,10.759400367736816,EURSEK=X
2019-05-21,EUR,SEK,10.788999557495117,EURSEK=X
2019-05-22,EUR,SEK,10.768899917602539,EURSEK=X
2019-05-23,EUR,SEK,10.74131965637207,EURSEK=X
2019-05-24,EUR,SEK,10.750980377197266,EURSEK=X
2019-05-27,EUR,SEK,10.681500434875488,EURSEK=X
2019-05-28,EUR,SEK,10.717100143432617,EURSEK=X
2019-05-29,EUR,SEK,10.703800201416016,EURSEK=X
2019-05-30,EUR,SEK,10.631230354309082,EURSEK=X
2019-05-31,EUR,SEK,10.611080169677734,EURSEK=X
2019-06-03,EUR,SEK,10.598750114440918,EURSEK=X
2019-06-04,EUR,SEK,10.619000434875488,EURSEK=X
2019-06-05,EUR,SEK,10.617509841918945,EURSEK=X
2019-06-06,EUR,SEK,10.595100402832031,EURSEK=X
2019-06-07,EUR,SEK,10.623510360717773,EURSEK=X
2019-06-10,EUR,SEK,10.647109985351562,EURSEK=X
2019-06-11,EUR,SEK,10.654939651489258,EURSEK=X
2019-06-12,EUR,SEK,10.701580047607422,EURSEK=X
2019-06-13,EUR,SEK,10.691499710083008,EURSEK=X
2019-06-14,EUR,SEK,10.68910026550293,EURSEK=X
2019-06-17,EUR,SEK,10.634269714355469,EURSEK=X
2019-06-18,EUR,SEK,10.633210182189941,EURSEK=X
2019-06-19,EUR,SEK,10.66819953918457,EURSEK=X
2019-06-20,EUR,SEK,10.649100303649902,EURSEK=X
2019-06-21,EUR,SEK,10.62261962890625,EURSEK=X
2019-06-24,EUR,SEK,10.632499694824219,EURSEK=X
2019-06-25,EUR,SEK,10.57800006866455,EURSEK=X
2019-06-26,EUR,SEK,10.553000450134277,EURSEK=X
2019-06-27,EUR,SEK,10.5306396484375,EURSEK=X
2019-06-28,EUR,SEK,10.539199829101562,EURSEK=X
2019-07-01,EUR,SEK,10.55459976196289,EURSEK=X
2019-07-02,EUR,SEK,10.560469627380371,EURSEK=X
2019-07-03,EUR,SEK,10.531200408935547,EURSEK=X
2019-07-04,EUR,SEK,10.499099731445312,EURSEK=X
2019-07-05,EUR,SEK,10.516739845275879,EURSEK=X
2019-07-08,EUR,SEK,10.59119987487793,EURSEK=X
2019-07-09,EUR,SEK,10.608400344848633,EURSEK=X
2019-07-10,EUR,SEK,10.608799934387207,EURSEK=X
2019-07-11,EUR,SEK,10.593000411987305,EURSEK=X
2019-07-12,EUR,SEK,10.55270004272461,EURSEK=X
2019-07-15,EUR,SEK,10.556940078735352,EURSEK=X
2019-07-16,EUR,SEK,10.526969909667969,EURSEK=X
2019-07-17,EUR,SEK,10.523900032043457,EURSEK=X
2019-07-18,EUR,SEK,10.50879955291748,EURSEK=X
2019-07-19,EUR,SEK,10.490730285644531,EURSEK=X
2019-07-22,EUR,SEK,10.526399612426758,EURSEK=X
2019-07-23,EUR,SEK,10.551779747009277,EURSEK=X
2019-07-24,EUR,SEK,10.563909530639648,EURSEK=X
2019-07-25,EUR,SEK,10.498419761657715,EURSEK=X
2019-07-26,EUR,SEK,10.530449867248535,EURSEK=X
2019-07-29,EUR,SEK,10.575499534606934,EURSEK=X
2019-07-30,EUR,SEK,10.565799713134766,EURSEK=X
2019-07-31,EUR,SEK,10.670900344848633,EURSEK=X
2019-08-01,EUR,SEK,10.697179794311523,EURSEK=X
2019-08-02,EUR,SEK,10.699509620666504,EURSEK=X
2019-08-05,EUR,SEK,10.696089744567871,EURSEK=X
2019-08-06,EUR,SEK,10.762720108032227,EURSEK=X
2019-08-07,EUR,SEK,10.725700378417969,EURSEK=X
2019-08-08,EUR,SEK,10.788370132446289,EURSEK=X
2019-08-09,EUR,SEK,10.732410430908203,EURSEK=X
2019-08-12,EUR,SEK,10.69137954711914,EURSEK=X
2019-08-13,EUR,SEK,10.719240188598633,EURSEK=X
2019-08-14,EUR,SEK,10.660920143127441,EURSEK=X
2019-08-15,EUR,SEK,10.725749969482422,EURSEK=X
2019-08-16,EUR,SEK,10.704899787902832,EURSEK=X
2019-08-19,EUR,SEK,10.72050952911377,EURSEK=X
2019-08-20,EUR,SEK,10.727999687194824,EURSEK=X
2019-08-21,EUR,SEK,10.750450134277344,EURSEK=X
2019-08-22,EUR,SEK,10.663599967956543,EURSEK=X
2019-08-23,EUR,SEK,10.720589637756348,EURSEK=X
2019-08-26,EUR,SEK,10.738089561462402,EURSEK=X
2019-08-27,EUR,SEK,10.73490047454834,EURSEK=X
2019-08-28,EUR,SEK,10.723770141601562,EURSEK=X
2019-08-29,EUR,SEK,10.773329734802246,EURSEK=X
2019-08-30,EUR,SEK,10.809980392456055,EURSEK=X
2019-09-02,EUR,SEK,10.787799835205078,EURSEK=X
2019-09-03,EUR,SEK,10.7746000289917,EURSEK=X
2019-09-04,EUR,SEK,10.772000312805176,EURSEK=X
2019-09-05,EUR,SEK,10.73840045928955,EURSEK=X
2019-09-06,EUR,SEK,10.683799743652344,EURSEK=X
2019-09-09,EUR,SEK,10.62279987335205,EURSEK=X
2019-09-10,EUR,SEK,10.667960166931152,EURSEK=X
2019-09-11,EUR,SEK,10.693090438842773,EURSEK=X
2019-09-12,EUR,SEK,10.65149974822998,EURSEK=X
2019-09-13,EUR,SEK,10.649239540100098,EURSEK=X
2019-09-16,EUR,SEK,10.635379791259766,EURSEK=X
2019-09-17,EUR,SEK,10.625300407409668,EURSEK=X
2019-09-18,EUR,SEK,10.702549934387207,EURSEK=X
2019-09-19,EUR,SEK,10.718700408935547,EURSEK=X
2019-09-20,EUR,SEK,10.696599960327148,EURSEK=X
2019-09-23,EUR,SEK,10.68610954284668,EURSEK=X
2019-09-24,EUR,SEK,10.669500350952148,EURSEK=X
2019-09-25,EUR,SEK,10.649499893188477,EURSEK=X
2019-09-26,EUR,SEK,10.67411994934082,EURSEK=X
2019-09-27,EUR,SEK,10.661789894104004,EURSEK=X
2019-09-30,EUR,SEK,10.704299926757812,EURSEK=X
2019-10-01,EUR,SEK,10.727490425109863,EURSEK=X
2019-10-02,EUR,SEK,10.79458999633789,EURSEK=X
2019-10-03,EUR,SEK,10.817500114440918,EURSEK=X
2019-10-04,EUR,SEK,10.816140174865723,EURSEK=X
2019-10-07,EUR,SEK,10.809809684753418,EURSEK=X
2019-10-08,EUR,SEK,10.874190330505371,EURSEK=X
2019-10-09,EUR,SEK,10.892840385437012,EURSEK=X
2019-10-10,EUR,SEK,10.924599647521973,EURSEK=X
2019-10-11,EUR,SEK,10.829950332641602,EURSEK=X
2019-10-14,EUR,SEK,10.82133960723877,EURSEK=X
2019-10-15,EUR,SEK,10.82229995727539,EURSEK=X
2019-10-16,EUR,SEK,10.8193998336792,EURSEK=X
2019-10-17,EUR,SEK,10.823599815368652,EURSEK=X
2019-10-18,EUR,SEK,10.797200202941895,EURSEK=X
2019-10-21,EUR,SEK,10.776470184326172,EURSEK=X
2019-10-22,EUR,SEK,10.743430137634277,EURSEK=X
2019-10-23,EUR,SEK,10.732810020446777,EURSEK=X
2019-10-24,EUR,SEK,10.731590270996094,EURSEK=X
2019-10-25,EUR,SEK,10.719099998474121,EURSEK=X
2019-10-28,EUR,SEK,10.726799964904785,EURSEK=X
2019-10-29,EUR,SEK,10.76990032196045,EURSEK=X
2019-10-30,EUR,SEK,10.778249740600586,EURSEK=X
2019-10-31,EUR,SEK,10.757060050964355,EURSEK=X
2019-11-01,EUR,SEK,10.764510154724121,EURSEK=X
2019-11-04,EUR,SEK,10.67294979095459,EURSEK=X
2019-11-05,EUR,SEK,10.702119827270508,EURSEK=X
2019-11-06,EUR,SEK,10.6875,EURSEK=X
2019-11-07,EUR,SEK,10.646389961242676,EURSEK=X
2019-11-08,EUR,SEK,10.639869689941406,EURSEK=X
2019-11-11,EUR,SEK,10.693639755249023,EURSEK=X
2019-11-12,EUR,SEK,10.697070121765137,EURSEK=X
2019-11-13,EUR,SEK,10.69262981414795,EURSEK=X
2019-11-14,EUR,SEK,10.706399917602539,EURSEK=X
2019-11-15,EUR,SEK,10.66405963897705,EURSEK=X
2019-11-18,EUR,SEK,10.644800186157227,EURSEK=X
2019-11-19,EUR,SEK,10.669329643249512,EURSEK=X
2019-11-20,EUR,SEK,10.67039966583252,EURSEK=X
2019-11-21,EUR,SEK,10.671689987182617,EURSEK=X
2019-11-22,EUR,SEK,10.641500473022461,EURSEK=X
2019-11-25,EUR,SEK,10.608400344848633,EURSEK=X
2019-11-26,EUR,SEK,10.611499786376953,EURSEK=X
2019-11-27,EUR,SEK,10.564920425415039,EURSEK=X
2019-11-28,EUR,SEK,10.538399696350098,EURSEK=X
2019-11-29,EUR,SEK,10.516949653625488,EURSEK=X
2019-12-02,EUR,SEK,10.546059608459473,EURSEK=X
2019-12-03,EUR,SEK,10.565699577331543,EURSEK=X
2019-12-04,EUR,SEK,10.55210018157959,EURSEK=X
2019-12-05,EUR,SEK,10.526459693908691,EURSEK=X
2019-12-06,EUR,SEK,10.53600025177002,EURSEK=X
2019-12-09,EUR,SEK,10.504070281982422,EURSEK=X
2019-12-10,EUR,SEK,10.54419994354248,EURSEK=X
2019-12-11,EUR,SEK,10.530389785766602,EURSEK=X
2019-12-12,EUR,SEK,10.444899559020996,EURSEK=X
2019-12-13,EUR,SEK,10.446999549865723,EURSEK=X
2019-12-16,EUR,SEK,10.434829711914062,EURSEK=X
2019-12-17,EUR,SEK,10.43397045135498,EURSEK=X
2019-12-18,EUR,SEK,10.456609725952148,EURSEK=X
2019-12-19,EUR,SEK,10.471420288085938,EURSEK=X
2019-12-20,EUR,SEK,10.463600158691406,EURSEK=X
2019-12-23,EUR,SEK,10.417989730834961,EURSEK=X
2019-12-24,EUR,SEK,10.459970474243164,EURSEK=X
2019-12-25,EUR,SEK,10.419320106506348,EURSEK=X
2019-12-26,EUR,SEK,10.426300048828125,EURSEK=X
2019-12-27,EUR,SEK,10.441300392150879,EURSEK=X
2019-12-30,EUR,SEK,10.427729606628418,EURSEK=X
2019-12-31,EUR,SEK,10.467869758605957,EURSEK=X
2020-01-01,EUR,SEK,10.287489891052246,EURSEK=X
2020-01-02,EUR,SEK,10.482629776000977,EURSEK=X
2020-01-03,EUR,SEK,10.459879875183105,EURSEK=X
2020-01-06,EUR,SEK,10.502240180969238,EURSEK=X
2020-01-07,EUR,SEK,10.523509979248047,EURSEK=X
2020-01-08,EUR,SEK,10.56112003326416,EURSEK=X
2020-01-09,EUR,SEK,10.502820014953613,EURSEK=X
2020-01-10,EUR,SEK,10.537199974060059,EURSEK=X
2020-01-13,EUR,SEK,10.561039924621582,EURSEK=X
2020-01-14,EUR,SEK,10.53855037689209,EURSEK=X
2020-01-15,EUR,SEK,10.52869987487793,EURSEK=X
2020-01-16,EUR,SEK,10.548379898071289,EURSEK=X
2020-01-17,EUR,SEK,10.564599990844727,EURSEK=X
2020-01-20,EUR,SEK,10.555700302124023,EURSEK=X
2020-01-21,EUR,SEK,10.558300018310547,EURSEK=X
2020-01-22,EUR,SEK,10.547599792480469,EURSEK=X
2020-01-23,EUR,SEK,10.536080360412598,EURSEK=X
2020-01-24,EUR,SEK,10.535269737243652,EURSEK=X
2020-01-27,EUR,SEK,10.559300422668457,EURSEK=X
2020-01-28,EUR,SEK,10.601699829101562,EURSEK=X
2020-01-29,EUR,SEK,10.587949752807617,EURSEK=X
2020-01-30,EUR,SEK,10.59119987487793,EURSEK=X
2020-01-31,EUR,SEK,10.635899543762207,EURSEK=X
2020-02-03,EUR,SEK,10.681699752807617,EURSEK=X
2020-02-04,EUR,SEK,10.668600082397461,EURSEK=X
2020-02-05,EUR,SEK,10.58650016784668,EURSEK=X
2020-02-06,EUR,SEK,10.54170036315918,EURSEK=X
2020-02-07,EUR,SEK,10.565299987792969,EURSEK=X
2020-02-10,EUR,SEK,10.575050354003906,EURSEK=X
2020-02-11,EUR,SEK,10.536709785461426,EURSEK=X
2020-02-12,EUR,SEK,10.512900352478027,EURSEK=X
2020-02-13,EUR,SEK,10.481209754943848,EURSEK=X
2020-02-14,EUR,SEK,10.500109672546387,EURSEK=X
2020-02-17,EUR,SEK,10.524069786071777,EURSEK=X
2020-02-18,EUR,SEK,10.499899864196777,EURSEK=X
2020-02-19,EUR,SEK,10.555089950561523,EURSEK=X
2020-02-20,EUR,SEK,10.567259788513184,EURSEK=X
2020-02-21,EUR,SEK,10.583419799804688,EURSEK=X
2020-02-24,EUR,SEK,10.560460090637207,EURSEK=X
2020-02-25,EUR,SEK,10.554800033569336,EURSEK=X
2020-02-26,EUR,SEK,10.570500373840332,EURSEK=X
2020-02-27,EUR,SEK,10.59457015991211,EURSEK=X
2020-02-28,EUR,SEK,10.62615966796875,EURSEK=X
2020-03-02,EUR,SEK,10.628049850463867,EURSEK=X
2020-03-03,EUR,SEK,10.623120307922363,EURSEK=X
2020-03-04,EUR,SEK,10.568470001220703,EURSEK=X
2020-03-05,EUR,SEK,10.545299530029297,EURSEK=X
2020-03-06,EUR,SEK,10.593700408935547,EURSEK=X
2020-03-09,EUR,SEK,10.681529998779297,EURSEK=X
2020-03-10,EUR,SEK,10.789139747619629,EURSEK=X
2020-03-11,EUR,SEK,10.764749526977539,EURSEK=X
2020-03-12,EUR,SEK,10.729209899902344,EURSEK=X
2020-03-13,EUR,SEK,10.89490032196045,EURSEK=X
2020-03-16,EUR,SEK,10.80562973022461,EURSEK=X
2020-03-17,EUR,SEK,10.915399551391602,EURSEK=X
2020-03-18,EUR,SEK,10.876540184020996,EURSEK=X
2020-03-19,EUR,SEK,11.188429832458496,EURSEK=X
2020-03-20,EUR,SEK,11.107839584350586,EURSEK=X
2020-03-23,EUR,SEK,11.161089897155762,EURSEK=X
2020-03-24,EUR,SEK,11.076350212097168,EURSEK=X
2020-03-25,EUR,SEK,10.924579620361328,EURSEK=X
2020-03-26,EUR,SEK,10.982099533081055,EURSEK=X
2020-03-27,EUR,SEK,10.98073959350586,EURSEK=X
2020-03-30,EUR,SEK,11.048480033874512,EURSEK=X
2020-03-31,EUR,SEK,11.054840087890625,EURSEK=X
2020-04-01,EUR,SEK,10.91277027130127,EURSEK=X
2020-04-02,EUR,SEK,10.980799674987793,EURSEK=X
2020-04-03,EUR,SEK,10.933549880981445,EURSEK=X
2020-04-06,EUR,SEK,10.996549606323242,EURSEK=X
2020-04-07,EUR,SEK,10.908499717712402,EURSEK=X
2020-04-08,EUR,SEK,10.933629989624023,EURSEK=X
2020-04-09,EUR,SEK,10.925780296325684,EURSEK=X
2020-04-10,EUR,SEK,10.863539695739746,EURSEK=X
2020-04-13,EUR,SEK,10.862680435180664,EURSEK=X
2020-04-14,EUR,SEK,10.910099983215332,EURSEK=X
2020-04-15,EUR,SEK,10.898859977722168,EURSEK=X
2020-04-16,EUR,SEK,10.95121955871582,EURSEK=X
2020-04-17,EUR,SEK,10.85990047454834,EURSEK=X
2020-04-20,EUR,SEK,10.850720405578613,EURSEK=X
2020-04-21,EUR,SEK,10.881349563598633,EURSEK=X
2020-04-22,EUR,SEK,10.958999633789062,EURSEK=X
2020-04-23,EUR,SEK,10.928799629211426,EURSEK=X
2020-04-24,EUR,SEK,10.8443603515625,EURSEK=X
2020-04-27,EUR,SEK,10.856410026550293,EURSEK=X
2020-04-28,EUR,SEK,10.829680442810059,EURSEK=X
2020-04-29,EUR,SEK,10.697420120239258,EURSEK=X
2020-04-30,EUR,SEK,10.70263957977295,EURSEK=X
2020-05-01,EUR,SEK,10.684900283813477,EURSEK=X
2020-05-04,EUR,SEK,10.859689712524414,EURSEK=X
2020-05-05,EUR,SEK,10.746319770812988,EURSEK=X
2020-05-06,EUR,SEK,10.641850471496582,EURSEK=X
2020-05-07,EUR,SEK,10.634099960327148,EURSEK=X
2020-05-08,EUR,SEK,10.627169609069824,EURSEK=X
2020-05-11,EUR,SEK,10.597840309143066,EURSEK=X
2020-05-12,EUR,SEK,10.665610313415527,EURSEK=X
2020-05-13,EUR,SEK,10.60515022277832,EURSEK=X
2020-05-14,EUR,SEK,10.6141996383667,EURSEK=X
2020-05-15,EUR,SEK,10.582300186157227,EURSEK=X
2020-05-18,EUR,SEK,10.669890403747559,EURSEK=X
2020-05-19,EUR,SEK,10.586689949035645,EURSEK=X
2020-05-20,EUR,SEK,10.577329635620117,EURSEK=X
2020-05-21,EUR,SEK,10.521880149841309,EURSEK=X
2020-05-22,EUR,SEK,10.52970027923584,EURSEK=X
2020-05-25,EUR,SEK,10.531999588012695,EURSEK=X
2020-05-26,EUR,SEK,10.542960166931152,EURSEK=X
2020-05-27,EUR,SEK,10.553000450134277,EURSEK=X
2020-05-28,EUR,SEK,10.566189765930176,EURSEK=X
2020-05-29,EUR,SEK,10.542730331420898,EURSEK=X
2020-06-01,EUR,SEK,10.478489875793457,EURSEK=X
2020-06-02,EUR,SEK,10.425999641418457,EURSEK=X
2020-06-03,EUR,SEK,10.428589820861816,EURSEK=X
2020-06-04,EUR,SEK,10.436090469360352,EURSEK=X
2020-06-05,EUR,SEK,10.426190376281738,EURSEK=X
2020-06-08,EUR,SEK,10.359100341796875,EURSEK=X
2020-06-09,EUR,SEK,10.385930061340332,EURSEK=X
2020-06-10,EUR,SEK,10.438799858093262,EURSEK=X
2020-06-11,EUR,SEK,10.456000328063965,EURSEK=X
2020-06-12,EUR,SEK,10.538100242614746,EURSEK=X
2020-06-15,EUR,SEK,10.510199546813965,EURSEK=X
2020-06-16,EUR,SEK,10.502829551696777,EURSEK=X
2020-06-17,EUR,SEK,10.542969703674316,EURSEK=X
2020-06-18,EUR,SEK,10.48915958404541,EURSEK=X
2020-06-19,EUR,SEK,10.532349586486816,EURSEK=X
2020-06-22,EUR,SEK,10.576589584350586,EURSEK=X
2020-06-23,EUR,SEK,10.540769577026367,EURSEK=X
2020-06-24,EUR,SEK,10.501199722290039,EURSEK=X
2020-06-25,EUR,SEK,10.546979904174805,EURSEK=X
2020-06-26,EUR,SEK,10.456379890441895,EURSEK=X
2020-06-29,EUR,SEK,10.476300239562988,EURSEK=X
2020-06-30,EUR,SEK,10.48328971862793,EURSEK=X
2020-07-01,EUR,SEK,10.469300270080566,EURSEK=X
2020-07-02,EUR,SEK,10.474249839782715,EURSEK=X
2020-07-03,EUR,SEK,10.467499732971191,EURSEK=X
2020-07-06,EUR,SEK,10.463800430297852,EURSEK=X
2020-07-07,EUR,SEK,10.45044994354248,EURSEK=X
2020-07-08,EUR,SEK,10.43589973449707,EURSEK=X
2020-07-09,EUR,SEK,10.395000457763672,EURSEK=X
2020-07-10,EUR,SEK,10.410380363464355,EURSEK=X
2020-07-13,EUR,SEK,10.397100448608398,EURSEK=X
2020-07-14,EUR,SEK,10.417710304260254,EURSEK=X
2020-07-15,EUR,SEK,10.352350234985352,EURSEK=X
2020-07-16,EUR,SEK,10.351799964904785,EURSEK=X
2020-07-17,EUR,SEK,10.300000190734863,EURSEK=X
2020-07-20,EUR,SEK,10.329010009765625,EURSEK=X
2020-07-21,EUR,SEK,10.26218032836914,EURSEK=X
2020-07-22,EUR,SEK,10.227100372314453,EURSEK=X
2020-07-23,EUR,SEK,10.258600234985352,EURSEK=X
2020-07-24,EUR,SEK,10.25631046295166,EURSEK=X
2020-07-27,EUR,SEK,10.296239852905273,EURSEK=X
2020-07-28,EUR,SEK,10.259599685668945,EURSEK=X
2020-07-29,EUR,SEK,10.281700134277344,EURSEK=X
2020-07-30,EUR,SEK,10.286279678344727,EURSEK=X
2020-07-31,EUR,SEK,10.305299758911133,EURSEK=X
2020-08-03,EUR,SEK,10.33965015411377,EURSEK=X
2020-08-04,EUR,SEK,10.262829780578613,EURSEK=X
2020-08-05,EUR,SEK,10.285590171813965,EURSEK=X
2020-08-06,EUR,SEK,10.256429672241211,EURSEK=X
2020-08-07,EUR,SEK,10.316499710083008,EURSEK=X
2020-08-10,EUR,SEK,10.307000160217285,EURSEK=X
2020-08-11,EUR,SEK,10.277199745178223,EURSEK=X
2020-08-12,EUR,SEK,10.283129692077637,EURSEK=X
2020-08-13,EUR,SEK,10.233779907226562,EURSEK=X
2020-08-14,EUR,SEK,10.261039733886719,EURSEK=X
2020-08-17,EUR,SEK,10.280799865722656,EURSEK=X
2020-08-18,EUR,SEK,10.308879852294922,EURSEK=X
2020-08-19,EUR,SEK,10.308150291442871,EURSEK=X
2020-08-20,EUR,SEK,10.298330307006836,EURSEK=X
2020-08-21,EUR,SEK,10.320699691772461,EURSEK=X
2020-08-24,EUR,SEK,10.368410110473633,EURSEK=X
2020-08-25,EUR,SEK,10.363180160522461,EURSEK=X
2020-08-26,EUR,SEK,10.356410026550293,EURSEK=X
2020-08-27,EUR,SEK,10.305800437927246,EURSEK=X
2020-08-28,EUR,SEK,10.311829566955566,EURSEK=X
2020-08-31,EUR,SEK,10.26449966430664,EURSEK=X
2020-09-01,EUR,SEK,10.323309898376465,EURSEK=X
2020-09-02,EUR,SEK,10.345560073852539,EURSEK=X
2020-09-03,EUR,SEK,10.326399803161621,EURSEK=X
2020-09-04,EUR,SEK,10.354069709777832,EURSEK=X
2020-09-07,EUR,SEK,10.338990211486816,EURSEK=X
2020-09-08,EUR,SEK,10.365500450134277,EURSEK=X
2020-09-09,EUR,SEK,10.393899917602539,EURSEK=X
2020-09-10,EUR,SEK,10.319840431213379,EURSEK=X
2020-09-11,EUR,SEK,10.361040115356445,EURSEK=X
2020-09-14,EUR,SEK,10.392950057983398,EURSEK=X
2020-09-15,EUR,SEK,10.399700164794922,EURSEK=X
2020-09-16,EUR,SEK,10.401920318603516,EURSEK=X
2020-09-17,EUR,SEK,10.39540958404541,EURSEK=X
2020-09-18,EUR,SEK,10.394749641418457,EURSEK=X
2020-09-21,EUR,SEK,10.382100105285645,EURSEK=X
2020-09-22,EUR,SEK,10.40470027923584,EURSEK=X
2020-09-23,EUR,SEK,10.43610954284668,EURSEK=X
2020-09-24,EUR,SEK,10.464889526367188,EURSEK=X
2020-09-25,EUR,SEK,10.61670970916748,EURSEK=X
2020-09-28,EUR,SEK,10.616399765014648,EURSEK=X
2020-09-29,EUR,SEK,10.542670249938965,EURSEK=X
2020-09-30,EUR,SEK,10.526860237121582,EURSEK=X
2020-10-01,EUR,SEK,10.492670059204102,EURSEK=X
2020-10-02,EUR,SEK,10.476140022277832,EURSEK=X
2020-10-05,EUR,SEK,10.45026969909668,EURSEK=X
2020-10-06,EUR,SEK,10.477330207824707,EURSEK=X
2020-10-07,EUR,SEK,10.496020317077637,EURSEK=X
2020-10-08,EUR,SEK,10.442119598388672,EURSEK=X
2020-10-09,EUR,SEK,10.403860092163086,EURSEK=X
2020-10-12,EUR,SEK,10.396439552307129,EURSEK=X
2020-10-13,EUR,SEK,10.394889831542969,EURSEK=X
2020-10-14,EUR,SEK,10.367079734802246,EURSEK=X
2020-10-15,EUR,SEK,10.365500450134277,EURSEK=X
2020-10-16,EUR,SEK,10.350489616394043,EURSEK=X
2020-10-19,EUR,SEK,10.361989974975586,EURSEK=X
2020-10-20,EUR,SEK,10.38949966430664,EURSEK=X
2020-10-21,EUR,SEK,10.33942985534668,EURSEK=X
2020-10-22,EUR,SEK,10.361319541931152,EURSEK=X
2020-10-23,EUR,SEK,10.351900100708008,EURSEK=X
2020-10-26,EUR,SEK,10.375040054321289,EURSEK=X
2020-10-27,EUR,SEK,10.322770118713379,EURSEK=X
2020-10-28,EUR,SEK,10.294449806213379,EURSEK=X
2020-10-29,EUR,SEK,10.394439697265625,EURSEK=X
2020-10-30,EUR,SEK,10.41034984588623,EURSEK=X
2020-11-02,EUR,SEK,10.373479843139648,EURSEK=X
2020-11-03,EUR,SEK,10.36343002319336,EURSEK=X
2020-11-04,EUR,SEK,10.31482982635498,EURSEK=X
2020-11-05,EUR,SEK,10.3016996383667,EURSEK=X
2020-11-06,EUR,SEK,10.284770011901855,EURSEK=X
2020-11-09,EUR,SEK,10.256830215454102,EURSEK=X
2020-11-10,EUR,SEK,10.193400382995605,EURSEK=X
2020-11-11,EUR,SEK,10.17765998840332,EURSEK=X
2020-11-12,EUR,SEK,10.171270370483398,EURSEK=X
2020-11-13,EUR,SEK,10.197930335998535,EURSEK=X
2020-11-16,EUR,SEK,10.267840385437012,EURSEK=X
2020-11-17,EUR,SEK,10.21481990814209,EURSEK=X
2020-11-18,EUR,SEK,10.22700023651123,EURSEK=X
2020-11-19,EUR,SEK,10.191100120544434,EURSEK=X
2020-11-20,EUR,SEK,10.209400177001953,EURSEK=X
2020-11-23,EUR,SEK,10.214529991149902,EURSEK=X
2020-11-24,EUR,SEK,10.212530136108398,EURSEK=X
2020-11-25,EUR,SEK,10.154829978942871,EURSEK=X
2020-11-26,EUR,SEK,10.111729621887207,EURSEK=X
2020-11-27,EUR,SEK,10.154290199279785,EURSEK=X
2020-11-30,EUR,SEK,10.171019554138184,EURSEK=X
2020-12-01,EUR,SEK,10.23151969909668,EURSEK=X
2020-12-02,EUR,SEK,10.241080284118652,EURSEK=X
2020-12-03,EUR,SEK,10.242560386657715,EURSEK=X
2020-12-04,EUR,SEK,10.256799697875977,EURSEK=X
2020-12-07,EUR,SEK,10.249520301818848,EURSEK=X
2020-12-08,EUR,SEK,10.171600341796875,EURSEK=X
2020-12-09,EUR,SEK,10.245499610900879,EURSEK=X
2020-12-10,EUR,SEK,10.25868034362793,EURSEK=X
2020-12-11,EUR,SEK,10.252579689025879,EURSEK=X
2020-12-14,EUR,SEK,10.225830078125,EURSEK=X
2020-12-15,EUR,SEK,10.204000473022461,EURSEK=X
2020-12-16,EUR,SEK,10.182100296020508,EURSEK=X
2020-12-17,EUR,SEK,10.177650451660156,EURSEK=X
2020-12-18,EUR,SEK,10.152119636535645,EURSEK=X
2020-12-21,EUR,SEK,10.118680000305176,EURSEK=X
2020-12-22,EUR,SEK,10.094659805297852,EURSEK=X
2020-12-23,EUR,SEK,10.145440101623535,EURSEK=X
2020-12-24,EUR,SEK,10.103540420532227,EURSEK=X
2020-12-25,EUR,SEK,10.044899940490723,EURSEK=X
2020-12-28,EUR,SEK,10.076189994812012,EURSEK=X
2020-12-29,EUR,SEK,10.092610359191895,EURSEK=X
2020-12-30,EUR,SEK,10.050100326538086,EURSEK=X
2020-12-31,EUR,SEK,10.079000473022461,EURSEK=X
2021-01-01,EUR,SEK,9.993619918823242,EURSEK=X
2021-01-04,EUR,SEK,10.039660453796387,EURSEK=X
2021-01-05,EUR,SEK,10.10420036315918,EURSEK=X
2021-01-06,EUR,SEK,10.058150291442871,EURSEK=X
2021-01-07,EUR,SEK,10.065409660339355,EURSEK=X
2021-01-08,EUR,SEK,10.045299530029297,EURSEK=X
2021-01-11,EUR,SEK,10.06488037109375,EURSEK=X
2021-01-12,EUR,SEK,10.08633041381836,EURSEK=X
2021-01-13,EUR,SEK,10.06149959564209,EURSEK=X
2021-01-14,EUR,SEK,10.072099685668945,EURSEK=X
2021-01-15,EUR,SEK,10.099869728088379,EURSEK=X
2021-01-18,EUR,SEK,10.143600463867188,EURSEK=X
2021-01-19,EUR,SEK,10.134300231933594,EURSEK=X
2021-01-20,EUR,SEK,10.105179786682129,EURSEK=X
2021-01-21,EUR,SEK,10.100580215454102,EURSEK=X
2021-01-22,EUR,SEK,10.059060096740723,EURSEK=X
2021-01-25,EUR,SEK,10.095720291137695,EURSEK=X
2021-01-26,EUR,SEK,10.054289817810059,EURSEK=X
2021-01-27,EUR,SEK,10.092309951782227,EURSEK=X
2021-01-28,EUR,SEK,10.125659942626953,EURSEK=X
2021-01-29,EUR,SEK,10.112719535827637,EURSEK=X
2021-02-01,EUR,SEK,10.156590461730957,EURSEK=X
2021-02-02,EUR,SEK,10.157270431518555,EURSEK=X
2021-02-03,EUR,SEK,10.10811996459961,EURSEK=X
2021-02-04,EUR,SEK,10.109749794006348,EURSEK=X
2021-02-05,EUR,SEK,10.109060287475586,EURSEK=X
2021-02-08,EUR,SEK,10.088139533996582,EURSEK=X
2021-02-09,EUR,SEK,10.10669994354248,EURSEK=X
2021-02-10,EUR,SEK,10.084099769592285,EURSEK=X
2021-02-11,EUR,SEK,10.080900192260742,EURSEK=X
2021-02-12,EUR,SEK,10.087599754333496,EURSEK=X
2021-02-15,EUR,SEK,10.0600004196167,EURSEK=X
2021-02-16,EUR,SEK,10.04423999786377,EURSEK=X
2021-02-17,EUR,SEK,10.016989707946777,EURSEK=X
2021-02-18,EUR,SEK,10.023969650268555,EURSEK=X
2021-02-19,EUR,SEK,10.04580020904541,EURSEK=X
2021-02-22,EUR,SEK,10.023119926452637,EURSEK=X
2021-02-23,EUR,SEK,10.05813980102539,EURSEK=X
2021-02-24,EUR,SEK,10.059370040893555,EURSEK=X
2021-02-25,EUR,SEK,10.06110954284668,EURSEK=X
2021-02-26,EUR,SEK,10.098010063171387,EURSEK=X
2021-03-01,EUR,SEK,10.17570972442627,EURSEK=X
2021-03-02,EUR,SEK,10.14618968963623,EURSEK=X
2021-03-03,EUR,SEK,10.134400367736816,EURSEK=X
2021-03-04,EUR,SEK,10.158490180969238,EURSEK=X
2021-03-05,EUR,SEK,10.17240047454834,EURSEK=X
2021-03-08,EUR,SEK,10.158860206604004,EURSEK=X
2021-03-09,EUR,SEK,10.166259765625,EURSEK=X
2021-03-10,EUR,SEK,10.110030174255371,EURSEK=X
2021-03-11,EUR,SEK,10.111120223999023,EURSEK=X
2021-03-12,EUR,SEK,10.122300148010254,EURSEK=X
2021-03-15,EUR,SEK,10.137450218200684,EURSEK=X
2021-03-16,EUR,SEK,10.15429973602295,EURSEK=X
2021-03-17,EUR,SEK,10.116069793701172,EURSEK=X
2021-03-18,EUR,SEK,10.119660377502441,EURSEK=X
2021-03-19,EUR,SEK,10.146519660949707,EURSEK=X
2021-03-22,EUR,SEK,10.168230056762695,EURSEK=X
2021-03-23,EUR,SEK,10.155190467834473,EURSEK=X
2021-03-24,EUR,SEK,10.179750442504883,EURSEK=X
2021-03-25,EUR,SEK,10.158900260925293,EURSEK=X
2021-03-26,EUR,SEK,10.180890083312988,EURSEK=X
2021-03-29,EUR,SEK,10.189129829406738,EURSEK=X
2021-03-30,EUR,SEK,10.218449592590332,EURSEK=X
2021-03-31,EUR,SEK,10.23740005493164,EURSEK=X
2021-04-01,EUR,SEK,10.23682975769043,EURSEK=X
2021-04-02,EUR,SEK,10.263640403747559,EURSEK=X
2021-04-05,EUR,SEK,10.25790023803711,EURSEK=X
2021-04-06,EUR,SEK,10.280130386352539,EURSEK=X
2021-04-07,EUR,SEK,10.225740432739258,EURSEK=X
2021-04-08,EUR,SEK,10.240699768066406,EURSEK=X
2021-04-09,EUR,SEK,10.165499687194824,EURSEK=X
2021-04-12,EUR,SEK,10.162070274353027,EURSEK=X
2021-04-13,EUR,SEK,10.21183967590332,EURSEK=X
2021-04-14,EUR,SEK,10.166950225830078,EURSEK=X
2021-04-15,EUR,SEK,10.140979766845703,EURSEK=X
2021-04-16,EUR,SEK,10.107319831848145,EURSEK=X
2021-04-19,EUR,SEK,10.107290267944336,EURSEK=X
2021-04-20,EUR,SEK,10.106670379638672,EURSEK=X
2021-04-21,EUR,SEK,10.144920349121094,EURSEK=X
2021-04-22,EUR,SEK,10.115750312805176,EURSEK=X
2021-04-23,EUR,SEK,10.128299713134766,EURSEK=X
2021-04-26,EUR,SEK,10.144669532775879,EURSEK=X
2021-04-27,EUR,SEK,10.120409965515137,EURSEK=X
2021-04-28,EUR,SEK,10.120189666748047,EURSEK=X
2021-04-29,EUR,SEK,10.110899925231934,EURSEK=X
2021-04-30,EUR,SEK,10.145270347595215,EURSEK=X
2021-05-03,EUR,SEK,10.179240226745605,EURSEK=X
2021-05-04,EUR,SEK,10.15170955657959,EURSEK=X
2021-05-05,EUR,SEK,10.16746997833252,EURSEK=X
2021-05-06,EUR,SEK,10.174920082092285,EURSEK=X
2021-05-07,EUR,SEK,10.162569999694824,EURSEK=X
2021-05-10,EUR,SEK,10.105330467224121,EURSEK=X
2021-05-11,EUR,SEK,10.116259574890137,EURSEK=X
2021-05-12,EUR,SEK,10.103070259094238,EURSEK=X
2021-05-13,EUR,SEK,10.174570083618164,EURSEK=X
2021-05-14,EUR,SEK,10.147700309753418,EURSEK=X
2021-05-17,EUR,SEK,10.108969688415527,EURSEK=X
2021-05-18,EUR,SEK,10.117779731750488,EURSEK=X
2021-05-19,EUR,SEK,10.12399959564209,EURSEK=X
2021-05-20,EUR,SEK,10.165860176086426,EURSEK=X
2021-05-21,EUR,SEK,10.125690460205078,EURSEK=X
2021-05-24,EUR,SEK,10.129899978637695,EURSEK=X
2021-05-25,EUR,SEK,10.155360221862793,EURSEK=X
2021-05-26,EUR,SEK,10.112870216369629,EURSEK=X
2021-05-27,EUR,SEK,10.139780044555664,EURSEK=X
2021-05-28,EUR,SEK,10.087240219116211,EURSEK=X
2021-05-31,EUR,SEK,10.128520011901855,EURSEK=X
2021-06-01,EUR,SEK,10.13169002532959,EURSEK=X
2021-06-02,EUR,SEK,10.09850025177002,EURSEK=X
2021-06-03,EUR,SEK,10.095999717712402,EURSEK=X
2021-06-04,EUR,SEK,10.102109909057617,EURSEK=X
2021-06-07,EUR,SEK,10.069279670715332,EURSEK=X
2021-06-08,EUR,SEK,10.07096004486084,EURSEK=X
2021-06-09,EUR,SEK,10.06762981414795,EURSEK=X
2021-06-10,EUR,SEK,10.065340042114258,EURSEK=X
2021-06-11,EUR,SEK,10.042320251464844,EURSEK=X
2021-06-14,EUR,SEK,10.069100379943848,EURSEK=X
2021-06-15,EUR,SEK,10.083100318908691,EURSEK=X
2021-06-16,EUR,SEK,10.090620040893555,EURSEK=X
2021-06-17,EUR,SEK,10.146610260009766,EURSEK=X
2021-06-18,EUR,SEK,10.183910369873047,EURSEK=X
2021-06-21,EUR,SEK,10.213600158691406,EURSEK=X
2021-06-22,EUR,SEK,10.167590141296387,EURSEK=X
2021-06-23,EUR,SEK,10.121899604797363,EURSEK=X
2021-06-24,EUR,SEK,10.114100456237793,EURSEK=X
2021-06-25,EUR,SEK,10.108400344848633,EURSEK=X
2021-06-28,EUR,SEK,10.136839866638184,EURSEK=X
2021-06-29,EUR,SEK,10.14780044555664,EURSEK=X
2021-06-30,EUR,SEK,10.141119956970215,EURSEK=X
2021-07-01,EUR,SEK,10.102540016174316,EURSEK=X
2021-07-02,EUR,SEK,10.164389610290527,EURSEK=X
2021-07-05,EUR,SEK,10.13379955291748,EURSEK=X
2021-07-06,EUR,SEK,10.139300346374512,EURSEK=X
2021-07-07,EUR,SEK,10.159500122070312,EURSEK=X
2021-07-08,EUR,SEK,10.167699813842773,EURSEK=X
2021-07-09,EUR,SEK,10.181329727172852,EURSEK=X
2021-07-12,EUR,SEK,10.190449714660645,EURSEK=X
2021-07-13,EUR,SEK,10.181500434875488,EURSEK=X
2021-07-14,EUR,SEK,10.190560340881348,EURSEK=X
2021-07-15,EUR,SEK,10.180319786071777,EURSEK=X
2021-07-16,EUR,SEK,10.233110427856445,EURSEK=X
2021-07-19,EUR,SEK,10.251099586486816,EURSEK=X
2021-07-20,EUR,SEK,10.251110076904297,EURSEK=X
2021-07-21,EUR,SEK,10.248940467834473,EURSEK=X
2021-07-22,EUR,SEK,10.24489974975586,EURSEK=X
2021-07-23,EUR,SEK,10.218299865722656,EURSEK=X
2021-07-26,EUR,SEK,10.233309745788574,EURSEK=X
2021-07-27,EUR,SEK,10.178600311279297,EURSEK=X
2021-07-28,EUR,SEK,10.199000358581543,EURSEK=X
2021-07-29,EUR,SEK,10.177359580993652,EURSEK=X
2021-07-30,EUR,SEK,10.17041015625,EURSEK=X
2021-08-02,EUR,SEK,10.201290130615234,EURSEK=X
2021-08-03,EUR,SEK,10.202400207519531,EURSEK=X
2021-08-04,EUR,SEK,10.208979606628418,EURSEK=X
2021-08-05,EUR,SEK,10.189979553222656,EURSEK=X
2021-08-06,EUR,SEK,10.190400123596191,EURSEK=X
2021-08-09,EUR,SEK,10.195619583129883,EURSEK=X
2021-08-10,EUR,SEK,10.21619987487793,EURSEK=X
2021-08-11,EUR,SEK,10.21500015258789,EURSEK=X
2021-08-12,EUR,SEK,10.192580223083496,EURSEK=X
2021-08-13,EUR,SEK,10.191679954528809,EURSEK=X
2021-08-16,EUR,SEK,10.185400009155273,EURSEK=X
2021-08-17,EUR,SEK,10.183699607849121,EURSEK=X
2021-08-18,EUR,SEK,10.254500389099121,EURSEK=X
2021-08-19,EUR,SEK,10.223509788513184,EURSEK=X
2021-08-20,EUR,SEK,10.281240463256836,EURSEK=X
2021-08-23,EUR,SEK,10.296199798583984,EURSEK=X
2021-08-24,EUR,SEK,10.224920272827148,EURSEK=X
2021-08-25,EUR,SEK,10.211259841918945,EURSEK=X
2021-08-26,EUR,SEK,10.22346019744873,EURSEK=X
2021-08-27,EUR,SEK,10.218440055847168,EURSEK=X
2021-08-30,EUR,SEK,10.187299728393555,EURSEK=X
2021-08-31,EUR,SEK,10.174400329589844,EURSEK=X
2021-09-01,EUR,SEK,10.17982006072998,EURSEK=X
2021-09-02,EUR,SEK,10.19884967803955,EURSEK=X
2021-09-03,EUR,SEK,10.177169799804688,EURSEK=X
2021-09-06,EUR,SEK,10.156590461730957,EURSEK=X
2021-09-07,EUR,SEK,10.159059524536133,EURSEK=X
2021-09-08,EUR,SEK,10.173910140991211,EURSEK=X
2021-09-09,EUR,SEK,10.191800117492676,EURSEK=X
2021-09-10,EUR,SEK,10.179289817810059,EURSEK=X
2021-09-13,EUR,SEK,10.197589874267578,EURSEK=X
2021-09-14,EUR,SEK,10.15233039855957,EURSEK=X
2021-09-15,EUR,SEK,10.151860237121582,EURSEK=X
2021-09-16,EUR,SEK,10.14072036743164,EURSEK=X
2021-09-17,EUR,SEK,10.140910148620605,EURSEK=X
2021-09-20,EUR,SEK,10.17350959777832,EURSEK=X
2021-09-21,EUR,SEK,10.168279647827148,EURSEK=X
2021-09-22,EUR,SEK,10.184499740600586,EURSEK=X
2021-09-23,EUR,SEK,10.164899826049805,EURSEK=X
2021-09-24,EUR,SEK,10.131489753723145,EURSEK=X
2021-09-27,EUR,SEK,10.124500274658203,EURSEK=X
2021-09-28,EUR,SEK,10.173330307006836,EURSEK=X
2021-09-29,EUR,SEK,10.204099655151367,EURSEK=X
2021-09-30,EUR,SEK,10.19633960723877,EURSEK=X
2021-10-01,EUR,SEK,10.141630172729492,EURSEK=X
2021-10-04,EUR,SEK,10.140910148620605,EURSEK=X
2021-10-05,EUR,SEK,10.1358003616333,EURSEK=X
2021-10-06,EUR,SEK,10.1356201171875,EURSEK=X
2021-10-07,EUR,SEK,10.170909881591797,EURSEK=X
2021-10-08,EUR,SEK,10.147199630737305,EURSEK=X
2021-10-11,EUR,SEK,10.111129760742188,EURSEK=X
2021-10-12,EUR,SEK,10.134099960327148,EURSEK=X
2021-10-13,EUR,SEK,10.125320434570312,EURSEK=X
2021-10-14,EUR,SEK,10.073390007019043,EURSEK=X
2021-10-15,EUR,SEK,10.011119842529297,EURSEK=X
2021-10-18,EUR,SEK,9.980620384216309,EURSEK=X
2021-10-19,EUR,SEK,10.057100296020508,EURSEK=X
2021-10-20,EUR,SEK,10.032890319824219,EURSEK=X
2021-10-21,EUR,SEK,10.004300117492676,EURSEK=X
2021-10-22,EUR,SEK,9.997900009155273,EURSEK=X
2021-10-25,EUR,SEK,9.989899635314941,EURSEK=X
2021-10-26,EUR,SEK,9.990509986877441,EURSEK=X
2021-10-27,EUR,SEK,9.987369537353516,EURSEK=X
2021-10-28,EUR,SEK,9.960060119628906,EURSEK=X
2021-10-29,EUR,SEK,9.941240310668945,EURSEK=X
2021-11-01,EUR,SEK,9.934300422668457,EURSEK=X
2021-11-02,EUR,SEK,9.876299858093262,EURSEK=X
2021-11-03,EUR,SEK,9.925339698791504,EURSEK=X
2021-11-04,EUR,SEK,9.905119895935059,EURSEK=X
2021-11-05,EUR,SEK,9.917900085449219,EURSEK=X
2021-11-08,EUR,SEK,9.911499977111816,EURSEK=X
2021-11-09,EUR,SEK,9.93280029296875,EURSEK=X
2021-11-10,EUR,SEK,9.945599555969238,EURSEK=X
2021-11-11,EUR,SEK,9.991290092468262,EURSEK=X
2021-11-12,EUR,SEK,9.968899726867676,EURSEK=X
2021-11-15,EUR,SEK,10.02101993560791,EURSEK=X
2021-11-16,EUR,SEK,10.006050109863281,EURSEK=X
2021-11-17,EUR,SEK,10.069680213928223,EURSEK=X
2021-11-18,EUR,SEK,10.03125,EURSEK=X
2021-11-19,EUR,SEK,10.07865047454834,EURSEK=X
2021-11-22,EUR,SEK,10.09784984588623,EURSEK=X
2021-11-23,EUR,SEK,10.107839584350586,EURSEK=X
2021-11-24,EUR,SEK,10.149270057678223,EURSEK=X
2021-11-25,EUR,SEK,10.220540046691895,EURSEK=X
2021-11-26,EUR,SEK,10.211899757385254,EURSEK=X
2021-11-29,EUR,SEK,10.328319549560547,EURSEK=X
2021-11-30,EUR,SEK,10.23231029510498,EURSEK=X
2021-12-01,EUR,SEK,10.22620964050293,EURSEK=X
2021-12-02,EUR,SEK,10.281999588012695,EURSEK=X
2021-12-03,EUR,SEK,10.231340408325195,EURSEK=X
2021-12-06,EUR,SEK,10.339599609375,EURSEK=X
2021-12-07,EUR,SEK,10.257100105285645,EURSEK=X
2021-12-08,EUR,SEK,10.260199546813965,EURSEK=X
2021-12-09,EUR,SEK,10.248530387878418,EURSEK=X
2021-12-10,EUR,SEK,10.235830307006836,EURSEK=X
2021-12-13,EUR,SEK,10.243769645690918,EURSEK=X
2021-12-14,EUR,SEK,10.257519721984863,EURSEK=X
2021-12-15,EUR,SEK,10.284199714660645,EURSEK=X
2021-12-16,EUR,SEK,10.25220012664795,EURSEK=X
2021-12-17,EUR,SEK,10.234999656677246,EURSEK=X
2021-12-20,EUR,SEK,10.28693962097168,EURSEK=X
2021-12-21,EUR,SEK,10.311980247497559,EURSEK=X
2021-12-22,EUR,SEK,10.302729606628418,EURSEK=X
2021-12-23,EUR,SEK,10.284549713134766,EURSEK=X
2021-12-24,EUR,SEK,10.279390335083008,EURSEK=X
2021-12-27,EUR,SEK,10.317060470581055,EURSEK=X
2021-12-28,EUR,SEK,10.313830375671387,EURSEK=X
2021-12-29,EUR,SEK,10.234749794006348,EURSEK=X
2021-12-30,EUR,SEK,10.252479553222656,EURSEK=X
2021-12-31,EUR,SEK,10.242959976196289,EURSEK=X
2022-01-03,EUR,SEK,10.285940170288086,EURSEK=X
2022-01-04,EUR,SEK,10.291839599609375,EURSEK=X
2022-01-05,EUR,SEK,10.265999794006348,EURSEK=X
2022-01-06,EUR,SEK,10.306340217590332,EURSEK=X
2022-01-07,EUR,SEK,10.329339981079102,EURSEK=X
2022-01-10,EUR,SEK,10.280969619750977,EURSEK=X
2022-01-11,EUR,SEK,10.290730476379395,EURSEK=X
2022-01-12,EUR,SEK,10.269479751586914,EURSEK=X
2022-01-13,EUR,SEK,10.228699684143066,EURSEK=X
2022-01-14,EUR,SEK,10.231380462646484,EURSEK=X
2022-01-17,EUR,SEK,10.298359870910645,EURSEK=X
2022-01-18,EUR,SEK,10.288140296936035,EURSEK=X
2022-01-19,EUR,SEK,10.334320068359375,EURSEK=X
2022-01-20,EUR,SEK,10.336039543151855,EURSEK=X
2022-01-21,EUR,SEK,10.432600021362305,EURSEK=X
2022-01-24,EUR,SEK,10.426619529724121,EURSEK=X
2022-01-25,EUR,SEK,10.487669944763184,EURSEK=X
2022-01-26,EUR,SEK,10.461959838867188,EURSEK=X
2022-01-27,EUR,SEK,10.458100318908691,EURSEK=X
2022-01-28,EUR,SEK,10.461099624633789,EURSEK=X
2022-01-31,EUR,SEK,10.507340431213379,EURSEK=X
2022-02-01,EUR,SEK,10.477120399475098,EURSEK=X
2022-02-02,EUR,SEK,10.430439949035645,EURSEK=X
2022-02-03,EUR,SEK,10.395380020141602,EURSEK=X
2022-02-04,EUR,SEK,10.402939796447754,EURSEK=X
2022-02-07,EUR,SEK,10.472160339355469,EURSEK=X
2022-02-08,EUR,SEK,10.431790351867676,EURSEK=X
2022-02-09,EUR,SEK,10.43694019317627,EURSEK=X
2022-02-10,EUR,SEK,10.396650314331055,EURSEK=X
2022-02-11,EUR,SEK,10.63129997253418,EURSEK=X
2022-02-14,EUR,SEK,10.571800231933594,EURSEK=X
2022-02-15,EUR,SEK,10.611040115356445,EURSEK=X
2022-02-16,EUR,SEK,10.546799659729004,EURSEK=X
2022-02-17,EUR,SEK,10.541359901428223,EURSEK=X
2022-02-18,EUR,SEK,10.610349655151367,EURSEK=X
2022-02-21,EUR,SEK,10.63817024230957,EURSEK=X
2022-02-22,EUR,SEK,10.679420471191406,EURSEK=X
2022-02-23,EUR,SEK,10.560239791870117,EURSEK=X
2022-02-24,EUR,SEK,10.61178970336914,EURSEK=X
2022-02-25,EUR,SEK,10.628740310668945,EURSEK=X
2022-02-28,EUR,SEK,10.656820297241211,EURSEK=X
2022-03-01,EUR,SEK,10.602899551391602,EURSEK=X
2022-03-02,EUR,SEK,10.701009750366211,EURSEK=X
2022-03-03,EUR,SEK,10.744190216064453,EURSEK=X
2022-03-04,EUR,SEK,10.78145980834961,EURSEK=X
2022-03-07,EUR,SEK,10.788900375366211,EURSEK=X
2022-03-08,EUR,SEK,10.846879959106445,EURSEK=X
2022-03-09,EUR,SEK,10.829899787902832,EURSEK=X
2022-03-10,EUR,SEK,10.71621036529541,EURSEK=X
2022-03-11,EUR,SEK,10.646949768066406,EURSEK=X
2022-03-14,EUR,SEK,10.628089904785156,EURSEK=X
2022-03-15,EUR,SEK,10.521400451660156,EURSEK=X
2022-03-16,EUR,SEK,10.522520065307617,EURSEK=X
2022-03-17,EUR,SEK,10.387550354003906,EURSEK=X
2022-03-18,EUR,SEK,10.4302396774292,EURSEK=X
2022-03-21,EUR,SEK,10.40308952331543,EURSEK=X
2022-03-22,EUR,SEK,10.45853042602539,EURSEK=X
2022-03-23,EUR,SEK,10.411319732666016,EURSEK=X
2022-03-24,EUR,SEK,10.394610404968262,EURSEK=X
2022-03-25,EUR,SEK,10.348600387573242,EURSEK=X
2022-03-28,EUR,SEK,10.337579727172852,EURSEK=X
2022-03-29,EUR,SEK,10.423500061035156,EURSEK=X
2022-03-30,EUR,SEK,10.341360092163086,EURSEK=X
2022-03-31,EUR,SEK,10.324660301208496,EURSEK=X
2022-04-01,EUR,SEK,10.39408016204834,EURSEK=X
2022-04-04,EUR,SEK,10.346799850463867,EURSEK=X
2022-04-05,EUR,SEK,10.339859962463379,EURSEK=X
2022-04-06,EUR,SEK,10.273260116577148,EURSEK=X
2022-04-07,EUR,SEK,10.336810111999512,EURSEK=X
2022-04-08,EUR,SEK,10.280119895935059,EURSEK=X
2022-04-11,EUR,SEK,10.27344036102295,EURSEK=X
2022-04-12,EUR,SEK,10.346599578857422,EURSEK=X
2022-04-13,EUR,SEK,10.302900314331055,EURSEK=X
2022-04-14,EUR,SEK,10.316349983215332,EURSEK=X
2022-04-15,EUR,SEK,10.307869911193848,EURSEK=X
2022-04-18,EUR,SEK,10.344260215759277,EURSEK=X
2022-04-19,EUR,SEK,10.319820404052734,EURSEK=X
2022-04-20,EUR,SEK,10.288269996643066,EURSEK=X
2022-04-21,EUR,SEK,10.247540473937988,EURSEK=X
2022-04-22,EUR,SEK,10.302000045776367,EURSEK=X
2022-04-25,EUR,SEK,10.296099662780762,EURSEK=X
2022-04-26,EUR,SEK,10.389650344848633,EURSEK=X
2022-04-27,EUR,SEK,10.467599868774414,EURSEK=X
2022-04-28,EUR,SEK,10.38640022277832,EURSEK=X
2022-04-29,EUR,SEK,10.376500129699707,EURSEK=X
2022-05-02,EUR,SEK,10.348520278930664,EURSEK=X
2022-05-03,EUR,SEK,10.415360450744629,EURSEK=X
2022-05-04,EUR,SEK,10.36637020111084,EURSEK=X
2022-05-05,EUR,SEK,10.34119987487793,EURSEK=X
2022-05-06,EUR,SEK,10.48451042175293,EURSEK=X
2022-05-09,EUR,SEK,10.501480102539062,EURSEK=X
2022-05-10,EUR,SEK,10.638959884643555,EURSEK=X
2022-05-11,EUR,SEK,10.60634994506836,EURSEK=X
2022-05-12,EUR,SEK,10.593689918518066,EURSEK=X
2022-05-13,EUR,SEK,10.539420127868652,EURSEK=X
2022-05-16,EUR,SEK,10.470199584960938,EURSEK=X
2022-05-17,EUR,SEK,10.494999885559082,EURSEK=X
2022-05-18,EUR,SEK,10.464300155639648,EURSEK=X
2022-05-19,EUR,SEK,10.496609687805176,EURSEK=X
2022-05-20,EUR,SEK,10.498700141906738,EURSEK=X
2022-05-23,EUR,SEK,10.499059677124023,EURSEK=X
2022-05-24,EUR,SEK,10.49586009979248,EURSEK=X
2022-05-25,EUR,SEK,10.470399856567383,EURSEK=X
2022-05-26,EUR,SEK,10.496489524841309,EURSEK=X
2022-05-27,EUR,SEK,10.579730033874512,EURSEK=X
2022-05-30,EUR,SEK,10.538629531860352,EURSEK=X
2022-05-31,EUR,SEK,10.497650146484375,EURSEK=X
2022-06-01,EUR,SEK,10.456780433654785,EURSEK=X
2022-06-02,EUR,SEK,10.462309837341309,EURSEK=X
2022-06-03,EUR,SEK,10.41919994354248,EURSEK=X
2022-06-06,EUR,SEK,10.471619606018066,EURSEK=X
2022-06-07,EUR,SEK,10.472319602966309,EURSEK=X
2022-06-08,EUR,SEK,10.480999946594238,EURSEK=X
2022-06-09,EUR,SEK,10.530550003051758,EURSEK=X
2022-06-10,EUR,SEK,10.516449928283691,EURSEK=X
2022-06-13,EUR,SEK,10.546680450439453,EURSEK=X
2022-06-14,EUR,SEK,10.61443042755127,EURSEK=X
2022-06-15,EUR,SEK,10.622030258178711,EURSEK=X
2022-06-16,EUR,SEK,10.62992000579834,EURSEK=X
2022-06-17,EUR,SEK,10.704970359802246,EURSEK=X
2022-06-20,EUR,SEK,10.679059982299805,EURSEK=X
2022-06-21,EUR,SEK,10.637900352478027,EURSEK=X
2022-06-22,EUR,SEK,10.624719619750977,EURSEK=X
2022-06-23,EUR,SEK,10.648909568786621,EURSEK=X
2022-06-24,EUR,SEK,10.709400177001953,EURSEK=X
2022-06-27,EUR,SEK,10.689120292663574,EURSEK=X
2022-06-28,EUR,SEK,10.646360397338867,EURSEK=X
2022-06-29,EUR,SEK,10.678299903869629,EURSEK=X
2022-06-30,EUR,SEK,10.68960952758789,EURSEK=X
2022-07-01,EUR,SEK,10.720769882202148,EURSEK=X
2022-07-04,EUR,SEK,10.737899780273438,EURSEK=X
2022-07-05,EUR,SEK,10.779500007629395,EURSEK=X
2022-07-06,EUR,SEK,10.786520004272461,EURSEK=X
2022-07-07,EUR,SEK,10.720109939575195,EURSEK=X
2022-07-08,EUR,SEK,10.69219970703125,EURSEK=X
2022-07-11,EUR,SEK,10.710989952087402,EURSEK=X
2022-07-12,EUR,SEK,10.66392993927002,EURSEK=X
2022-07-13,EUR,SEK,10.597689628601074,EURSEK=X
2022-07-14,EUR,SEK,10.620539665222168,EURSEK=X
2022-07-15,EUR,SEK,10.599010467529297,EURSEK=X
2022-07-18,EUR,SEK,10.55739974975586,EURSEK=X
2022-07-19,EUR,SEK,10.543000221252441,EURSEK=X
2022-07-20,EUR,SEK,10.456299781799316,EURSEK=X
2022-07-21,EUR,SEK,10.434820175170898,EURSEK=X
2022-07-22,EUR,SEK,10.419750213623047,EURSEK=X
2022-07-25,EUR,SEK,10.433309555053711,EURSEK=X
2022-07-26,EUR,SEK,10.413800239562988,EURSEK=X
2022-07-27,EUR,SEK,10.4439697265625,EURSEK=X
2022-07-28,EUR,SEK,10.42908000946045,EURSEK=X
2022-07-29,EUR,SEK,10.39957046508789,EURSEK=X
2022-08-01,EUR,SEK,10.359600067138672,EURSEK=X
2022-08-02,EUR,SEK,10.381939888000488,EURSEK=X
2022-08-03,EUR,SEK,10.414190292358398,EURSEK=X
2022-08-04,EUR,SEK,10.378459930419922,EURSEK=X
2022-08-05,EUR,SEK,10.35575008392334,EURSEK=X
2022-08-08,EUR,SEK,10.378689765930176,EURSEK=X
2022-08-09,EUR,SEK,10.318110466003418,EURSEK=X
2022-08-10,EUR,SEK,10.370960235595703,EURSEK=X
2022-08-11,EUR,SEK,10.351900100708008,EURSEK=X
2022-08-12,EUR,SEK,10.362110137939453,EURSEK=X
2022-08-15,EUR,SEK,10.463939666748047,EURSEK=X
2022-08-16,EUR,SEK,10.479040145874023,EURSEK=X
2022-08-17,EUR,SEK,10.508370399475098,EURSEK=X
2022-08-18,EUR,SEK,10.575499534606934,EURSEK=X
2022-08-19,EUR,SEK,10.60120964050293,EURSEK=X
2022-08-22,EUR,SEK,10.631819725036621,EURSEK=X
2022-08-23,EUR,SEK,10.64126968383789,EURSEK=X
2022-08-24,EUR,SEK,10.593939781188965,EURSEK=X
2022-08-25,EUR,SEK,10.567290306091309,EURSEK=X
2022-08-26,EUR,SEK,10.549909591674805,EURSEK=X
2022-08-29,EUR,SEK,10.579480171203613,EURSEK=X
2022-08-30,EUR,SEK,10.662400245666504,EURSEK=X
2022-08-31,EUR,SEK,10.693510055541992,EURSEK=X
2022-09-01,EUR,SEK,10.718299865722656,EURSEK=X
2022-09-02,EUR,SEK,10.735679626464844,EURSEK=X
2022-09-05,EUR,SEK,10.73173999786377,EURSEK=X
2022-09-06,EUR,SEK,10.724360466003418,EURSEK=X
2022-09-07,EUR,SEK,10.690469741821289,EURSEK=X
2022-09-08,EUR,SEK,10.697150230407715,EURSEK=X
2022-09-09,EUR,SEK,10.704890251159668,EURSEK=X
2022-09-12,EUR,SEK,10.654040336608887,EURSEK=X
2022-09-13,EUR,SEK,10.60949993133545,EURSEK=X
2022-09-14,EUR,SEK,10.660699844360352,EURSEK=X
2022-09-15,EUR,SEK,10.672209739685059,EURSEK=X
2022-09-16,EUR,SEK,10.729129791259766,EURSEK=X
2022-09-19,EUR,SEK,10.749799728393555,EURSEK=X
2022-09-20,EUR,SEK,10.79446029663086,EURSEK=X
2022-09-21,EUR,SEK,10.859869956970215,EURSEK=X
2022-09-22,EUR,SEK,10.904800415039062,EURSEK=X
2022-09-23,EUR,SEK,10.886919975280762,EURSEK=X
2022-09-26,EUR,SEK,10.941920280456543,EURSEK=X
2022-09-27,EUR,SEK,10.893630027770996,EURSEK=X
2022-09-28,EUR,SEK,10.901740074157715,EURSEK=X
2022-09-29,EUR,SEK,10.897150039672852,EURSEK=X
2022-09-30,EUR,SEK,10.946610450744629,EURSEK=X
2022-10-03,EUR,SEK,10.869460105895996,EURSEK=X
2022-10-04,EUR,SEK,10.813830375671387,EURSEK=X
2022-10-05,EUR,SEK,10.826899528503418,EURSEK=X
2022-10-06,EUR,SEK,10.824990272521973,EURSEK=X
2022-10-07,EUR,SEK,10.90995979309082,EURSEK=X
2022-10-10,EUR,SEK,10.92803955078125,EURSEK=X
2022-10-11,EUR,SEK,10.965849876403809,EURSEK=X
2022-10-12,EUR,SEK,11.007060050964355,EURSEK=X
2022-10-13,EUR,SEK,10.996740341186523,EURSEK=X
2022-10-14,EUR,SEK,10.987879753112793,EURSEK=X
2022-10-17,EUR,SEK,10.979120254516602,EURSEK=X
2022-10-18,EUR,SEK,10.955300331115723,EURSEK=X
2022-10-19,EUR,SEK,10.924850463867188,EURSEK=X
2022-10-20,EUR,SEK,10.963109970092773,EURSEK=X
2022-10-21,EUR,SEK,11.018540382385254,EURSEK=X
2022-10-24,EUR,SEK,11.031089782714844,EURSEK=X
2022-10-25,EUR,SEK,11.008330345153809,EURSEK=X
2022-10-26,EUR,SEK,10.926650047302246,EURSEK=X
2022-10-27,EUR,SEK,10.93904972076416,EURSEK=X
2022-10-28,EUR,SEK,10.9197998046875,EURSEK=X
2022-10-31,EUR,SEK,10.915730476379395,EURSEK=X
2022-11-01,EUR,SEK,10.887849807739258,EURSEK=X
2022-11-02,EUR,SEK,10.880929946899414,EURSEK=X
2022-11-03,EUR,SEK,10.912249565124512,EURSEK=X
2022-11-04,EUR,SEK,10.903909683227539,EURSEK=X
2022-11-07,EUR,SEK,10.853440284729004,EURSEK=X
2022-11-08,EUR,SEK,10.857789993286133,EURSEK=X
2022-11-09,EUR,SEK,10.833259582519531,EURSEK=X
2022-11-10,EUR,SEK,10.89840030670166,EURSEK=X
2022-11-11,EUR,SEK,10.797450065612793,EURSEK=X
2022-11-14,EUR,SEK,10.735819816589355,EURSEK=X
2022-11-15,EUR,SEK,10.82664966583252,EURSEK=X
2022-11-16,EUR,SEK,10.830639839172363,EURSEK=X
2022-11-17,EUR,SEK,10.890230178833008,EURSEK=X
2022-11-18,EUR,SEK,10.985980033874512,EURSEK=X
2022-11-21,EUR,SEK,10.97527027130127,EURSEK=X
2022-11-22,EUR,SEK,10.966239929199219,EURSEK=X
2022-11-23,EUR,SEK,10.956110000610352,EURSEK=X
2022-11-24,EUR,SEK,10.866189956665039,EURSEK=X
2022-11-25,EUR,SEK,10.819849967956543,EURSEK=X
2022-11-28,EUR,SEK,10.839090347290039,EURSEK=X
2022-11-29,EUR,SEK,10.91038990020752,EURSEK=X
2022-11-30,EUR,SEK,10.936790466308594,EURSEK=X
2022-12-01,EUR,SEK,10.919210433959961,EURSEK=X
2022-12-02,EUR,SEK,10.838339805603027,EURSEK=X
2022-12-05,EUR,SEK,10.875229835510254,EURSEK=X
2022-12-06,EUR,SEK,10.923399925231934,EURSEK=X
2022-12-07,EUR,SEK,10.893400192260742,EURSEK=X
2022-12-08,EUR,SEK,10.905710220336914,EURSEK=X
2022-12-09,EUR,SEK,10.898030281066895,EURSEK=X
2022-12-12,EUR,SEK,10.841699600219727,EURSEK=X
2022-12-13,EUR,SEK,10.882100105285645,EURSEK=X
2022-12-14,EUR,SEK,10.852230072021484,EURSEK=X
2022-12-15,EUR,SEK,10.850460052490234,EURSEK=X
2022-12-16,EUR,SEK,11.000100135803223,EURSEK=X
2022-12-19,EUR,SEK,11.015899658203125,EURSEK=X
2022-12-20,EUR,SEK,11.007659912109375,EURSEK=X
2022-12-21,EUR,SEK,11.043109893798828,EURSEK=X
2022-12-22,EUR,SEK,11.047619819641113,EURSEK=X
2022-12-23,EUR,SEK,11.089119911193848,EURSEK=X
2022-12-26,EUR,SEK,11.155559539794922,EURSEK=X
2022-12-27,EUR,SEK,11.155739784240723,EURSEK=X
2022-12-28,EUR,SEK,11.134090423583984,EURSEK=X
2022-12-29,EUR,SEK,11.116669654846191,EURSEK=X
2022-12-30,EUR,SEK,11.142149925231934,EURSEK=X
2023-01-02,EUR,SEK,11.12887954711914,EURSEK=X
2023-01-03,EUR,SEK,11.1310396194458,EURSEK=X
2023-01-04,EUR,SEK,11.144800186157227,EURSEK=X
2023-01-05,EUR,SEK,11.138110160827637,EURSEK=X
2023-01-06,EUR,SEK,11.22406005859375,EURSEK=X
2023-01-09,EUR,SEK,11.205100059509277,EURSEK=X
2023-01-10,EUR,SEK,11.159899711608887,EURSEK=X
2023-01-11,EUR,SEK,11.18198013305664,EURSEK=X
2023-01-12,EUR,SEK,11.258899688720703,EURSEK=X
2023-01-13,EUR,SEK,11.298439979553223,EURSEK=X
2023-01-16,EUR,SEK,11.263299942016602,EURSEK=X
2023-01-17,EUR,SEK,11.254779815673828,EURSEK=X
2023-01-18,EUR,SEK,11.245280265808105,EURSEK=X
2023-01-19,EUR,SEK,11.148130416870117,EURSEK=X
2023-01-20,EUR,SEK,11.166899681091309,EURSEK=X
2023-01-23,EUR,SEK,11.173800468444824,EURSEK=X
2023-01-24,EUR,SEK,11.12444019317627,EURSEK=X
2023-01-25,EUR,SEK,11.100179672241211,EURSEK=X
2023-01-26,EUR,SEK,11.130029678344727,EURSEK=X
2023-01-27,EUR,SEK,11.165340423583984,EURSEK=X
2023-01-30,EUR,SEK,11.199299812316895,EURSEK=X
2023-01-31,EUR,SEK,11.277409553527832,EURSEK=X
2023-02-01,EUR,SEK,11.312740325927734,EURSEK=X
2023-02-02,EUR,SEK,11.340880393981934,EURSEK=X
2023-02-03,EUR,SEK,11.315230369567871,EURSEK=X
2023-02-06,EUR,SEK,11.345669746398926,EURSEK=X
2023-02-07,EUR,SEK,11.383589744567871,EURSEK=X
2023-02-08,EUR,SEK,11.339619636535645,EURSEK=X
2023-02-09,EUR,SEK,11.337329864501953,EURSEK=X
2023-02-10,EUR,SEK,11.104399681091309,EURSEK=X
2023-02-13,EUR,SEK,11.157899856567383,EURSEK=X
2023-02-14,EUR,SEK,11.108869552612305,EURSEK=X
2023-02-15,EUR,SEK,11.115349769592285,EURSEK=X
2023-02-16,EUR,SEK,11.134699821472168,EURSEK=X
2023-02-17,EUR,SEK,11.133170127868652,EURSEK=X
2023-02-20,EUR,SEK,11.174530029296875,EURSEK=X
2023-02-21,EUR,SEK,11.04977035522461,EURSEK=X
2023-02-22,EUR,SEK,11.041170120239258,EURSEK=X
2023-02-23,EUR,SEK,11.043060302734375,EURSEK=X
2023-02-24,EUR,SEK,11.050339698791504,EURSEK=X
2023-02-27,EUR,SEK,11.062600135803223,EURSEK=X
2023-02-28,EUR,SEK,11.016500473022461,EURSEK=X
2023-03-01,EUR,SEK,11.070579528808594,EURSEK=X
2023-03-02,EUR,SEK,11.128199577331543,EURSEK=X
2023-03-03,EUR,SEK,11.131669998168945,EURSEK=X
2023-03-06,EUR,SEK,11.133509635925293,EURSEK=X
2023-03-07,EUR,SEK,11.159700393676758,EURSEK=X
2023-03-08,EUR,SEK,11.314740180969238,EURSEK=X
2023-03-09,EUR,SEK,11.31039047241211,EURSEK=X
2023-03-10,EUR,SEK,11.352689743041992,EURSEK=X
2023-03-13,EUR,SEK,11.37405014038086,EURSEK=X
2023-03-14,EUR,SEK,11.36046028137207,EURSEK=X
2023-03-15,EUR,SEK,11.235799789428711,EURSEK=X
2023-03-16,EUR,SEK,11.21677017211914,EURSEK=X
2023-03-17,EUR,SEK,11.146759986877441,EURSEK=X
2023-03-20,EUR,SEK,11.163900375366211,EURSEK=X
2023-03-21,EUR,SEK,11.110679626464844,EURSEK=X
2023-03-22,EUR,SEK,11.133899688720703,EURSEK=X
2023-03-23,EUR,SEK,11.189789772033691,EURSEK=X
2023-03-24,EUR,SEK,11.17803955078125,EURSEK=X
2023-03-27,EUR,SEK,11.211750030517578,EURSEK=X
2023-03-28,EUR,SEK,11.202019691467285,EURSEK=X
2023-03-29,EUR,SEK,11.2012300491333,EURSEK=X
2023-03-30,EUR,SEK,11.272299766540527,EURSEK=X
2023-03-31,EUR,SEK,11.292349815368652,EURSEK=X
2023-04-03,EUR,SEK,11.259779930114746,EURSEK=X
2023-04-04,EUR,SEK,11.302220344543457,EURSEK=X
2023-04-05,EUR,SEK,11.253199577331543,EURSEK=X
2023-04-06,EUR,SEK,11.347960472106934,EURSEK=X
2023-04-07,EUR,SEK,11.378510475158691,EURSEK=X
2023-04-10,EUR,SEK,11.420249938964844,EURSEK=X
2023-04-11,EUR,SEK,11.420599937438965,EURSEK=X
2023-04-12,EUR,SEK,11.400580406188965,EURSEK=X
2023-04-13,EUR,SEK,11.357529640197754,EURSEK=X
2023-04-14,EUR,SEK,11.340840339660645,EURSEK=X
2023-04-17,EUR,SEK,11.349360466003418,EURSEK=X
2023-04-18,EUR,SEK,11.307089805603027,EURSEK=X
2023-04-19,EUR,SEK,11.308879852294922,EURSEK=X
2023-04-20,EUR,SEK,11.338640213012695,EURSEK=X
2023-04-21,EUR,SEK,11.303790092468262,EURSEK=X
2023-04-24,EUR,SEK,11.322600364685059,EURSEK=X
2023-04-25,EUR,SEK,11.319899559020996,EURSEK=X
2023-04-26,EUR,SEK,11.310709953308105,EURSEK=X
2023-04-27,EUR,SEK,11.394630432128906,EURSEK=X
2023-04-28,EUR,SEK,11.347479820251465,EURSEK=X
2023-05-01,EUR,SEK,11.295319557189941,EURSEK=X
2023-05-02,EUR,SEK,11.332650184631348,EURSEK=X
2023-05-03,EUR,SEK,11.343589782714844,EURSEK=X
2023-05-04,EUR,SEK,11.349559783935547,EURSEK=X
2023-05-05,EUR,SEK,11.25846004486084,EURSEK=X
2023-05-08,EUR,SEK,11.207099914550781,EURSEK=X
2023-05-09,EUR,SEK,11.183199882507324,EURSEK=X
2023-05-10,EUR,SEK,11.170700073242188,EURSEK=X
2023-05-11,EUR,SEK,11.221199989318848,EURSEK=X
2023-05-12,EUR,SEK,11.252799987792969,EURSEK=X
2023-05-15,EUR,SEK,11.270560264587402,EURSEK=X
2023-05-16,EUR,SEK,11.248769760131836,EURSEK=X
2023-05-17,EUR,SEK,11.308699607849121,EURSEK=X
2023-05-18,EUR,SEK,11.323929786682129,EURSEK=X
2023-05-19,EUR,SEK,11.380510330200195,EURSEK=X
2023-05-22,EUR,SEK,11.367919921875,EURSEK=X
2023-05-23,EUR,SEK,11.417130470275879,EURSEK=X
2023-05-24,EUR,SEK,11.43770980834961,EURSEK=X
2023-05-25,EUR,SEK,11.520099639892578,EURSEK=X
2023-05-26,EUR,SEK,11.605500221252441,EURSEK=X
2023-05-29,EUR,SEK,11.57919979095459,EURSEK=X
2023-05-30,EUR,SEK,11.591099739074707,EURSEK=X
2023-05-31,EUR,SEK,11.655799865722656,EURSEK=X
2023-06-01,EUR,SEK,11.589099884033203,EURSEK=X
2023-06-02,EUR,SEK,11.626399993896484,EURSEK=X
2023-06-05,EUR,SEK,11.567299842834473,EURSEK=X
2023-06-06,EUR,SEK,11.6220703125,EURSEK=X
2023-06-07,EUR,SEK,11.675250053405762,EURSEK=X
2023-06-08,EUR,SEK,11.65880012512207,EURSEK=X
2023-06-09,EUR,SEK,11.646200180053711,EURSEK=X
2023-06-12,EUR,SEK,11.633529663085938,EURSEK=X
2023-06-13,EUR,SEK,11.640060424804688,EURSEK=X
2023-06-14,EUR,SEK,11.527310371398926,EURSEK=X
2023-06-15,EUR,SEK,11.58215045928955,EURSEK=X
2023-06-16,EUR,SEK,11.603879928588867,EURSEK=X
2023-06-19,EUR,SEK,11.643500328063965,EURSEK=X
2023-06-20,EUR,SEK,11.727290153503418,EURSEK=X
2023-06-21,EUR,SEK,11.777230262756348,EURSEK=X
2023-06-22,EUR,SEK,11.698100090026855,EURSEK=X
2023-06-23,EUR,SEK,11.698360443115234,EURSEK=X
2023-06-26,EUR,SEK,11.69202995300293,EURSEK=X
2023-06-27,EUR,SEK,11.699399948120117,EURSEK=X
2023-06-28,EUR,SEK,11.75197982788086,EURSEK=X
2023-06-29,EUR,SEK,11.76159954071045,EURSEK=X
2023-06-30,EUR,SEK,11.803199768066406,EURSEK=X
2023-07-03,EUR,SEK,11.765899658203125,EURSEK=X
2023-07-04,EUR,SEK,11.832030296325684,EURSEK=X
2023-07-05,EUR,SEK,11.769499778747559,EURSEK=X
2023-07-06,EUR,SEK,11.885199546813965,EURSEK=X
2023-07-07,EUR,SEK,11.90149974822998,EURSEK=X
2023-07-10,EUR,SEK,11.880260467529297,EURSEK=X
2023-07-11,EUR,SEK,11.831239700317383,EURSEK=X
2023-07-12,EUR,SEK,11.735899925231934,EURSEK=X
2023-07-13,EUR,SEK,11.54677963256836,EURSEK=X
2023-07-14,EUR,SEK,11.450519561767578,EURSEK=X
2023-07-17,EUR,SEK,11.49133014678955,EURSEK=X
2023-07-18,EUR,SEK,11.511469841003418,EURSEK=X
2023-07-19,EUR,SEK,11.460009574890137,EURSEK=X
2023-07-20,EUR,SEK,11.508319854736328,EURSEK=X
2023-07-21,EUR,SEK,11.51807975769043,EURSEK=X
2023-07-24,EUR,SEK,11.592000007629395,EURSEK=X
2023-07-25,EUR,SEK,11.51453971862793,EURSEK=X
2023-07-26,EUR,SEK,11.461709976196289,EURSEK=X
2023-07-27,EUR,SEK,11.523530006408691,EURSEK=X
2023-07-28,EUR,SEK,11.537050247192383,EURSEK=X
2023-07-31,EUR,SEK,11.608799934387207,EURSEK=X
2023-08-01,EUR,SEK,11.563220024108887,EURSEK=X
2023-08-02,EUR,SEK,11.634050369262695,EURSEK=X
2023-08-03,EUR,SEK,11.715909957885742,EURSEK=X
2023-08-04,EUR,SEK,11.677729606628418,EURSEK=X
2023-08-07,EUR,SEK,11.65250015258789,EURSEK=X
2023-08-08,EUR,SEK,11.651700019836426,EURSEK=X
2023-08-09,EUR,SEK,11.745499610900879,EURSEK=X
2023-08-10,EUR,SEK,11.706700325012207,EURSEK=X
2023-08-11,EUR,SEK,11.753040313720703,EURSEK=X
2023-08-14,EUR,SEK,11.851079940795898,EURSEK=X
2023-08-15,EUR,SEK,11.779669761657715,EURSEK=X
2023-08-16,EUR,SEK,11.84235954284668,EURSEK=X
2023-08-17,EUR,SEK,11.876179695129395,EURSEK=X
2023-08-18,EUR,SEK,11.886540412902832,EURSEK=X
2023-08-21,EUR,SEK,11.925569534301758,EURSEK=X
2023-08-22,EUR,SEK,11.932519912719727,EURSEK=X
2023-08-23,EUR,SEK,11.85200023651123,EURSEK=X
2023-08-24,EUR,SEK,11.854499816894531,EURSEK=X
2023-08-25,EUR,SEK,11.885000228881836,EURSEK=X
2023-08-28,EUR,SEK,11.925620079040527,EURSEK=X
2023-08-29,EUR,SEK,11.871620178222656,EURSEK=X
2023-08-30,EUR,SEK,11.820799827575684,EURSEK=X
2023-08-31,EUR,SEK,11.840849876403809,EURSEK=X
2023-09-01,EUR,SEK,11.871769905090332,EURSEK=X
2023-09-04,EUR,SEK,11.89109992980957,EURSEK=X
2023-09-05,EUR,SEK,11.871760368347168,EURSEK=X
2023-09-06,EUR,SEK,11.89795970916748,EURSEK=X
2023-09-07,EUR,SEK,11.914520263671875,EURSEK=X
2023-09-08,EUR,SEK,11.915610313415527,EURSEK=X
2023-09-11,EUR,SEK,11.878239631652832,EURSEK=X
2023-09-12,EUR,SEK,11.915369987487793,EURSEK=X
2023-09-13,EUR,SEK,11.933050155639648,EURSEK=X
2023-09-14,EUR,SEK,11.943280220031738,EURSEK=X
2023-09-15,EUR,SEK,11.89840030670166,EURSEK=X
2023-09-18,EUR,SEK,11.903790473937988,EURSEK=X
2023-09-19,EUR,SEK,11.914380073547363,EURSEK=X
2023-09-20,EUR,SEK,11.915289878845215,EURSEK=X
2023-09-21,EUR,SEK,11.876370429992676,EURSEK=X
2023-09-22,EUR,SEK,11.908089637756348,EURSEK=X
2023-09-25,EUR,SEK,11.840299606323242,EURSEK=X
2023-09-26,EUR,SEK,11.717630386352539,EURSEK=X
2023-09-27,EUR,SEK,11.629340171813965,EURSEK=X
2023-09-28,EUR,SEK,11.618780136108398,EURSEK=X
2023-09-29,EUR,SEK,11.536760330200195,EURSEK=X
2023-10-02,EUR,SEK,11.539640426635742,EURSEK=X
2023-10-03,EUR,SEK,11.582759857177734,EURSEK=X
2023-10-04,EUR,SEK,11.594590187072754,EURSEK=X
2023-10-05,EUR,SEK,11.613459587097168,EURSEK=X
2023-10-06,EUR,SEK,11.6148099899292,EURSEK=X
2023-10-09,EUR,SEK,11.596150398254395,EURSEK=X
2023-10-10,EUR,SEK,11.581609725952148,EURSEK=X
2023-10-11,EUR,SEK,11.525320053100586,EURSEK=X
2023-10-12,EUR,SEK,11.580599784851074,EURSEK=X
2023-10-13,EUR,SEK,11.570779800415039,EURSEK=X
2023-10-16,EUR,SEK,11.582320213317871,EURSEK=X
2023-10-17,EUR,SEK,11.525400161743164,EURSEK=X
2023-10-18,EUR,SEK,11.537349700927734,EURSEK=X
2023-10-19,EUR,SEK,11.614800453186035,EURSEK=X
2023-10-20,EUR,SEK,11.590720176696777,EURSEK=X
2023-10-23,EUR,SEK,11.624340057373047,EURSEK=X
2023-10-24,EUR,SEK,11.707260131835938,EURSEK=X
2023-10-25,EUR,SEK,11.782360076904297,EURSEK=X
2023-10-26,EUR,SEK,11.775360107421875,EURSEK=X
2023-10-27,EUR,SEK,11.768630027770996,EURSEK=X
2023-10-30,EUR,SEK,11.783289909362793,EURSEK=X
2023-10-31,EUR,SEK,11.826740264892578,EURSEK=X
2023-11-01,EUR,SEK,11.818920135498047,EURSEK=X
2023-11-02,EUR,SEK,11.815779685974121,EURSEK=X
2023-11-03,EUR,SEK,11.798529624938965,EURSEK=X
2023-11-06,EUR,SEK,11.674200057983398,EURSEK=X
2023-11-07,EUR,SEK,11.699769973754883,EURSEK=X
2023-11-08,EUR,SEK,11.67786979675293,EURSEK=X
2023-11-09,EUR,SEK,11.660099983215332,EURSEK=X
2023-11-10,EUR,SEK,11.649629592895508,EURSEK=X
2023-11-13,EUR,SEK,11.630929946899414,EURSEK=X
2023-11-14,EUR,SEK,11.5770902633667,EURSEK=X
2023-11-15,EUR,SEK,11.51630973815918,EURSEK=X
2023-11-16,EUR,SEK,11.434220314025879,EURSEK=X
2023-11-17,EUR,SEK,11.484040260314941,EURSEK=X
2023-11-20,EUR,SEK,11.451000213623047,EURSEK=X
2023-11-21,EUR,SEK,11.422940254211426,EURSEK=X
2023-11-22,EUR,SEK,11.40824031829834,EURSEK=X
2023-11-23,EUR,SEK,11.405440330505371,EURSEK=X
2023-11-24,EUR,SEK,11.432250022888184,EURSEK=X
2023-11-27,EUR,SEK,11.435919761657715,EURSEK=X
2023-11-28,EUR,SEK,11.414690017700195,EURSEK=X
2023-11-29,EUR,SEK,11.344050407409668,EURSEK=X
2023-11-30,EUR,SEK,11.355210304260254,EURSEK=X
2023-12-01,EUR,SEK,11.425800323486328,EURSEK=X
2023-12-04,EUR,SEK,11.28400993347168,EURSEK=X
2023-12-05,EUR,SEK,11.298749923706055,EURSEK=X
2023-12-06,EUR,SEK,11.309700012207031,EURSEK=X
2023-12-07,EUR,SEK,11.271989822387695,EURSEK=X
2023-12-08,EUR,SEK,11.200380325317383,EURSEK=X
2023-12-11,EUR,SEK,11.260430335998535,EURSEK=X
2023-12-12,EUR,SEK,11.285699844360352,EURSEK=X
2023-12-13,EUR,SEK,11.259770393371582,EURSEK=X
2023-12-14,EUR,SEK,11.214059829711914,EURSEK=X
2023-12-15,EUR,SEK,11.256580352783203,EURSEK=X
2023-12-18,EUR,SEK,11.182979583740234,EURSEK=X
2023-12-19,EUR,SEK,11.156270027160645,EURSEK=X
2023-12-20,EUR,SEK,11.151689529418945,EURSEK=X
2023-12-21,EUR,SEK,11.11598014831543,EURSEK=X
2023-12-22,EUR,SEK,11.099120140075684,EURSEK=X
2023-12-25,EUR,SEK,11.004369735717773,EURSEK=X
2023-12-26,EUR,SEK,10.997260093688965,EURSEK=X
2023-12-27,EUR,SEK,11.020660400390625,EURSEK=X
2023-12-28,EUR,SEK,11.037639617919922,EURSEK=X
2023-12-29,EUR,SEK,11.03026008605957,EURSEK=X
2024-01-01,EUR,SEK,11.126799583435059,EURSEK=X
2024-01-02,EUR,SEK,11.095430374145508,EURSEK=X
2024-01-03,EUR,SEK,11.165639877319336,EURSEK=X
2024-01-04,EUR,SEK,11.230039596557617,EURSEK=X
2024-01-05,EUR,SEK,11.173569679260254,EURSEK=X
2024-01-08,EUR,SEK,11.224869728088379,EURSEK=X
2024-01-09,EUR,SEK,11.197859764099121,EURSEK=X
2024-01-10,EUR,SEK,11.201339721679688,EURSEK=X
2024-01-11,EUR,SEK,11.209810256958008,EURSEK=X
2024-01-12,EUR,SEK,11.251059532165527,EURSEK=X
2024-01-15,EUR,SEK,11.246129989624023,EURSEK=X
2024-01-16,EUR,SEK,11.296159744262695,EURSEK=X
2024-01-17,EUR,SEK,11.345999717712402,EURSEK=X
2024-01-18,EUR,SEK,11.36439037322998,EURSEK=X
2024-01-19,EUR,SEK,11.400259971618652,EURSEK=X
2024-01-22,EUR,SEK,11.387430191040039,EURSEK=X
2024-01-23,EUR,SEK,11.382909774780273,EURSEK=X
2024-01-24,EUR,SEK,11.37240982055664,EURSEK=X
2024-01-25,EUR,SEK,11.35359001159668,EURSEK=X
2024-01-26,EUR,SEK,11.318909645080566,EURSEK=X
2024-01-29,EUR,SEK,11.342350006103516,EURSEK=X
2024-01-30,EUR,SEK,11.31033992767334,EURSEK=X
2024-01-31,EUR,SEK,11.286100387573242,EURSEK=X
2024-02-01,EUR,SEK,11.232500076293945,EURSEK=X
2024-02-02,EUR,SEK,11.281959533691406,EURSEK=X
2024-02-05,EUR,SEK,11.325469970703125,EURSEK=X
2024-02-06,EUR,SEK,11.388319969177246,EURSEK=X
2024-02-07,EUR,SEK,11.29345989227295,EURSEK=X
2024-02-08,EUR,SEK,11.284259796142578,EURSEK=X
2024-02-09,EUR,SEK,11.282649993896484,EURSEK=X
2024-02-12,EUR,SEK,11.27577018737793,EURSEK=X
2024-02-13,EUR,SEK,11.201640129089355,EURSEK=X
2024-02-14,EUR,SEK,11.329070091247559,EURSEK=X
2024-02-15,EUR,SEK,11.274259567260742,EURSEK=X
2024-02-16,EUR,SEK,11.256460189819336,EURSEK=X
2024-02-19,EUR,SEK,11.234199523925781,EURSEK=X
2024-02-20,EUR,SEK,11.193790435791016,EURSEK=X
2024-02-21,EUR,SEK,11.192689895629883,EURSEK=X
2024-02-22,EUR,SEK,11.20592975616455,EURSEK=X
2024-02-23,EUR,SEK,11.167420387268066,EURSEK=X
2024-02-26,EUR,SEK,11.161890029907227,EURSEK=X
2024-02-27,EUR,SEK,11.152130126953125,EURSEK=X
2024-02-28,EUR,SEK,11.17078971862793,EURSEK=X
2024-02-29,EUR,SEK,11.18082046508789,EURSEK=X
2024-03-01,EUR,SEK,11.202460289001465,EURSEK=X
2024-03-04,EUR,SEK,11.174200057983398,EURSEK=X
2024-03-05,EUR,SEK,11.2493896484375,EURSEK=X
2024-03-06,EUR,SEK,11.26807975769043,EURSEK=X
2024-03-07,EUR,SEK,11.209959983825684,EURSEK=X
2024-03-08,EUR,SEK,11.188209533691406,EURSEK=X
2024-03-11,EUR,SEK,11.171629905700684,EURSEK=X
2024-03-12,EUR,SEK,11.186790466308594,EURSEK=X
2024-03-13,EUR,SEK,11.180139541625977,EURSEK=X
2024-03-14,EUR,SEK,11.186690330505371,EURSEK=X
2024-03-15,EUR,SEK,11.259380340576172,EURSEK=X
2024-03-18,EUR,SEK,11.276599884033203,EURSEK=X
2024-03-19,EUR,SEK,11.327500343322754,EURSEK=X
2024-03-20,EUR,SEK,11.330400466918945,EURSEK=X
2024-03-21,EUR,SEK,11.331279754638672,EURSEK=X
2024-03-22,EUR,SEK,11.364359855651855,EURSEK=X
2024-03-25,EUR,SEK,11.415610313415527,EURSEK=X
2024-03-26,EUR,SEK,11.458439826965332,EURSEK=X
2024-03-27,EUR,SEK,11.464590072631836,EURSEK=X
2024-03-28,EUR,SEK,11.50275993347168,EURSEK=X
2024-03-29,EUR,SEK,11.542900085449219,EURSEK=X
2024-04-01,EUR,SEK,11.523480415344238,EURSEK=X
2024-04-02,EUR,SEK,11.59570026397705,EURSEK=X
2024-04-03,EUR,SEK,11.563420295715332,EURSEK=X
2024-04-04,EUR,SEK,11.527290344238281,EURSEK=X
2024-04-05,EUR,SEK,11.536299705505371,EURSEK=X
2024-04-08,EUR,SEK,11.532730102539062,EURSEK=X
2024-04-09,EUR,SEK,11.465579986572266,EURSEK=X
2024-04-10,EUR,SEK,11.448800086975098,EURSEK=X
2024-04-11,EUR,SEK,11.51791000366211,EURSEK=X
2024-04-12,EUR,SEK,11.501399993896484,EURSEK=X
2024-04-15,EUR,SEK,11.561820030212402,EURSEK=X
2024-04-16,EUR,SEK,11.561260223388672,EURSEK=X
2024-04-17,EUR,SEK,11.612680435180664,EURSEK=X
2024-04-18,EUR,SEK,11.672410011291504,EURSEK=X
2024-04-19,EUR,SEK,11.678099632263184,EURSEK=X
2024-04-22,EUR,SEK,11.643070220947266,EURSEK=X
2024-04-23,EUR,SEK,11.593079566955566,EURSEK=X
2024-04-24,EUR,SEK,11.567449569702148,EURSEK=X
2024-04-25,EUR,SEK,11.639699935913086,EURSEK=X
2024-04-26,EUR,SEK,11.672829627990723,EURSEK=X
2024-04-29,EUR,SEK,11.695520401000977,EURSEK=X
2024-04-30,EUR,SEK,11.714110374450684,EURSEK=X
2024-05-01,EUR,SEK,11.751350402832031,EURSEK=X
2024-05-02,EUR,SEK,11.69182014465332,EURSEK=X
2024-05-03,EUR,SEK,11.650679588317871,EURSEK=X
2024-05-06,EUR,SEK,11.638460159301758,EURSEK=X
2024-05-07,EUR,SEK,11.638509750366211,EURSEK=X
2024-05-08,EUR,SEK,11.68120002746582,EURSEK=X
2024-05-09,EUR,SEK,11.721500396728516,EURSEK=X
2024-05-10,EUR,SEK,11.6875,EURSEK=X
2024-05-13,EUR,SEK,11.68004035949707,EURSEK=X
2024-05-14,EUR,SEK,11.694709777832031,EURSEK=X
2024-05-15,EUR,SEK,11.672320365905762,EURSEK=X
2024-05-16,EUR,SEK,11.595979690551758,EURSEK=X
2024-05-17,EUR,SEK,11.64076042175293,EURSEK=X
2024-05-20,EUR,SEK,11.632769584655762,EURSEK=X
2024-05-21,EUR,SEK,11.595100402832031,EURSEK=X
2024-05-22,EUR,SEK,11.605310440063477,EURSEK=X
2024-05-23,EUR,SEK,11.620590209960938,EURSEK=X
2024-05-24,EUR,SEK,11.608559608459473,EURSEK=X
2024-05-27,EUR,SEK,11.564539909362793,EURSEK=X
2024-05-28,EUR,SEK,11.522290229797363,EURSEK=X
2024-05-29,EUR,SEK,11.478489875793457,EURSEK=X
2024-05-30,EUR,SEK,11.529419898986816,EURSEK=X
2024-05-31,EUR,SEK,11.467029571533203,EURSEK=X
2024-06-03,EUR,SEK,11.398599624633789,EURSEK=X
2024-06-04,EUR,SEK,11.349920272827148,EURSEK=X
2024-06-05,EUR,SEK,11.338640213012695,EURSEK=X
2024-06-06,EUR,SEK,11.295450210571289,EURSEK=X
2024-06-07,EUR,SEK,11.312419891357422,EURSEK=X
2024-06-10,EUR,SEK,11.372730255126953,EURSEK=X
2024-06-11,EUR,SEK,11.276339530944824,EURSEK=X
2024-06-12,EUR,SEK,11.258099555969238,EURSEK=X
2024-06-13,EUR,SEK,11.222900390625,EURSEK=X
2024-06-14,EUR,SEK,11.251879692077637,EURSEK=X
2024-06-17,EUR,SEK,11.239999771118164,EURSEK=X
2024-06-18,EUR,SEK,11.242300033569336,EURSEK=X
2024-06-19,EUR,SEK,11.20829963684082,EURSEK=X
2024-06-20,EUR,SEK,11.217900276184082,EURSEK=X
2024-06-21,EUR,SEK,11.235210418701172,EURSEK=X
2024-06-24,EUR,SEK,11.235159873962402,EURSEK=X
2024-06-25,EUR,SEK,11.239789962768555,EURSEK=X
2024-06-26,EUR,SEK,11.255069732666016,EURSEK=X
2024-06-27,EUR,SEK,11.295499801635742,EURSEK=X
2024-06-28,EUR,SEK,11.375089645385742,EURSEK=X
2024-07-01,EUR,SEK,11.342599868774414,EURSEK=X
2024-07-02,EUR,SEK,11.39663028717041,EURSEK=X
2024-07-03,EUR,SEK,11.36299991607666,EURSEK=X
2024-07-04,EUR,SEK,11.310409545898438,EURSEK=X
2024-07-05,EUR,SEK,11.352100372314453,EURSEK=X
2024-07-08,EUR,SEK,11.39050006866455,EURSEK=X
2024-07-09,EUR,SEK,11.460909843444824,EURSEK=X
2024-07-10,EUR,SEK,11.407919883728027,EURSEK=X
2024-07-11,EUR,SEK,11.42080020904541,EURSEK=X
2024-07-12,EUR,SEK,11.411580085754395,EURSEK=X
2024-07-15,EUR,SEK,11.493499755859375,EURSEK=X
2024-07-16,EUR,SEK,11.552729606628418,EURSEK=X
2024-07-17,EUR,SEK,11.537139892578125,EURSEK=X
2024-07-18,EUR,SEK,11.537050247192383,EURSEK=X
2024-07-19,EUR,SEK,11.545599937438965,EURSEK=X
2024-07-22,EUR,SEK,11.603500366210938,EURSEK=X
2024-07-23,EUR,SEK,11.676529884338379,EURSEK=X
2024-07-24,EUR,SEK,11.68097972869873,EURSEK=X
2024-07-25,EUR,SEK,11.67883014678955,EURSEK=X
2024-07-26,EUR,SEK,11.744939804077148,EURSEK=X
2024-07-29,EUR,SEK,11.738109588623047,EURSEK=X
2024-07-30,EUR,SEK,11.714110374450684,EURSEK=X
2024-07-31,EUR,SEK,11.641960144042969,EURSEK=X
2024-08-01,EUR,SEK,11.580419540405273,EURSEK=X
2024-08-02,EUR,SEK,11.570599555969238,EURSEK=X
2024-08-05,EUR,SEK,11.515600204467773,EURSEK=X
2024-08-06,EUR,SEK,11.53538990020752,EURSEK=X
2024-08-07,EUR,SEK,11.511190414428711,EURSEK=X
2024-08-08,EUR,SEK,11.442919731140137,EURSEK=X
2024-08-09,EUR,SEK,11.47284984588623,EURSEK=X
2024-08-12,EUR,SEK,11.476659774780273,EURSEK=X
2024-08-13,EUR,SEK,11.505720138549805,EURSEK=X
2024-08-14,EUR,SEK,11.502050399780273,EURSEK=X
2024-08-15,EUR,SEK,11.526020050048828,EURSEK=X
2024-08-16,EUR,SEK,11.565360069274902,EURSEK=X
2024-08-19,EUR,SEK,11.504260063171387,EURSEK=X
2024-08-20,EUR,SEK,11.426019668579102,EURSEK=X
2024-08-21,EUR,SEK,11.351180076599121,EURSEK=X
2024-08-22,EUR,SEK,11.348360061645508,EURSEK=X
2024-08-23,EUR,SEK,11.377730369567871,EURSEK=X
2024-08-26,EUR,SEK,11.411100387573242,EURSEK=X
2024-08-27,EUR,SEK,11.400629997253418,EURSEK=X
2024-08-28,EUR,SEK,11.345589637756348,EURSEK=X
2024-08-29,EUR,SEK,11.342249870300293,EURSEK=X
2024-08-30,EUR,SEK,11.32229995727539,EURSEK=X
2024-09-02,EUR,SEK,11.343099594116211,EURSEK=X
2024-09-03,EUR,SEK,11.34179973602295,EURSEK=X
2024-09-04,EUR,SEK,11.374979972839355,EURSEK=X
2024-09-05,EUR,SEK,11.382109642028809,EURSEK=X
2024-09-06,EUR,SEK,11.387410163879395,EURSEK=X
2024-09-09,EUR,SEK,11.417169570922852,EURSEK=X
2024-09-10,EUR,SEK,11.448189735412598,EURSEK=X
2024-09-11,EUR,SEK,11.402480125427246,EURSEK=X
2024-09-12,EUR,SEK,11.437899589538574,EURSEK=X
2024-09-13,EUR,SEK,11.386249542236328,EURSEK=X
2024-09-16,EUR,SEK,11.321069717407227,EURSEK=X
2024-09-17,EUR,SEK,11.326800346374512,EURSEK=X
2024-09-18,EUR,SEK,11.31941032409668,EURSEK=X
2024-09-19,EUR,SEK,11.343799591064453,EURSEK=X
2024-09-20,EUR,SEK,11.327360153198242,EURSEK=X
2024-09-23,EUR,SEK,11.343390464782715,EURSEK=X
2024-09-24,EUR,SEK,11.323160171508789,EURSEK=X
2024-09-25,EUR,SEK,11.279000282287598,EURSEK=X
2024-09-26,EUR,SEK,11.33195972442627,EURSEK=X
2024-09-27,EUR,SEK,11.308469772338867,EURSEK=X
2024-09-30,EUR,SEK,11.261199951171875,EURSEK=X
2024-10-01,EUR,SEK,11.305150032043457,EURSEK=X
2024-10-02,EUR,SEK,11.364740371704102,EURSEK=X
2024-10-03,EUR,SEK,11.33510971069336,EURSEK=X
2024-10-04,EUR,SEK,11.365320205688477,EURSEK=X
2024-10-07,EUR,SEK,11.379910469055176,EURSEK=X
2024-10-08,EUR,SEK,11.361100196838379,EURSEK=X
2024-10-09,EUR,SEK,11.333279609680176,EURSEK=X
2024-10-10,EUR,SEK,11.369810104370117,EURSEK=X
2024-10-11,EUR,SEK,11.35949993133545,EURSEK=X
2024-10-14,EUR,SEK,11.35216999053955,EURSEK=X
2024-10-15,EUR,SEK,11.36769962310791,EURSEK=X
2024-10-16,EUR,SEK,11.33240032196045,EURSEK=X
2024-10-17,EUR,SEK,11.4068603515625,EURSEK=X
2024-10-18,EUR,SEK,11.417189598083496,EURSEK=X
2024-10-21,EUR,SEK,11.433930397033691,EURSEK=X
2024-10-22,EUR,SEK,11.418510437011719,EURSEK=X
2024-10-23,EUR,SEK,11.427410125732422,EURSEK=X
2024-10-24,EUR,SEK,11.417810440063477,EURSEK=X
2024-10-25,EUR,SEK,11.424070358276367,EURSEK=X
2024-10-28,EUR,SEK,11.455829620361328,EURSEK=X
2024-10-29,EUR,SEK,11.512200355529785,EURSEK=X
2024-10-30,EUR,SEK,11.504949569702148,EURSEK=X
2024-10-31,EUR,SEK,11.592120170593262,EURSEK=X
2024-11-01,EUR,SEK,11.586310386657715,EURSEK=X
2024-11-04,EUR,SEK,11.621729850769043,EURSEK=X
2024-11-05,EUR,SEK,11.658379554748535,EURSEK=X
2024-11-06,EUR,SEK,11.677169799804688,EURSEK=X
2024-11-07,EUR,SEK,11.537779808044434,EURSEK=X
2024-11-08,EUR,SEK,11.534070014953613,EURSEK=X
2024-11-11,EUR,SEK,11.592140197753906,EURSEK=X
2024-11-12,EUR,SEK,11.53777027130127,EURSEK=X
2024-11-13,EUR,SEK,11.5733003616333,EURSEK=X
2024-11-14,EUR,SEK,11.601699829101562,EURSEK=X
2024-11-15,EUR,SEK,11.577799797058105,EURSEK=X
2024-11-18,EUR,SEK,11.567330360412598,EURSEK=X
2024-11-19,EUR,SEK,11.553549766540527,EURSEK=X
2024-11-20,EUR,SEK,11.563929557800293,EURSEK=X
2024-11-21,EUR,SEK,11.62382984161377,EURSEK=X
2024-11-22,EUR,SEK,11.587200164794922,EURSEK=X
2024-11-25,EUR,SEK,11.492770195007324,EURSEK=X
2024-11-26,EUR,SEK,11.539830207824707,EURSEK=X
2024-11-27,EUR,SEK,11.520039558410645,EURSEK=X
2024-11-28,EUR,SEK,11.52947998046875,EURSEK=X
2024-11-29,EUR,SEK,11.529899597167969,EURSEK=X
2024-12-02,EUR,SEK,11.520959854125977,EURSEK=X
2024-12-03,EUR,SEK,11.5347900390625,EURSEK=X
2024-12-04,EUR,SEK,11.549249649047852,EURSEK=X
2024-12-05,EUR,SEK,11.479530334472656,EURSEK=X
2024-12-06,EUR,SEK,11.483799934387207,EURSEK=X
2024-12-09,EUR,SEK,11.539239883422852,EURSEK=X
2024-12-10,EUR,SEK,11.513150215148926,EURSEK=X
2024-12-11,EUR,SEK,11.542880058288574,EURSEK=X
2024-12-12,EUR,SEK,11.515740394592285,EURSEK=X
2024-12-13,EUR,SEK,11.5322904586792,EURSEK=X
2024-12-16,EUR,SEK,11.535240173339844,EURSEK=X
2024-12-17,EUR,SEK,11.495710372924805,EURSEK=X
2024-12-18,EUR,SEK,11.494999885559082,EURSEK=X
2024-12-19,EUR,SEK,11.516719818115234,EURSEK=X
2024-12-20,EUR,SEK,11.429300308227539,EURSEK=X
2024-12-23,EUR,SEK,11.499850273132324,EURSEK=X
2024-12-24,EUR,SEK,11.488659858703613,EURSEK=X
2024-12-25,EUR,SEK,11.51990032196045,EURSEK=X
2024-12-26,EUR,SEK,11.521759986877441,EURSEK=X
2024-12-27,EUR,SEK,11.51360034942627,EURSEK=X
2024-12-30,EUR,SEK,11.465370178222656,EURSEK=X
2024-12-31,EUR,SEK,11.47089958190918,EURSEK=X
2025-01-01,EUR,SEK,11.470100402832031,EURSEK=X
2025-01-02,EUR,SEK,11.448240280151367,EURSEK=X
2025-01-03,EUR,SEK,11.44536018371582,EURSEK=X
2025-01-06,EUR,SEK,11.453709602355957,EURSEK=X
2025-01-07,EUR,SEK,11.472390174865723,EURSEK=X
2025-01-08,EUR,SEK,11.493300437927246,EURSEK=X
2025-01-09,EUR,SEK,11.50197982788086,EURSEK=X
2025-01-10,EUR,SEK,11.489299774169922,EURSEK=X
2025-01-13,EUR,SEK,11.488280296325684,EURSEK=X
2025-01-14,EUR,SEK,11.512960433959961,EURSEK=X
2025-01-15,EUR,SEK,11.510479927062988,EURSEK=X
2025-01-16,EUR,SEK,11.471699714660645,EURSEK=X
2025-01-17,EUR,SEK,11.482680320739746,EURSEK=X
2025-01-20,EUR,SEK,11.482890129089355,EURSEK=X
2025-01-21,EUR,SEK,11.465900421142578,EURSEK=X
2025-01-22,EUR,SEK,11.438440322875977,EURSEK=X
2025-01-23,EUR,SEK,11.452409744262695,EURSEK=X
2025-01-24,EUR,SEK,11.465299606323242,EURSEK=X
2025-01-27,EUR,SEK,11.466309547424316,EURSEK=X
2025-01-28,EUR,SEK,11.465100288391113,EURSEK=X
2025-01-29,EUR,SEK,11.463489532470703,EURSEK=X
2025-01-30,EUR,SEK,11.459980010986328,EURSEK=X
2025-01-31,EUR,SEK,11.48484992980957,EURSEK=X
2025-02-03,EUR,SEK,11.497400283813477,EURSEK=X
2025-02-04,EUR,SEK,11.44478988647461,EURSEK=X
2025-02-05,EUR,SEK,11.385089874267578,EURSEK=X
2025-02-06,EUR,SEK,11.342229843139648,EURSEK=X
2025-02-07,EUR,SEK,11.315059661865234,EURSEK=X
2025-02-10,EUR,SEK,11.315839767456055,EURSEK=X
2025-02-11,EUR,SEK,11.25685977935791,EURSEK=X
2025-02-12,EUR,SEK,11.24862003326416,EURSEK=X
2025-02-13,EUR,SEK,11.290459632873535,EURSEK=X
2025-02-14,EUR,SEK,11.231220245361328,EURSEK=X
2025-02-17,EUR,SEK,11.224550247192383,EURSEK=X
2025-02-18,EUR,SEK,11.210639953613281,EURSEK=X
2025-02-19,EUR,SEK,11.196579933166504,EURSEK=X
2025-02-20,EUR,SEK,11.176810264587402,EURSEK=X
2025-02-21,EUR,SEK,11.160099983215332,EURSEK=X
2025-02-24,EUR,SEK,11.126810073852539,EURSEK=X
2025-02-25,EUR,SEK,11.160200119018555,EURSEK=X
2025-02-26,EUR,SEK,11.139710426330566,EURSEK=X
2025-02-27,EUR,SEK,11.156709671020508,EURSEK=X
2025-02-28,EUR,SEK,11.181610107421875,EURSEK=X
2025-03-03,EUR,SEK,11.169599533081055,EURSEK=X
2025-03-04,EUR,SEK,11.017900466918945,EURSEK=X
2025-03-05,EUR,SEK,11.061559677124023,EURSEK=X
2025-03-06,EUR,SEK,10.99625015258789,EURSEK=X
2025-03-07,EUR,SEK,10.95713996887207,EURSEK=X
2025-03-10,EUR,SEK,10.936079978942871,EURSEK=X
2025-03-11,EUR,SEK,10.968460083007812,EURSEK=X
2025-03-12,EUR,SEK,10.922699928283691,EURSEK=X
2025-03-13,EUR,SEK,10.983070373535156,EURSEK=X
2025-03-14,EUR,SEK,11.068400382995605,EURSEK=X
2025-03-17,EUR,SEK,11.015339851379395,EURSEK=X
2025-03-18,EUR,SEK,11.012080192565918,EURSEK=X
2025-03-19,EUR,SEK,10.993200302124023,EURSEK=X
2025-03-20,EUR,SEK,11.006609916687012,EURSEK=X
2025-03-21,EUR,SEK,10.975740432739258,EURSEK=X
2025-03-24,EUR,SEK,10.954480171203613,EURSEK=X
2025-03-25,EUR,SEK,10.827420234680176,EURSEK=X
2025-03-26,EUR,SEK,10.823699951171875,EURSEK=X
2025-03-27,EUR,SEK,10.817000389099121,EURSEK=X
2025-03-28,EUR,SEK,10.788040161132812,EURSEK=X
2025-03-31,EUR,SEK,10.832030296325684,EURSEK=X
2025-04-01,EUR,SEK,10.806119918823242,EURSEK=X
2025-04-02,EUR,SEK,10.805839538574219,EURSEK=X
2025-04-03,EUR,SEK,10.753299713134766,EURSEK=X
2025-04-04,EUR,SEK,10.810959815979004,EURSEK=X
2025-04-07,EUR,SEK,10.994660377502441,EURSEK=X
2025-04-08,EUR,SEK,10.9891996383667,EURSEK=X
2025-04-09,EUR,SEK,10.984149932861328,EURSEK=X
2025-04-10,EUR,SEK,10.90548038482666,EURSEK=X
2025-04-11,EUR,SEK,11.061800003051758,EURSEK=X
2025-04-14,EUR,SEK,11.077529907226562,EURSEK=X
2025-04-15,EUR,SEK,11.080260276794434,EURSEK=X
2025-04-16,EUR,SEK,11.148039817810059,EURSEK=X
2025-04-17,EUR,SEK,11.113869667053223,EURSEK=X
2025-04-18,EUR,SEK,10.971019744873047,EURSEK=X
2025-04-21,EUR,SEK,10.963899612426758,EURSEK=X
2025-04-22,EUR,SEK,10.957260131835938,EURSEK=X
2025-04-23,EUR,SEK,10.896180152893066,EURSEK=X
2025-04-24,EUR,SEK,10.970970153808594,EURSEK=X
2025-04-25,EUR,SEK,10.935799598693848,EURSEK=X
2025-04-28,EUR,SEK,10.981499671936035,EURSEK=X
2025-04-29,EUR,SEK,10.944160461425781,EURSEK=X
2025-04-30,EUR,SEK,10.982460021972656,EURSEK=X
2025-05-01,EUR,SEK,10.997599601745605,EURSEK=X
2025-05-02,EUR,SEK,11.013649940490723,EURSEK=X
2025-05-05,EUR,SEK,10.907259941101074,EURSEK=X
2025-05-06,EUR,SEK,10.930609703063965,EURSEK=X
2025-05-07,EUR,SEK,10.855770111083984,EURSEK=X
2025-05-08,EUR,SEK,10.924400329589844,EURSEK=X
2025-05-09,EUR,SEK,10.935440063476562,EURSEK=X
2025-05-12,EUR,SEK,10.905579566955566,EURSEK=X
2025-05-13,EUR,SEK,10.877400398254395,EURSEK=X
2025-05-14,EUR,SEK,10.871370315551758,EURSEK=X
2025-05-15,EUR,SEK,10.901459693908691,EURSEK=X
2025-05-16,EUR,SEK,10.893199920654297,EURSEK=X
2025-05-19,EUR,SEK,10.886799812316895,EURSEK=X
2025-05-20,EUR,SEK,10.87775993347168,EURSEK=X
2025-05-21,EUR,SEK,10.873430252075195,EURSEK=X
2025-05-22,EUR,SEK,10.844809532165527,EURSEK=X
2025-05-23,EUR,SEK,10.872159957885742,EURSEK=X
2025-05-26,EUR,SEK,10.809749603271484,EURSEK=X
2025-05-27,EUR,SEK,10.824299812316895,EURSEK=X
2025-05-28,EUR,SEK,10.903840065002441,EURSEK=X
2025-05-29,EUR,SEK,10.889849662780762,EURSEK=X
2025-05-30,EUR,SEK,10.86400032043457,EURSEK=X
2025-06-02,EUR,SEK,10.872920036315918,EURSEK=X
2025-06-03,EUR,SEK,10.897239685058594,EURSEK=X
2025-06-04,EUR,SEK,10.94202995300293,EURSEK=X
2025-06-05,EUR,SEK,10.93822956085205,EURSEK=X
2025-06-06,EUR,SEK,10.954700469970703,EURSEK=X
2025-06-09,EUR,SEK,10.980799674987793,EURSEK=X
2025-06-10,EUR,SEK,10.950889587402344,EURSEK=X
2025-06-11,EUR,SEK,10.961270332336426,EURSEK=X
2025-06-12,EUR,SEK,10.97350025177002,EURSEK=X
2025-06-13,EUR,SEK,10.943099975585938,EURSEK=X
2025-06-16,EUR,SEK,10.947810173034668,EURSEK=X
2025-06-17,EUR,SEK,10.958060264587402,EURSEK=X
2025-06-18,EUR,SEK,10.963179588317871,EURSEK=X
2025-06-19,EUR,SEK,11.067500114440918,EURSEK=X
2025-06-20,EUR,SEK,11.084099769592285,EURSEK=X
2025-06-23,EUR,SEK,11.13379955291748,EURSEK=X
2025-06-24,EUR,SEK,11.112000465393066,EURSEK=X
2025-06-25,EUR,SEK,11.048540115356445,EURSEK=X
2025-06-26,EUR,SEK,11.048480033874512,EURSEK=X
2025-06-27,EUR,SEK,11.112000465393066,EURSEK=X
2025-06-30,EUR,SEK,11.103249549865723,EURSEK=X
2025-07-01,EUR,SEK,11.139840126037598,EURSEK=X
2025-07-02,EUR,SEK,11.182089805603027,EURSEK=X
2025-07-03,EUR,SEK,11.257240295410156,EURSEK=X
2025-07-04,EUR,SEK,11.25922966003418,EURSEK=X
2025-07-07,EUR,SEK,11.257659912109375,EURSEK=X
2025-07-08,EUR,SEK,11.155940055847168,EURSEK=X
2025-07-09,EUR,SEK,11.161700248718262,EURSEK=X
2025-07-10,EUR,SEK,11.147500038146973,EURSEK=X
2025-07-11,EUR,SEK,11.113840103149414,EURSEK=X
2025-07-14,EUR,SEK,11.177780151367188,EURSEK=X
2025-07-15,EUR,SEK,11.216340065002441,EURSEK=X
2025-07-16,EUR,SEK,11.275469779968262,EURSEK=X
2025-07-17,EUR,SEK,11.302989959716797,EURSEK=X
2025-07-18,EUR,SEK,11.29850959777832,EURSEK=X
2025-07-21,EUR,SEK,11.230440139770508,EURSEK=X
2025-07-22,EUR,SEK,11.188400268554688,EURSEK=X
2025-07-23,EUR,SEK,11.167280197143555,EURSEK=X
2025-07-24,EUR,SEK,11.189279556274414,EURSEK=X
2025-07-25,EUR,SEK,11.198599815368652,EURSEK=X
2025-07-28,EUR,SEK,11.171520233154297,EURSEK=X
2025-07-29,EUR,SEK,11.137519836425781,EURSEK=X
2025-07-30,EUR,SEK,11.142049789428711,EURSEK=X
2025-07-31,EUR,SEK,11.176259994506836,EURSEK=X
2025-08-01,EUR,SEK,11.176289558410645,EURSEK=X
2025-08-04,EUR,SEK,11.17693042755127,EURSEK=X
2025-08-05,EUR,SEK,11.168499946594238,EURSEK=X
2025-08-06,EUR,SEK,11.194350242614746,EURSEK=X
2025-08-07,EUR,SEK,11.197569847106934,EURSEK=X
2025-08-08,EUR,SEK,11.155200004577637,EURSEK=X
2025-08-11,EUR,SEK,11.141799926757812,EURSEK=X
2025-08-12,EUR,SEK,11.19120979309082,EURSEK=X
2025-08-13,EUR,SEK,11.142210006713867,EURSEK=X
2025-08-14,EUR,SEK,11.1666898727417,EURSEK=X
2025-08-15,EUR,SEK,11.166000366210938,EURSEK=X
2025-08-18,EUR,SEK,11.181300163269043,EURSEK=X
2025-08-19,EUR,SEK,11.152609825134277,EURSEK=X
2025-08-20,EUR,SEK,11.178000450134277,EURSEK=X
2025-08-21,EUR,SEK,11.16784954071045,EURSEK=X
2025-08-22,EUR,SEK,11.163410186767578,EURSEK=X
2025-08-25,EUR,SEK,11.131059646606445,EURSEK=X
2025-08-26,EUR,SEK,11.137700080871582,EURSEK=X
2025-08-27,EUR,SEK,11.123359680175781,EURSEK=X
2025-08-28,EUR,SEK,11.097829818725586,EURSEK=X
2025-08-29,EUR,SEK,11.071669578552246,EURSEK=X
2025-09-01,EUR,SEK,11.055120468139648,EURSEK=X
2025-09-02,EUR,SEK,10.992179870605469,EURSEK=X
2025-09-03,EUR,SEK,11.007740020751953,EURSEK=X
2025-09-04,EUR,SEK,10.985230445861816,EURSEK=X
2025-09-05,EUR,SEK,11.021960258483887,EURSEK=X
2025-09-08,EUR,SEK,10.98943042755127,EURSEK=X
2025-09-09,EUR,SEK,11.005169868469238,EURSEK=X
2025-09-10,EUR,SEK,10.981840133666992,EURSEK=X
2025-09-11,EUR,SEK,10.932100296020508,EURSEK=X
2025-09-12,EUR,SEK,10.921019554138184,EURSEK=X
2025-09-15,EUR,SEK,10.935029983520508,EURSEK=X
2025-09-16,EUR,SEK,10.915200233459473,EURSEK=X
2025-09-17,EUR,SEK,10.949339866638184,EURSEK=X
2025-09-18,EUR,SEK,10.975890159606934,EURSEK=X
2025-09-19,EUR,SEK,11.015780448913574,EURSEK=X
2025-09-22,EUR,SEK,11.049670219421387,EURSEK=X
2025-09-23,EUR,SEK,11.041729927062988,EURSEK=X
2025-09-24,EUR,SEK,11.026849746704102,EURSEK=X
2025-09-25,EUR,SEK,11.039019584655762,EURSEK=X
2025-09-26,EUR,SEK,11.036660194396973,EURSEK=X
2025-09-29,EUR,SEK,11.008049964904785,EURSEK=X
2025-09-30,EUR,SEK,11.047289848327637,EURSEK=X
2025-10-01,EUR,SEK,11.050239562988281,EURSEK=X
2025-10-02,EUR,SEK,10.998499870300293,EURSEK=X
2025-10-03,EUR,SEK,11.01393985748291,EURSEK=X
2025-10-06,EUR,SEK,10.992280006408691,EURSEK=X
2025-10-07,EUR,SEK,10.984640121459961,EURSEK=X
2025-10-08,EUR,SEK,10.95652961730957,EURSEK=X
2025-10-09,EUR,SEK,10.964579582214355,EURSEK=X
2025-10-10,EUR,SEK,11.022330284118652,EURSEK=X
2025-10-13,EUR,SEK,11.032990455627441,EURSEK=X
2025-10-14,EUR,SEK,10.997110366821289,EURSEK=X
2025-10-15,EUR,SEK,11.02711009979248,EURSEK=X
2025-10-16,EUR,SEK,11.028860092163086,EURSEK=X
2025-10-17,EUR,SEK,11.015379905700684,EURSEK=X
2025-10-20,EUR,SEK,10.98622989654541,EURSEK=X
2025-10-21,EUR,SEK,10.962260246276855,EURSEK=X
2025-10-22,EUR,SEK,10.936579704284668,EURSEK=X
2025-10-23,EUR,SEK,10.922789573669434,EURSEK=X
2025-10-24,EUR,SEK,10.893600463867188,EURSEK=X
2025-10-27,EUR,SEK,10.909150123596191,EURSEK=X
2025-10-28,EUR,SEK,10.925259590148926,EURSEK=X
2025-10-29,EUR,SEK,10.92350959777832,EURSEK=X
2025-10-30,EUR,SEK,10.912639617919922,EURSEK=X
2025-10-31,EUR,SEK,10.919509887695312,EURSEK=X
2025-11-03,EUR,SEK,10.944600105285645,EURSEK=X
2025-11-04,EUR,SEK,10.926130294799805,EURSEK=X
2025-11-05,EUR,SEK,11.003979682922363,EURSEK=X
2025-11-06,EUR,SEK,10.98069953918457,EURSEK=X
2025-11-07,EUR,SEK,11.050530433654785,EURSEK=X
2025-11-10,EUR,SEK,11.013899803161621,EURSEK=X
2025-11-11,EUR,SEK,10.989709854125977,EURSEK=X
2025-11-12,EUR,SEK,10.946080207824707,EURSEK=X
2025-11-13,EUR,SEK,10.946619987487793,EURSEK=X
2025-11-14,EUR,SEK,10.937239646911621,EURSEK=X
2025-11-17,EUR,SEK,10.973640441894531,EURSEK=X
2025-11-18,EUR,SEK,10.981829643249512,EURSEK=X
2025-11-19,EUR,SEK,10.967379570007324,EURSEK=X
2025-11-20,EUR,SEK,11.004790306091309,EURSEK=X
2025-11-21,EUR,SEK,10.998000144958496,EURSEK=X
2025-11-24,EUR,SEK,11.000699996948242,EURSEK=X
2025-11-25,EUR,SEK,10.998510360717773,EURSEK=X
2025-11-26,EUR,SEK,11.020660400390625,EURSEK=X
2025-11-27,EUR,SEK,11.007129669189453,EURSEK=X
2025-11-28,EUR,SEK,10.985230445861816,EURSEK=X
2025-12-01,EUR,SEK,10.957839965820312,EURSEK=X
2025-12-02,EUR,SEK,10.96934986114502,EURSEK=X
2025-12-03,EUR,SEK,10.960860252380371,EURSEK=X
2025-12-04,EUR,SEK,10.939249992370605,EURSEK=X
2025-12-05,EUR,SEK,10.97152042388916,EURSEK=X
2025-12-08,EUR,SEK,10.94009017944336,EURSEK=X
2025-12-09,EUR,SEK,10.933930397033691,EURSEK=X
2025-12-10,EUR,SEK,10.876259803771973,EURSEK=X
2025-12-11,EUR,SEK,10.8368501663208,EURSEK=X
2025-12-12,EUR,SEK,10.85984992980957,EURSEK=X
2025-12-15,EUR,SEK,10.873459815979004,EURSEK=X
2025-12-16,EUR,SEK,10.927470207214355,EURSEK=X
2025-12-17,EUR,SEK,10.924139976501465,EURSEK=X
2025-12-18,EUR,SEK,10.918899536132812,EURSEK=X
2025-12-19,EUR,SEK,10.882180213928223,EURSEK=X
2025-12-22,EUR,SEK,10.848979949951172,EURSEK=X
2025-12-23,EUR,SEK,10.857379913330078,EURSEK=X
2025-12-24,EUR,SEK,10.806539535522461,EURSEK=X
2025-12-25,EUR,SEK,10.807089805603027,EURSEK=X
2025-12-26,EUR,SEK,10.807149887084961,EURSEK=X
2025-12-29,EUR,SEK,10.805310249328613,EURSEK=X
2025-12-30,EUR,SEK,10.80305004119873,EURSEK=X
2025-12-31,EUR,SEK,10.804229736328125,EURSEK=X
2026-01-01,EUR,SEK,10.81013011932373,EURSEK=X
2026-01-02,EUR,SEK,10.796899795532227,EURSEK=X
2026-01-05,EUR,SEK,10.799619674682617,EURSEK=X
2026-01-06,EUR,SEK,10.751999855041504,EURSEK=X
2026-01-07,EUR,SEK,10.753430366516113,EURSEK=X
2026-01-08,EUR,SEK,10.722760200500488,EURSEK=X
2026-01-09,EUR,SEK,10.744600296020508,EURSEK=X
2026-01-12,EUR,SEK,10.713800430297852,EURSEK=X
2026-01-13,EUR,SEK,10.694809913635254,EURSEK=X
2026-01-14,EUR,SEK,10.736570358276367,EURSEK=X
2026-01-15,EUR,SEK,10.706720352172852,EURSEK=X
2026-01-16,EUR,SEK,10.695240020751953,EURSEK=X
2026-01-19,EUR,SEK,10.695989608764648,EURSEK=X
2026-01-20,EUR,SEK,10.710989952087402,EURSEK=X
2026-01-21,EUR,SEK,10.697179794311523,EURSEK=X
2026-01-22,EUR,SEK,10.63992977142334,EURSEK=X
2026-01-23,EUR,SEK,10.581279754638672,EURSEK=X
2026-01-26,EUR,SEK,10.567330360412598,EURSEK=X
2026-01-27,EUR,SEK,10.613570213317871,EURSEK=X
2026-01-28,EUR,SEK,10.548469543457031,EURSEK=X
2026-01-29,EUR,SEK,10.558150291442871,EURSEK=X
2026-01-30,EUR,SEK,10.533820152282715,EURSEK=X
2026-02-02,EUR,SEK,10.566900253295898,EURSEK=X
2026-02-03,EUR,SEK,10.571499824523926,EURSEK=X
2026-02-04,EUR,SEK,10.511619567871094,EURSEK=X
2026-02-05,EUR,SEK,10.60142993927002,EURSEK=X
2026-02-06,EUR,SEK,10.665010452270508,EURSEK=X
2026-02-09,EUR,SEK,10.642149925231934,EURSEK=X
2026-02-10,EUR,SEK,10.616029739379883,EURSEK=X
2026-02-11,EUR,SEK,10.562800407409668,EURSEK=X
2026-02-12,EUR,SEK,10.554369926452637,EURSEK=X
2026-02-13,EUR,SEK,10.58707046508789,EURSEK=X
2026-02-16,EUR,SEK,10.566129684448242,EURSEK=X
2026-02-17,EUR,SEK,10.626009941101074,EURSEK=X
2026-02-18,EUR,SEK,10.622969627380371,EURSEK=X
2026-02-19,EUR,SEK,10.652099609375,EURSEK=X
2026-02-20,EUR,SEK,10.669710159301758,EURSEK=X
2026-02-23,EUR,SEK,10.65034008026123,EURSEK=X
2026-02-24,EUR,SEK,10.68616008758545,EURSEK=X
2026-02-25,EUR,SEK,10.648159980773926,EURSEK=X
2026-02-26,EUR,SEK,10.65056037902832,EURSEK=X
2026-02-27,EUR,SEK,10.678680419921875,EURSEK=X
2026-03-02,EUR,SEK,10.668769836425781,EURSEK=X
2026-03-03,EUR,SEK,10.707269668579102,EURSEK=X
2026-03-04,EUR,SEK,10.747679710388184,EURSEK=X
2026-03-05,EUR,SEK,10.670430183410645,EURSEK=X
2026-03-06,EUR,SEK,10.704010009765625,EURSEK=X
2026-03-09,EUR,SEK,10.677189826965332,EURSEK=X
2026-03-10,EUR,SEK,10.619429588317871,EURSEK=X
2026-03-11,EUR,SEK,10.637080192565918,EURSEK=X
2026-03-12,EUR,SEK,10.65958023071289,EURSEK=X
2026-03-13,EUR,SEK,10.764470100402832,EURSEK=X
2026-03-16,EUR,SEK,10.800270080566406,EURSEK=X
2026-03-17,EUR,SEK,10.72896957397461,EURSEK=X
2026-03-18,EUR,SEK,10.699250221252441,EURSEK=X
2026-03-19,EUR,SEK,10.773530006408691,EURSEK=X
2026-03-20,EUR,SEK,10.751629829406738,EURSEK=X
2026-03-23,EUR,SEK,10.801790237426758,EURSEK=X
2026-03-24,EUR,SEK,10.827699661254883,EURSEK=X
2026-03-25,EUR,SEK,10.799139976501465,EURSEK=X
2026-03-26,EUR,SEK,10.808320045471191,EURSEK=X
2026-03-27,EUR,SEK,10.867230415344238,EURSEK=X
2026-03-30,EUR,SEK,10.888609886169434,EURSEK=X
2026-03-31,EUR,SEK,10.95359992980957,EURSEK=X
2026-04-01,EUR,SEK,10.932490348815918,EURSEK=X
2026-04-02,EUR,SEK,10.900520324707031,EURSEK=X
2026-04-03,EUR,SEK,10.857609748840332,EURSEK=X
2026-04-06,EUR,SEK,10.904060363769531,EURSEK=X
2026-04-07,EUR,SEK,10.90369987487793,EURSEK=X
2026-04-08,EUR,SEK,10.859800338745117,EURSEK=X
2026-04-09,EUR,SEK,10.861800193786621,EURSEK=X
2026-04-10,EUR,SEK,10.853870391845703,EURSEK=X
2026-04-13,EUR,SEK,10.88949966430664,EURSEK=X
2026-04-14,EUR,SEK,10.800250053405762,EURSEK=X
2026-04-15,EUR,SEK,10.821669578552246,EURSEK=X
2026-04-16,EUR,SEK,10.804149627685547,EURSEK=X
2026-04-17,EUR,SEK,10.829440116882324,EURSEK=X
2026-04-20,EUR,SEK,10.797100067138672,EURSEK=X
2026-04-21,EUR,SEK,10.746959686279297,EURSEK=X
2026-04-22,EUR,SEK,10.781310081481934,EURSEK=X
2026-04-23,EUR,SEK,10.809760093688965,EURSEK=X
2026-04-24,EUR,SEK,10.815010070800781,EURSEK=X
2026-04-27,EUR,SEK,10.814399719238281,EURSEK=X
2026-04-28,EUR,SEK,10.802149772644043,EURSEK=X
2026-04-29,EUR,SEK,10.849599838256836,EURSEK=X
2026-04-30,EUR,SEK,10.872039794921875,EURSEK=X
2026-05-01,EUR,SEK,10.829000473022461,EURSEK=X
2026-05-04,EUR,SEK,10.80370044708252,EURSEK=X
2026-05-05,EUR,SEK,10.858070373535156,EURSEK=X
2026-05-06,EUR,SEK,10.826709747314453,EURSEK=X
2026-05-07,EUR,SEK,10.8571195602417,EURSEK=X
2026-05-08,EUR,SEK,10.880620002746582,EURSEK=X
2026-05-11,EUR,SEK,10.876290321350098,EURSEK=X
2026-05-12,EUR,SEK,10.857379913330078,EURSEK=X
2026-05-13,EUR,SEK,10.904970169067383,EURSEK=X
2026-05-14,EUR,SEK,10.92218017578125,EURSEK=X
2026-05-15,EUR,SEK,10.963930130004883,EURSEK=X
2026-05-18,EUR,SEK,10.976920127868652,EURSEK=X
2026-05-19,EUR,SEK,10.930319786071777,EURSEK=X
2026-05-20,EUR,SEK,10.907480239868164,EURSEK=X
2026-05-21,EUR,SEK,10.853799819946289,EURSEK=X
2026-05-22,EUR,SEK,10.847399711608887,EURSEK=X
2026-05-25,EUR,SEK,10.812789916992188,EURSEK=X
2026-05-26,EUR,SEK,10.817139625549316,EURSEK=X
2026-05-27,EUR,SEK,10.808070182800293,EURSEK=X
2026-05-28,EUR,SEK,10.803629875183105,EURSEK=X
2026-05-29,EUR,SEK,10.77750015258789,EURSEK=X
2026-06-01,EUR,SEK,10.762519836425781,EURSEK=X
2026-06-02,EUR,SEK,10.829899787902832,EURSEK=X
2026-06-03,EUR,SEK,10.841529846191406,EURSEK=X
2026-06-04,EUR,SEK,10.898420333862305,EURSEK=X
2026-06-05,EUR,SEK,10.8858003616333,EURSEK=X
2026-06-08,EUR,SEK,10.902850151062012,EURSEK=X
2026-06-09,EUR,SEK,10.88290023803711,EURSEK=X
2026-06-10,EUR,SEK,10.938529968261719,EURSEK=X
2026-06-11,EUR,SEK,10.977129936218262,EURSEK=X
2026-06-12,EUR,SEK,10.93019962310791,EURSEK=X
2026-06-15,EUR,SEK,10.888970375061035,EURSEK=X
2026-06-16,EUR,SEK,10.889900207519531,EURSEK=X
2026-06-17,EUR,SEK,10.862330436706543,EURSEK=X
2026-06-18,EUR,SEK,10.941679954528809,EURSEK=X
2026-06-19,EUR,SEK,10.980899810791016,EURSEK=X
2026-06-22,EUR,SEK,10.991209983825684,EURSEK=X
2026-06-23,EUR,SEK,10.992899894714355,EURSEK=X
2026-06-24,EUR,SEK,11.077489852905273,EURSEK=X
2026-06-25,EUR,SEK,11.07427978515625,EURSEK=X
2026-06-26,EUR,SEK,11.069080352783203,EURSEK=X
2026-06-29,EUR,SEK,11.081259727478027,EURSEK=X
2026-06-30,EUR,SEK,11.086199760437012,EURSEK=X
2026-07-01,EUR,SEK,11.077630043029785,EURSEK=X
2026-07-02,EUR,SEK,11.059280395507812,EURSEK=X
2026-07-03,EUR,SEK,11.063130378723145,EURSEK=X
2026-07-06,EUR,SEK,11.025620460510254,EURSEK=X
2026-07-07,EUR,SEK,11.012120246887207,EURSEK=X
2026-07-08,EUR,SEK,11.058799743652344,EURSEK=X
2026-07-09,EUR,SEK,11.06859016418457,EURSEK=X
2026-07-10,EUR,SEK,11.043800354003906,EURSEK=X
2026-07-13,EUR,SEK,11.035659790039062,EURSEK=X
2026-07-14,EUR,SEK,11.059240341186523,EURSEK=X
2026-07-15,EUR,SEK,11.031700134277344,EURSEK=X
2026-07-16,EUR,SEK,11.0006103515625,EURSEK=X
2026-07-17,EUR,SEK,11.034040451049805,EURSEK=X
2026-07-20,EUR,SEK,11.047189712524414,EURSEK=X
2026-07-21,EUR,SEK,11.055100440979004,EURSEK=X
2026-07-22,EUR,SEK,11.066710472106934,EURSEK=X
2026-07-23,EUR,SEK,11.063639640808105,EURSEK=X
2026-07-24,EUR,SEK,11.09924030303955,EURSEK=X
2026-07-27,EUR,SEK,11.025079727172852,EURSEK=X
2026-07-28,EUR,SEK,11.0516996383667,EURSEK=X
2026-07-29,EUR,SEK,11.034899711608887,EURSEK=X
2026-07-30,EUR,SEK,11.055379867553711,EURSEK=X
2026-07-31,EUR,SEK,10.990269660949707,EURSEK=X
2026-08-03,EUR,SEK,10.969610214233398,EURSEK=X
2026-08-04,EUR,SEK,11.007740020751953,EURSEK=X
2026-08-05,EUR,SEK,10.972800254821777,EURSEK=X
2026-08-06,EUR,SEK,10.956680297851562,EURSEK=X
2026-08-07,EUR,SEK,10.959799766540527,EURSEK=X
2026-08-10,EUR,SEK,10.958720207214355,EURSEK=X
2026-08-11,EUR,SEK,10.95419979095459,EURSEK=X
2026-08-12,EUR,SEK,10.986310005187988,EURSEK=X
2026-08-13,EUR,SEK,11.041299819946289,EURSEK=X
2026-08-14,EUR,SEK,11.021920204162598,EURSEK=X
2016-01-01,USD,SEK,8.433850288391113,USDSEK=X
2016-01-04,USD,SEK,8.437800407409668,USDSEK=X
2016-01-05,USD,SEK,8.492609977722168,USDSEK=X
2016-01-06,USD,SEK,8.58965015411377,USDSEK=X
2016-01-07,USD,SEK,8.588509559631348,USDSEK=X
2016-01-08,USD,SEK,8.464349746704102,USDSEK=X
2016-01-11,USD,SEK,8.49116039276123,USDSEK=X
2016-01-12,USD,SEK,8.538590431213379,USDSEK=X
2016-01-13,USD,SEK,8.532400131225586,USDSEK=X
2016-01-14,USD,SEK,8.521300315856934,USDSEK=X
2016-01-15,USD,SEK,8.550800323486328,USDSEK=X
2016-01-18,USD,SEK,8.575429916381836,USDSEK=X
2016-01-19,USD,SEK,8.586020469665527,USDSEK=X
2016-01-20,USD,SEK,8.53279972076416,USDSEK=X
2016-01-21,USD,SEK,8.593649864196777,USDSEK=X
2016-01-22,USD,SEK,8.561570167541504,USDSEK=X
2016-01-25,USD,SEK,8.578100204467773,USDSEK=X
2016-01-26,USD,SEK,8.558449745178223,USDSEK=X
2016-01-27,USD,SEK,8.543560028076172,USDSEK=X
2016-01-28,USD,SEK,8.501279830932617,USDSEK=X
2016-01-29,USD,SEK,8.503230094909668,USDSEK=X
2016-02-01,USD,SEK,8.589159965515137,USDSEK=X
2016-02-02,USD,SEK,8.524709701538086,USDSEK=X
2016-02-03,USD,SEK,8.549610137939453,USDSEK=X
2016-02-04,USD,SEK,8.43949031829834,USDSEK=X
2016-02-05,USD,SEK,8.398619651794434,USDSEK=X
2016-02-08,USD,SEK,8.4621000289917,USDSEK=X
2016-02-09,USD,SEK,8.448760032653809,USDSEK=X
2016-02-10,USD,SEK,8.413200378417969,USDSEK=X
2016-02-11,USD,SEK,8.370209693908691,USDSEK=X
2016-02-12,USD,SEK,8.37285041809082,USDSEK=X
2016-02-15,USD,SEK,8.422109603881836,USDSEK=X
2016-02-16,USD,SEK,8.470680236816406,USDSEK=X
2016-02-17,USD,SEK,8.503499984741211,USDSEK=X
2016-02-18,USD,SEK,8.516610145568848,USDSEK=X
2016-02-19,USD,SEK,8.445130348205566,USDSEK=X
2016-02-22,USD,SEK,8.442540168762207,USDSEK=X
2016-02-23,USD,SEK,8.496049880981445,USDSEK=X
2016-02-24,USD,SEK,8.47704029083252,USDSEK=X
2016-02-25,USD,SEK,8.48865032196045,USDSEK=X
2016-02-26,USD,SEK,8.49685001373291,USDSEK=X
2016-02-29,USD,SEK,8.558910369873047,USDSEK=X
2016-03-01,USD,SEK,8.555760383605957,USDSEK=X
2016-03-02,USD,SEK,8.612489700317383,USDSEK=X
2016-03-03,USD,SEK,8.60813045501709,USDSEK=X
2016-03-04,USD,SEK,8.530579566955566,USDSEK=X
2016-03-07,USD,SEK,8.482560157775879,USDSEK=X
2016-03-08,USD,SEK,8.473719596862793,USDSEK=X
2016-03-09,USD,SEK,8.492349624633789,USDSEK=X
2016-03-10,USD,SEK,8.451499938964844,USDSEK=X
2016-03-11,USD,SEK,8.372989654541016,USDSEK=X
2016-03-14,USD,SEK,8.33530044555664,USDSEK=X
2016-03-15,USD,SEK,8.345040321350098,USDSEK=X
2016-03-16,USD,SEK,8.317150115966797,USDSEK=X
2016-03-17,USD,SEK,8.232430458068848,USDSEK=X
2016-03-18,USD,SEK,8.180399894714355,USDSEK=X
2016-03-21,USD,SEK,8.225391387939453,USDSEK=X
2016-03-22,USD,SEK,8.227109909057617,USDSEK=X
2016-03-23,USD,SEK,8.22266960144043,USDSEK=X
2016-03-24,USD,SEK,8.267669677734375,USDSEK=X
2016-03-25,USD,SEK,8.298959732055664,USDSEK=X
2016-03-28,USD,SEK,8.311240196228027,USDSEK=X
2016-03-29,USD,SEK,8.277159690856934,USDSEK=X
2016-03-30,USD,SEK,8.193550109863281,USDSEK=X
2016-03-31,USD,SEK,8.132499694824219,USDSEK=X
2016-04-01,USD,SEK,8.117500305175781,USDSEK=X
2016-04-04,USD,SEK,8.128910064697266,USDSEK=X
2016-04-05,USD,SEK,8.125200271606445,USDSEK=X
2016-04-06,USD,SEK,8.12798023223877,USDSEK=X
2016-04-07,USD,SEK,8.149580001831055,USDSEK=X
2016-04-08,USD,SEK,8.159890174865723,USDSEK=X
2016-04-11,USD,SEK,8.148929595947266,USDSEK=X
2016-04-12,USD,SEK,8.109511375427246,USDSEK=X
2016-04-13,USD,SEK,8.078069686889648,USDSEK=X
2016-04-14,USD,SEK,8.14363956451416,USDSEK=X
2016-04-15,USD,SEK,8.131839752197266,USDSEK=X
2016-04-18,USD,SEK,8.13737964630127,USDSEK=X
2016-04-19,USD,SEK,8.114609718322754,USDSEK=X
2016-04-20,USD,SEK,8.082610130310059,USDSEK=X
2016-04-21,USD,SEK,8.121649742126465,USDSEK=X
2016-04-22,USD,SEK,8.140740394592285,USDSEK=X
2016-04-25,USD,SEK,8.151200294494629,USDSEK=X
2016-04-26,USD,SEK,8.13860034942627,USDSEK=X
2016-04-27,USD,SEK,8.120429992675781,USDSEK=X
2016-04-28,USD,SEK,8.080820083618164,USDSEK=X
2016-04-29,USD,SEK,8.06544017791748,USDSEK=X
2016-05-02,USD,SEK,8.021550178527832,USDSEK=X
2016-05-03,USD,SEK,7.962440013885498,USDSEK=X
2016-05-04,USD,SEK,8.045550346374512,USDSEK=X
2016-05-05,USD,SEK,8.060790061950684,USDSEK=X
2016-05-06,USD,SEK,8.099040031433105,USDSEK=X
2016-05-09,USD,SEK,8.147489547729492,USDSEK=X
2016-05-10,USD,SEK,8.160771369934082,USDSEK=X
2016-05-11,USD,SEK,8.152770042419434,USDSEK=X
2016-05-12,USD,SEK,8.128190040588379,USDSEK=X
2016-05-13,USD,SEK,8.183429718017578,USDSEK=X
2016-05-16,USD,SEK,8.23917007446289,USDSEK=X
2016-05-17,USD,SEK,8.266441345214844,USDSEK=X
2016-05-18,USD,SEK,8.255241394042969,USDSEK=X
2016-05-19,USD,SEK,8.34646987915039,USDSEK=X
2016-05-20,USD,SEK,8.350959777832031,USDSEK=X
2016-05-23,USD,SEK,8.318140029907227,USDSEK=X
2016-05-24,USD,SEK,8.34634017944336,USDSEK=X
2016-05-25,USD,SEK,8.314780235290527,USDSEK=X
2016-05-26,USD,SEK,8.293299674987793,USDSEK=X
2016-05-27,USD,SEK,8.279370307922363,USDSEK=X
2016-05-30,USD,SEK,8.349849700927734,USDSEK=X
2016-05-31,USD,SEK,8.321459770202637,USDSEK=X
2016-06-01,USD,SEK,8.32211971282959,USDSEK=X
2016-06-02,USD,SEK,8.296460151672363,USDSEK=X
2016-06-03,USD,SEK,8.325249671936035,USDSEK=X
2016-06-06,USD,SEK,8.153429985046387,USDSEK=X
2016-06-07,USD,SEK,8.12378978729248,USDSEK=X
2016-06-08,USD,SEK,8.120100021362305,USDSEK=X
2016-06-09,USD,SEK,8.101090431213379,USDSEK=X
2016-06-10,USD,SEK,8.181429862976074,USDSEK=X
2016-06-13,USD,SEK,8.310810089111328,USDSEK=X
2016-06-14,USD,SEK,8.24608039855957,USDSEK=X
2016-06-15,USD,SEK,8.310540199279785,USDSEK=X
2016-06-16,USD,SEK,8.301650047302246,USDSEK=X
2016-06-17,USD,SEK,8.319649696350098,USDSEK=X
2016-06-20,USD,SEK,8.255249977111816,USDSEK=X
2016-06-21,USD,SEK,8.22793960571289,USDSEK=X
2016-06-22,USD,SEK,8.26846981048584,USDSEK=X
2016-06-23,USD,SEK,8.214119911193848,USDSEK=X
2016-06-24,USD,SEK,8.19672966003418,USDSEK=X
2016-06-27,USD,SEK,8.530599594116211,USDSEK=X
2016-06-28,USD,SEK,8.556229591369629,USDSEK=X
2016-06-29,USD,SEK,8.491950035095215,USDSEK=X
2016-06-30,USD,SEK,8.450559616088867,USDSEK=X
2016-07-01,USD,SEK,8.450249671936035,USDSEK=X
2016-07-04,USD,SEK,8.440930366516113,USDSEK=X
2016-07-05,USD,SEK,8.419819831848145,USDSEK=X
2016-07-06,USD,SEK,8.531510353088379,USDSEK=X
2016-07-07,USD,SEK,8.519590377807617,USDSEK=X
2016-07-08,USD,SEK,8.570650100708008,USDSEK=X
2016-07-11,USD,SEK,8.589509963989258,USDSEK=X
2016-07-12,USD,SEK,8.567489624023438,USDSEK=X
2016-07-13,USD,SEK,8.539170265197754,USDSEK=X
2016-07-14,USD,SEK,8.491999626159668,USDSEK=X
2016-07-15,USD,SEK,8.507869720458984,USDSEK=X
2016-07-18,USD,SEK,8.572039604187012,USDSEK=X
2016-07-19,USD,SEK,8.546070098876953,USDSEK=X
2016-07-20,USD,SEK,8.610420227050781,USDSEK=X
2016-07-21,USD,SEK,8.585229873657227,USDSEK=X
2016-07-22,USD,SEK,8.580750465393066,USDSEK=X
2016-07-25,USD,SEK,8.658169746398926,USDSEK=X
2016-07-26,USD,SEK,8.636750221252441,USDSEK=X
2016-07-27,USD,SEK,8.649189949035645,USDSEK=X
2016-07-28,USD,SEK,8.618109703063965,USDSEK=X
2016-07-29,USD,SEK,8.631400108337402,USDSEK=X
2016-08-01,USD,SEK,8.561470031738281,USDSEK=X
2016-08-02,USD,SEK,8.590660095214844,USDSEK=X
2016-08-03,USD,SEK,8.505680084228516,USDSEK=X
2016-08-04,USD,SEK,8.54358959197998,USDSEK=X
2016-08-05,USD,SEK,8.515299797058105,USDSEK=X
2016-08-08,USD,SEK,8.56488037109375,USDSEK=X
2016-08-09,USD,SEK,8.58098030090332,USDSEK=X
2016-08-10,USD,SEK,8.532930374145508,USDSEK=X
2016-08-11,USD,SEK,8.45265007019043,USDSEK=X
2016-08-12,USD,SEK,8.47323989868164,USDSEK=X
2016-08-15,USD,SEK,8.45199966430664,USDSEK=X
2016-08-16,USD,SEK,8.457329750061035,USDSEK=X
2016-08-17,USD,SEK,8.412150382995605,USDSEK=X
2016-08-18,USD,SEK,8.407699584960938,USDSEK=X
2016-08-19,USD,SEK,8.34529972076416,USDSEK=X
2016-08-22,USD,SEK,8.40565013885498,USDSEK=X
2016-08-23,USD,SEK,8.370789527893066,USDSEK=X
2016-08-24,USD,SEK,8.377079963684082,USDSEK=X
2016-08-25,USD,SEK,8.39780044555664,USDSEK=X
2016-08-26,USD,SEK,8.399200439453125,USDSEK=X
2016-08-29,USD,SEK,8.486330032348633,USDSEK=X
2016-08-30,USD,SEK,8.459699630737305,USDSEK=X
2016-08-31,USD,SEK,8.531590461730957,USDSEK=X
2016-09-01,USD,SEK,8.558899879455566,USDSEK=X
2016-09-02,USD,SEK,8.549300193786621,USDSEK=X
2016-09-05,USD,SEK,8.577300071716309,USDSEK=X
2016-09-06,USD,SEK,8.557490348815918,USDSEK=X
2016-09-07,USD,SEK,8.469650268554688,USDSEK=X
2016-09-08,USD,SEK,8.438949584960938,USDSEK=X
2016-09-09,USD,SEK,8.434109687805176,USDSEK=X
2016-09-12,USD,SEK,8.4833402633667,USDSEK=X
2016-09-13,USD,SEK,8.474769592285156,USDSEK=X
2016-09-14,USD,SEK,8.528260231018066,USDSEK=X
2016-09-15,USD,SEK,8.495369911193848,USDSEK=X
2016-09-16,USD,SEK,8.476149559020996,USDSEK=X
2016-09-19,USD,SEK,8.56587028503418,USDSEK=X
2016-09-20,USD,SEK,8.560620307922363,USDSEK=X
2016-09-21,USD,SEK,8.593799591064453,USDSEK=X
2016-09-22,USD,SEK,8.554059982299805,USDSEK=X
2016-09-23,USD,SEK,8.54384994506836,USDSEK=X
2016-09-26,USD,SEK,8.529600143432617,USDSEK=X
2016-09-27,USD,SEK,8.54170036315918,USDSEK=X
2016-09-28,USD,SEK,8.592209815979004,USDSEK=X
2016-09-29,USD,SEK,8.557849884033203,USDSEK=X
2016-09-30,USD,SEK,8.572500228881836,USDSEK=X
2016-10-03,USD,SEK,8.581600189208984,USDSEK=X
2016-10-04,USD,SEK,8.571279525756836,USDSEK=X
2016-10-05,USD,SEK,8.597240447998047,USDSEK=X
2016-10-06,USD,SEK,8.591690063476562,USDSEK=X
2016-10-07,USD,SEK,8.624130249023438,USDSEK=X
2016-10-10,USD,SEK,8.6316499710083,USDSEK=X
2016-10-11,USD,SEK,8.64801025390625,USDSEK=X
2016-10-12,USD,SEK,8.81425952911377,USDSEK=X
2016-10-13,USD,SEK,8.854120254516602,USDSEK=X
2016-10-14,USD,SEK,8.795999526977539,USDSEK=X
2016-10-17,USD,SEK,8.843870162963867,USDSEK=X
2016-10-18,USD,SEK,8.79800033569336,USDSEK=X
2016-10-19,USD,SEK,8.828880310058594,USDSEK=X
2016-10-20,USD,SEK,8.833700180053711,USDSEK=X
2016-10-21,USD,SEK,8.8677396774292,USDSEK=X
2016-10-24,USD,SEK,8.912199974060059,USDSEK=X
2016-10-25,USD,SEK,8.912969589233398,USDSEK=X
2016-10-26,USD,SEK,8.927160263061523,USDSEK=X
2016-10-27,USD,SEK,8.904840469360352,USDSEK=X
2016-10-28,USD,SEK,9.076149940490723,USDSEK=X
2016-10-31,USD,SEK,9.006699562072754,USDSEK=X
2016-11-01,USD,SEK,9.037139892578125,USDSEK=X
2016-11-02,USD,SEK,8.961700439453125,USDSEK=X
2016-11-03,USD,SEK,8.923600196838379,USDSEK=X
2016-11-04,USD,SEK,8.967900276184082,USDSEK=X
2016-11-07,USD,SEK,8.961859703063965,USDSEK=X
2016-11-08,USD,SEK,9.014519691467285,USDSEK=X
2016-11-09,USD,SEK,8.973600387573242,USDSEK=X
2016-11-10,USD,SEK,9.053339958190918,USDSEK=X
2016-11-11,USD,SEK,9.037199974060059,USDSEK=X
2016-11-14,USD,SEK,9.10750961303711,USDSEK=X
2016-11-15,USD,SEK,9.146610260009766,USDSEK=X
2016-11-16,USD,SEK,9.184009552001953,USDSEK=X
2016-11-17,USD,SEK,9.17805004119873,USDSEK=X
2016-11-18,USD,SEK,9.239370346069336,USDSEK=X
2016-11-21,USD,SEK,9.26123046875,USDSEK=X
2016-11-22,USD,SEK,9.209500312805176,USDSEK=X
2016-11-23,USD,SEK,9.21150016784668,USDSEK=X
2016-11-24,USD,SEK,9.282899856567383,USDSEK=X
2016-11-25,USD,SEK,9.243499755859375,USDSEK=X
2016-11-28,USD,SEK,9.229660034179688,USDSEK=X
2016-11-29,USD,SEK,9.194600105285645,USDSEK=X
2016-11-30,USD,SEK,9.175140380859375,USDSEK=X
2016-12-01,USD,SEK,9.227700233459473,USDSEK=X
2016-12-02,USD,SEK,9.21619987487793,USDSEK=X
2016-12-05,USD,SEK,9.236749649047852,USDSEK=X
2016-12-06,USD,SEK,9.125399589538574,USDSEK=X
2016-12-07,USD,SEK,9.128829956054688,USDSEK=X
2016-12-08,USD,SEK,9.067449569702148,USDSEK=X
2016-12-09,USD,SEK,9.122400283813477,USDSEK=X
2016-12-12,USD,SEK,9.197979927062988,USDSEK=X
2016-12-13,USD,SEK,9.160929679870605,USDSEK=X
2016-12-14,USD,SEK,9.165900230407715,USDSEK=X
2016-12-15,USD,SEK,9.278340339660645,USDSEK=X
2016-12-16,USD,SEK,9.40250015258789,USDSEK=X
2016-12-19,USD,SEK,9.353910446166992,USDSEK=X
2016-12-20,USD,SEK,9.372650146484375,USDSEK=X
2016-12-21,USD,SEK,9.348699569702148,USDSEK=X
2016-12-22,USD,SEK,9.223099708557129,USDSEK=X
2016-12-23,USD,SEK,9.218790054321289,USDSEK=X
2016-12-26,USD,SEK,9.211099624633789,USDSEK=X
2016-12-27,USD,SEK,9.200510025024414,USDSEK=X
2016-12-28,USD,SEK,9.220580101013184,USDSEK=X
2016-12-29,USD,SEK,9.19009017944336,USDSEK=X
2016-12-30,USD,SEK,9.066109657287598,USDSEK=X
2017-01-02,USD,SEK,9.081809997558594,USDSEK=X
2017-01-03,USD,SEK,9.121399879455566,USDSEK=X
2017-01-04,USD,SEK,9.151749610900879,USDSEK=X
2017-01-05,USD,SEK,9.093879699707031,USDSEK=X
2017-01-06,USD,SEK,8.996800422668457,USDSEK=X
2017-01-09,USD,SEK,9.061809539794922,USDSEK=X
2017-01-10,USD,SEK,9.034279823303223,USDSEK=X
2017-01-11,USD,SEK,9.080710411071777,USDSEK=X
2017-01-12,USD,SEK,9.0169095993042,USDSEK=X
2017-01-13,USD,SEK,8.947699546813965,USDSEK=X
2017-01-16,USD,SEK,8.925140380859375,USDSEK=X
2017-01-17,USD,SEK,8.948209762573242,USDSEK=X
2017-01-18,USD,SEK,8.897100448608398,USDSEK=X
2017-01-19,USD,SEK,8.951709747314453,USDSEK=X
2017-01-20,USD,SEK,8.950830459594727,USDSEK=X
2017-01-23,USD,SEK,8.876099586486816,USDSEK=X
2017-01-24,USD,SEK,8.832710266113281,USDSEK=X
2017-01-25,USD,SEK,8.850830078125,USDSEK=X
2017-01-26,USD,SEK,8.814929962158203,USDSEK=X
2017-01-27,USD,SEK,8.840399742126465,USDSEK=X
2017-01-30,USD,SEK,8.834050178527832,USDSEK=X
2017-01-31,USD,SEK,8.82056999206543,USDSEK=X
2017-02-01,USD,SEK,8.743410110473633,USDSEK=X
2017-02-02,USD,SEK,8.748809814453125,USDSEK=X
2017-02-03,USD,SEK,8.74878978729248,USDSEK=X
2017-02-06,USD,SEK,8.763799667358398,USDSEK=X
2017-02-07,USD,SEK,8.828359603881836,USDSEK=X
2017-02-08,USD,SEK,8.876930236816406,USDSEK=X
2017-02-09,USD,SEK,8.840709686279297,USDSEK=X
2017-02-10,USD,SEK,8.899700164794922,USDSEK=X
2017-02-13,USD,SEK,8.932310104370117,USDSEK=X
2017-02-14,USD,SEK,8.934100151062012,USDSEK=X
2017-02-15,USD,SEK,8.933679580688477,USDSEK=X
2017-02-16,USD,SEK,8.916500091552734,USDSEK=X
2017-02-17,USD,SEK,8.855400085449219,USDSEK=X
2017-02-20,USD,SEK,8.903450012207031,USDSEK=X
2017-02-21,USD,SEK,8.936409950256348,USDSEK=X
2017-02-22,USD,SEK,8.971320152282715,USDSEK=X
2017-02-23,USD,SEK,8.972100257873535,USDSEK=X
2017-02-24,USD,SEK,8.992449760437012,USDSEK=X
2017-02-27,USD,SEK,9.045209884643555,USDSEK=X
2017-02-28,USD,SEK,9.061699867248535,USDSEK=X
2017-03-01,USD,SEK,9.046509742736816,USDSEK=X
2017-03-02,USD,SEK,9.059189796447754,USDSEK=X
2017-03-03,USD,SEK,9.078399658203125,USDSEK=X
2017-03-06,USD,SEK,8.980210304260254,USDSEK=X
2017-03-07,USD,SEK,9.021149635314941,USDSEK=X
2017-03-08,USD,SEK,9.010970115661621,USDSEK=X
2017-03-09,USD,SEK,9.049209594726562,USDSEK=X
2017-03-10,USD,SEK,9.0455904006958,USDSEK=X
2017-03-13,USD,SEK,8.99491024017334,USDSEK=X
2017-03-14,USD,SEK,8.940710067749023,USDSEK=X
2017-03-15,USD,SEK,8.964110374450684,USDSEK=X
2017-03-16,USD,SEK,8.87147045135498,USDSEK=X
2017-03-17,USD,SEK,8.809300422668457,USDSEK=X
2017-03-20,USD,SEK,8.82664966583252,USDSEK=X
2017-03-21,USD,SEK,8.823129653930664,USDSEK=X
2017-03-22,USD,SEK,8.795989990234375,USDSEK=X
2017-03-23,USD,SEK,8.79677963256836,USDSEK=X
2017-03-24,USD,SEK,8.824159622192383,USDSEK=X
2017-03-27,USD,SEK,8.7816801071167,USDSEK=X
2017-03-28,USD,SEK,8.785550117492676,USDSEK=X
2017-03-29,USD,SEK,8.827170372009277,USDSEK=X
2017-03-30,USD,SEK,8.870739936828613,USDSEK=X
2017-03-31,USD,SEK,8.932729721069336,USDSEK=X
2017-04-03,USD,SEK,8.958649635314941,USDSEK=X
2017-04-04,USD,SEK,8.95580005645752,USDSEK=X
2017-04-05,USD,SEK,8.99219036102295,USDSEK=X
2017-04-06,USD,SEK,8.97992992401123,USDSEK=X
2017-04-07,USD,SEK,9.022850036621094,USDSEK=X
2017-04-10,USD,SEK,9.07688045501709,USDSEK=X
2017-04-11,USD,SEK,9.0731201171875,USDSEK=X
2017-04-12,USD,SEK,9.052519798278809,USDSEK=X
2017-04-13,USD,SEK,8.97068977355957,USDSEK=X
2017-04-14,USD,SEK,9.03551959991455,USDSEK=X
2017-04-17,USD,SEK,9.03656005859375,USDSEK=X
2017-04-18,USD,SEK,8.998970031738281,USDSEK=X
2017-04-19,USD,SEK,8.960659980773926,USDSEK=X
2017-04-20,USD,SEK,8.968810081481934,USDSEK=X
2017-04-21,USD,SEK,8.98684024810791,USDSEK=X
2017-04-24,USD,SEK,8.83810043334961,USDSEK=X
2017-04-25,USD,SEK,8.857500076293945,USDSEK=X
2017-04-26,USD,SEK,8.768750190734863,USDSEK=X
2017-04-27,USD,SEK,8.75570011138916,USDSEK=X
2017-04-28,USD,SEK,8.837160110473633,USDSEK=X
2017-05-01,USD,SEK,8.843159675598145,USDSEK=X
2017-05-02,USD,SEK,8.840999603271484,USDSEK=X
2017-05-03,USD,SEK,8.797800064086914,USDSEK=X
2017-05-04,USD,SEK,8.842399597167969,USDSEK=X
2017-05-05,USD,SEK,8.831769943237305,USDSEK=X
2017-05-08,USD,SEK,8.821450233459473,USDSEK=X
2017-05-09,USD,SEK,8.837719917297363,USDSEK=X
2017-05-10,USD,SEK,8.877400398254395,USDSEK=X
2017-05-11,USD,SEK,8.922120094299316,USDSEK=X
2017-05-12,USD,SEK,8.88047981262207,USDSEK=X
2017-05-15,USD,SEK,8.837590217590332,USDSEK=X
2017-05-16,USD,SEK,8.826510429382324,USDSEK=X
2017-05-17,USD,SEK,8.775839805603027,USDSEK=X
2017-05-18,USD,SEK,8.734000205993652,USDSEK=X
2017-05-19,USD,SEK,8.79561996459961,USDSEK=X
2017-05-22,USD,SEK,8.724410057067871,USDSEK=X
2017-05-23,USD,SEK,8.690879821777344,USDSEK=X
2017-05-24,USD,SEK,8.708419799804688,USDSEK=X
2017-05-25,USD,SEK,8.661230087280273,USDSEK=X
2017-05-26,USD,SEK,8.689709663391113,USDSEK=X
2017-05-29,USD,SEK,8.686320304870605,USDSEK=X
2017-05-30,USD,SEK,8.731200218200684,USDSEK=X
2017-05-31,USD,SEK,8.731100082397461,USDSEK=X
2017-06-01,USD,SEK,8.692529678344727,USDSEK=X
2017-06-02,USD,SEK,8.680379867553711,USDSEK=X
2017-06-05,USD,SEK,8.623220443725586,USDSEK=X
2017-06-06,USD,SEK,8.652939796447754,USDSEK=X
2017-06-07,USD,SEK,8.671649932861328,USDSEK=X
2017-06-08,USD,SEK,8.687040328979492,USDSEK=X
2017-06-09,USD,SEK,8.732430458068848,USDSEK=X
2017-06-12,USD,SEK,8.712430000305176,USDSEK=X
2017-06-13,USD,SEK,8.748140335083008,USDSEK=X
2017-06-14,USD,SEK,8.690199851989746,USDSEK=X
2017-06-15,USD,SEK,8.705690383911133,USDSEK=X
2017-06-16,USD,SEK,8.751669883728027,USDSEK=X
2017-06-19,USD,SEK,8.694270133972168,USDSEK=X
2017-06-20,USD,SEK,8.746370315551758,USDSEK=X
2017-06-21,USD,SEK,8.775099754333496,USDSEK=X
2017-06-22,USD,SEK,8.74705982208252,USDSEK=X
2017-06-23,USD,SEK,8.75100040435791,USDSEK=X
2017-06-26,USD,SEK,8.712980270385742,USDSEK=X
2017-06-27,USD,SEK,8.715100288391113,USDSEK=X
2017-06-28,USD,SEK,8.606599807739258,USDSEK=X
2017-06-29,USD,SEK,8.53773021697998,USDSEK=X
2017-06-30,USD,SEK,8.455300331115723,USDSEK=X
2017-07-03,USD,SEK,8.423609733581543,USDSEK=X
2017-07-04,USD,SEK,8.484029769897461,USDSEK=X
2017-07-05,USD,SEK,8.509300231933594,USDSEK=X
2017-07-06,USD,SEK,8.49209976196289,USDSEK=X
2017-07-07,USD,SEK,8.437150001525879,USDSEK=X
2017-07-10,USD,SEK,8.423199653625488,USDSEK=X
2017-07-12,USD,SEK,8.397290229797363,USDSEK=X
2017-07-13,USD,SEK,8.405599594116211,USDSEK=X
2017-07-14,USD,SEK,8.353171348571777,USDSEK=X
2017-07-17,USD,SEK,8.30640983581543,USDSEK=X
2017-07-18,USD,SEK,8.296520233154297,USDSEK=X
2017-07-19,USD,SEK,8.303409576416016,USDSEK=X
2017-07-20,USD,SEK,8.305500030517578,USDSEK=X
2017-07-21,USD,SEK,8.221480369567871,USDSEK=X
2017-07-24,USD,SEK,8.230130195617676,USDSEK=X
2017-07-25,USD,SEK,8.215789794921875,USDSEK=X
2017-07-26,USD,SEK,8.207579612731934,USDSEK=X
2017-07-27,USD,SEK,8.174489974975586,USDSEK=X
2017-07-28,USD,SEK,8.210200309753418,USDSEK=X
2017-07-31,USD,SEK,8.106760025024414,USDSEK=X
2017-08-01,USD,SEK,8.077380180358887,USDSEK=X
2017-08-02,USD,SEK,8.109609603881836,USDSEK=X
2017-08-03,USD,SEK,8.101499557495117,USDSEK=X
2017-08-04,USD,SEK,8.092140197753906,USDSEK=X
2017-08-07,USD,SEK,8.143619537353516,USDSEK=X
2017-08-08,USD,SEK,8.144969940185547,USDSEK=X
2017-08-09,USD,SEK,8.173620223999023,USDSEK=X
2017-08-10,USD,SEK,8.173629760742188,USDSEK=X
2017-08-11,USD,SEK,8.136289596557617,USDSEK=X
2017-08-14,USD,SEK,8.120030403137207,USDSEK=X
2017-08-15,USD,SEK,8.114700317382812,USDSEK=X
2017-08-16,USD,SEK,8.071430206298828,USDSEK=X
2017-08-17,USD,SEK,8.073610305786133,USDSEK=X
2017-08-18,USD,SEK,8.143320083618164,USDSEK=X
2017-08-21,USD,SEK,8.111470222473145,USDSEK=X
2017-08-22,USD,SEK,8.076009750366211,USDSEK=X
2017-08-23,USD,SEK,8.100680351257324,USDSEK=X
2017-08-24,USD,SEK,8.053409576416016,USDSEK=X
2017-08-25,USD,SEK,8.068499565124512,USDSEK=X
2017-08-28,USD,SEK,7.943999767303467,USDSEK=X
2017-08-29,USD,SEK,7.97760009765625,USDSEK=X
2017-08-30,USD,SEK,7.939610004425049,USDSEK=X
2017-08-31,USD,SEK,7.9710001945495605,USDSEK=X
2017-09-01,USD,SEK,7.937839984893799,USDSEK=X
2017-09-04,USD,SEK,7.978099822998047,USDSEK=X
2017-09-05,USD,SEK,7.962409973144531,USDSEK=X
2017-09-06,USD,SEK,7.955399990081787,USDSEK=X
2017-09-07,USD,SEK,7.968090057373047,USDSEK=X
2017-09-08,USD,SEK,7.9186601638793945,USDSEK=X
2017-09-11,USD,SEK,7.9417500495910645,USDSEK=X
2017-09-12,USD,SEK,8.003800392150879,USDSEK=X
2017-09-13,USD,SEK,7.9654998779296875,USDSEK=X
2017-09-14,USD,SEK,8.030170440673828,USDSEK=X
2017-09-15,USD,SEK,7.986599922180176,USDSEK=X
2017-09-18,USD,SEK,7.968939781188965,USDSEK=X
2017-09-19,USD,SEK,7.953800201416016,USDSEK=X
2017-09-20,USD,SEK,7.952630043029785,USDSEK=X
2017-09-21,USD,SEK,8.026350021362305,USDSEK=X
2017-09-22,USD,SEK,7.967289924621582,USDSEK=X
2017-09-25,USD,SEK,7.989299774169922,USDSEK=X
2017-09-26,USD,SEK,8.03633975982666,USDSEK=X
2017-09-27,USD,SEK,8.125639915466309,USDSEK=X
2017-09-28,USD,SEK,8.14428997039795,USDSEK=X
2017-09-29,USD,SEK,8.115209579467773,USDSEK=X
2017-10-02,USD,SEK,8.146989822387695,USDSEK=X
2017-10-03,USD,SEK,8.167280197143555,USDSEK=X
2017-10-04,USD,SEK,8.130260467529297,USDSEK=X
2017-10-05,USD,SEK,8.093700408935547,USDSEK=X
2017-10-06,USD,SEK,8.135040283203125,USDSEK=X
2017-10-09,USD,SEK,8.110560417175293,USDSEK=X
2017-10-10,USD,SEK,8.122710227966309,USDSEK=X
2017-10-11,USD,SEK,8.064800262451172,USDSEK=X
2017-10-12,USD,SEK,8.040840148925781,USDSEK=X
2017-10-13,USD,SEK,8.12228012084961,USDSEK=X
2017-10-16,USD,SEK,8.117440223693848,USDSEK=X
2017-10-17,USD,SEK,8.102259635925293,USDSEK=X
2017-10-18,USD,SEK,8.151639938354492,USDSEK=X
2017-10-19,USD,SEK,8.136211395263672,USDSEK=X
2017-10-20,USD,SEK,8.125510215759277,USDSEK=X
2017-10-23,USD,SEK,8.178279876708984,USDSEK=X
2017-10-24,USD,SEK,8.197699546813965,USDSEK=X
2017-10-25,USD,SEK,8.223719596862793,USDSEK=X
2017-10-26,USD,SEK,8.21045970916748,USDSEK=X
2017-10-27,USD,SEK,8.364649772644043,USDSEK=X
2017-10-30,USD,SEK,8.366729736328125,USDSEK=X
2017-10-31,USD,SEK,8.348409652709961,USDSEK=X
2017-11-01,USD,SEK,8.370499610900879,USDSEK=X
2017-11-02,USD,SEK,8.397299766540527,USDSEK=X
2017-11-03,USD,SEK,8.392609596252441,USDSEK=X
2017-11-06,USD,SEK,8.427200317382812,USDSEK=X
2017-11-07,USD,SEK,8.394339561462402,USDSEK=X
2017-11-08,USD,SEK,8.381799697875977,USDSEK=X
2017-11-09,USD,SEK,8.381629943847656,USDSEK=X
2017-11-10,USD,SEK,8.373279571533203,USDSEK=X
2017-11-13,USD,SEK,8.35708999633789,USDSEK=X
2017-11-14,USD,SEK,8.383199691772461,USDSEK=X
2017-11-15,USD,SEK,8.400440216064453,USDSEK=X
2017-11-17,USD,SEK,8.396089553833008,USDSEK=X
2017-11-20,USD,SEK,8.455679893493652,USDSEK=X
2017-11-21,USD,SEK,8.47819995880127,USDSEK=X
2017-11-22,USD,SEK,8.431039810180664,USDSEK=X
2017-11-23,USD,SEK,8.340740203857422,USDSEK=X
2017-11-24,USD,SEK,8.294480323791504,USDSEK=X
2017-11-27,USD,SEK,8.283920288085938,USDSEK=X
2017-11-28,USD,SEK,8.289050102233887,USDSEK=X
2017-11-29,USD,SEK,8.340700149536133,USDSEK=X
2017-11-30,USD,SEK,8.368659973144531,USDSEK=X
2017-12-01,USD,SEK,8.382479667663574,USDSEK=X
2017-12-04,USD,SEK,8.385560035705566,USDSEK=X
2017-12-05,USD,SEK,8.419179916381836,USDSEK=X
2017-12-06,USD,SEK,8.362930297851562,USDSEK=X
2017-12-07,USD,SEK,8.417099952697754,USDSEK=X
2017-12-08,USD,SEK,8.486430168151855,USDSEK=X
2017-12-11,USD,SEK,8.461970329284668,USDSEK=X
2017-12-12,USD,SEK,8.499360084533691,USDSEK=X
2017-12-13,USD,SEK,8.415900230407715,USDSEK=X
2017-12-14,USD,SEK,8.406999588012695,USDSEK=X
2017-12-15,USD,SEK,8.439709663391113,USDSEK=X
2017-12-18,USD,SEK,8.498700141906738,USDSEK=X
2017-12-19,USD,SEK,8.433830261230469,USDSEK=X
2017-12-20,USD,SEK,8.402099609375,USDSEK=X
2017-12-21,USD,SEK,8.391969680786133,USDSEK=X
2017-12-22,USD,SEK,8.383749961853027,USDSEK=X
2017-12-25,USD,SEK,8.337300300598145,USDSEK=X
2017-12-26,USD,SEK,8.324199676513672,USDSEK=X
2017-12-27,USD,SEK,8.348779678344727,USDSEK=X
2017-12-28,USD,SEK,8.265270233154297,USDSEK=X
2017-12-29,USD,SEK,8.245719909667969,USDSEK=X
2018-01-01,USD,SEK,8.179900169372559,USDSEK=X
2018-01-02,USD,SEK,8.179450035095215,USDSEK=X
2018-01-03,USD,SEK,8.156900405883789,USDSEK=X
2018-01-04,USD,SEK,8.1806001663208,USDSEK=X
2018-01-05,USD,SEK,8.132089614868164,USDSEK=X
2018-01-08,USD,SEK,8.145621299743652,USDSEK=X
2018-01-09,USD,SEK,8.203499794006348,USDSEK=X
2018-01-10,USD,SEK,8.235600471496582,USDSEK=X
2018-01-11,USD,SEK,8.192000389099121,USDSEK=X
2018-01-12,USD,SEK,8.124110221862793,USDSEK=X
2018-01-15,USD,SEK,8.042400360107422,USDSEK=X
2018-01-16,USD,SEK,8.01216983795166,USDSEK=X
2018-01-17,USD,SEK,8.031901359558105,USDSEK=X
2018-01-18,USD,SEK,8.047869682312012,USDSEK=X
2018-01-19,USD,SEK,8.015299797058105,USDSEK=X
2018-01-22,USD,SEK,8.02280044555664,USDSEK=X
2018-01-23,USD,SEK,8.022600173950195,USDSEK=X
2018-01-24,USD,SEK,7.997230052947998,USDSEK=X
2018-01-25,USD,SEK,7.930799961090088,USDSEK=X
2018-01-26,USD,SEK,7.9265899658203125,USDSEK=X
2018-01-29,USD,SEK,7.869410037994385,USDSEK=X
2018-01-30,USD,SEK,7.881400108337402,USDSEK=X
2018-01-31,USD,SEK,7.885459899902344,USDSEK=X
2018-02-01,USD,SEK,7.876299858093262,USDSEK=X
2018-02-02,USD,SEK,7.841819763183594,USDSEK=X
2018-02-05,USD,SEK,7.903850078582764,USDSEK=X
2018-02-06,USD,SEK,7.979420185089111,USDSEK=X
2018-02-07,USD,SEK,7.947800159454346,USDSEK=X
2018-02-08,USD,SEK,8.07859992980957,USDSEK=X
2018-02-09,USD,SEK,8.10416030883789,USDSEK=X
2018-02-12,USD,SEK,8.089960098266602,USDSEK=X
2018-02-13,USD,SEK,8.053000450134277,USDSEK=X
2018-02-14,USD,SEK,8.025489807128906,USDSEK=X
2018-02-15,USD,SEK,7.941669940948486,USDSEK=X
2018-02-16,USD,SEK,7.926660060882568,USDSEK=X
2018-02-19,USD,SEK,7.964630126953125,USDSEK=X
2018-02-20,USD,SEK,7.990499973297119,USDSEK=X
2018-02-21,USD,SEK,8.096799850463867,USDSEK=X
2018-02-22,USD,SEK,8.119460105895996,USDSEK=X
2018-02-23,USD,SEK,8.120771408081055,USDSEK=X
2018-02-26,USD,SEK,8.179200172424316,USDSEK=X
2018-02-27,USD,SEK,8.151140213012695,USDSEK=X
2018-02-28,USD,SEK,8.225099563598633,USDSEK=X
2018-03-01,USD,SEK,8.292710304260254,USDSEK=X
2018-03-02,USD,SEK,8.244250297546387,USDSEK=X
2018-03-05,USD,SEK,8.247599601745605,USDSEK=X
2018-03-06,USD,SEK,8.257599830627441,USDSEK=X
2018-03-07,USD,SEK,8.204130172729492,USDSEK=X
2018-03-08,USD,SEK,8.227009773254395,USDSEK=X
2018-03-09,USD,SEK,8.268899917602539,USDSEK=X
2018-03-12,USD,SEK,8.24258041381836,USDSEK=X
2018-03-13,USD,SEK,8.236379623413086,USDSEK=X
2018-03-14,USD,SEK,8.210599899291992,USDSEK=X
2018-03-15,USD,SEK,8.180370330810547,USDSEK=X
2018-03-16,USD,SEK,8.181090354919434,USDSEK=X
2018-03-19,USD,SEK,8.191900253295898,USDSEK=X
2018-03-20,USD,SEK,8.163629531860352,USDSEK=X
2018-03-21,USD,SEK,8.215780258178711,USDSEK=X
2018-03-22,USD,SEK,8.185700416564941,USDSEK=X
2018-03-23,USD,SEK,8.239819526672363,USDSEK=X
2018-03-26,USD,SEK,8.239299774169922,USDSEK=X
2018-03-27,USD,SEK,8.177300453186035,USDSEK=X
2018-03-28,USD,SEK,8.22500991821289,USDSEK=X
2018-03-29,USD,SEK,8.354780197143555,USDSEK=X
2018-03-30,USD,SEK,8.354700088500977,USDSEK=X
2018-04-02,USD,SEK,8.35072135925293,USDSEK=X
2018-04-03,USD,SEK,8.395099639892578,USDSEK=X
2018-04-04,USD,SEK,8.388500213623047,USDSEK=X
2018-04-05,USD,SEK,8.390130043029785,USDSEK=X
2018-04-06,USD,SEK,8.421910285949707,USDSEK=X
2018-04-09,USD,SEK,8.392390251159668,USDSEK=X
2018-04-10,USD,SEK,8.357919692993164,USDSEK=X
2018-04-11,USD,SEK,8.297329902648926,USDSEK=X
2018-04-12,USD,SEK,8.324210166931152,USDSEK=X
2018-04-13,USD,SEK,8.405839920043945,USDSEK=X
2018-04-16,USD,SEK,8.471699714660645,USDSEK=X
2018-04-17,USD,SEK,8.412830352783203,USDSEK=X
2018-04-18,USD,SEK,8.400659561157227,USDSEK=X
2018-04-19,USD,SEK,8.3985595703125,USDSEK=X
2018-04-20,USD,SEK,8.404959678649902,USDSEK=X
2018-04-23,USD,SEK,8.451899528503418,USDSEK=X
2018-04-24,USD,SEK,8.517189979553223,USDSEK=X
2018-04-25,USD,SEK,8.506799697875977,USDSEK=X
2018-04-26,USD,SEK,8.555459976196289,USDSEK=X
2018-04-27,USD,SEK,8.654339790344238,USDSEK=X
2018-04-30,USD,SEK,8.66985034942627,USDSEK=X
2018-05-01,USD,SEK,8.742199897766113,USDSEK=X
2018-05-02,USD,SEK,8.841429710388184,USDSEK=X
2018-05-03,USD,SEK,8.914199829101562,USDSEK=X
2018-05-04,USD,SEK,8.805100440979004,USDSEK=X
2018-05-07,USD,SEK,8.813520431518555,USDSEK=X
2018-05-08,USD,SEK,8.824799537658691,USDSEK=X
2018-05-09,USD,SEK,8.806400299072266,USDSEK=X
2018-05-10,USD,SEK,8.708700180053711,USDSEK=X
2018-05-11,USD,SEK,8.64678955078125,USDSEK=X
2018-05-14,USD,SEK,8.586810111999512,USDSEK=X
2018-05-15,USD,SEK,8.638699531555176,USDSEK=X
2018-05-16,USD,SEK,8.69419002532959,USDSEK=X
2018-05-17,USD,SEK,8.695099830627441,USDSEK=X
2018-05-18,USD,SEK,8.736900329589844,USDSEK=X
2018-05-21,USD,SEK,8.75883960723877,USDSEK=X
2018-05-22,USD,SEK,8.673600196838379,USDSEK=X
2018-05-23,USD,SEK,8.680769920349121,USDSEK=X
2018-05-24,USD,SEK,8.746549606323242,USDSEK=X
2018-05-25,USD,SEK,8.758899688720703,USDSEK=X
2018-05-28,USD,SEK,8.734800338745117,USDSEK=X
2018-05-29,USD,SEK,8.822400093078613,USDSEK=X
2018-05-30,USD,SEK,8.9689302444458,USDSEK=X
2018-05-31,USD,SEK,8.811969757080078,USDSEK=X
2018-06-01,USD,SEK,8.812470436096191,USDSEK=X
2018-06-04,USD,SEK,8.81470012664795,USDSEK=X
2018-06-05,USD,SEK,8.750900268554688,USDSEK=X
2018-06-06,USD,SEK,8.740799903869629,USDSEK=X
2018-06-07,USD,SEK,8.722999572753906,USDSEK=X
2018-06-08,USD,SEK,8.703780174255371,USDSEK=X
2018-06-11,USD,SEK,8.694899559020996,USDSEK=X
2018-06-12,USD,SEK,8.663000106811523,USDSEK=X
2018-06-13,USD,SEK,8.633999824523926,USDSEK=X
2018-06-14,USD,SEK,8.605500221252441,USDSEK=X
2018-06-15,USD,SEK,8.744799613952637,USDSEK=X
2018-06-18,USD,SEK,8.798100471496582,USDSEK=X
2018-06-19,USD,SEK,8.816410064697266,USDSEK=X
2018-06-20,USD,SEK,8.89074993133545,USDSEK=X
2018-06-21,USD,SEK,8.877459526062012,USDSEK=X
2018-06-22,USD,SEK,8.88833999633789,USDSEK=X
2018-06-25,USD,SEK,8.859149932861328,USDSEK=X
2018-06-26,USD,SEK,8.844490051269531,USDSEK=X
2018-06-27,USD,SEK,8.877260208129883,USDSEK=X
2018-06-28,USD,SEK,8.968500137329102,USDSEK=X
2018-06-29,USD,SEK,9.031330108642578,USDSEK=X
2018-07-02,USD,SEK,8.948100090026855,USDSEK=X
2018-07-03,USD,SEK,8.961190223693848,USDSEK=X
2018-07-04,USD,SEK,8.83076000213623,USDSEK=X
2018-07-05,USD,SEK,8.777560234069824,USDSEK=X
2018-07-06,USD,SEK,8.7669095993042,USDSEK=X
2018-07-09,USD,SEK,8.715499877929688,USDSEK=X
2018-07-10,USD,SEK,8.715330123901367,USDSEK=X
2018-07-11,USD,SEK,8.750550270080566,USDSEK=X
2018-07-12,USD,SEK,8.813899993896484,USDSEK=X
2018-07-13,USD,SEK,8.873970031738281,USDSEK=X
2018-07-16,USD,SEK,8.889699935913086,USDSEK=X
2018-07-17,USD,SEK,8.81797981262207,USDSEK=X
2018-07-18,USD,SEK,8.83899974822998,USDSEK=X
2018-07-19,USD,SEK,8.861160278320312,USDSEK=X
2018-07-20,USD,SEK,8.897199630737305,USDSEK=X
2018-07-23,USD,SEK,8.843199729919434,USDSEK=X
2018-07-24,USD,SEK,8.858420372009277,USDSEK=X
2018-07-25,USD,SEK,8.819950103759766,USDSEK=X
2018-07-26,USD,SEK,8.745960235595703,USDSEK=X
2018-07-27,USD,SEK,8.809920310974121,USDSEK=X
2018-07-30,USD,SEK,8.832869529724121,USDSEK=X
2018-07-31,USD,SEK,8.75275993347168,USDSEK=X
2018-08-01,USD,SEK,8.786999702453613,USDSEK=X
2018-08-02,USD,SEK,8.802559852600098,USDSEK=X
2018-08-03,USD,SEK,8.887040138244629,USDSEK=X
2018-08-06,USD,SEK,8.919130325317383,USDSEK=X
2018-08-07,USD,SEK,8.935600280761719,USDSEK=X
2018-08-08,USD,SEK,8.906000137329102,USDSEK=X
2018-08-09,USD,SEK,8.94890022277832,USDSEK=X
2018-08-10,USD,SEK,9.00469970703125,USDSEK=X
2018-08-13,USD,SEK,9.139699935913086,USDSEK=X
2018-08-14,USD,SEK,9.121800422668457,USDSEK=X
2018-08-15,USD,SEK,9.142900466918945,USDSEK=X
2018-08-16,USD,SEK,9.213000297546387,USDSEK=X
2018-08-17,USD,SEK,9.190799713134766,USDSEK=X
2018-08-20,USD,SEK,9.152000427246094,USDSEK=X
2018-08-21,USD,SEK,9.14706039428711,USDSEK=X
2018-08-22,USD,SEK,9.092060089111328,USDSEK=X
2018-08-23,USD,SEK,9.06488037109375,USDSEK=X
2018-08-24,USD,SEK,9.140199661254883,USDSEK=X
2018-08-27,USD,SEK,9.10004997253418,USDSEK=X
2018-08-28,USD,SEK,9.089690208435059,USDSEK=X
2018-08-29,USD,SEK,9.13368034362793,USDSEK=X
2018-08-30,USD,SEK,9.128999710083008,USDSEK=X
2018-08-31,USD,SEK,9.11832046508789,USDSEK=X
2018-09-03,USD,SEK,9.146300315856934,USDSEK=X
2018-09-04,USD,SEK,9.093549728393555,USDSEK=X
2018-09-05,USD,SEK,9.08076000213623,USDSEK=X
2018-09-06,USD,SEK,9.047900199890137,USDSEK=X
2018-09-07,USD,SEK,9.112059593200684,USDSEK=X
2018-09-10,USD,SEK,9.051050186157227,USDSEK=X
2018-09-11,USD,SEK,9.060700416564941,USDSEK=X
2018-09-12,USD,SEK,9.04990005493164,USDSEK=X
2018-09-13,USD,SEK,8.979780197143555,USDSEK=X
2018-09-14,USD,SEK,8.952619552612305,USDSEK=X
2018-09-17,USD,SEK,9.043600082397461,USDSEK=X
2018-09-18,USD,SEK,8.92240047454834,USDSEK=X
2018-09-19,USD,SEK,8.900659561157227,USDSEK=X
2018-09-20,USD,SEK,8.869290351867676,USDSEK=X
2018-09-21,USD,SEK,8.771750450134277,USDSEK=X
2018-09-24,USD,SEK,8.779600143432617,USDSEK=X
2018-09-25,USD,SEK,8.795140266418457,USDSEK=X
2018-09-26,USD,SEK,8.813949584960938,USDSEK=X
2018-09-27,USD,SEK,8.800399780273438,USDSEK=X
2018-09-28,USD,SEK,8.851940155029297,USDSEK=X
2018-10-01,USD,SEK,8.888799667358398,USDSEK=X
2018-10-02,USD,SEK,8.940899848937988,USDSEK=X
2018-10-03,USD,SEK,9.006999969482422,USDSEK=X
2018-10-04,USD,SEK,9.060199737548828,USDSEK=X
2018-10-05,USD,SEK,9.05447006225586,USDSEK=X
2018-10-08,USD,SEK,9.069000244140625,USDSEK=X
2018-10-09,USD,SEK,9.079299926757812,USDSEK=X
2018-10-10,USD,SEK,9.087909698486328,USDSEK=X
2018-10-11,USD,SEK,9.125940322875977,USDSEK=X
2018-10-12,USD,SEK,8.973600387573242,USDSEK=X
2018-10-15,USD,SEK,8.967860221862793,USDSEK=X
2018-10-16,USD,SEK,8.944100379943848,USDSEK=X
2018-10-17,USD,SEK,8.909720420837402,USDSEK=X
2018-10-18,USD,SEK,8.964920043945312,USDSEK=X
2018-10-19,USD,SEK,9.041899681091309,USDSEK=X
2018-10-22,USD,SEK,8.985699653625488,USDSEK=X
2018-10-23,USD,SEK,8.998430252075195,USDSEK=X
2018-10-24,USD,SEK,9.022270202636719,USDSEK=X
2018-10-25,USD,SEK,9.109000205993652,USDSEK=X
2018-10-26,USD,SEK,9.113200187683105,USDSEK=X
2018-10-29,USD,SEK,9.12913990020752,USDSEK=X
2018-10-30,USD,SEK,9.148659706115723,USDSEK=X
2018-10-31,USD,SEK,9.169300079345703,USDSEK=X
2018-11-01,USD,SEK,9.1596097946167,USDSEK=X
2018-11-02,USD,SEK,9.043800354003906,USDSEK=X
2018-11-05,USD,SEK,9.042499542236328,USDSEK=X
2018-11-06,USD,SEK,9.053400039672852,USDSEK=X
2018-11-07,USD,SEK,9.034720420837402,USDSEK=X
2018-11-08,USD,SEK,9.01749038696289,USDSEK=X
2018-11-09,USD,SEK,9.017979621887207,USDSEK=X
2018-11-12,USD,SEK,9.081720352172852,USDSEK=X
2018-11-13,USD,SEK,9.144539833068848,USDSEK=X
2018-11-14,USD,SEK,9.038700103759766,USDSEK=X
2018-11-15,USD,SEK,9.082679748535156,USDSEK=X
2018-11-16,USD,SEK,9.064299583435059,USDSEK=X
2018-11-19,USD,SEK,9.003000259399414,USDSEK=X
2018-11-20,USD,SEK,8.99779987335205,USDSEK=X
2018-11-21,USD,SEK,9.095390319824219,USDSEK=X
2018-11-22,USD,SEK,9.030280113220215,USDSEK=X
2018-11-23,USD,SEK,9.039159774780273,USDSEK=X
2018-11-26,USD,SEK,9.088780403137207,USDSEK=X
2018-11-27,USD,SEK,9.087180137634277,USDSEK=X
2018-11-28,USD,SEK,9.099499702453613,USDSEK=X
2018-11-29,USD,SEK,9.032480239868164,USDSEK=X
2018-11-30,USD,SEK,9.064000129699707,USDSEK=X
2018-12-03,USD,SEK,9.065500259399414,USDSEK=X
2018-12-04,USD,SEK,9.011670112609863,USDSEK=X
2018-12-05,USD,SEK,9.018959999084473,USDSEK=X
2018-12-06,USD,SEK,8.972399711608887,USDSEK=X
2018-12-07,USD,SEK,8.987380027770996,USDSEK=X
2018-12-10,USD,SEK,9.038900375366211,USDSEK=X
2018-12-11,USD,SEK,9.086899757385254,USDSEK=X
2018-12-12,USD,SEK,9.084230422973633,USDSEK=X
2018-12-13,USD,SEK,9.085700035095215,USDSEK=X
2018-12-14,USD,SEK,9.054530143737793,USDSEK=X
2018-12-17,USD,SEK,9.058899879455566,USDSEK=X
2018-12-18,USD,SEK,9.055020332336426,USDSEK=X
2018-12-19,USD,SEK,9.056139945983887,USDSEK=X
2018-12-20,USD,SEK,9.088239669799805,USDSEK=X
2018-12-21,USD,SEK,8.966130256652832,USDSEK=X
2018-12-24,USD,SEK,9.041190147399902,USDSEK=X
2018-12-25,USD,SEK,9.048100471496582,USDSEK=X
2018-12-26,USD,SEK,9.054389953613281,USDSEK=X
2018-12-27,USD,SEK,9.091010093688965,USDSEK=X
2018-12-28,USD,SEK,9.014430046081543,USDSEK=X
2018-12-31,USD,SEK,8.98009967803955,USDSEK=X
2019-01-01,USD,SEK,8.836910247802734,USDSEK=X
2019-01-02,USD,SEK,8.863499641418457,USDSEK=X
2019-01-03,USD,SEK,9.038000106811523,USDSEK=X
2019-01-04,USD,SEK,9.001399993896484,USDSEK=X
2019-01-07,USD,SEK,8.95359992980957,USDSEK=X
2019-01-08,USD,SEK,8.891949653625488,USDSEK=X
2019-01-09,USD,SEK,8.908699989318848,USDSEK=X
2019-01-10,USD,SEK,8.86320972442627,USDSEK=X
2019-01-11,USD,SEK,8.895400047302246,USDSEK=X
2019-01-14,USD,SEK,8.938590049743652,USDSEK=X
2019-01-15,USD,SEK,8.942999839782715,USDSEK=X
2019-01-16,USD,SEK,8.962800025939941,USDSEK=X
2019-01-17,USD,SEK,8.989500045776367,USDSEK=X
2019-01-18,USD,SEK,9.014220237731934,USDSEK=X
2019-01-21,USD,SEK,9.025699615478516,USDSEK=X
2019-01-22,USD,SEK,9.012680053710938,USDSEK=X
2019-01-23,USD,SEK,9.020299911499023,USDSEK=X
2019-01-24,USD,SEK,9.011300086975098,USDSEK=X
2019-01-25,USD,SEK,9.067890167236328,USDSEK=X
2019-01-28,USD,SEK,9.041449546813965,USDSEK=X
2019-01-29,USD,SEK,9.049799919128418,USDSEK=X
2019-01-30,USD,SEK,9.063739776611328,USDSEK=X
2019-01-31,USD,SEK,9.031999588012695,USDSEK=X
2019-02-01,USD,SEK,9.042989730834961,USDSEK=X
2019-02-04,USD,SEK,9.055899620056152,USDSEK=X
2019-02-05,USD,SEK,9.106809616088867,USDSEK=X
2019-02-06,USD,SEK,9.10990047454834,USDSEK=X
2019-02-07,USD,SEK,9.198590278625488,USDSEK=X
2019-02-08,USD,SEK,9.259969711303711,USDSEK=X
2019-02-11,USD,SEK,9.270719528198242,USDSEK=X
2019-02-12,USD,SEK,9.30364990234375,USDSEK=X
2019-02-13,USD,SEK,9.252519607543945,USDSEK=X
2019-02-14,USD,SEK,9.266500473022461,USDSEK=X
2019-02-15,USD,SEK,9.29004955291748,USDSEK=X
2019-02-18,USD,SEK,9.270500183105469,USDSEK=X
2019-02-19,USD,SEK,9.25059986114502,USDSEK=X
2019-02-20,USD,SEK,9.309630393981934,USDSEK=X
2019-02-21,USD,SEK,9.30370044708252,USDSEK=X
2019-02-22,USD,SEK,9.365240097045898,USDSEK=X
2019-02-25,USD,SEK,9.327199935913086,USDSEK=X
2019-02-26,USD,SEK,9.306309700012207,USDSEK=X
2019-02-27,USD,SEK,9.276639938354492,USDSEK=X
2019-02-28,USD,SEK,9.263529777526855,USDSEK=X
2019-03-01,USD,SEK,9.23550033569336,USDSEK=X
2019-03-04,USD,SEK,9.253820419311523,USDSEK=X
2019-03-05,USD,SEK,9.344329833984375,USDSEK=X
2019-03-06,USD,SEK,9.306229591369629,USDSEK=X
2019-03-07,USD,SEK,9.289239883422852,USDSEK=X
2019-03-08,USD,SEK,9.449700355529785,USDSEK=X
2019-03-11,USD,SEK,9.420299530029297,USDSEK=X
2019-03-12,USD,SEK,9.365400314331055,USDSEK=X
2019-03-13,USD,SEK,9.363300323486328,USDSEK=X
2019-03-14,USD,SEK,9.292119979858398,USDSEK=X
2019-03-15,USD,SEK,9.300479888916016,USDSEK=X
2019-03-18,USD,SEK,9.237899780273438,USDSEK=X
2019-03-19,USD,SEK,9.225299835205078,USDSEK=X
2019-03-20,USD,SEK,9.198100090026855,USDSEK=X
2019-03-21,USD,SEK,9.12339973449707,USDSEK=X
2019-03-22,USD,SEK,9.16819953918457,USDSEK=X
2019-03-25,USD,SEK,9.263199806213379,USDSEK=X
2019-03-26,USD,SEK,9.23490047454834,USDSEK=X
2019-03-27,USD,SEK,9.233699798583984,USDSEK=X
2019-03-28,USD,SEK,9.270600318908691,USDSEK=X
2019-03-29,USD,SEK,9.285499572753906,USDSEK=X
2019-04-01,USD,SEK,9.276200294494629,USDSEK=X
2019-04-02,USD,SEK,9.284899711608887,USDSEK=X
2019-04-03,USD,SEK,9.32349967956543,USDSEK=X
2019-04-04,USD,SEK,9.25979995727539,USDSEK=X
2019-04-05,USD,SEK,9.281940460205078,USDSEK=X
2019-04-08,USD,SEK,9.293760299682617,USDSEK=X
2019-04-09,USD,SEK,9.266670227050781,USDSEK=X
2019-04-10,USD,SEK,9.249300003051758,USDSEK=X
2019-04-11,USD,SEK,9.257399559020996,USDSEK=X
2019-04-12,USD,SEK,9.282299995422363,USDSEK=X
2019-04-15,USD,SEK,9.258500099182129,USDSEK=X
2019-04-16,USD,SEK,9.263799667358398,USDSEK=X
2019-04-17,USD,SEK,9.256600379943848,USDSEK=X
2019-04-18,USD,SEK,9.241499900817871,USDSEK=X
2019-04-19,USD,SEK,9.306360244750977,USDSEK=X
2019-04-22,USD,SEK,9.307979583740234,USDSEK=X
2019-04-23,USD,SEK,9.303389549255371,USDSEK=X
2019-04-24,USD,SEK,9.357250213623047,USDSEK=X
2019-04-25,USD,SEK,9.428999900817871,USDSEK=X
2019-04-26,USD,SEK,9.529399871826172,USDSEK=X
2019-04-29,USD,SEK,9.509300231933594,USDSEK=X
2019-04-30,USD,SEK,9.510069847106934,USDSEK=X
2019-05-01,USD,SEK,9.49332046508789,USDSEK=X
2019-05-02,USD,SEK,9.53639030456543,USDSEK=X
2019-05-03,USD,SEK,9.576849937438965,USDSEK=X
2019-05-06,USD,SEK,9.568320274353027,USDSEK=X
2019-05-07,USD,SEK,9.562800407409668,USDSEK=X
2019-05-08,USD,SEK,9.589300155639648,USDSEK=X
2019-05-09,USD,SEK,9.610230445861816,USDSEK=X
2019-05-10,USD,SEK,9.65032958984375,USDSEK=X
2019-05-13,USD,SEK,9.614100456237793,USDSEK=X
2019-05-14,USD,SEK,9.630499839782715,USDSEK=X
2019-05-15,USD,SEK,9.606100082397461,USDSEK=X
2019-05-16,USD,SEK,9.603230476379395,USDSEK=X
2019-05-17,USD,SEK,9.63949966430664,USDSEK=X
2019-05-20,USD,SEK,9.639849662780762,USDSEK=X
2019-05-21,USD,SEK,9.660099983215332,USDSEK=X
2019-05-23,USD,SEK,9.630149841308594,USDSEK=X
2019-05-24,USD,SEK,9.610099792480469,USDSEK=X
2019-05-27,USD,SEK,9.529500007629395,USDSEK=X
2019-05-28,USD,SEK,9.578200340270996,USDSEK=X
2019-05-29,USD,SEK,9.578900337219238,USDSEK=X
2019-05-30,USD,SEK,9.547209739685059,USDSEK=X
2019-05-31,USD,SEK,9.534049987792969,USDSEK=X
2019-06-03,USD,SEK,9.485779762268066,USDSEK=X
2019-06-04,USD,SEK,9.441699981689453,USDSEK=X
2019-06-05,USD,SEK,9.435020446777344,USDSEK=X
2019-06-06,USD,SEK,9.435999870300293,USDSEK=X
2019-06-07,USD,SEK,9.421030044555664,USDSEK=X
2019-06-10,USD,SEK,9.406240463256836,USDSEK=X
2019-06-11,USD,SEK,9.416199684143066,USDSEK=X
2019-06-12,USD,SEK,9.446040153503418,USDSEK=X
2019-06-13,USD,SEK,9.46660041809082,USDSEK=X
2019-06-14,USD,SEK,9.475799560546875,USDSEK=X
2019-06-17,USD,SEK,9.48108959197998,USDSEK=X
2019-06-18,USD,SEK,9.473810195922852,USDSEK=X
2019-06-19,USD,SEK,9.52853012084961,USDSEK=X
2019-06-20,USD,SEK,9.477299690246582,USDSEK=X
2019-06-21,USD,SEK,9.405019760131836,USDSEK=X
2019-06-24,USD,SEK,9.339599609375,USDSEK=X
2019-06-25,USD,SEK,9.276599884033203,USDSEK=X
2019-06-26,USD,SEK,9.28318977355957,USDSEK=X
2019-06-27,USD,SEK,9.258959770202637,USDSEK=X
2019-06-28,USD,SEK,9.267999649047852,USDSEK=X
2019-07-01,USD,SEK,9.290399551391602,USDSEK=X
2019-07-02,USD,SEK,9.356559753417969,USDSEK=X
2019-07-03,USD,SEK,9.330169677734375,USDSEK=X
2019-07-04,USD,SEK,9.302000045776367,USDSEK=X
2019-07-05,USD,SEK,9.319490432739258,USDSEK=X
2019-07-08,USD,SEK,9.433500289916992,USDSEK=X
2019-07-09,USD,SEK,9.458399772644043,USDSEK=X
2019-07-10,USD,SEK,9.467900276184082,USDSEK=X
2019-07-11,USD,SEK,9.40880012512207,USDSEK=X
2019-07-12,USD,SEK,9.37969970703125,USDSEK=X
2019-07-15,USD,SEK,9.366379737854004,USDSEK=X
2019-07-16,USD,SEK,9.34768009185791,USDSEK=X
2019-07-17,USD,SEK,9.386300086975098,USDSEK=X
2019-07-18,USD,SEK,9.359800338745117,USDSEK=X
2019-07-19,USD,SEK,9.31624984741211,USDSEK=X
2019-07-22,USD,SEK,9.383399963378906,USDSEK=X
2019-07-23,USD,SEK,9.413599967956543,USDSEK=X
2019-07-24,USD,SEK,9.47089958190918,USDSEK=X
2019-07-25,USD,SEK,9.419599533081055,USDSEK=X
2019-07-26,USD,SEK,9.44540023803711,USDSEK=X
2019-07-29,USD,SEK,9.502099990844727,USDSEK=X
2019-07-30,USD,SEK,9.482399940490723,USDSEK=X
2019-07-31,USD,SEK,9.56427001953125,USDSEK=X
2019-08-01,USD,SEK,9.662520408630371,USDSEK=X
2019-08-02,USD,SEK,9.659130096435547,USDSEK=X
2019-08-05,USD,SEK,9.62660026550293,USDSEK=X
2019-08-06,USD,SEK,9.56980037689209,USDSEK=X
2019-08-07,USD,SEK,9.573229789733887,USDSEK=X
2019-08-08,USD,SEK,9.626299858093262,USDSEK=X
2019-08-09,USD,SEK,9.594200134277344,USDSEK=X
2019-08-12,USD,SEK,9.53948974609375,USDSEK=X
2019-08-13,USD,SEK,9.557259559631348,USDSEK=X
2019-08-14,USD,SEK,9.538299560546875,USDSEK=X
2019-08-15,USD,SEK,9.623459815979004,USDSEK=X
2019-08-16,USD,SEK,9.634699821472168,USDSEK=X
2019-08-19,USD,SEK,9.665340423583984,USDSEK=X
2019-08-20,USD,SEK,9.682909965515137,USDSEK=X
2019-08-21,USD,SEK,9.684700012207031,USDSEK=X
2019-08-22,USD,SEK,9.615599632263184,USDSEK=X
2019-08-23,USD,SEK,9.672920227050781,USDSEK=X
2019-08-26,USD,SEK,9.634200096130371,USDSEK=X
2019-08-27,USD,SEK,9.67020034790039,USDSEK=X
2019-08-28,USD,SEK,9.667799949645996,USDSEK=X
2019-08-29,USD,SEK,9.71875,USDSEK=X
2019-08-30,USD,SEK,9.77256965637207,USDSEK=X
2019-09-02,USD,SEK,9.815099716186523,USDSEK=X
2019-09-03,USD,SEK,9.829719543457031,USDSEK=X
2019-09-04,USD,SEK,9.814800262451172,USDSEK=X
2019-09-05,USD,SEK,9.72920036315918,USDSEK=X
2019-09-06,USD,SEK,9.682900428771973,USDSEK=X
2019-09-09,USD,SEK,9.63949966430664,USDSEK=X
2019-09-10,USD,SEK,9.656599998474121,USDSEK=X
2019-09-11,USD,SEK,9.677200317382812,USDSEK=X
2019-09-12,USD,SEK,9.671699523925781,USDSEK=X
2019-09-13,USD,SEK,9.632749557495117,USDSEK=X
2019-09-16,USD,SEK,9.596549987792969,USDSEK=X
2019-09-17,USD,SEK,9.656499862670898,USDSEK=X
2019-09-18,USD,SEK,9.66448974609375,USDSEK=X
2019-09-19,USD,SEK,9.721110343933105,USDSEK=X
2019-09-20,USD,SEK,9.686949729919434,USDSEK=X
2019-09-23,USD,SEK,9.695300102233887,USDSEK=X
2019-09-24,USD,SEK,9.705599784851074,USDSEK=X
2019-09-25,USD,SEK,9.669300079345703,USDSEK=X
2019-09-26,USD,SEK,9.7431001663208,USDSEK=X
2019-09-27,USD,SEK,9.760760307312012,USDSEK=X
2019-09-30,USD,SEK,9.782600402832031,USDSEK=X
2019-10-01,USD,SEK,9.839599609375,USDSEK=X
2019-10-02,USD,SEK,9.871089935302734,USDSEK=X
2019-10-03,USD,SEK,9.870100021362305,USDSEK=X
2019-10-04,USD,SEK,9.85492992401123,USDSEK=X
2019-10-07,USD,SEK,9.839400291442871,USDSEK=X
2019-10-08,USD,SEK,9.911580085754395,USDSEK=X
2019-10-09,USD,SEK,9.93848991394043,USDSEK=X
2019-10-10,USD,SEK,9.944700241088867,USDSEK=X
2019-10-11,USD,SEK,9.833800315856934,USDSEK=X
2019-10-14,USD,SEK,9.809700012207031,USDSEK=X
2019-10-15,USD,SEK,9.817680358886719,USDSEK=X
2019-10-16,USD,SEK,9.803199768066406,USDSEK=X
2019-10-17,USD,SEK,9.773699760437012,USDSEK=X
2019-10-18,USD,SEK,9.704899787902832,USDSEK=X
2019-10-21,USD,SEK,9.660750389099121,USDSEK=X
2019-10-22,USD,SEK,9.63895034790039,USDSEK=X
2019-10-23,USD,SEK,9.640270233154297,USDSEK=X
2019-10-24,USD,SEK,9.63871955871582,USDSEK=X
2019-10-25,USD,SEK,9.654979705810547,USDSEK=X
2019-10-28,USD,SEK,9.677800178527832,USDSEK=X
2019-10-29,USD,SEK,9.707599639892578,USDSEK=X
2019-10-30,USD,SEK,9.700200080871582,USDSEK=X
2019-10-31,USD,SEK,9.644109725952148,USDSEK=X
2019-11-01,USD,SEK,9.648119926452637,USDSEK=X
2019-11-04,USD,SEK,9.55840015411377,USDSEK=X
2019-11-05,USD,SEK,9.617010116577148,USDSEK=X
2019-11-06,USD,SEK,9.65371036529541,USDSEK=X
2019-11-07,USD,SEK,9.619000434875488,USDSEK=X
2019-11-08,USD,SEK,9.624699592590332,USDSEK=X
2019-11-11,USD,SEK,9.70226001739502,USDSEK=X
2019-11-12,USD,SEK,9.692350387573242,USDSEK=X
2019-11-13,USD,SEK,9.711190223693848,USDSEK=X
2019-11-14,USD,SEK,9.725199699401855,USDSEK=X
2019-11-15,USD,SEK,9.677729606628418,USDSEK=X
2019-11-18,USD,SEK,9.628769874572754,USDSEK=X
2019-11-19,USD,SEK,9.638239860534668,USDSEK=X
2019-11-20,USD,SEK,9.632780075073242,USDSEK=X
2019-11-21,USD,SEK,9.633199691772461,USDSEK=X
2019-11-22,USD,SEK,9.617179870605469,USDSEK=X
2019-11-25,USD,SEK,9.625200271606445,USDSEK=X
2019-11-26,USD,SEK,9.639800071716309,USDSEK=X
2019-11-27,USD,SEK,9.582500457763672,USDSEK=X
2019-11-28,USD,SEK,9.57826042175293,USDSEK=X
2019-11-29,USD,SEK,9.548500061035156,USDSEK=X
2019-12-02,USD,SEK,9.569339752197266,USDSEK=X
2019-12-03,USD,SEK,9.541110038757324,USDSEK=X
2019-12-04,USD,SEK,9.524700164794922,USDSEK=X
2019-12-05,USD,SEK,9.499699592590332,USDSEK=X
2019-12-06,USD,SEK,9.487629890441895,USDSEK=X
2019-12-09,USD,SEK,9.498889923095703,USDSEK=X
2019-12-10,USD,SEK,9.529769897460938,USDSEK=X
2019-12-11,USD,SEK,9.49193000793457,USDSEK=X
2019-12-12,USD,SEK,9.381999969482422,USDSEK=X
2019-12-13,USD,SEK,9.34041976928711,USDSEK=X
2019-12-16,USD,SEK,9.38012981414795,USDSEK=X
2019-12-17,USD,SEK,9.365900039672852,USDSEK=X
2019-12-18,USD,SEK,9.37777042388916,USDSEK=X
2019-12-19,USD,SEK,9.416720390319824,USDSEK=X
2019-12-20,USD,SEK,9.40530014038086,USDSEK=X
2019-12-23,USD,SEK,9.40310001373291,USDSEK=X
2019-12-24,USD,SEK,9.430870056152344,USDSEK=X
2019-12-25,USD,SEK,9.40939998626709,USDSEK=X
2019-12-26,USD,SEK,9.397199630737305,USDSEK=X
2019-12-27,USD,SEK,9.404350280761719,USDSEK=X
2019-12-30,USD,SEK,9.326040267944336,USDSEK=X
2019-12-31,USD,SEK,9.344679832458496,USDSEK=X
2020-01-01,USD,SEK,9.170809745788574,USDSEK=X
2020-01-02,USD,SEK,9.339400291442871,USDSEK=X
2020-01-03,USD,SEK,9.36139965057373,USDSEK=X
2020-01-06,USD,SEK,9.409680366516113,USDSEK=X
2020-01-07,USD,SEK,9.403499603271484,USDSEK=X
2020-01-08,USD,SEK,9.468910217285156,USDSEK=X
2020-01-09,USD,SEK,9.451530456542969,USDSEK=X
2020-01-10,USD,SEK,9.485600471496582,USDSEK=X
2020-01-13,USD,SEK,9.50160026550293,USDSEK=X
2020-01-14,USD,SEK,9.464630126953125,USDSEK=X
2020-01-15,USD,SEK,9.46150016784668,USDSEK=X
2020-01-16,USD,SEK,9.456299781799316,USDSEK=X
2020-01-17,USD,SEK,9.485699653625488,USDSEK=X
2020-01-20,USD,SEK,9.515549659729004,USDSEK=X
2020-01-21,USD,SEK,9.516599655151367,USDSEK=X
2020-01-22,USD,SEK,9.51509952545166,USDSEK=X
2020-01-23,USD,SEK,9.496210098266602,USDSEK=X
2020-01-24,USD,SEK,9.52750015258789,USDSEK=X
2020-01-27,USD,SEK,9.575579643249512,USDSEK=X
2020-01-28,USD,SEK,9.620599746704102,USDSEK=X
2020-01-29,USD,SEK,9.606149673461914,USDSEK=X
2020-01-30,USD,SEK,9.613499641418457,USDSEK=X
2020-01-31,USD,SEK,9.640800476074219,USDSEK=X
2020-02-03,USD,SEK,9.632610321044922,USDSEK=X
2020-02-04,USD,SEK,9.646300315856934,USDSEK=X
2020-02-05,USD,SEK,9.585399627685547,USDSEK=X
2020-02-06,USD,SEK,9.583499908447266,USDSEK=X
2020-02-07,USD,SEK,9.619099617004395,USDSEK=X
2020-02-10,USD,SEK,9.658900260925293,USDSEK=X
2020-02-11,USD,SEK,9.657899856567383,USDSEK=X
2020-02-12,USD,SEK,9.628000259399414,USDSEK=X
2020-02-13,USD,SEK,9.636930465698242,USDSEK=X
2020-02-14,USD,SEK,9.668950080871582,USDSEK=X
2020-02-17,USD,SEK,9.707050323486328,USDSEK=X
2020-02-18,USD,SEK,9.685600280761719,USDSEK=X
2020-02-19,USD,SEK,9.778539657592773,USDSEK=X
2020-02-20,USD,SEK,9.775810241699219,USDSEK=X
2020-02-21,USD,SEK,9.81155014038086,USDSEK=X
2020-02-24,USD,SEK,9.743330001831055,USDSEK=X
2020-02-25,USD,SEK,9.729649543762207,USDSEK=X
2020-02-26,USD,SEK,9.7191801071167,USDSEK=X
2020-02-27,USD,SEK,9.732390403747559,USDSEK=X
2020-02-28,USD,SEK,9.66117000579834,USDSEK=X
2020-03-02,USD,SEK,9.618300437927246,USDSEK=X
2020-03-03,USD,SEK,9.536600112915039,USDSEK=X
2020-03-04,USD,SEK,9.451849937438965,USDSEK=X
2020-03-05,USD,SEK,9.469300270080566,USDSEK=X
2020-03-06,USD,SEK,9.442099571228027,USDSEK=X
2020-03-09,USD,SEK,9.382479667663574,USDSEK=X
2020-03-10,USD,SEK,9.463339805603027,USDSEK=X
2020-03-11,USD,SEK,9.512140274047852,USDSEK=X
2020-03-12,USD,SEK,9.52931022644043,USDSEK=X
2020-03-13,USD,SEK,9.736849784851074,USDSEK=X
2020-03-16,USD,SEK,9.689840316772461,USDSEK=X
2020-03-17,USD,SEK,9.780269622802734,USDSEK=X
2020-03-18,USD,SEK,9.874699592590332,USDSEK=X
2020-03-19,USD,SEK,10.197400093078613,USDSEK=X
2020-03-20,USD,SEK,10.01906967163086,USDSEK=X
2020-03-23,USD,SEK,10.438770294189453,USDSEK=X
2020-03-24,USD,SEK,10.281270027160645,USDSEK=X
2020-03-25,USD,SEK,10.099109649658203,USDSEK=X
2020-03-26,USD,SEK,10.0620698928833,USDSEK=X
2020-03-27,USD,SEK,9.939689636230469,USDSEK=X
2020-03-30,USD,SEK,9.919260025024414,USDSEK=X
2020-03-31,USD,SEK,10.026820182800293,USDSEK=X
2020-04-01,USD,SEK,9.896419525146484,USDSEK=X
2020-04-02,USD,SEK,10.026900291442871,USDSEK=X
2020-04-03,USD,SEK,10.089409828186035,USDSEK=X
2020-04-06,USD,SEK,10.176340103149414,USDSEK=X
2020-04-07,USD,SEK,10.104960441589355,USDSEK=X
2020-04-08,USD,SEK,10.038299560546875,USDSEK=X
2020-04-09,USD,SEK,10.070899963378906,USDSEK=X
2020-04-10,USD,SEK,9.944470405578613,USDSEK=X
2020-04-13,USD,SEK,9.937170028686523,USDSEK=X
2020-04-14,USD,SEK,9.987700462341309,USDSEK=X
2020-04-15,USD,SEK,9.92432975769043,USDSEK=X
2020-04-16,USD,SEK,10.040809631347656,USDSEK=X
2020-04-17,USD,SEK,9.998749732971191,USDSEK=X
2020-04-20,USD,SEK,9.985939979553223,USDSEK=X
2020-04-21,USD,SEK,10.016670227050781,USDSEK=X
2020-04-22,USD,SEK,10.093799591064453,USDSEK=X
2020-04-23,USD,SEK,10.114700317382812,USDSEK=X
2020-04-24,USD,SEK,10.065489768981934,USDSEK=X
2020-04-27,USD,SEK,10.032999992370605,USDSEK=X
2020-04-28,USD,SEK,10.005350112915039,USDSEK=X
2020-04-29,USD,SEK,9.876500129699707,USDSEK=X
2020-04-30,USD,SEK,9.840780258178711,USDSEK=X
2020-05-01,USD,SEK,9.756819725036621,USDSEK=X
2020-05-04,USD,SEK,9.909560203552246,USDSEK=X
2020-05-05,USD,SEK,9.855429649353027,USDSEK=X
2020-05-06,USD,SEK,9.818690299987793,USDSEK=X
2020-05-07,USD,SEK,9.849140167236328,USDSEK=X
2020-05-08,USD,SEK,9.806830406188965,USDSEK=X
2020-05-11,USD,SEK,9.781299591064453,USDSEK=X
2020-05-12,USD,SEK,9.870670318603516,USDSEK=X
2020-05-13,USD,SEK,9.775500297546387,USDSEK=X
2020-05-14,USD,SEK,9.808799743652344,USDSEK=X
2020-05-15,USD,SEK,9.79259967803955,USDSEK=X
2020-05-18,USD,SEK,9.862540245056152,USDSEK=X
2020-05-19,USD,SEK,9.70009994506836,USDSEK=X
2020-05-20,USD,SEK,9.681300163269043,USDSEK=X
2020-05-21,USD,SEK,9.582859992980957,USDSEK=X
2020-05-22,USD,SEK,9.619099617004395,USDSEK=X
2020-05-25,USD,SEK,9.657299995422363,USDSEK=X
2020-05-26,USD,SEK,9.67216968536377,USDSEK=X
2020-05-27,USD,SEK,9.614450454711914,USDSEK=X
2020-05-28,USD,SEK,9.591500282287598,USDSEK=X
2020-05-29,USD,SEK,9.51550006866455,USDSEK=X
2020-06-01,USD,SEK,9.419500350952148,USDSEK=X
2020-06-02,USD,SEK,9.372039794921875,USDSEK=X
2020-06-03,USD,SEK,9.322859764099121,USDSEK=X
2020-06-04,USD,SEK,9.28678035736084,USDSEK=X
2020-06-05,USD,SEK,9.194379806518555,USDSEK=X
2020-06-08,USD,SEK,9.150010108947754,USDSEK=X
2020-06-09,USD,SEK,9.18690013885498,USDSEK=X
2020-06-10,USD,SEK,9.210129737854004,USDSEK=X
2020-06-11,USD,SEK,9.198220252990723,USDSEK=X
2020-06-12,USD,SEK,9.334019660949707,USDSEK=X
2020-06-15,USD,SEK,9.345749855041504,USDSEK=X
2020-06-16,USD,SEK,9.26416015625,USDSEK=X
2020-06-17,USD,SEK,9.362199783325195,USDSEK=X
2020-06-18,USD,SEK,9.326410293579102,USDSEK=X
2020-06-19,USD,SEK,9.404500007629395,USDSEK=X
2020-06-22,USD,SEK,9.463509559631348,USDSEK=X
2020-06-23,USD,SEK,9.339949607849121,USDSEK=X
2020-06-24,USD,SEK,9.281020164489746,USDSEK=X
2020-06-25,USD,SEK,9.374930381774902,USDSEK=X
2020-06-26,USD,SEK,9.319000244140625,USDSEK=X
2020-06-29,USD,SEK,9.332599639892578,USDSEK=X
2020-06-30,USD,SEK,9.323149681091309,USDSEK=X
2020-07-01,USD,SEK,9.318300247192383,USDSEK=X
2020-07-02,USD,SEK,9.30972957611084,USDSEK=X
2020-07-03,USD,SEK,9.315790176391602,USDSEK=X
2020-07-06,USD,SEK,9.319899559020996,USDSEK=X
2020-07-07,USD,SEK,9.238180160522461,USDSEK=X
2020-07-08,USD,SEK,9.25979995727539,USDSEK=X
2020-07-09,USD,SEK,9.163700103759766,USDSEK=X
2020-07-10,USD,SEK,9.232600212097168,USDSEK=X
2020-07-13,USD,SEK,9.192999839782715,USDSEK=X
2020-07-14,USD,SEK,9.1837797164917,USDSEK=X
2020-07-15,USD,SEK,9.088809967041016,USDSEK=X
2020-07-16,USD,SEK,9.067159652709961,USDSEK=X
2020-07-17,USD,SEK,9.059370040893555,USDSEK=X
2020-07-20,USD,SEK,9.027509689331055,USDSEK=X
2020-07-21,USD,SEK,8.960100173950195,USDSEK=X
2020-07-22,USD,SEK,8.863149642944336,USDSEK=X
2020-07-23,USD,SEK,8.86929988861084,USDSEK=X
2020-07-24,USD,SEK,8.8571195602417,USDSEK=X
2020-07-27,USD,SEK,8.83329963684082,USDSEK=X
2020-07-28,USD,SEK,8.713339805603027,USDSEK=X
2020-07-29,USD,SEK,8.77400016784668,USDSEK=X
2020-07-30,USD,SEK,8.727700233459473,USDSEK=X
2020-07-31,USD,SEK,8.681099891662598,USDSEK=X
2020-08-03,USD,SEK,8.76729965209961,USDSEK=X
2020-08-04,USD,SEK,8.735750198364258,USDSEK=X
2020-08-05,USD,SEK,8.71741008758545,USDSEK=X
2020-08-06,USD,SEK,8.652999877929688,USDSEK=X
2020-08-07,USD,SEK,8.687939643859863,USDSEK=X
2020-08-10,USD,SEK,8.747650146484375,USDSEK=X
2020-08-11,USD,SEK,8.754300117492676,USDSEK=X
2020-08-12,USD,SEK,8.762189865112305,USDSEK=X
2020-08-13,USD,SEK,8.68008041381836,USDSEK=X
2020-08-14,USD,SEK,8.687210083007812,USDSEK=X
2020-08-17,USD,SEK,8.674200057983398,USDSEK=X
2020-08-18,USD,SEK,8.680899620056152,USDSEK=X
2020-08-19,USD,SEK,8.630800247192383,USDSEK=X
2020-08-20,USD,SEK,8.695859909057617,USDSEK=X
2020-08-21,USD,SEK,8.691049575805664,USDSEK=X
2020-08-24,USD,SEK,8.788800239562988,USDSEK=X
2020-08-25,USD,SEK,8.779580116271973,USDSEK=X
2020-08-26,USD,SEK,8.744190216064453,USDSEK=X
2020-08-27,USD,SEK,8.711640357971191,USDSEK=X
2020-08-28,USD,SEK,8.7247896194458,USDSEK=X
2020-08-31,USD,SEK,8.615699768066406,USDSEK=X
2020-09-01,USD,SEK,8.647199630737305,USDSEK=X
2020-09-02,USD,SEK,8.67389965057373,USDSEK=X
2020-09-03,USD,SEK,8.714059829711914,USDSEK=X
2020-09-04,USD,SEK,8.741220474243164,USDSEK=X
2020-09-07,USD,SEK,8.736889839172363,USDSEK=X
2020-09-08,USD,SEK,8.767200469970703,USDSEK=X
2020-09-09,USD,SEK,8.833000183105469,USDSEK=X
2020-09-10,USD,SEK,8.73511028289795,USDSEK=X
2020-09-11,USD,SEK,8.762929916381836,USDSEK=X
2020-09-14,USD,SEK,8.778200149536133,USDSEK=X
2020-09-15,USD,SEK,8.763699531555176,USDSEK=X
2020-09-16,USD,SEK,8.787659645080566,USDSEK=X
2020-09-17,USD,SEK,8.808710098266602,USDSEK=X
2020-09-18,USD,SEK,8.77379035949707,USDSEK=X
2020-09-21,USD,SEK,8.763899803161621,USDSEK=X
2020-09-22,USD,SEK,8.841340065002441,USDSEK=X
2020-09-23,USD,SEK,8.902790069580078,USDSEK=X
2020-09-24,USD,SEK,8.991290092468262,USDSEK=X
2020-09-25,USD,SEK,9.095479965209961,USDSEK=X
2020-09-28,USD,SEK,9.124939918518066,USDSEK=X
2020-09-29,USD,SEK,9.027759552001953,USDSEK=X
2020-09-30,USD,SEK,8.965649604797363,USDSEK=X
2020-10-01,USD,SEK,8.922109603881836,USDSEK=X
2020-10-02,USD,SEK,8.894000053405762,USDSEK=X
2020-10-05,USD,SEK,8.919340133666992,USDSEK=X
2020-10-06,USD,SEK,8.88640022277832,USDSEK=X
2020-10-07,USD,SEK,8.943300247192383,USDSEK=X
2020-10-08,USD,SEK,8.876199722290039,USDSEK=X
2020-10-09,USD,SEK,8.851200103759766,USDSEK=X
2020-10-12,USD,SEK,8.798689842224121,USDSEK=X
2020-10-13,USD,SEK,8.794309616088867,USDSEK=X
2020-10-14,USD,SEK,8.82135009765625,USDSEK=X
2020-10-15,USD,SEK,8.824600219726562,USDSEK=X
2020-10-16,USD,SEK,8.876879692077637,USDSEK=X
2020-10-19,USD,SEK,8.842100143432617,USDSEK=X
2020-10-20,USD,SEK,8.829139709472656,USDSEK=X
2020-10-21,USD,SEK,8.740599632263184,USDSEK=X
2020-10-22,USD,SEK,8.743720054626465,USDSEK=X
2020-10-23,USD,SEK,8.762330055236816,USDSEK=X
2020-10-26,USD,SEK,8.756930351257324,USDSEK=X
2020-10-27,USD,SEK,8.740670204162598,USDSEK=X
2020-10-28,USD,SEK,8.737959861755371,USDSEK=X
2020-10-29,USD,SEK,8.84453010559082,USDSEK=X
2020-10-30,USD,SEK,8.914210319519043,USDSEK=X
2020-11-02,USD,SEK,8.907999992370605,USDSEK=X
2020-11-03,USD,SEK,8.902600288391113,USDSEK=X
2020-11-04,USD,SEK,8.773329734802246,USDSEK=X
2020-11-05,USD,SEK,8.780699729919434,USDSEK=X
2020-11-06,USD,SEK,8.69044017791748,USDSEK=X
2020-11-09,USD,SEK,8.624910354614258,USDSEK=X
2020-11-10,USD,SEK,8.61814022064209,USDSEK=X
2020-11-11,USD,SEK,8.607339859008789,USDSEK=X
2020-11-12,USD,SEK,8.634499549865723,USDSEK=X
2020-11-13,USD,SEK,8.638440132141113,USDSEK=X
2020-11-16,USD,SEK,8.668700218200684,USDSEK=X
2020-11-17,USD,SEK,8.609939575195312,USDSEK=X
2020-11-18,USD,SEK,8.620100021362305,USDSEK=X
2020-11-19,USD,SEK,8.600199699401855,USDSEK=X
2020-11-20,USD,SEK,8.595979690551758,USDSEK=X
2020-11-23,USD,SEK,8.608599662780762,USDSEK=X
2020-11-24,USD,SEK,8.622329711914062,USDSEK=X
2020-11-25,USD,SEK,8.530879974365234,USDSEK=X
2020-11-26,USD,SEK,8.486499786376953,USDSEK=X
2020-11-27,USD,SEK,8.5252103805542,USDSEK=X
2020-11-30,USD,SEK,8.496789932250977,USDSEK=X
2020-12-01,USD,SEK,8.564550399780273,USDSEK=X
2020-12-02,USD,SEK,8.484040260314941,USDSEK=X
2020-12-03,USD,SEK,8.455860137939453,USDSEK=X
2020-12-04,USD,SEK,8.445300102233887,USDSEK=X
2020-12-07,USD,SEK,8.456350326538086,USDSEK=X
2020-12-08,USD,SEK,8.397589683532715,USDSEK=X
2020-12-09,USD,SEK,8.460800170898438,USDSEK=X
2020-12-10,USD,SEK,8.493760108947754,USDSEK=X
2020-12-11,USD,SEK,8.443059921264648,USDSEK=X
2020-12-14,USD,SEK,8.428389549255371,USDSEK=X
2020-12-15,USD,SEK,8.399700164794922,USDSEK=X
2020-12-16,USD,SEK,8.376399993896484,USDSEK=X
2020-12-17,USD,SEK,8.344030380249023,USDSEK=X
2020-12-18,USD,SEK,8.276869773864746,USDSEK=X
2020-12-21,USD,SEK,8.283539772033691,USDSEK=X
2020-12-22,USD,SEK,8.251110076904297,USDSEK=X
2020-12-23,USD,SEK,8.32660961151123,USDSEK=X
2020-12-24,USD,SEK,8.287910461425781,USDSEK=X
2020-12-25,USD,SEK,8.207710266113281,USDSEK=X
2020-12-28,USD,SEK,8.256449699401855,USDSEK=X
2020-12-29,USD,SEK,8.260510444641113,USDSEK=X
2020-12-30,USD,SEK,8.20464038848877,USDSEK=X
2020-12-31,USD,SEK,8.188770294189453,USDSEK=X
2021-01-01,USD,SEK,8.152629852294922,USDSEK=X
2021-01-04,USD,SEK,8.195910453796387,USDSEK=X
2021-01-05,USD,SEK,8.249130249023438,USDSEK=X
2021-01-06,USD,SEK,8.174400329589844,USDSEK=X
2021-01-07,USD,SEK,8.158300399780273,USDSEK=X
2021-01-08,USD,SEK,8.188369750976562,USDSEK=X
2021-01-11,USD,SEK,8.259699821472168,USDSEK=X
2021-01-12,USD,SEK,8.294150352478027,USDSEK=X
2021-01-13,USD,SEK,8.241589546203613,USDSEK=X
2021-01-14,USD,SEK,8.334529876708984,USDSEK=X
2021-01-15,USD,SEK,8.309499740600586,USDSEK=X
2021-01-18,USD,SEK,8.405929565429688,USDSEK=X
2021-01-19,USD,SEK,8.394820213317871,USDSEK=X
2021-01-20,USD,SEK,8.325510025024414,USDSEK=X
2021-01-21,USD,SEK,8.3372802734375,USDSEK=X
2021-01-22,USD,SEK,8.268839836120605,USDSEK=X
2021-01-25,USD,SEK,8.296600341796875,USDSEK=X
2021-01-26,USD,SEK,8.28320026397705,USDSEK=X
2021-01-27,USD,SEK,8.298439979553223,USDSEK=X
2021-01-28,USD,SEK,8.367110252380371,USDSEK=X
2021-01-29,USD,SEK,8.343700408935547,USDSEK=X
2021-02-01,USD,SEK,8.378020286560059,USDSEK=X
2021-02-02,USD,SEK,8.41670036315918,USDSEK=X
2021-02-03,USD,SEK,8.39663028717041,USDSEK=X
2021-02-04,USD,SEK,8.394000053405762,USDSEK=X
2021-02-05,USD,SEK,8.455780029296875,USDSEK=X
2021-02-08,USD,SEK,8.373290061950684,USDSEK=X
2021-02-09,USD,SEK,8.388649940490723,USDSEK=X
2021-02-10,USD,SEK,8.321800231933594,USDSEK=X
2021-02-11,USD,SEK,8.315549850463867,USDSEK=X
2021-02-12,USD,SEK,8.318670272827148,USDSEK=X
2021-02-15,USD,SEK,8.3018798828125,USDSEK=X
2021-02-16,USD,SEK,8.27927017211914,USDSEK=X
2021-02-17,USD,SEK,8.299519538879395,USDSEK=X
2021-02-18,USD,SEK,8.318699836730957,USDSEK=X
2021-02-19,USD,SEK,8.307319641113281,USDSEK=X
2021-02-22,USD,SEK,8.266079902648926,USDSEK=X
2021-02-23,USD,SEK,8.26768970489502,USDSEK=X
2021-02-24,USD,SEK,8.277629852294922,USDSEK=X
2021-02-25,USD,SEK,8.266260147094727,USDSEK=X
2021-02-26,USD,SEK,8.304490089416504,USDSEK=X
2021-03-01,USD,SEK,8.41759967803955,USDSEK=X
2021-03-02,USD,SEK,8.408049583435059,USDSEK=X
2021-03-03,USD,SEK,8.37067985534668,USDSEK=X
2021-03-04,USD,SEK,8.430350303649902,USDSEK=X
2021-03-05,USD,SEK,8.487119674682617,USDSEK=X
2021-03-08,USD,SEK,8.51902961730957,USDSEK=X
2021-03-09,USD,SEK,8.578399658203125,USDSEK=X
2021-03-10,USD,SEK,8.497819900512695,USDSEK=X
2021-03-11,USD,SEK,8.479350090026855,USDSEK=X
2021-03-12,USD,SEK,8.44629955291748,USDSEK=X
2021-03-15,USD,SEK,8.484000205993652,USDSEK=X
2021-03-16,USD,SEK,8.511699676513672,USDSEK=X
2021-03-17,USD,SEK,8.500140190124512,USDSEK=X
2021-03-18,USD,SEK,8.445650100708008,USDSEK=X
2021-03-19,USD,SEK,8.506850242614746,USDSEK=X
2021-03-22,USD,SEK,8.557530403137207,USDSEK=X
2021-03-23,USD,SEK,8.506850242614746,USDSEK=X
2021-03-24,USD,SEK,8.60354995727539,USDSEK=X
2021-03-25,USD,SEK,8.612719535827637,USDSEK=X
2021-03-26,USD,SEK,8.645529747009277,USDSEK=X
2021-03-29,USD,SEK,8.644309997558594,USDSEK=X
2021-03-30,USD,SEK,8.680890083312988,USDSEK=X
2021-03-31,USD,SEK,8.717829704284668,USDSEK=X
2021-04-01,USD,SEK,8.729510307312012,USDSEK=X
2021-04-02,USD,SEK,8.714790344238281,USDSEK=X
2021-04-05,USD,SEK,8.71947956085205,USDSEK=X
2021-04-06,USD,SEK,8.692520141601562,USDSEK=X
2021-04-07,USD,SEK,8.612239837646484,USDSEK=X
2021-04-08,USD,SEK,8.62720012664795,USDSEK=X
2021-04-09,USD,SEK,8.536310195922852,USDSEK=X
2021-04-12,USD,SEK,8.540559768676758,USDSEK=X
2021-04-13,USD,SEK,8.572540283203125,USDSEK=X
2021-04-14,USD,SEK,8.504929542541504,USDSEK=X
2021-04-15,USD,SEK,8.458849906921387,USDSEK=X
2021-04-16,USD,SEK,8.441360473632812,USDSEK=X
2021-04-19,USD,SEK,8.444910049438477,USDSEK=X
2021-04-20,USD,SEK,8.39208984375,USDSEK=X
2021-04-21,USD,SEK,8.431159973144531,USDSEK=X
2021-04-22,USD,SEK,8.40388011932373,USDSEK=X
2021-04-23,USD,SEK,8.42527961730957,USDSEK=X
2021-04-26,USD,SEK,8.391650199890137,USDSEK=X
2021-04-27,USD,SEK,8.384989738464355,USDSEK=X
2021-04-28,USD,SEK,8.371399879455566,USDSEK=X
2021-04-29,USD,SEK,8.331600189208984,USDSEK=X
2021-04-30,USD,SEK,8.366490364074707,USDSEK=X
2021-05-03,USD,SEK,8.463729858398438,USDSEK=X
2021-05-04,USD,SEK,8.41901969909668,USDSEK=X
2021-05-05,USD,SEK,8.466580390930176,USDSEK=X
2021-05-06,USD,SEK,8.480830192565918,USDSEK=X
2021-05-07,USD,SEK,8.419520378112793,USDSEK=X
2021-05-10,USD,SEK,8.303339958190918,USDSEK=X
2021-05-11,USD,SEK,8.31764030456543,USDSEK=X
2021-05-12,USD,SEK,8.319330215454102,USDSEK=X
2021-05-13,USD,SEK,8.424469947814941,USDSEK=X
2021-05-14,USD,SEK,8.404720306396484,USDSEK=X
2021-05-17,USD,SEK,8.320549964904785,USDSEK=X
2021-05-18,USD,SEK,8.32841968536377,USDSEK=X
2021-05-19,USD,SEK,8.283180236816406,USDSEK=X
2021-05-20,USD,SEK,8.35336971282959,USDSEK=X
2021-05-21,USD,SEK,8.290989875793457,USDSEK=X
2021-05-24,USD,SEK,8.318550109863281,USDSEK=X
2021-05-25,USD,SEK,8.309040069580078,USDSEK=X
2021-05-26,USD,SEK,8.253399848937988,USDSEK=X
2021-05-27,USD,SEK,8.31682014465332,USDSEK=X
2021-05-28,USD,SEK,8.27670955657959,USDSEK=X
2021-05-31,USD,SEK,8.309410095214844,USDSEK=X
2021-06-01,USD,SEK,8.27853012084961,USDSEK=X
2021-06-02,USD,SEK,8.266400337219238,USDSEK=X
2021-06-03,USD,SEK,8.268980026245117,USDSEK=X
2021-06-04,USD,SEK,8.328410148620605,USDSEK=X
2021-06-07,USD,SEK,8.273699760437012,USDSEK=X
2021-06-08,USD,SEK,8.257710456848145,USDSEK=X
2021-06-09,USD,SEK,8.271340370178223,USDSEK=X
2021-06-10,USD,SEK,8.265850067138672,USDSEK=X
2021-06-11,USD,SEK,8.250410079956055,USDSEK=X
2021-06-14,USD,SEK,8.31760025024414,USDSEK=X
2021-06-15,USD,SEK,8.317299842834473,USDSEK=X
2021-06-16,USD,SEK,8.322580337524414,USDSEK=X
2021-06-17,USD,SEK,8.442259788513184,USDSEK=X
2021-06-18,USD,SEK,8.54878044128418,USDSEK=X
2021-06-21,USD,SEK,8.607029914855957,USDSEK=X
2021-06-22,USD,SEK,8.535730361938477,USDSEK=X
2021-06-23,USD,SEK,8.47920036315918,USDSEK=X
2021-06-24,USD,SEK,8.480159759521484,USDSEK=X
2021-06-25,USD,SEK,8.473819732666016,USDSEK=X
2021-06-28,USD,SEK,8.48898983001709,USDSEK=X
2021-06-29,USD,SEK,8.510149955749512,USDSEK=X
2021-06-30,USD,SEK,8.517889976501465,USDSEK=X
2021-07-01,USD,SEK,8.531990051269531,USDSEK=X
2021-07-02,USD,SEK,8.58080005645752,USDSEK=X
2021-07-05,USD,SEK,8.546299934387207,USDSEK=X
2021-07-06,USD,SEK,8.544699668884277,USDSEK=X
2021-07-07,USD,SEK,8.588020324707031,USDSEK=X
2021-07-08,USD,SEK,8.624090194702148,USDSEK=X
2021-07-09,USD,SEK,8.592300415039062,USDSEK=X
2021-07-12,USD,SEK,8.580400466918945,USDSEK=X
2021-07-13,USD,SEK,8.582859992980957,USDSEK=X
2021-07-14,USD,SEK,8.654620170593262,USDSEK=X
2021-07-15,USD,SEK,8.619770050048828,USDSEK=X
2021-07-16,USD,SEK,8.663979530334473,USDSEK=X
2021-07-19,USD,SEK,8.67846965789795,USDSEK=X
2021-07-20,USD,SEK,8.6899995803833,USDSEK=X
2021-07-21,USD,SEK,8.69480037689209,USDSEK=X
2021-07-22,USD,SEK,8.685879707336426,USDSEK=X
2021-07-23,USD,SEK,8.677229881286621,USDSEK=X
2021-07-26,USD,SEK,8.692480087280273,USDSEK=X
2021-07-27,USD,SEK,8.619759559631348,USDSEK=X
2021-07-28,USD,SEK,8.620019912719727,USDSEK=X
2021-07-29,USD,SEK,8.591899871826172,USDSEK=X
2021-07-30,USD,SEK,8.551589965820312,USDSEK=X
2021-08-02,USD,SEK,8.5972900390625,USDSEK=X
2021-08-03,USD,SEK,8.592510223388672,USDSEK=X
2021-08-04,USD,SEK,8.601309776306152,USDSEK=X
2021-08-05,USD,SEK,8.60873031616211,USDSEK=X
2021-08-06,USD,SEK,8.61139965057373,USDSEK=X
2021-08-09,USD,SEK,8.679840087890625,USDSEK=X
2021-08-10,USD,SEK,8.704629898071289,USDSEK=X
2021-08-11,USD,SEK,8.719099998474121,USDSEK=X
2021-08-12,USD,SEK,8.68082046508789,USDSEK=X
2021-08-13,USD,SEK,8.6845703125,USDSEK=X
2021-08-16,USD,SEK,8.634499549865723,USDSEK=X
2021-08-17,USD,SEK,8.648870468139648,USDSEK=X
2021-08-18,USD,SEK,8.757399559020996,USDSEK=X
2021-08-19,USD,SEK,8.735980033874512,USDSEK=X
2021-08-20,USD,SEK,8.800959587097168,USDSEK=X
2021-08-23,USD,SEK,8.805259704589844,USDSEK=X
2021-08-24,USD,SEK,8.713479995727539,USDSEK=X
2021-08-25,USD,SEK,8.682609558105469,USDSEK=X
2021-08-26,USD,SEK,8.68513011932373,USDSEK=X
2021-08-27,USD,SEK,8.705089569091797,USDSEK=X
2021-08-30,USD,SEK,8.634960174560547,USDSEK=X
2021-08-31,USD,SEK,8.624600410461426,USDSEK=X
2021-09-01,USD,SEK,8.61709976196289,USDSEK=X
2021-09-02,USD,SEK,8.613539695739746,USDSEK=X
2021-09-03,USD,SEK,8.567529678344727,USDSEK=X
2021-09-06,USD,SEK,8.54557991027832,USDSEK=X
2021-09-07,USD,SEK,8.556989669799805,USDSEK=X
2021-09-08,USD,SEK,8.590800285339355,USDSEK=X
2021-09-09,USD,SEK,8.623649597167969,USDSEK=X
2021-09-10,USD,SEK,8.60925006866455,USDSEK=X
2021-09-13,USD,SEK,8.630900382995605,USDSEK=X
2021-09-14,USD,SEK,8.598380088806152,USDSEK=X
2021-09-15,USD,SEK,8.603690147399902,USDSEK=X
2021-09-16,USD,SEK,8.577300071716309,USDSEK=X
2021-09-17,USD,SEK,8.617799758911133,USDSEK=X
2021-09-20,USD,SEK,8.673649787902832,USDSEK=X
2021-09-21,USD,SEK,8.671199798583984,USDSEK=X
2021-09-22,USD,SEK,8.687899589538574,USDSEK=X
2021-09-23,USD,SEK,8.690540313720703,USDSEK=X
2021-09-24,USD,SEK,8.626999855041504,USDSEK=X
2021-09-27,USD,SEK,8.636799812316895,USDSEK=X
2021-09-28,USD,SEK,8.706000328063965,USDSEK=X
2021-09-29,USD,SEK,8.730600357055664,USDSEK=X
2021-09-30,USD,SEK,8.793319702148438,USDSEK=X
2021-10-01,USD,SEK,8.76272964477539,USDSEK=X
2021-10-04,USD,SEK,8.737489700317383,USDSEK=X
2021-10-05,USD,SEK,8.722430229187012,USDSEK=X
2021-10-06,USD,SEK,8.741009712219238,USDSEK=X
2021-10-07,USD,SEK,8.799099922180176,USDSEK=X
2021-10-08,USD,SEK,8.775130271911621,USDSEK=X
2021-10-11,USD,SEK,8.742870330810547,USDSEK=X
2021-10-12,USD,SEK,8.771220207214355,USDSEK=X
2021-10-13,USD,SEK,8.782899856567383,USDSEK=X
2021-10-14,USD,SEK,8.683919906616211,USDSEK=X
2021-10-15,USD,SEK,8.630610466003418,USDSEK=X
2021-10-18,USD,SEK,8.606550216674805,USDSEK=X
2021-10-19,USD,SEK,8.66012954711914,USDSEK=X
2021-10-20,USD,SEK,8.62714958190918,USDSEK=X
2021-10-21,USD,SEK,8.585100173950195,USDSEK=X
2021-10-22,USD,SEK,8.599800109863281,USDSEK=X
2021-10-25,USD,SEK,8.583200454711914,USDSEK=X
2021-10-26,USD,SEK,8.606100082397461,USDSEK=X
2021-10-27,USD,SEK,8.608329772949219,USDSEK=X
2021-10-28,USD,SEK,8.583900451660156,USDSEK=X
2021-10-29,USD,SEK,8.496109962463379,USDSEK=X
2021-11-01,USD,SEK,8.596750259399414,USDSEK=X
2021-11-02,USD,SEK,8.513930320739746,USDSEK=X
2021-11-03,USD,SEK,8.569100379943848,USDSEK=X
2021-11-04,USD,SEK,8.527739524841309,USDSEK=X
2021-11-05,USD,SEK,8.58572006225586,USDSEK=X
2021-11-08,USD,SEK,8.567700386047363,USDSEK=X
2021-11-09,USD,SEK,8.575050354003906,USDSEK=X
2021-11-10,USD,SEK,8.573200225830078,USDSEK=X
2021-11-11,USD,SEK,8.699199676513672,USDSEK=X
2021-11-12,USD,SEK,8.711000442504883,USDSEK=X
2021-11-15,USD,SEK,8.758910179138184,USDSEK=X
2021-11-16,USD,SEK,8.797450065612793,USDSEK=X
2021-11-17,USD,SEK,8.897210121154785,USDSEK=X
2021-11-18,USD,SEK,8.857439994812012,USDSEK=X
2021-11-19,USD,SEK,8.862360000610352,USDSEK=X
2021-11-22,USD,SEK,8.956390380859375,USDSEK=X
2021-11-23,USD,SEK,8.991450309753418,USDSEK=X
2021-11-24,USD,SEK,9.03678035736084,USDSEK=X
2021-11-25,USD,SEK,9.120200157165527,USDSEK=X
2021-11-26,USD,SEK,9.110600471496582,USDSEK=X
2021-11-29,USD,SEK,9.14657974243164,USDSEK=X
2021-11-30,USD,SEK,9.06134033203125,USDSEK=X
2021-12-01,USD,SEK,9.02593994140625,USDSEK=X
2021-12-02,USD,SEK,9.087949752807617,USDSEK=X
2021-12-03,USD,SEK,9.049799919128418,USDSEK=X
2021-12-06,USD,SEK,9.14700984954834,USDSEK=X
2021-12-07,USD,SEK,9.093729972839355,USDSEK=X
2021-12-08,USD,SEK,9.097149848937988,USDSEK=X
2021-12-09,USD,SEK,9.027859687805176,USDSEK=X
2021-12-10,USD,SEK,9.063850402832031,USDSEK=X
2021-12-13,USD,SEK,9.056469917297363,USDSEK=X
2021-12-14,USD,SEK,9.09119987487793,USDSEK=X
2021-12-15,USD,SEK,9.135199546813965,USDSEK=X
2021-12-16,USD,SEK,9.078399658203125,USDSEK=X
2021-12-17,USD,SEK,9.030099868774414,USDSEK=X
2021-12-20,USD,SEK,9.1493501663208,USDSEK=X
2021-12-21,USD,SEK,9.14441967010498,USDSEK=X
2021-12-22,USD,SEK,9.128009796142578,USDSEK=X
2021-12-23,USD,SEK,9.080160140991211,USDSEK=X
2021-12-24,USD,SEK,9.078490257263184,USDSEK=X
2021-12-27,USD,SEK,9.113479614257812,USDSEK=X
2021-12-28,USD,SEK,9.088970184326172,USDSEK=X
2021-12-29,USD,SEK,9.04712963104248,USDSEK=X
2021-12-30,USD,SEK,9.02556037902832,USDSEK=X
2021-12-31,USD,SEK,9.046810150146484,USDSEK=X
2022-01-03,USD,SEK,9.044739723205566,USDSEK=X
2022-01-04,USD,SEK,9.099650382995605,USDSEK=X
2022-01-05,USD,SEK,9.094200134277344,USDSEK=X
2022-01-06,USD,SEK,9.112350463867188,USDSEK=X
2022-01-07,USD,SEK,9.145299911499023,USDSEK=X
2022-01-10,USD,SEK,9.055569648742676,USDSEK=X
2022-01-11,USD,SEK,9.1002197265625,USDSEK=X
2022-01-12,USD,SEK,9.035420417785645,USDSEK=X
2022-01-13,USD,SEK,8.933250427246094,USDSEK=X
2022-01-14,USD,SEK,8.923179626464844,USDSEK=X
2022-01-17,USD,SEK,9.026049613952637,USDSEK=X
2022-01-18,USD,SEK,9.016850471496582,USDSEK=X
2022-01-19,USD,SEK,9.125860214233398,USDSEK=X
2022-01-20,USD,SEK,9.112099647521973,USDSEK=X
2022-01-21,USD,SEK,9.218759536743164,USDSEK=X
2022-01-24,USD,SEK,9.191069602966309,USDSEK=X
2022-01-25,USD,SEK,9.25471019744873,USDSEK=X
2022-01-26,USD,SEK,9.255999565124512,USDSEK=X
2022-01-27,USD,SEK,9.299610137939453,USDSEK=X
2022-01-28,USD,SEK,9.376049995422363,USDSEK=X
2022-01-31,USD,SEK,9.422189712524414,USDSEK=X
2022-02-01,USD,SEK,9.33041000366211,USDSEK=X
2022-02-02,USD,SEK,9.232410430908203,USDSEK=X
2022-02-03,USD,SEK,9.20009994506836,USDSEK=X
2022-02-04,USD,SEK,9.097149848937988,USDSEK=X
2022-02-07,USD,SEK,9.142800331115723,USDSEK=X
2022-02-08,USD,SEK,9.117799758911133,USDSEK=X
2022-02-09,USD,SEK,9.132960319519043,USDSEK=X
2022-02-10,USD,SEK,9.107560157775879,USDSEK=X
2022-02-11,USD,SEK,9.313150405883789,USDSEK=X
2022-02-14,USD,SEK,9.30381965637207,USDSEK=X
2022-02-15,USD,SEK,9.385849952697754,USDSEK=X
2022-02-16,USD,SEK,9.286319732666016,USDSEK=X
2022-02-17,USD,SEK,9.274900436401367,USDSEK=X
2022-02-18,USD,SEK,9.320770263671875,USDSEK=X
2022-02-21,USD,SEK,9.402199745178223,USDSEK=X
2022-02-22,USD,SEK,9.427639961242676,USDSEK=X
2022-02-23,USD,SEK,9.331310272216797,USDSEK=X
2022-02-24,USD,SEK,9.388310432434082,USDSEK=X
2022-02-25,USD,SEK,9.484550476074219,USDSEK=X
2022-02-28,USD,SEK,9.532469749450684,USDSEK=X
2022-03-01,USD,SEK,9.454299926757812,USDSEK=X
2022-03-02,USD,SEK,9.62261962890625,USDSEK=X
2022-03-03,USD,SEK,9.672209739685059,USDSEK=X
2022-03-04,USD,SEK,9.742630004882812,USDSEK=X
2022-03-07,USD,SEK,9.921210289001465,USDSEK=X
2022-03-08,USD,SEK,9.98369026184082,USDSEK=X
2022-03-09,USD,SEK,9.939000129699707,USDSEK=X
2022-03-10,USD,SEK,9.667909622192383,USDSEK=X
2022-03-11,USD,SEK,9.656559944152832,USDSEK=X
2022-03-14,USD,SEK,9.722439765930176,USDSEK=X
2022-03-15,USD,SEK,9.616999626159668,USDSEK=X
2022-03-16,USD,SEK,9.598099708557129,USDSEK=X
2022-03-17,USD,SEK,9.41038990020752,USDSEK=X
2022-03-18,USD,SEK,9.413330078125,USDSEK=X
2022-03-21,USD,SEK,9.421119689941406,USDSEK=X
2022-03-22,USD,SEK,9.479009628295898,USDSEK=X
2022-03-23,USD,SEK,9.4414701461792,USDSEK=X
2022-03-24,USD,SEK,9.433300018310547,USDSEK=X
2022-03-25,USD,SEK,9.38914966583252,USDSEK=X
2022-03-28,USD,SEK,9.412839889526367,USDSEK=X
2022-03-29,USD,SEK,9.481889724731445,USDSEK=X
2022-03-30,USD,SEK,9.324020385742188,USDSEK=X
2022-03-31,USD,SEK,9.235610008239746,USDSEK=X
2022-04-01,USD,SEK,9.372699737548828,USDSEK=X
2022-04-04,USD,SEK,9.369000434875488,USDSEK=X
2022-04-05,USD,SEK,9.420599937438965,USDSEK=X
2022-04-06,USD,SEK,9.423700332641602,USDSEK=X
2022-04-07,USD,SEK,9.485489845275879,USDSEK=X
2022-04-08,USD,SEK,9.462650299072266,USDSEK=X
2022-04-11,USD,SEK,9.438770294189453,USDSEK=X
2022-04-12,USD,SEK,9.511730194091797,USDSEK=X
2022-04-13,USD,SEK,9.520790100097656,USDSEK=X
2022-04-14,USD,SEK,9.468099594116211,USDSEK=X
2022-04-15,USD,SEK,9.52614974975586,USDSEK=X
2022-04-18,USD,SEK,9.56509017944336,USDSEK=X
2022-04-19,USD,SEK,9.592000007629395,USDSEK=X
2022-04-20,USD,SEK,9.531649589538574,USDSEK=X
2022-04-21,USD,SEK,9.42908000946045,USDSEK=X
2022-04-22,USD,SEK,9.511630058288574,USDSEK=X
2022-04-25,USD,SEK,9.5246000289917,USDSEK=X
2022-04-26,USD,SEK,9.712089538574219,USDSEK=X
2022-04-27,USD,SEK,9.837900161743164,USDSEK=X
2022-04-28,USD,SEK,9.825699806213379,USDSEK=X
2022-04-29,USD,SEK,9.88329029083252,USDSEK=X
2022-05-02,USD,SEK,9.819199562072754,USDSEK=X
2022-05-03,USD,SEK,9.899419784545898,USDSEK=X
2022-05-04,USD,SEK,9.850500106811523,USDSEK=X
2022-05-05,USD,SEK,9.728249549865723,USDSEK=X
2022-05-06,USD,SEK,9.945099830627441,USDSEK=X
2022-05-09,USD,SEK,9.971590042114258,USDSEK=X
2022-05-10,USD,SEK,10.074440002441406,USDSEK=X
2022-05-11,USD,SEK,10.060990333557129,USDSEK=X
2022-05-12,USD,SEK,10.077899932861328,USDSEK=X
2022-05-13,USD,SEK,10.154600143432617,USDSEK=X
2022-05-16,USD,SEK,10.06760025024414,USDSEK=X
2022-05-17,USD,SEK,10.056940078735352,USDSEK=X
2022-05-18,USD,SEK,9.925399780273438,USDSEK=X
2022-05-19,USD,SEK,10.046500205993652,USDSEK=X
2022-05-20,USD,SEK,9.92471981048584,USDSEK=X
2022-05-23,USD,SEK,9.933850288391113,USDSEK=X
2022-05-24,USD,SEK,9.826390266418457,USDSEK=X
2022-05-25,USD,SEK,9.7575101852417,USDSEK=X
2022-05-26,USD,SEK,9.858799934387207,USDSEK=X
2022-05-27,USD,SEK,9.857930183410645,USDSEK=X
2022-05-30,USD,SEK,9.820899963378906,USDSEK=X
2022-05-31,USD,SEK,9.746450424194336,USDSEK=X
2022-06-01,USD,SEK,9.743289947509766,USDSEK=X
2022-06-02,USD,SEK,9.845999717712402,USDSEK=X
2022-06-03,USD,SEK,9.694669723510742,USDSEK=X
2022-06-06,USD,SEK,9.764399528503418,USDSEK=X
2022-06-07,USD,SEK,9.795299530029297,USDSEK=X
2022-06-08,USD,SEK,9.793350219726562,USDSEK=X
2022-06-09,USD,SEK,9.82229995727539,USDSEK=X
2022-06-10,USD,SEK,9.905380249023438,USDSEK=X
2022-06-13,USD,SEK,10.0549898147583,USDSEK=X
2022-06-14,USD,SEK,10.185720443725586,USDSEK=X
2022-06-15,USD,SEK,10.176609992980957,USDSEK=X
2022-06-16,USD,SEK,10.16681957244873,USDSEK=X
2022-06-17,USD,SEK,10.150639533996582,USDSEK=X
2022-06-20,USD,SEK,10.179539680480957,USDSEK=X
2022-06-21,USD,SEK,10.106069564819336,USDSEK=X
2022-06-22,USD,SEK,10.10651969909668,USDSEK=X
2022-06-23,USD,SEK,10.104479789733887,USDSEK=X
2022-06-24,USD,SEK,10.172200202941895,USDSEK=X
2022-06-27,USD,SEK,10.117280006408691,USDSEK=X
2022-06-28,USD,SEK,10.084569931030273,USDSEK=X
2022-06-29,USD,SEK,10.142210006713867,USDSEK=X
2022-06-30,USD,SEK,10.218179702758789,USDSEK=X
2022-07-01,USD,SEK,10.232669830322266,USDSEK=X
2022-07-04,USD,SEK,10.297200202941895,USDSEK=X
2022-07-05,USD,SEK,10.33257007598877,USDSEK=X
2022-07-06,USD,SEK,10.516249656677246,USDSEK=X
2022-07-07,USD,SEK,10.538649559020996,USDSEK=X
2022-07-08,USD,SEK,10.515299797058105,USDSEK=X
2022-07-11,USD,SEK,10.536709785461426,USDSEK=X
2022-07-12,USD,SEK,10.61443042755127,USDSEK=X
2022-07-13,USD,SEK,10.564000129699707,USDSEK=X
2022-07-14,USD,SEK,10.586250305175781,USDSEK=X
2022-07-15,USD,SEK,10.572580337524414,USDSEK=X
2022-07-18,USD,SEK,10.463600158691406,USDSEK=X
2022-07-19,USD,SEK,10.380610466003418,USDSEK=X
2022-07-20,USD,SEK,10.224539756774902,USDSEK=X
2022-07-21,USD,SEK,10.240530014038086,USDSEK=X
2022-07-22,USD,SEK,10.195549964904785,USDSEK=X
2022-07-25,USD,SEK,10.225299835205078,USDSEK=X
2022-07-26,USD,SEK,10.18235969543457,USDSEK=X
2022-07-27,USD,SEK,10.307499885559082,USDSEK=X
2022-07-28,USD,SEK,10.2191801071167,USDSEK=X
2022-07-29,USD,SEK,10.204839706420898,USDSEK=X
2022-08-01,USD,SEK,10.16940975189209,USDSEK=X
2022-08-02,USD,SEK,10.118160247802734,USDSEK=X
2022-08-03,USD,SEK,10.255229949951172,USDSEK=X
2022-08-04,USD,SEK,10.2181396484375,USDSEK=X
2022-08-05,USD,SEK,10.106030464172363,USDSEK=X
2022-08-08,USD,SEK,10.204999923706055,USDSEK=X
2022-08-09,USD,SEK,10.126090049743652,USDSEK=X
2022-08-10,USD,SEK,10.16250991821289,USDSEK=X
2022-08-11,USD,SEK,10.043009757995605,USDSEK=X
2022-08-12,USD,SEK,10.06029987335205,USDSEK=X
2022-08-15,USD,SEK,10.204540252685547,USDSEK=X
2022-08-16,USD,SEK,10.325929641723633,USDSEK=X
2022-08-17,USD,SEK,10.334210395812988,USDSEK=X
2022-08-18,USD,SEK,10.391599655151367,USDSEK=X
2022-08-19,USD,SEK,10.506730079650879,USDSEK=X
2022-08-22,USD,SEK,10.595239639282227,USDSEK=X
2022-08-23,USD,SEK,10.70680046081543,USDSEK=X
2022-08-24,USD,SEK,10.630120277404785,USDSEK=X
2022-08-25,USD,SEK,10.609399795532227,USDSEK=X
2022-08-26,USD,SEK,10.581450462341309,USDSEK=X
2022-08-29,USD,SEK,10.645480155944824,USDSEK=X
2022-08-30,USD,SEK,10.651399612426758,USDSEK=X
2022-08-31,USD,SEK,10.669059753417969,USDSEK=X
2022-09-01,USD,SEK,10.67531967163086,USDSEK=X
2022-09-02,USD,SEK,10.787890434265137,USDSEK=X
2022-09-05,USD,SEK,10.830900192260742,USDSEK=X
2022-09-06,USD,SEK,10.781780242919922,USDSEK=X
2022-09-07,USD,SEK,10.801400184631348,USDSEK=X
2022-09-08,USD,SEK,10.702779769897461,USDSEK=X
2022-09-09,USD,SEK,10.694729804992676,USDSEK=X
2022-09-12,USD,SEK,10.579350471496582,USDSEK=X
2022-09-13,USD,SEK,10.475379943847656,USDSEK=X
2022-09-14,USD,SEK,10.683699607849121,USDSEK=X
2022-09-15,USD,SEK,10.691530227661133,USDSEK=X
2022-09-16,USD,SEK,10.742449760437012,USDSEK=X
2022-09-19,USD,SEK,10.733699798583984,USDSEK=X
2022-09-20,USD,SEK,10.763349533081055,USDSEK=X
2022-09-21,USD,SEK,10.891400337219238,USDSEK=X
2022-09-22,USD,SEK,11.09274959564209,USDSEK=X
2022-09-23,USD,SEK,11.064499855041504,USDSEK=X
2022-09-26,USD,SEK,11.296979904174805,USDSEK=X
2022-09-27,USD,SEK,11.320690155029297,USDSEK=X
2022-09-28,USD,SEK,11.361200332641602,USDSEK=X
2022-09-29,USD,SEK,11.225529670715332,USDSEK=X
2022-09-30,USD,SEK,11.137189865112305,USDSEK=X
2022-10-03,USD,SEK,11.100350379943848,USDSEK=X
2022-10-04,USD,SEK,11.00331974029541,USDSEK=X
2022-10-05,USD,SEK,10.847800254821777,USDSEK=X
2022-10-06,USD,SEK,10.921870231628418,USDSEK=X
2022-10-07,USD,SEK,11.139579772949219,USDSEK=X
2022-10-10,USD,SEK,11.226320266723633,USDSEK=X
2022-10-11,USD,SEK,11.294249534606934,USDSEK=X
2022-10-12,USD,SEK,11.348050117492676,USDSEK=X
2022-10-13,USD,SEK,11.327690124511719,USDSEK=X
2022-10-14,USD,SEK,11.246620178222656,USDSEK=X
2022-10-17,USD,SEK,11.273699760437012,USDSEK=X
2022-10-18,USD,SEK,11.129859924316406,USDSEK=X
2022-10-19,USD,SEK,11.07172966003418,USDSEK=X
2022-10-20,USD,SEK,11.2247896194458,USDSEK=X
2022-10-21,USD,SEK,11.269740104675293,USDSEK=X
2022-10-24,USD,SEK,11.190389633178711,USDSEK=X
2022-10-25,USD,SEK,11.143919944763184,USDSEK=X
2022-10-26,USD,SEK,10.967229843139648,USDSEK=X
2022-10-27,USD,SEK,10.840229988098145,USDSEK=X
2022-10-28,USD,SEK,10.955699920654297,USDSEK=X
2022-10-31,USD,SEK,10.965840339660645,USDSEK=X
2022-11-01,USD,SEK,11.018019676208496,USDSEK=X
2022-11-02,USD,SEK,11.007590293884277,USDSEK=X
2022-11-03,USD,SEK,11.109219551086426,USDSEK=X
2022-11-04,USD,SEK,11.189499855041504,USDSEK=X
2022-11-07,USD,SEK,10.93196964263916,USDSEK=X
2022-11-08,USD,SEK,10.843600273132324,USDSEK=X
2022-11-09,USD,SEK,10.747380256652832,USDSEK=X
2022-11-10,USD,SEK,10.877699851989746,USDSEK=X
2022-11-11,USD,SEK,10.59574031829834,USDSEK=X
2022-11-14,USD,SEK,10.39507007598877,USDSEK=X
2022-11-15,USD,SEK,10.489720344543457,USDSEK=X
2022-11-16,USD,SEK,10.459400177001953,USDSEK=X
2022-11-17,USD,SEK,10.484640121459961,USDSEK=X
2022-11-18,USD,SEK,10.595219612121582,USDSEK=X
2022-11-21,USD,SEK,10.624449729919434,USDSEK=X
2022-11-22,USD,SEK,10.70164966583252,USDSEK=X
2022-11-23,USD,SEK,10.627860069274902,USDSEK=X
2022-11-24,USD,SEK,10.43179988861084,USDSEK=X
2022-11-25,USD,SEK,10.386360168457031,USDSEK=X
2022-11-28,USD,SEK,10.45557975769043,USDSEK=X
2022-11-29,USD,SEK,10.548469543457031,USDSEK=X
2022-11-30,USD,SEK,10.594050407409668,USDSEK=X
2022-12-01,USD,SEK,10.474360466003418,USDSEK=X
2022-12-02,USD,SEK,10.296950340270996,USDSEK=X
2022-12-05,USD,SEK,10.31482982635498,USDSEK=X
2022-12-06,USD,SEK,10.399239540100098,USDSEK=X
2022-12-07,USD,SEK,10.407710075378418,USDSEK=X
2022-12-08,USD,SEK,10.3748197555542,USDSEK=X
2022-12-09,USD,SEK,10.323229789733887,USDSEK=X
2022-12-12,USD,SEK,10.331990242004395,USDSEK=X
2022-12-13,USD,SEK,10.323200225830078,USDSEK=X
2022-12-14,USD,SEK,10.21461009979248,USDSEK=X
2022-12-15,USD,SEK,10.161669731140137,USDSEK=X
2022-12-16,USD,SEK,10.34220027923584,USDSEK=X
2022-12-19,USD,SEK,10.279279708862305,USDSEK=X
2022-12-20,USD,SEK,10.385970115661621,USDSEK=X
2022-12-21,USD,SEK,10.416500091552734,USDSEK=X
2022-12-22,USD,SEK,10.414910316467285,USDSEK=X
2022-12-23,USD,SEK,10.454489707946777,USDSEK=X
2022-12-26,USD,SEK,10.499549865722656,USDSEK=X
2022-12-27,USD,SEK,10.482569694519043,USDSEK=X
2022-12-28,USD,SEK,10.466349601745605,USDSEK=X
2022-12-29,USD,SEK,10.450730323791504,USDSEK=X
2022-12-30,USD,SEK,10.452199935913086,USDSEK=X
2023-01-02,USD,SEK,10.398200035095215,USDSEK=X
2023-01-03,USD,SEK,10.436490058898926,USDSEK=X
2023-01-04,USD,SEK,10.567159652709961,USDSEK=X
2023-01-05,USD,SEK,10.503060340881348,USDSEK=X
2023-01-06,USD,SEK,10.674480438232422,USDSEK=X
2023-01-09,USD,SEK,10.515689849853516,USDSEK=X
2023-01-10,USD,SEK,10.396989822387695,USDSEK=X
2023-01-11,USD,SEK,10.413399696350098,USDSEK=X
2023-01-12,USD,SEK,10.458609580993652,USDSEK=X
2023-01-13,USD,SEK,10.4052095413208,USDSEK=X
2023-01-16,USD,SEK,10.355500221252441,USDSEK=X
2023-01-17,USD,SEK,10.392800331115723,USDSEK=X
2023-01-18,USD,SEK,10.417779922485352,USDSEK=X
2023-01-19,USD,SEK,10.32610034942627,USDSEK=X
2023-01-20,USD,SEK,10.308030128479004,USDSEK=X
2023-01-23,USD,SEK,10.277130126953125,USDSEK=X
2023-01-24,USD,SEK,10.236499786376953,USDSEK=X
2023-01-25,USD,SEK,10.199580192565918,USDSEK=X
2023-01-26,USD,SEK,10.191120147705078,USDSEK=X
2023-01-27,USD,SEK,10.26509952545166,USDSEK=X
2023-01-30,USD,SEK,10.296850204467773,USDSEK=X
2023-01-31,USD,SEK,10.394200325012207,USDSEK=X
2023-02-01,USD,SEK,10.426349639892578,USDSEK=X
2023-02-02,USD,SEK,10.303950309753418,USDSEK=X
2023-02-03,USD,SEK,10.37969970703125,USDSEK=X
2023-02-06,USD,SEK,10.511930465698242,USDSEK=X
2023-02-07,USD,SEK,10.611000061035156,USDSEK=X
2023-02-08,USD,SEK,10.569049835205078,USDSEK=X
2023-02-09,USD,SEK,10.584500312805176,USDSEK=X
2023-02-10,USD,SEK,10.339400291442871,USDSEK=X
2023-02-13,USD,SEK,10.452400207519531,USDSEK=X
2023-02-14,USD,SEK,10.37090015411377,USDSEK=X
2023-02-15,USD,SEK,10.354700088500977,USDSEK=X
2023-02-16,USD,SEK,10.413880348205566,USDSEK=X
2023-02-17,USD,SEK,10.45419979095459,USDSEK=X
2023-02-20,USD,SEK,10.459320068359375,USDSEK=X
2023-02-21,USD,SEK,10.337550163269043,USDSEK=X
2023-02-22,USD,SEK,10.363539695739746,USDSEK=X
2023-02-23,USD,SEK,10.413829803466797,USDSEK=X
2023-02-24,USD,SEK,10.426989555358887,USDSEK=X
2023-02-27,USD,SEK,10.482000350952148,USDSEK=X
2023-02-28,USD,SEK,10.388199806213379,USDSEK=X
2023-03-01,USD,SEK,10.464059829711914,USDSEK=X
2023-03-02,USD,SEK,10.430290222167969,USDSEK=X
2023-03-03,USD,SEK,10.502570152282715,USDSEK=X
2023-03-06,USD,SEK,10.47819995880127,USDSEK=X
2023-03-07,USD,SEK,10.437210083007812,USDSEK=X
2023-03-08,USD,SEK,10.721639633178711,USDSEK=X
2023-03-09,USD,SEK,10.721759796142578,USDSEK=X
2023-03-10,USD,SEK,10.721360206604004,USDSEK=X
2023-03-13,USD,SEK,10.646869659423828,USDSEK=X
2023-03-14,USD,SEK,10.604040145874023,USDSEK=X
2023-03-15,USD,SEK,10.468700408935547,USDSEK=X
2023-03-16,USD,SEK,10.592180252075195,USDSEK=X
2023-03-17,USD,SEK,10.499480247497559,USDSEK=X
2023-03-20,USD,SEK,10.50059986114502,USDSEK=X
2023-03-21,USD,SEK,10.366390228271484,USDSEK=X
2023-03-22,USD,SEK,10.326370239257812,USDSEK=X
2023-03-23,USD,SEK,10.29302978515625,USDSEK=X
2023-03-24,USD,SEK,10.332489967346191,USDSEK=X
2023-03-27,USD,SEK,10.40060043334961,USDSEK=X
2023-03-28,USD,SEK,10.362039566040039,USDSEK=X
2023-03-29,USD,SEK,10.343790054321289,USDSEK=X
2023-03-30,USD,SEK,10.394749641418457,USDSEK=X
2023-03-31,USD,SEK,10.353500366210938,USDSEK=X
2023-04-03,USD,SEK,10.423600196838379,USDSEK=X
2023-04-04,USD,SEK,10.36340045928955,USDSEK=X
2023-04-05,USD,SEK,10.270600318908691,USDSEK=X
2023-04-06,USD,SEK,10.410860061645508,USDSEK=X
2023-04-07,USD,SEK,10.421119689941406,USDSEK=X
2023-04-10,USD,SEK,10.46500015258789,USDSEK=X
2023-04-11,USD,SEK,10.507610321044922,USDSEK=X
2023-04-12,USD,SEK,10.444999694824219,USDSEK=X
2023-04-13,USD,SEK,10.32964038848877,USDSEK=X
2023-04-14,USD,SEK,10.261899948120117,USDSEK=X
2023-04-17,USD,SEK,10.333100318908691,USDSEK=X
2023-04-18,USD,SEK,10.350480079650879,USDSEK=X
2023-04-19,USD,SEK,10.302419662475586,USDSEK=X
2023-04-20,USD,SEK,10.353500366210938,USDSEK=X
2023-04-21,USD,SEK,10.302009582519531,USDSEK=X
2023-04-24,USD,SEK,10.300129890441895,USDSEK=X
2023-04-25,USD,SEK,10.238200187683105,USDSEK=X
2023-04-26,USD,SEK,10.301170349121094,USDSEK=X
2023-04-27,USD,SEK,10.314000129699707,USDSEK=X
2023-04-28,USD,SEK,10.281550407409668,USDSEK=X
2023-05-01,USD,SEK,10.258959770202637,USDSEK=X
2023-05-02,USD,SEK,10.327529907226562,USDSEK=X
2023-05-03,USD,SEK,10.302800178527832,USDSEK=X
2023-05-04,USD,SEK,10.254300117492676,USDSEK=X
2023-05-05,USD,SEK,10.219050407409668,USDSEK=X
2023-05-08,USD,SEK,10.174200057983398,USDSEK=X
2023-05-09,USD,SEK,10.17080020904541,USDSEK=X
2023-05-10,USD,SEK,10.188909530639648,USDSEK=X
2023-05-11,USD,SEK,10.21660041809082,USDSEK=X
2023-05-12,USD,SEK,10.31978988647461,USDSEK=X
2023-05-15,USD,SEK,10.385700225830078,USDSEK=X
2023-05-16,USD,SEK,10.343890190124512,USDSEK=X
2023-05-17,USD,SEK,10.408169746398926,USDSEK=X
2023-05-18,USD,SEK,10.443900108337402,USDSEK=X
2023-05-19,USD,SEK,10.562250137329102,USDSEK=X
2023-05-22,USD,SEK,10.50469970703125,USDSEK=X
2023-05-23,USD,SEK,10.560779571533203,USDSEK=X
2023-05-24,USD,SEK,10.613380432128906,USDSEK=X
2023-05-25,USD,SEK,10.709870338439941,USDSEK=X
2023-05-26,USD,SEK,10.81659984588623,USDSEK=X
2023-05-29,USD,SEK,10.798800468444824,USDSEK=X
2023-05-30,USD,SEK,10.814579963684082,USDSEK=X
2023-05-31,USD,SEK,10.86283016204834,USDSEK=X
2023-06-01,USD,SEK,10.840200424194336,USDSEK=X
2023-06-02,USD,SEK,10.806900024414062,USDSEK=X
2023-06-05,USD,SEK,10.813199996948242,USDSEK=X
2023-06-06,USD,SEK,10.84490966796875,USDSEK=X
2023-06-07,USD,SEK,10.913999557495117,USDSEK=X
2023-06-08,USD,SEK,10.8889799118042,USDSEK=X
2023-06-09,USD,SEK,10.800299644470215,USDSEK=X
2023-06-12,USD,SEK,10.821590423583984,USDSEK=X
2023-06-13,USD,SEK,10.81110954284668,USDSEK=X
2023-06-14,USD,SEK,10.678509712219238,USDSEK=X
2023-06-15,USD,SEK,10.70110034942627,USDSEK=X
2023-06-16,USD,SEK,10.593879699707031,USDSEK=X
2023-06-19,USD,SEK,10.640199661254883,USDSEK=X
2023-06-20,USD,SEK,10.735320091247559,USDSEK=X
2023-06-21,USD,SEK,10.785309791564941,USDSEK=X
2023-06-22,USD,SEK,10.643420219421387,USDSEK=X
2023-06-23,USD,SEK,10.687399864196777,USDSEK=X
2023-06-26,USD,SEK,10.72072982788086,USDSEK=X
2023-06-27,USD,SEK,10.710379600524902,USDSEK=X
2023-06-28,USD,SEK,10.723939895629883,USDSEK=X
2023-06-29,USD,SEK,10.77206039428711,USDSEK=X
2023-06-30,USD,SEK,10.859350204467773,USDSEK=X
2023-07-03,USD,SEK,10.787400245666504,USDSEK=X
2023-07-04,USD,SEK,10.840800285339355,USDSEK=X
2023-07-05,USD,SEK,10.807060241699219,USDSEK=X
2023-07-06,USD,SEK,10.9483003616333,USDSEK=X
2023-07-07,USD,SEK,10.929229736328125,USDSEK=X
2023-07-10,USD,SEK,10.82960033416748,USDSEK=X
2023-07-11,USD,SEK,10.758390426635742,USDSEK=X
2023-07-12,USD,SEK,10.648909568786621,USDSEK=X
2023-07-13,USD,SEK,10.365610122680664,USDSEK=X
2023-07-14,USD,SEK,10.200019836425781,USDSEK=X
2023-07-17,USD,SEK,10.235810279846191,USDSEK=X
2023-07-18,USD,SEK,10.24155044555664,USDSEK=X
2023-07-19,USD,SEK,10.203789710998535,USDSEK=X
2023-07-20,USD,SEK,10.270279884338379,USDSEK=X
2023-07-21,USD,SEK,10.346070289611816,USDSEK=X
2023-07-24,USD,SEK,10.386500358581543,USDSEK=X
2023-07-25,USD,SEK,10.403429985046387,USDSEK=X
2023-07-26,USD,SEK,10.369540214538574,USDSEK=X
2023-07-27,USD,SEK,10.402219772338867,USDSEK=X
2023-07-28,USD,SEK,10.49153995513916,USDSEK=X
2023-07-31,USD,SEK,10.52750015258789,USDSEK=X
2023-08-01,USD,SEK,10.521730422973633,USDSEK=X
2023-08-02,USD,SEK,10.556059837341309,USDSEK=X
2023-08-03,USD,SEK,10.699230194091797,USDSEK=X
2023-08-04,USD,SEK,10.664899826049805,USDSEK=X
2023-08-07,USD,SEK,10.592840194702148,USDSEK=X
2023-08-08,USD,SEK,10.586939811706543,USDSEK=X
2023-08-09,USD,SEK,10.718460083007812,USDSEK=X
2023-08-10,USD,SEK,10.667900085449219,USDSEK=X
2023-08-11,USD,SEK,10.702099800109863,USDSEK=X
2023-08-14,USD,SEK,10.828940391540527,USDSEK=X
2023-08-15,USD,SEK,10.799799919128418,USDSEK=X
2023-08-16,USD,SEK,10.860420227050781,USDSEK=X
2023-08-17,USD,SEK,10.91897964477539,USDSEK=X
2023-08-18,USD,SEK,10.930580139160156,USDSEK=X
2023-08-21,USD,SEK,10.966139793395996,USDSEK=X
2023-08-22,USD,SEK,10.947999954223633,USDSEK=X
2023-08-23,USD,SEK,10.926899909973145,USDSEK=X
2023-08-24,USD,SEK,10.91117000579834,USDSEK=X
2023-08-25,USD,SEK,11.006569862365723,USDSEK=X
2023-08-28,USD,SEK,11.045510292053223,USDSEK=X
2023-08-29,USD,SEK,10.966850280761719,USDSEK=X
2023-08-30,USD,SEK,10.878250122070312,USDSEK=X
2023-08-31,USD,SEK,10.833959579467773,USDSEK=X
2023-09-01,USD,SEK,10.947099685668945,USDSEK=X
2023-09-04,USD,SEK,11.035599708557129,USDSEK=X
2023-09-05,USD,SEK,10.998600006103516,USDSEK=X
2023-09-06,USD,SEK,11.091830253601074,USDSEK=X
2023-09-07,USD,SEK,11.10752010345459,USDSEK=X
2023-09-08,USD,SEK,11.140199661254883,USDSEK=X
2023-09-11,USD,SEK,11.084389686584473,USDSEK=X
2023-09-12,USD,SEK,11.083999633789062,USDSEK=X
2023-09-13,USD,SEK,11.095529556274414,USDSEK=X
2023-09-14,USD,SEK,11.128890037536621,USDSEK=X
2023-09-15,USD,SEK,11.187749862670898,USDSEK=X
2023-09-18,USD,SEK,11.15779972076416,USDSEK=X
2023-09-19,USD,SEK,11.140480041503906,USDSEK=X
2023-09-20,USD,SEK,11.154529571533203,USDSEK=X
2023-09-21,USD,SEK,11.150469779968262,USDSEK=X
2023-09-22,USD,SEK,11.170040130615234,USDSEK=X
2023-09-25,USD,SEK,11.120369911193848,USDSEK=X
2023-09-26,USD,SEK,11.06365966796875,USDSEK=X
2023-09-27,USD,SEK,11.0033597946167,USDSEK=X
2023-09-28,USD,SEK,11.06233024597168,USDSEK=X
2023-09-29,USD,SEK,10.921319961547852,USDSEK=X
2023-10-02,USD,SEK,10.919699668884277,USDSEK=X
2023-10-03,USD,SEK,11.049880027770996,USDSEK=X
2023-10-04,USD,SEK,11.075590133666992,USDSEK=X
2023-10-05,USD,SEK,11.056079864501953,USDSEK=X
2023-10-06,USD,SEK,11.003899574279785,USDSEK=X
2023-10-09,USD,SEK,10.974029541015625,USDSEK=X
2023-10-10,USD,SEK,10.937800407409668,USDSEK=X
2023-10-11,USD,SEK,10.869540214538574,USDSEK=X
2023-10-12,USD,SEK,10.899299621582031,USDSEK=X
2023-10-13,USD,SEK,10.981160163879395,USDSEK=X
2023-10-16,USD,SEK,11.008299827575684,USDSEK=X
2023-10-17,USD,SEK,10.920720100402832,USDSEK=X
2023-10-18,USD,SEK,10.915109634399414,USDSEK=X
2023-10-19,USD,SEK,11.02340030670166,USDSEK=X
2023-10-20,USD,SEK,10.941969871520996,USDSEK=X
2023-10-23,USD,SEK,10.977540016174316,USDSEK=X
2023-10-24,USD,SEK,10.974129676818848,USDSEK=X
2023-10-25,USD,SEK,11.119150161743164,USDSEK=X
2023-10-26,USD,SEK,11.140480041503906,USDSEK=X
2023-10-27,USD,SEK,11.142200469970703,USDSEK=X
2023-10-30,USD,SEK,11.156729698181152,USDSEK=X
2023-10-31,USD,SEK,11.141779899597168,USDSEK=X
2023-11-01,USD,SEK,11.168140411376953,USDSEK=X
2023-11-02,USD,SEK,11.154399871826172,USDSEK=X
2023-11-03,USD,SEK,11.11538028717041,USDSEK=X
2023-11-06,USD,SEK,10.877829551696777,USDSEK=X
2023-11-07,USD,SEK,10.915900230407715,USDSEK=X
2023-11-08,USD,SEK,10.919249534606934,USDSEK=X
2023-11-09,USD,SEK,10.887519836425781,USDSEK=X
2023-11-10,USD,SEK,10.919300079345703,USDSEK=X
2023-11-13,USD,SEK,10.881110191345215,USDSEK=X
2023-11-14,USD,SEK,10.834110260009766,USDSEK=X
2023-11-15,USD,SEK,10.586400032043457,USDSEK=X
2023-11-16,USD,SEK,10.534870147705078,USDSEK=X
2023-11-17,USD,SEK,10.581740379333496,USDSEK=X
2023-11-20,USD,SEK,10.525349617004395,USDSEK=X
2023-11-21,USD,SEK,10.437529563903809,USDSEK=X
2023-11-22,USD,SEK,10.44359016418457,USDSEK=X
2023-11-23,USD,SEK,10.476099967956543,USDSEK=X
2023-11-24,USD,SEK,10.484729766845703,USDSEK=X
2023-11-27,USD,SEK,10.446550369262695,USDSEK=X
2023-11-28,USD,SEK,10.417140007019043,USDSEK=X
2023-11-29,USD,SEK,10.309769630432129,USDSEK=X
2023-11-30,USD,SEK,10.349470138549805,USDSEK=X
2023-12-01,USD,SEK,10.458829879760742,USDSEK=X
2023-12-04,USD,SEK,10.3643798828125,USDSEK=X
2023-12-05,USD,SEK,10.426179885864258,USDSEK=X
2023-12-06,USD,SEK,10.479669570922852,USDSEK=X
2023-12-07,USD,SEK,10.470179557800293,USDSEK=X
2023-12-08,USD,SEK,10.383560180664062,USDSEK=X
2023-12-11,USD,SEK,10.460769653320312,USDSEK=X
2023-12-12,USD,SEK,10.486109733581543,USDSEK=X
2023-12-13,USD,SEK,10.428000450134277,USDSEK=X
2023-12-14,USD,SEK,10.305049896240234,USDSEK=X
2023-12-15,USD,SEK,10.240599632263184,USDSEK=X
2023-12-18,USD,SEK,10.264699935913086,USDSEK=X
2023-12-19,USD,SEK,10.21560001373291,USDSEK=X
2023-12-20,USD,SEK,10.156000137329102,USDSEK=X
2023-12-21,USD,SEK,10.159839630126953,USDSEK=X
2023-12-22,USD,SEK,10.090940475463867,USDSEK=X
2023-12-25,USD,SEK,9.982649803161621,USDSEK=X
2023-12-26,USD,SEK,9.98544979095459,USDSEK=X
2023-12-27,USD,SEK,9.98486042022705,USDSEK=X
2023-12-28,USD,SEK,9.928019523620605,USDSEK=X
2023-12-29,USD,SEK,9.971090316772461,USDSEK=X
2024-01-01,USD,SEK,10.070549964904785,USDSEK=X
2024-01-02,USD,SEK,10.054499626159668,USDSEK=X
2024-01-03,USD,SEK,10.204939842224121,USDSEK=X
2024-01-04,USD,SEK,10.279509544372559,USDSEK=X
2024-01-05,USD,SEK,10.207260131835938,USDSEK=X
2024-01-08,USD,SEK,10.259360313415527,USDSEK=X
2024-01-09,USD,SEK,10.222399711608887,USDSEK=X
2024-01-10,USD,SEK,10.24666976928711,USDSEK=X
2024-01-11,USD,SEK,10.215999603271484,USDSEK=X
2024-01-12,USD,SEK,10.241049766540527,USDSEK=X
2024-01-15,USD,SEK,10.27550983428955,USDSEK=X
2024-01-16,USD,SEK,10.320639610290527,USDSEK=X
2024-01-17,USD,SEK,10.43280029296875,USDSEK=X
2024-01-18,USD,SEK,10.440560340881348,USDSEK=X
2024-01-19,USD,SEK,10.481490135192871,USDSEK=X
2024-01-22,USD,SEK,10.45557975769043,USDSEK=X
2024-01-23,USD,SEK,10.465479850769043,USDSEK=X
2024-01-24,USD,SEK,10.475839614868164,USDSEK=X
2024-01-25,USD,SEK,10.434869766235352,USDSEK=X
2024-01-26,USD,SEK,10.436800003051758,USDSEK=X
2024-01-29,USD,SEK,10.427300453186035,USDSEK=X
2024-01-30,USD,SEK,10.440250396728516,USDSEK=X
2024-01-31,USD,SEK,10.405349731445312,USDSEK=X
2024-02-01,USD,SEK,10.400360107421875,USDSEK=X
2024-02-02,USD,SEK,10.375459671020508,USDSEK=X
2024-02-05,USD,SEK,10.503979682922363,USDSEK=X
2024-02-06,USD,SEK,10.601200103759766,USDSEK=X
2024-02-07,USD,SEK,10.499679565429688,USDSEK=X
2024-02-08,USD,SEK,10.467089653015137,USDSEK=X
2024-02-09,USD,SEK,10.469779968261719,USDSEK=X
2024-02-12,USD,SEK,10.442850112915039,USDSEK=X
2024-02-13,USD,SEK,10.397159576416016,USDSEK=X
2024-02-14,USD,SEK,10.580060005187988,USDSEK=X
2024-02-15,USD,SEK,10.50590991973877,USDSEK=X
2024-02-16,USD,SEK,10.446510314941406,USDSEK=X
2024-02-19,USD,SEK,10.417180061340332,USDSEK=X
2024-02-20,USD,SEK,10.390629768371582,USDSEK=X
2024-02-21,USD,SEK,10.357210159301758,USDSEK=X
2024-02-22,USD,SEK,10.357159614562988,USDSEK=X
2024-02-23,USD,SEK,10.315899848937988,USDSEK=X
2024-02-26,USD,SEK,10.316740036010742,USDSEK=X
2024-02-27,USD,SEK,10.274869918823242,USDSEK=X
2024-02-28,USD,SEK,10.303460121154785,USDSEK=X
2024-02-29,USD,SEK,10.331649780273438,USDSEK=X
2024-03-01,USD,SEK,10.368550300598145,USDSEK=X
2024-03-04,USD,SEK,10.30659008026123,USDSEK=X
2024-03-05,USD,SEK,10.364399909973145,USDSEK=X
2024-03-06,USD,SEK,10.37771987915039,USDSEK=X
2024-03-07,USD,SEK,10.27534008026123,USDSEK=X
2024-03-08,USD,SEK,10.218910217285156,USDSEK=X
2024-03-11,USD,SEK,10.209489822387695,USDSEK=X
2024-03-12,USD,SEK,10.23462963104248,USDSEK=X
2024-03-13,USD,SEK,10.231719970703125,USDSEK=X
2024-03-14,USD,SEK,10.215700149536133,USDSEK=X
2024-03-15,USD,SEK,10.346030235290527,USDSEK=X
2024-03-18,USD,SEK,10.362520217895508,USDSEK=X
2024-03-19,USD,SEK,10.420980453491211,USDSEK=X
2024-03-20,USD,SEK,10.428239822387695,USDSEK=X
2024-03-21,USD,SEK,10.363249778747559,USDSEK=X
2024-03-22,USD,SEK,10.46288013458252,USDSEK=X
2024-03-25,USD,SEK,10.563159942626953,USDSEK=X
2024-03-26,USD,SEK,10.572759628295898,USDSEK=X
2024-03-27,USD,SEK,10.584440231323242,USDSEK=X
2024-03-28,USD,SEK,10.638039588928223,USDSEK=X
2024-03-29,USD,SEK,10.687660217285156,USDSEK=X
2024-04-01,USD,SEK,10.677499771118164,USDSEK=X
2024-04-02,USD,SEK,10.801790237426758,USDSEK=X
2024-04-03,USD,SEK,10.738889694213867,USDSEK=X
2024-04-04,USD,SEK,10.640080451965332,USDSEK=X
2024-04-05,USD,SEK,10.644319534301758,USDSEK=X
2024-04-08,USD,SEK,10.648870468139648,USDSEK=X
2024-04-09,USD,SEK,10.553799629211426,USDSEK=X
2024-04-10,USD,SEK,10.545299530029297,USDSEK=X
2024-04-11,USD,SEK,10.720999717712402,USDSEK=X
2024-04-12,USD,SEK,10.721570014953613,USDSEK=X
2024-04-15,USD,SEK,10.856499671936035,USDSEK=X
2024-04-16,USD,SEK,10.876899719238281,USDSEK=X
2024-04-17,USD,SEK,10.937310218811035,USDSEK=X
2024-04-18,USD,SEK,10.940699577331543,USDSEK=X
2024-04-19,USD,SEK,10.970979690551758,USDSEK=X
2024-04-22,USD,SEK,10.922800064086914,USDSEK=X
2024-04-23,USD,SEK,10.881389617919922,USDSEK=X
2024-04-24,USD,SEK,10.807379722595215,USDSEK=X
2024-04-25,USD,SEK,10.879579544067383,USDSEK=X
2024-04-26,USD,SEK,10.88129997253418,USDSEK=X
2024-04-29,USD,SEK,10.923859596252441,USDSEK=X
2024-04-30,USD,SEK,10.928460121154785,USDSEK=X
2024-05-01,USD,SEK,11.01688003540039,USDSEK=X
2024-05-02,USD,SEK,10.910090446472168,USDSEK=X
2024-05-03,USD,SEK,10.8543701171875,USDSEK=X
2024-05-06,USD,SEK,10.819060325622559,USDSEK=X
2024-05-07,USD,SEK,10.808429718017578,USDSEK=X
2024-05-08,USD,SEK,10.864800453186035,USDSEK=X
2024-05-09,USD,SEK,10.908539772033691,USDSEK=X
2024-05-10,USD,SEK,10.840579986572266,USDSEK=X
2024-05-13,USD,SEK,10.845080375671387,USDSEK=X
2024-05-14,USD,SEK,10.835559844970703,USDSEK=X
2024-05-15,USD,SEK,10.794949531555176,USDSEK=X
2024-05-16,USD,SEK,10.64719009399414,USDSEK=X
2024-05-17,USD,SEK,10.704150199890137,USDSEK=X
2024-05-20,USD,SEK,10.700010299682617,USDSEK=X
2024-05-21,USD,SEK,10.678139686584473,USDSEK=X
2024-05-22,USD,SEK,10.687199592590332,USDSEK=X
2024-05-23,USD,SEK,10.734000205993652,USDSEK=X
2024-05-24,USD,SEK,10.73427963256836,USDSEK=X
2024-05-27,USD,SEK,10.660099983215332,USDSEK=X
2024-05-28,USD,SEK,10.604920387268066,USDSEK=X
2024-05-29,USD,SEK,10.577300071716309,USDSEK=X
2024-05-30,USD,SEK,10.669139862060547,USDSEK=X
2024-05-31,USD,SEK,10.587039947509766,USDSEK=X
2024-06-03,USD,SEK,10.523200035095215,USDSEK=X
2024-06-04,USD,SEK,10.405960083007812,USDSEK=X
2024-06-05,USD,SEK,10.419839859008789,USDSEK=X
2024-06-06,USD,SEK,10.38539981842041,USDSEK=X
2024-06-07,USD,SEK,10.384710311889648,USDSEK=X
2024-06-10,USD,SEK,10.55739974975586,USDSEK=X
2024-06-11,USD,SEK,10.475700378417969,USDSEK=X
2024-06-12,USD,SEK,10.481599807739258,USDSEK=X
2024-06-13,USD,SEK,10.377599716186523,USDSEK=X
2024-06-14,USD,SEK,10.478099822998047,USDSEK=X
2024-06-17,USD,SEK,10.520480155944824,USDSEK=X
2024-06-18,USD,SEK,10.467849731445312,USDSEK=X
2024-06-19,USD,SEK,10.434000015258789,USDSEK=X
2024-06-20,USD,SEK,10.436699867248535,USDSEK=X
2024-06-21,USD,SEK,10.493200302124023,USDSEK=X
2024-06-24,USD,SEK,10.51272964477539,USDSEK=X
2024-06-25,USD,SEK,10.471599578857422,USDSEK=X
2024-06-26,USD,SEK,10.508899688720703,USDSEK=X
2024-06-27,USD,SEK,10.576720237731934,USDSEK=X
2024-06-28,USD,SEK,10.623290061950684,USDSEK=X
2024-07-01,USD,SEK,10.566100120544434,USDSEK=X
2024-07-02,USD,SEK,10.615679740905762,USDSEK=X
2024-07-03,USD,SEK,10.57229995727539,USDSEK=X
2024-07-04,USD,SEK,10.482640266418457,USDSEK=X
2024-07-05,USD,SEK,10.502690315246582,USDSEK=X
2024-07-08,USD,SEK,10.460800170898438,USDSEK=X
2024-07-09,USD,SEK,10.581000328063965,USDSEK=X
2024-07-10,USD,SEK,10.54916000366211,USDSEK=X
2024-07-11,USD,SEK,10.544010162353516,USDSEK=X
2024-07-12,USD,SEK,10.488309860229492,USDSEK=X
2024-07-15,USD,SEK,10.558609962463379,USDSEK=X
2024-07-16,USD,SEK,10.599570274353027,USDSEK=X
2024-07-17,USD,SEK,10.57544994354248,USDSEK=X
2024-07-18,USD,SEK,10.544899940490723,USDSEK=X
2024-07-19,USD,SEK,10.58942985534668,USDSEK=X
2024-07-22,USD,SEK,10.646900177001953,USDSEK=X
2024-07-23,USD,SEK,10.722940444946289,USDSEK=X
2024-07-24,USD,SEK,10.766730308532715,USDSEK=X
2024-07-25,USD,SEK,10.773799896240234,USDSEK=X
2024-07-26,USD,SEK,10.824029922485352,USDSEK=X
2024-07-29,USD,SEK,10.815640449523926,USDSEK=X
2024-07-30,USD,SEK,10.829950332641602,USDSEK=X
2024-07-31,USD,SEK,10.76060962677002,USDSEK=X
2024-08-01,USD,SEK,10.68865966796875,USDSEK=X
2024-08-02,USD,SEK,10.727899551391602,USDSEK=X
2024-08-05,USD,SEK,10.557000160217285,USDSEK=X
2024-08-06,USD,SEK,10.525870323181152,USDSEK=X
2024-08-07,USD,SEK,10.529430389404297,USDSEK=X
2024-08-08,USD,SEK,10.470430374145508,USDSEK=X
2024-08-09,USD,SEK,10.51039981842041,USDSEK=X
2024-08-12,USD,SEK,10.51688003540039,USDSEK=X
2024-08-13,USD,SEK,10.512579917907715,USDSEK=X
2024-08-14,USD,SEK,10.451669692993164,USDSEK=X
2024-08-15,USD,SEK,10.467300415039062,USDSEK=X
2024-08-16,USD,SEK,10.54069995880127,USDSEK=X
2024-08-19,USD,SEK,10.435099601745605,USDSEK=X
2024-08-20,USD,SEK,10.304699897766113,USDSEK=X
2024-08-21,USD,SEK,10.182929992675781,USDSEK=X
2024-08-22,USD,SEK,10.173870086669922,USDSEK=X
2024-08-23,USD,SEK,10.23250961303711,USDSEK=X
2024-08-26,USD,SEK,10.199299812316895,USDSEK=X
2024-08-27,USD,SEK,10.211870193481445,USDSEK=X
2024-08-28,USD,SEK,10.150639533996582,USDSEK=X
2024-08-29,USD,SEK,10.194620132446289,USDSEK=X
2024-08-30,USD,SEK,10.219630241394043,USDSEK=X
2024-09-02,USD,SEK,10.2704496383667,USDSEK=X
2024-09-03,USD,SEK,10.248250007629395,USDSEK=X
2024-09-04,USD,SEK,10.2958402633667,USDSEK=X
2024-09-05,USD,SEK,10.213359832763672,USDSEK=X
2024-09-06,USD,SEK,10.249420166015625,USDSEK=X
2024-09-09,USD,SEK,10.29817008972168,USDSEK=X
2024-09-10,USD,SEK,10.372529983520508,USDSEK=X
2024-09-11,USD,SEK,10.347729682922363,USDSEK=X
2024-09-12,USD,SEK,10.388270378112793,USDSEK=X
2024-09-13,USD,SEK,10.261320114135742,USDSEK=X
2024-09-16,USD,SEK,10.211270332336426,USDSEK=X
2024-09-17,USD,SEK,10.177499771118164,USDSEK=X
2024-09-18,USD,SEK,10.177129745483398,USDSEK=X
2024-09-19,USD,SEK,10.202939987182617,USDSEK=X
2024-09-20,USD,SEK,10.150930404663086,USDSEK=X
2024-09-23,USD,SEK,10.164509773254395,USDSEK=X
2024-09-24,USD,SEK,10.19159984588623,USDSEK=X
2024-09-25,USD,SEK,10.079529762268066,USDSEK=X
2024-09-26,USD,SEK,10.179900169372559,USDSEK=X
2024-09-27,USD,SEK,10.117899894714355,USDSEK=X
2024-09-30,USD,SEK,10.082639694213867,USDSEK=X
2024-10-01,USD,SEK,10.152569770812988,USDSEK=X
2024-10-02,USD,SEK,10.27163028717041,USDSEK=X
2024-10-03,USD,SEK,10.261449813842773,USDSEK=X
2024-10-04,USD,SEK,10.292929649353027,USDSEK=X
2024-10-07,USD,SEK,10.372529983520508,USDSEK=X
2024-10-08,USD,SEK,10.34788990020752,USDSEK=X
2024-10-09,USD,SEK,10.32625961303711,USDSEK=X
2024-10-10,USD,SEK,10.391830444335938,USDSEK=X
2024-10-11,USD,SEK,10.389570236206055,USDSEK=X
2024-10-14,USD,SEK,10.392999649047852,USDSEK=X
2024-10-15,USD,SEK,10.422240257263184,USDSEK=X
2024-10-16,USD,SEK,10.419599533081055,USDSEK=X
2024-10-17,USD,SEK,10.505200386047363,USDSEK=X
2024-10-18,USD,SEK,10.543259620666504,USDSEK=X
2024-10-21,USD,SEK,10.520830154418945,USDSEK=X
2024-10-22,USD,SEK,10.557929992675781,USDSEK=X
2024-10-23,USD,SEK,10.541600227355957,USDSEK=X
2024-10-24,USD,SEK,10.5943603515625,USDSEK=X
2024-10-25,USD,SEK,10.56190013885498,USDSEK=X
2024-10-28,USD,SEK,10.61128044128418,USDSEK=X
2024-10-29,USD,SEK,10.643349647521973,USDSEK=X
2024-10-30,USD,SEK,10.631790161132812,USDSEK=X
2024-10-31,USD,SEK,10.675350189208984,USDSEK=X
2024-11-01,USD,SEK,10.646400451660156,USDSEK=X
2024-11-04,USD,SEK,10.684450149536133,USDSEK=X
2024-11-05,USD,SEK,10.72113037109375,USDSEK=X
2024-11-06,USD,SEK,10.67926025390625,USDSEK=X
2024-11-07,USD,SEK,10.849459648132324,USDSEK=X
2024-11-08,USD,SEK,10.684980392456055,USDSEK=X
2024-11-11,USD,SEK,10.819419860839844,USDSEK=X
2024-11-12,USD,SEK,10.834380149841309,USDSEK=X
2024-11-13,USD,SEK,10.904789924621582,USDSEK=X
2024-11-14,USD,SEK,10.979530334472656,USDSEK=X
2024-11-15,USD,SEK,10.995599746704102,USDSEK=X
2024-11-18,USD,SEK,10.979049682617188,USDSEK=X
2024-11-19,USD,SEK,10.896080017089844,USDSEK=X
2024-11-20,USD,SEK,10.90725040435791,USDSEK=X
2024-11-21,USD,SEK,11.022049903869629,USDSEK=X
2024-11-22,USD,SEK,11.063070297241211,USDSEK=X
2024-11-25,USD,SEK,10.967530250549316,USDSEK=X
2024-11-26,USD,SEK,11.04977035522461,USDSEK=X
2024-11-27,USD,SEK,10.981749534606934,USDSEK=X
2024-11-28,USD,SEK,10.911270141601562,USDSEK=X
2024-11-29,USD,SEK,10.915410041809082,USDSEK=X
2024-12-02,USD,SEK,10.927069664001465,USDSEK=X
2024-12-03,USD,SEK,10.985509872436523,USDSEK=X
2024-12-04,USD,SEK,10.985739707946777,USDSEK=X
2024-12-05,USD,SEK,10.920820236206055,USDSEK=X
2024-12-06,USD,SEK,10.847999572753906,USDSEK=X
2024-12-09,USD,SEK,10.922240257263184,USDSEK=X
2024-12-10,USD,SEK,10.901300430297852,USDSEK=X
2024-12-11,USD,SEK,10.959400177001953,USDSEK=X
2024-12-12,USD,SEK,10.963479995727539,USDSEK=X
2024-12-13,USD,SEK,11.011240005493164,USDSEK=X
2024-12-16,USD,SEK,10.968819618225098,USDSEK=X
2024-12-17,USD,SEK,10.877099990844727,USDSEK=X
2024-12-18,USD,SEK,10.953499794006348,USDSEK=X
2024-12-19,USD,SEK,11.027660369873047,USDSEK=X
2024-12-20,USD,SEK,11.027299880981445,USDSEK=X
2024-12-23,USD,SEK,11.023309707641602,USDSEK=X
2024-12-24,USD,SEK,11.042380332946777,USDSEK=X
2024-12-25,USD,SEK,11.04839038848877,USDSEK=X
2024-12-26,USD,SEK,11.051360130310059,USDSEK=X
2024-12-27,USD,SEK,11.043020248413086,USDSEK=X
2024-12-30,USD,SEK,10.993639945983887,USDSEK=X
2024-12-31,USD,SEK,11.02383041381836,USDSEK=X
2025-01-01,USD,SEK,11.079000473022461,USDSEK=X
2025-01-02,USD,SEK,11.032190322875977,USDSEK=X
2025-01-03,USD,SEK,11.142080307006836,USDSEK=X
2025-01-06,USD,SEK,11.115249633789062,USDSEK=X
2025-01-07,USD,SEK,11.04800033569336,USDSEK=X
2025-01-08,USD,SEK,11.110600471496582,USDSEK=X
2025-01-09,USD,SEK,11.147859573364258,USDSEK=X
2025-01-10,USD,SEK,11.157139778137207,USDSEK=X
2025-01-13,USD,SEK,11.215080261230469,USDSEK=X
2025-01-14,USD,SEK,11.221099853515625,USDSEK=X
2025-01-15,USD,SEK,11.167309761047363,USDSEK=X
2025-01-16,USD,SEK,11.143899917602539,USDSEK=X
2025-01-17,USD,SEK,11.146599769592285,USDSEK=X
2025-01-20,USD,SEK,11.17339038848877,USDSEK=X
2025-01-21,USD,SEK,11.003399848937988,USDSEK=X
2025-01-22,USD,SEK,10.992790222167969,USDSEK=X
2025-01-23,USD,SEK,11.003669738769531,USDSEK=X
2025-01-24,USD,SEK,10.997730255126953,USDSEK=X
2025-01-27,USD,SEK,10.955349922180176,USDSEK=X
2025-01-28,USD,SEK,10.9716796875,USDSEK=X
2025-01-29,USD,SEK,10.993490219116211,USDSEK=X
2025-01-30,USD,SEK,10.993630409240723,USDSEK=X
2025-01-31,USD,SEK,11.047160148620605,USDSEK=X
2025-02-03,USD,SEK,11.216819763183594,USDSEK=X
2025-02-04,USD,SEK,11.082710266113281,USDSEK=X
2025-02-05,USD,SEK,10.97655963897705,USDSEK=X
2025-02-06,USD,SEK,10.904800415039062,USDSEK=X
2025-02-07,USD,SEK,10.89900016784668,USDSEK=X
2025-02-10,USD,SEK,10.978389739990234,USDSEK=X
2025-02-11,USD,SEK,10.920669555664062,USDSEK=X
2025-02-12,USD,SEK,10.854049682617188,USDSEK=X
2025-02-13,USD,SEK,10.865920066833496,USDSEK=X
2025-02-14,USD,SEK,10.73490047454834,USDSEK=X
2025-02-17,USD,SEK,10.701669692993164,USDSEK=X
2025-02-18,USD,SEK,10.692740440368652,USDSEK=X
2025-02-19,USD,SEK,10.716300010681152,USDSEK=X
2025-02-20,USD,SEK,10.723899841308594,USDSEK=X
2025-02-21,USD,SEK,10.62909984588623,USDSEK=X
2025-02-24,USD,SEK,10.623370170593262,USDSEK=X
2025-02-25,USD,SEK,10.668600082397461,USDSEK=X
2025-02-26,USD,SEK,10.589369773864746,USDSEK=X
2025-02-27,USD,SEK,10.63759994506836,USDSEK=X
2025-02-28,USD,SEK,10.757650375366211,USDSEK=X
2025-03-03,USD,SEK,10.726900100708008,USDSEK=X
2025-03-04,USD,SEK,10.509160041809082,USDSEK=X
2025-03-05,USD,SEK,10.412449836730957,USDSEK=X
2025-03-06,USD,SEK,10.187560081481934,USDSEK=X
2025-03-07,USD,SEK,10.158390045166016,USDSEK=X
2025-03-10,USD,SEK,10.070240020751953,USDSEK=X
2025-03-11,USD,SEK,10.120280265808105,USDSEK=X
2025-03-12,USD,SEK,10.009209632873535,USDSEK=X
2025-03-13,USD,SEK,10.09000015258789,USDSEK=X
2025-03-14,USD,SEK,10.191550254821777,USDSEK=X
2025-03-17,USD,SEK,10.124300003051758,USDSEK=X
2025-03-18,USD,SEK,10.086259841918945,USDSEK=X
2025-03-19,USD,SEK,10.049500465393066,USDSEK=X
2025-03-20,USD,SEK,10.087630271911621,USDSEK=X
2025-03-21,USD,SEK,10.110300064086914,USDSEK=X
2025-03-24,USD,SEK,10.114660263061523,USDSEK=X
2025-03-25,USD,SEK,10.096480369567871,USDSEK=X
2025-03-26,USD,SEK,10.037569999694824,USDSEK=X
2025-03-27,USD,SEK,10.070500373840332,USDSEK=X
2025-03-28,USD,SEK,9.98855972290039,USDSEK=X
2025-03-31,USD,SEK,10.00825023651123,USDSEK=X
2025-04-01,USD,SEK,10.039979934692383,USDSEK=X
2025-04-02,USD,SEK,10.010319709777832,USDSEK=X
2025-04-03,USD,SEK,9.861300468444824,USDSEK=X
2025-04-04,USD,SEK,9.790140151977539,USDSEK=X
2025-04-07,USD,SEK,10.010890007019043,USDSEK=X
2025-04-08,USD,SEK,9.998430252075195,USDSEK=X
2025-04-09,USD,SEK,10.005009651184082,USDSEK=X
2025-04-10,USD,SEK,9.959870338439941,USDSEK=X
2025-04-11,USD,SEK,9.825360298156738,USDSEK=X
2025-04-14,USD,SEK,9.7669095993042,USDSEK=X
2025-04-15,USD,SEK,9.772540092468262,USDSEK=X
2025-04-16,USD,SEK,9.87240982055664,USDSEK=X
2025-04-17,USD,SEK,9.75216007232666,USDSEK=X
2025-04-18,USD,SEK,9.606900215148926,USDSEK=X
2025-04-21,USD,SEK,9.51023006439209,USDSEK=X
2025-04-22,USD,SEK,9.519189834594727,USDSEK=X
2025-04-23,USD,SEK,9.600749969482422,USDSEK=X
2025-04-24,USD,SEK,9.68809986114502,USDSEK=X
2025-04-25,USD,SEK,9.617199897766113,USDSEK=X
2025-04-28,USD,SEK,9.68200969696045,USDSEK=X
2025-04-29,USD,SEK,9.593489646911621,USDSEK=X
2025-04-30,USD,SEK,9.643799781799316,USDSEK=X
2025-05-01,USD,SEK,9.643580436706543,USDSEK=X
2025-05-02,USD,SEK,9.751199722290039,USDSEK=X
2025-05-05,USD,SEK,9.633769989013672,USDSEK=X
2025-05-06,USD,SEK,9.662590026855469,USDSEK=X
2025-05-07,USD,SEK,9.572400093078613,USDSEK=X
2025-05-08,USD,SEK,9.661800384521484,USDSEK=X
2025-05-09,USD,SEK,9.744039535522461,USDSEK=X
2025-05-12,USD,SEK,9.711979866027832,USDSEK=X
2025-05-13,USD,SEK,9.707759857177734,USDSEK=X
2025-05-14,USD,SEK,9.719770431518555,USDSEK=X
2025-05-15,USD,SEK,9.749640464782715,USDSEK=X
2025-05-16,USD,SEK,9.731820106506348,USDSEK=X
2025-05-19,USD,SEK,9.731200218200684,USDSEK=X
2025-05-20,USD,SEK,9.684700012207031,USDSEK=X
2025-05-21,USD,SEK,9.633230209350586,USDSEK=X
2025-05-22,USD,SEK,9.571599960327148,USDSEK=X
2025-05-23,USD,SEK,9.637760162353516,USDSEK=X
2025-05-26,USD,SEK,9.505999565124512,USDSEK=X
2025-05-27,USD,SEK,9.504500389099121,USDSEK=X
2025-05-28,USD,SEK,9.618499755859375,USDSEK=X
2025-05-29,USD,SEK,9.694419860839844,USDSEK=X
2025-05-30,USD,SEK,9.547900199890137,USDSEK=X
2025-06-02,USD,SEK,9.577400207519531,USDSEK=X
2025-06-03,USD,SEK,9.515660285949707,USDSEK=X
2025-06-04,USD,SEK,9.612299919128418,USDSEK=X
2025-06-05,USD,SEK,9.577130317687988,USDSEK=X
2025-06-06,USD,SEK,9.565500259399414,USDSEK=X
2025-06-09,USD,SEK,9.626959800720215,USDSEK=X
2025-06-10,USD,SEK,9.56742000579834,USDSEK=X
2025-06-11,USD,SEK,9.584549903869629,USDSEK=X
2025-06-12,USD,SEK,9.533060073852539,USDSEK=X
2025-06-13,USD,SEK,9.43220043182373,USDSEK=X
2025-06-16,USD,SEK,9.472200393676758,USDSEK=X
2025-06-17,USD,SEK,9.49020004272461,USDSEK=X
2025-06-18,USD,SEK,9.54677963256836,USDSEK=X
2025-06-19,USD,SEK,9.641779899597168,USDSEK=X
2025-06-20,USD,SEK,9.623769760131836,USDSEK=X
2025-06-23,USD,SEK,9.70164966583252,USDSEK=X
2025-06-24,USD,SEK,9.577930450439453,USDSEK=X
2025-06-25,USD,SEK,9.508190155029297,USDSEK=X
2025-06-26,USD,SEK,9.456560134887695,USDSEK=X
2025-06-27,USD,SEK,9.508000373840332,USDSEK=X
2025-06-30,USD,SEK,9.468669891357422,USDSEK=X
2025-07-01,USD,SEK,9.451510429382324,USDSEK=X
2025-07-02,USD,SEK,9.472249984741211,USDSEK=X
2025-07-03,USD,SEK,9.509220123291016,USDSEK=X
2025-07-04,USD,SEK,9.566340446472168,USDSEK=X
2025-07-07,USD,SEK,9.55681037902832,USDSEK=X
2025-07-08,USD,SEK,9.507699966430664,USDSEK=X
2025-07-09,USD,SEK,9.521080017089844,USDSEK=X
2025-07-10,USD,SEK,9.502599716186523,USDSEK=X
2025-07-11,USD,SEK,9.547699928283691,USDSEK=X
2025-07-14,USD,SEK,9.569199562072754,USDSEK=X
2025-07-15,USD,SEK,9.6141996383667,USDSEK=X
2025-07-16,USD,SEK,9.714960098266602,USDSEK=X
2025-07-17,USD,SEK,9.728859901428223,USDSEK=X
2025-07-18,USD,SEK,9.726200103759766,USDSEK=X
2025-07-21,USD,SEK,9.656689643859863,USDSEK=X
2025-07-22,USD,SEK,9.567720413208008,USDSEK=X
2025-07-23,USD,SEK,9.513540267944336,USDSEK=X
2025-07-24,USD,SEK,9.504110336303711,USDSEK=X
2025-07-25,USD,SEK,9.526670455932617,USDSEK=X
2025-07-28,USD,SEK,9.50220012664795,USDSEK=X
2025-07-29,USD,SEK,9.604740142822266,USDSEK=X
2025-07-30,USD,SEK,9.64840030670166,USDSEK=X
2025-07-31,USD,SEK,9.779720306396484,USDSEK=X
2025-08-01,USD,SEK,9.784540176391602,USDSEK=X
2025-08-04,USD,SEK,9.64739990234375,USDSEK=X
2025-08-05,USD,SEK,9.643739700317383,USDSEK=X
2025-08-06,USD,SEK,9.66864013671875,USDSEK=X
2025-08-07,USD,SEK,9.602089881896973,USDSEK=X
2025-08-08,USD,SEK,9.554530143737793,USDSEK=X
2025-08-11,USD,SEK,9.566080093383789,USDSEK=X
2025-08-12,USD,SEK,9.633700370788574,USDSEK=X
2025-08-13,USD,SEK,9.540800094604492,USDSEK=X
2025-08-14,USD,SEK,9.534319877624512,USDSEK=X
2025-08-15,USD,SEK,9.581500053405762,USDSEK=X
2025-08-18,USD,SEK,9.551730155944824,USDSEK=X
2025-08-19,USD,SEK,9.55819034576416,USDSEK=X
2025-08-20,USD,SEK,9.60221004486084,USDSEK=X
2025-08-21,USD,SEK,9.58491039276123,USDSEK=X
2025-08-22,USD,SEK,9.613129615783691,USDSEK=X
2025-08-25,USD,SEK,9.506429672241211,USDSEK=X
2025-08-26,USD,SEK,9.58887004852295,USDSEK=X
2025-08-27,USD,SEK,9.55700969696045,USDSEK=X
2025-08-28,USD,SEK,9.527480125427246,USDSEK=X
2025-08-29,USD,SEK,9.478349685668945,USDSEK=X
2025-09-01,USD,SEK,9.456729888916016,USDSEK=X
2025-09-02,USD,SEK,9.452930450439453,USDSEK=X
2025-09-03,USD,SEK,9.461939811706543,USDSEK=X
2025-09-04,USD,SEK,9.422410011291504,USDSEK=X
2025-09-05,USD,SEK,9.453180313110352,USDSEK=X
2025-09-08,USD,SEK,9.38280963897705,USDSEK=X
2025-09-09,USD,SEK,9.351119995117188,USDSEK=X
2025-09-10,USD,SEK,9.384010314941406,USDSEK=X
2025-09-11,USD,SEK,9.340740203857422,USDSEK=X
2025-09-12,USD,SEK,9.307780265808105,USDSEK=X
2025-09-15,USD,SEK,9.325550079345703,USDSEK=X
2025-09-16,USD,SEK,9.278630256652832,USDSEK=X
2025-09-17,USD,SEK,9.223039627075195,USDSEK=X
2025-09-18,USD,SEK,9.28363037109375,USDSEK=X
2025-09-19,USD,SEK,9.343720436096191,USDSEK=X
2025-09-22,USD,SEK,9.415109634399414,USDSEK=X
2025-09-23,USD,SEK,9.357339859008789,USDSEK=X
2025-09-24,USD,SEK,9.33456039428711,USDSEK=X
2025-09-25,USD,SEK,9.39995002746582,USDSEK=X
2025-09-26,USD,SEK,9.463000297546387,USDSEK=X
2025-09-29,USD,SEK,9.402600288391113,USDSEK=X
2025-09-30,USD,SEK,9.416990280151367,USDSEK=X
2025-10-01,USD,SEK,9.416620254516602,USDSEK=X
2025-10-02,USD,SEK,9.37341022491455,USDSEK=X
2025-10-03,USD,SEK,9.39348030090332,USDSEK=X
2025-10-06,USD,SEK,9.384849548339844,USDSEK=X
2025-10-07,USD,SEK,9.38167953491211,USDSEK=X
2025-10-08,USD,SEK,9.424169540405273,USDSEK=X
2025-10-09,USD,SEK,9.429169654846191,USDSEK=X
2025-10-10,USD,SEK,9.531920433044434,USDSEK=X
2025-10-13,USD,SEK,9.508609771728516,USDSEK=X
2025-10-14,USD,SEK,9.507539749145508,USDSEK=X
2025-10-15,USD,SEK,9.46798038482666,USDSEK=X
2025-10-16,USD,SEK,9.469840049743652,USDSEK=X
2025-10-17,USD,SEK,9.415630340576172,USDSEK=X
2025-10-20,USD,SEK,9.42467975616455,USDSEK=X
2025-10-21,USD,SEK,9.415650367736816,USDSEK=X
2025-10-22,USD,SEK,9.427350044250488,USDSEK=X
2025-10-23,USD,SEK,9.408849716186523,USDSEK=X
2025-10-24,USD,SEK,9.376420021057129,USDSEK=X
2025-10-27,USD,SEK,9.382220268249512,USDSEK=X
2025-10-28,USD,SEK,9.376620292663574,USDSEK=X
2025-10-29,USD,SEK,9.370610237121582,USDSEK=X
2025-10-30,USD,SEK,9.404899597167969,USDSEK=X
2025-10-31,USD,SEK,9.43593978881836,USDSEK=X
2025-11-03,USD,SEK,9.493780136108398,USDSEK=X
2025-11-04,USD,SEK,9.580659866333008,USDSEK=X
2025-11-05,USD,SEK,9.580869674682617,USDSEK=X
2025-11-06,USD,SEK,9.551199913024902,USDSEK=X
2025-11-07,USD,SEK,9.568360328674316,USDSEK=X
2025-11-10,USD,SEK,9.512669563293457,USDSEK=X
2025-11-11,USD,SEK,9.509260177612305,USDSEK=X
2025-11-12,USD,SEK,9.446929931640625,USDSEK=X
2025-11-13,USD,SEK,9.443160057067871,USDSEK=X
2025-11-14,USD,SEK,9.404459953308105,USDSEK=X
2025-11-17,USD,SEK,9.44756031036377,USDSEK=X
2025-11-18,USD,SEK,9.477370262145996,USDSEK=X
2025-11-19,USD,SEK,9.470970153808594,USDSEK=X
2025-11-20,USD,SEK,9.537260055541992,USDSEK=X
2025-11-21,USD,SEK,9.536860466003418,USDSEK=X
2025-11-24,USD,SEK,9.539529800415039,USDSEK=X
2025-11-25,USD,SEK,9.547430038452148,USDSEK=X
2025-11-26,USD,SEK,9.529370307922363,USDSEK=X
2025-11-27,USD,SEK,9.486900329589844,USDSEK=X
2025-11-28,USD,SEK,9.470569610595703,USDSEK=X
2025-12-01,USD,SEK,9.445170402526855,USDSEK=X
2025-12-02,USD,SEK,9.450929641723633,USDSEK=X
2025-12-03,USD,SEK,9.42611026763916,USDSEK=X
2025-12-04,USD,SEK,9.37639045715332,USDSEK=X
2025-12-05,USD,SEK,9.393369674682617,USDSEK=X
2025-12-08,USD,SEK,9.399359703063965,USDSEK=X
2025-12-09,USD,SEK,9.393050193786621,USDSEK=X
2025-12-10,USD,SEK,9.353890419006348,USDSEK=X
2025-12-11,USD,SEK,9.26161003112793,USDSEK=X
2025-12-12,USD,SEK,9.250530242919922,USDSEK=X
2025-12-15,USD,SEK,9.265789985656738,USDSEK=X
2025-12-16,USD,SEK,9.280159950256348,USDSEK=X
2025-12-17,USD,SEK,9.297229766845703,USDSEK=X
2025-12-18,USD,SEK,9.298609733581543,USDSEK=X
2025-12-19,USD,SEK,9.28085994720459,USDSEK=X
2025-12-22,USD,SEK,9.266559600830078,USDSEK=X
2025-12-23,USD,SEK,9.228599548339844,USDSEK=X
2025-12-24,USD,SEK,9.162400245666504,USDSEK=X
2025-12-25,USD,SEK,9.169690132141113,USDSEK=X
2025-12-26,USD,SEK,9.169489860534668,USDSEK=X
2025-12-29,USD,SEK,9.141770362854004,USDSEK=X
2025-12-30,USD,SEK,9.175169944763184,USDSEK=X
2025-12-31,USD,SEK,9.194740295410156,USDSEK=X
2026-01-01,USD,SEK,9.19221019744873,USDSEK=X
2026-01-02,USD,SEK,9.189510345458984,USDSEK=X
2026-01-05,USD,SEK,9.226409912109375,USDSEK=X
2026-01-06,USD,SEK,9.174599647521973,USDSEK=X
2026-01-07,USD,SEK,9.200349807739258,USDSEK=X
2026-01-08,USD,SEK,9.183059692382812,USDSEK=X
2026-01-09,USD,SEK,9.217000007629395,USDSEK=X
2026-01-12,USD,SEK,9.216150283813477,USDSEK=X
2026-01-13,USD,SEK,9.166379928588867,USDSEK=X
2026-01-14,USD,SEK,9.221590042114258,USDSEK=X
2026-01-15,USD,SEK,9.192850112915039,USDSEK=X
2026-01-16,USD,SEK,9.212969779968262,USDSEK=X
2026-01-19,USD,SEK,9.200860023498535,USDSEK=X
2026-01-20,USD,SEK,9.202890396118164,USDSEK=X
2026-01-21,USD,SEK,9.121990203857422,USDSEK=X
2026-01-22,USD,SEK,9.114890098571777,USDSEK=X
2026-01-23,USD,SEK,9.00238037109375,USDSEK=X
2026-01-26,USD,SEK,8.911060333251953,USDSEK=X
2026-01-27,USD,SEK,8.937820434570312,USDSEK=X
2026-01-28,USD,SEK,8.78439998626709,USDSEK=X
2026-01-29,USD,SEK,8.815130233764648,USDSEK=X
2026-01-30,USD,SEK,8.802579879760742,USDSEK=X
2026-02-02,USD,SEK,8.917909622192383,USDSEK=X
2026-02-03,USD,SEK,8.960490226745605,USDSEK=X
2026-02-04,USD,SEK,8.898249626159668,USDSEK=X
2026-02-05,USD,SEK,8.982930183410645,USDSEK=X
2026-02-06,USD,SEK,9.055379867553711,USDSEK=X
2026-02-09,USD,SEK,8.9993896484375,USDSEK=X
2026-02-10,USD,SEK,8.920740127563477,USDSEK=X
2026-02-11,USD,SEK,8.885109901428223,USDSEK=X
2026-02-12,USD,SEK,8.888059616088867,USDSEK=X
2026-02-13,USD,SEK,8.923110008239746,USDSEK=X
2026-02-16,USD,SEK,8.905179977416992,USDSEK=X
2026-02-17,USD,SEK,8.938400268554688,USDSEK=X
2026-02-18,USD,SEK,8.963239669799805,USDSEK=X
2026-02-19,USD,SEK,9.036250114440918,USDSEK=X
2026-02-20,USD,SEK,9.065389633178711,USDSEK=X
2026-02-23,USD,SEK,9.005990028381348,USDSEK=X
2026-02-24,USD,SEK,9.059800148010254,USDSEK=X
2026-02-25,USD,SEK,9.043869972229004,USDSEK=X
2026-02-26,USD,SEK,9.014969825744629,USDSEK=X
2026-02-27,USD,SEK,9.048199653625488,USDSEK=X
2026-03-02,USD,SEK,9.072059631347656,USDSEK=X
2026-03-03,USD,SEK,9.155030250549316,USDSEK=X
2026-03-04,USD,SEK,9.255009651184082,USDSEK=X
2026-03-05,USD,SEK,9.170439720153809,USDSEK=X
2026-03-06,USD,SEK,9.221190452575684,USDSEK=X
2026-03-09,USD,SEK,9.2672700881958,USDSEK=X
2026-03-10,USD,SEK,9.141960144042969,USDSEK=X
2026-03-11,USD,SEK,9.162229537963867,USDSEK=X
2026-03-12,USD,SEK,9.344269752502441,USDSEK=X
2026-03-13,USD,SEK,9.34302043914795,USDSEK=X
2026-03-16,USD,SEK,9.446920394897461,USDSEK=X
2026-03-17,USD,SEK,9.333459854125977,USDSEK=X
2026-03-18,USD,SEK,9.272809982299805,USDSEK=X
2026-03-19,USD,SEK,9.397870063781738,USDSEK=X
2026-03-20,USD,SEK,9.287039756774902,USDSEK=X
2026-03-23,USD,SEK,9.342849731445312,USDSEK=X
2026-03-24,USD,SEK,9.328149795532227,USDSEK=X
2026-03-25,USD,SEK,9.303000450134277,USDSEK=X
2026-03-26,USD,SEK,9.348690032958984,USDSEK=X
2026-03-27,USD,SEK,9.421500205993652,USDSEK=X
2026-03-30,USD,SEK,9.475330352783203,USDSEK=X
2026-03-31,USD,SEK,9.557049751281738,USDSEK=X
2026-04-01,USD,SEK,9.445590019226074,USDSEK=X
2026-04-02,USD,SEK,9.405139923095703,USDSEK=X
2026-04-03,USD,SEK,9.408439636230469,USDSEK=X
2026-04-06,USD,SEK,9.473509788513184,USDSEK=X
2026-04-07,USD,SEK,9.447440147399902,USDSEK=X
2026-04-08,USD,SEK,9.330470085144043,USDSEK=X
2026-04-09,USD,SEK,9.3154296875,USDSEK=X
2026-04-10,USD,SEK,9.283040046691895,USDSEK=X
2026-04-13,USD,SEK,9.324589729309082,USDSEK=X
2026-04-14,USD,SEK,9.176730155944824,USDSEK=X
2026-04-15,USD,SEK,9.171310424804688,USDSEK=X
2026-04-16,USD,SEK,9.150489807128906,USDSEK=X
2026-04-17,USD,SEK,9.191889762878418,USDSEK=X
2026-04-20,USD,SEK,9.19242000579834,USDSEK=X
2026-04-21,USD,SEK,9.119660377502441,USDSEK=X
2026-04-22,USD,SEK,9.179929733276367,USDSEK=X
2026-04-23,USD,SEK,9.202190399169922,USDSEK=X
2026-04-24,USD,SEK,9.256400108337402,USDSEK=X
2026-04-27,USD,SEK,9.205060005187988,USDSEK=X
2026-04-28,USD,SEK,9.211050033569336,USDSEK=X
2026-04-29,USD,SEK,9.257719993591309,USDSEK=X
2026-04-30,USD,SEK,9.304550170898438,USDSEK=X
2026-05-01,USD,SEK,9.23073959350586,USDSEK=X
2026-05-04,USD,SEK,9.211480140686035,USDSEK=X
2026-05-05,USD,SEK,9.28654956817627,USDSEK=X
2026-05-06,USD,SEK,9.238160133361816,USDSEK=X
2026-05-07,USD,SEK,9.237549781799316,USDSEK=X
2026-05-08,USD,SEK,9.27692985534668,USDSEK=X
2026-05-11,USD,SEK,9.242670059204102,USDSEK=X
2026-05-12,USD,SEK,9.28499984741211,USDSEK=X
2026-05-13,USD,SEK,9.292770385742188,USDSEK=X
2026-05-14,USD,SEK,9.321080207824707,USDSEK=X
2026-05-15,USD,SEK,9.40155029296875,USDSEK=X
2026-05-18,USD,SEK,9.451689720153809,USDSEK=X
2026-05-19,USD,SEK,9.378450393676758,USDSEK=X
2026-05-20,USD,SEK,9.397000312805176,USDSEK=X
2026-05-21,USD,SEK,9.328169822692871,USDSEK=X
2026-05-22,USD,SEK,9.336770057678223,USDSEK=X
2026-05-25,USD,SEK,9.310250282287598,USDSEK=X
2026-05-26,USD,SEK,9.294819831848145,USDSEK=X
2026-05-27,USD,SEK,9.287659645080566,USDSEK=X
2026-05-28,USD,SEK,9.298720359802246,USDSEK=X
2026-05-29,USD,SEK,9.249110221862793,USDSEK=X
2026-06-01,USD,SEK,9.239130020141602,USDSEK=X
2026-06-02,USD,SEK,9.306750297546387,USDSEK=X
2026-06-03,USD,SEK,9.328780174255371,USDSEK=X
2026-06-04,USD,SEK,9.387129783630371,USDSEK=X
2026-06-05,USD,SEK,9.37440013885498,USDSEK=X
2026-06-08,USD,SEK,9.461950302124023,USDSEK=X
2026-06-09,USD,SEK,9.440130233764648,USDSEK=X
2026-06-10,USD,SEK,9.482990264892578,USDSEK=X
2026-06-11,USD,SEK,9.516039848327637,USDSEK=X
2026-06-12,USD,SEK,9.44221019744873,USDSEK=X
2026-06-15,USD,SEK,9.384420394897461,USDSEK=X
2026-06-16,USD,SEK,9.396869659423828,USDSEK=X
2026-06-17,USD,SEK,9.357489585876465,USDSEK=X
2026-06-18,USD,SEK,9.508660316467285,USDSEK=X
2026-06-19,USD,SEK,9.582220077514648,USDSEK=X
2026-06-22,USD,SEK,9.588760375976562,USDSEK=X
2026-06-23,USD,SEK,9.619629859924316,USDSEK=X
2026-06-24,USD,SEK,9.734390258789062,USDSEK=X
2026-06-25,USD,SEK,9.7535400390625,USDSEK=X
2026-06-26,USD,SEK,9.74032974243164,USDSEK=X
2026-06-29,USD,SEK,9.734749794006348,USDSEK=X
2026-06-30,USD,SEK,9.70895004272461,USDSEK=X
2026-07-01,USD,SEK,9.705710411071777,USDSEK=X
2026-07-02,USD,SEK,9.719539642333984,USDSEK=X
2026-07-03,USD,SEK,9.683899879455566,USDSEK=X
2026-07-06,USD,SEK,9.640239715576172,USDSEK=X
2026-07-07,USD,SEK,9.62460994720459,USDSEK=X
2026-07-08,USD,SEK,9.699130058288574,USDSEK=X
2026-07-09,USD,SEK,9.690239906311035,USDSEK=X
2026-07-10,USD,SEK,9.65941047668457,USDSEK=X
2026-07-13,USD,SEK,9.678930282592773,USDSEK=X
2026-07-14,USD,SEK,9.71448040008545,USDSEK=X
2026-07-15,USD,SEK,9.655759811401367,USDSEK=X
2026-07-16,USD,SEK,9.591070175170898,USDSEK=X
2026-07-17,USD,SEK,9.639880180358887,USDSEK=X
2026-07-20,USD,SEK,9.66746997833252,USDSEK=X
2026-07-21,USD,SEK,9.684800148010254,USDSEK=X
2026-07-22,USD,SEK,9.705940246582031,USDSEK=X
2026-07-23,USD,SEK,9.695799827575684,USDSEK=X
2026-07-24,USD,SEK,9.756489753723145,USDSEK=X
2026-07-27,USD,SEK,9.675809860229492,USDSEK=X
2026-07-28,USD,SEK,9.720479965209961,USDSEK=X
2026-07-29,USD,SEK,9.691349983215332,USDSEK=X
2026-07-30,USD,SEK,9.64087963104248,USDSEK=X
2026-07-31,USD,SEK,9.5381498336792,USDSEK=X
2026-08-03,USD,SEK,9.502530097961426,USDSEK=X
2026-08-04,USD,SEK,9.566450119018555,USDSEK=X
2026-08-05,USD,SEK,9.514679908752441,USDSEK=X
2026-08-06,USD,SEK,9.48031997680664,USDSEK=X
2026-08-07,USD,SEK,9.511739730834961,USDSEK=X
2026-08-10,USD,SEK,9.482950210571289,USDSEK=X
2026-08-11,USD,SEK,9.485099792480469,USDSEK=X
2026-08-12,USD,SEK,9.517069816589355,USDSEK=X
2026-08-13,USD,SEK,9.57761001586914,USDSEK=X
2026-08-14,USD,SEK,9.557160377502441,USDSEK=X
2026-08-15,USD,SEK,9.51609992980957,USDSEK=X
