ticker,report_period,report_date,gap_position,previous_comparable_period,previous_comparable_date,next_comparable_period,next_comparable_date,days_from_previous,days_to_next,stale_window_days,reference_eps_ttm,currency,recommended_action
ALIG.ST,2018-Q3,2018-10-25,leading,,,2023-Q3,2023-10-24,,1825,,4.0016,SEK,optional_backfill_requires_verified_source
ALIG.ST,2018-Q4,2019-02-22,leading,,,2023-Q3,2023-10-24,,1705,,4.7395,SEK,optional_backfill_requires_verified_source
ALIG.ST,2019-Q1,2019-04-26,leading,,,2023-Q3,2023-10-24,,1642,,5.3756,SEK,optional_backfill_requires_verified_source
ALIG.ST,2019-Q2,2019-08-21,leading,,,2023-Q3,2023-10-24,,1525,,5.7799,SEK,optional_backfill_requires_verified_source
ALIG.ST,2019-Q3,2019-10-23,leading,,,2023-Q3,2023-10-24,,1462,,6.2184,SEK,optional_backfill_requires_verified_source
ALIG.ST,2019-Q4,2020-02-21,leading,,,2023-Q3,2023-10-24,,1341,,5.4509,SEK,optional_backfill_requires_verified_source
ALIG.ST,2020-Q1,2020-04-24,leading,,,2023-Q3,2023-10-24,,1278,,4.6644,SEK,optional_backfill_requires_verified_source
ALIG.ST,2020-Q2,2020-07-23,leading,,,2023-Q3,2023-10-24,,1188,,3.8714,SEK,optional_backfill_requires_verified_source
ALIG.ST,2020-Q3,2020-10-22,leading,,,2023-Q3,2023-10-24,,1097,,3.0592,SEK,optional_backfill_requires_verified_source
ALIG.ST,2020-Q4,2021-02-11,leading,,,2023-Q3,2023-10-24,,985,,2.5325,SEK,optional_backfill_requires_verified_source
ALIG.ST,2021-Q1,2021-04-22,leading,,,2023-Q3,2023-10-24,,915,,2.8249,SEK,optional_backfill_requires_verified_source
ALIG.ST,2021-Q2,2021-07-20,leading,,,2023-Q3,2023-10-24,,826,,3.2089,SEK,optional_backfill_requires_verified_source
ALIG.ST,2021-Q3,2021-10-21,leading,,,2023-Q3,2023-10-24,,733,,3.6746,SEK,optional_backfill_requires_verified_source
ALIG.ST,2021-Q4,2022-02-10,leading,,,2023-Q3,2023-10-24,,621,,4.2657,SEK,optional_backfill_requires_verified_source
ALIG.ST,2022-Q1,2022-04-27,leading,,,2023-Q3,2023-10-24,,545,,4.3722,SEK,optional_backfill_requires_verified_source
ALIG.ST,2022-Q2,2022-07-19,leading,,,2023-Q3,2023-10-24,,462,,4.6492,SEK,optional_backfill_requires_verified_source
ALIG.ST,2022-Q3,2022-10-20,leading,,,2023-Q3,2023-10-24,,369,,4.6869,SEK,optional_backfill_requires_verified_source
ALIG.ST,2022-Q4,2023-02-17,leading,,,2023-Q3,2023-10-24,,249,,5.2196,SEK,optional_backfill_requires_verified_source
ALIG.ST,2023-Q1,2023-05-03,leading,,,2023-Q3,2023-10-24,,174,,5.4016,SEK,optional_backfill_requires_verified_source
ALIG.ST,2023-Q2,2023-07-20,leading,,,2023-Q3,2023-10-24,,96,,5.2562,SEK,optional_backfill_requires_verified_source
ARJO-B.ST,2018-Q3,2018-10-22,leading,,,2023-Q3,2023-10-19,,1823,,0.4703,SEK,optional_backfill_requires_verified_source
ARJO-B.ST,2018-Q4,2019-02-04,leading,,,2023-Q3,2023-10-19,,1718,,1.0761,SEK,optional_backfill_requires_verified_source
ARJO-B.ST,2019-Q1,2019-05-07,leading,,,2023-Q3,2023-10-19,,1626,,1.2633,SEK,optional_backfill_requires_verified_source
ARJO-B.ST,2019-Q2,2019-07-18,leading,,,2023-Q3,2023-10-19,,1554,,1.2968,SEK,optional_backfill_requires_verified_source
ARJO-B.ST,2019-Q3,2019-10-22,leading,,,2023-Q3,2023-10-19,,1458,,1.252,SEK,optional_backfill_requires_verified_source
ARJO-B.ST,2019-Q4,2020-02-04,leading,,,2023-Q3,2023-10-19,,1353,,1.4796,SEK,optional_backfill_requires_verified_source
ARJO-B.ST,2020-Q1,2020-04-27,leading,,,2023-Q3,2023-10-19,,1270,,1.498,SEK,optional_backfill_requires_verified_source
ARJO-B.ST,2020-Q2,2020-07-17,leading,,,2023-Q3,2023-10-19,,1189,,1.553,SEK,optional_backfill_requires_verified_source
ARJO-B.ST,2020-Q3,2020-10-28,leading,,,2023-Q3,2023-10-19,,1086,,1.8725,SEK,optional_backfill_requires_verified_source
ARJO-B.ST,2020-Q4,2021-02-03,leading,,,2023-Q3,2023-10-19,,988,,1.9312,SEK,optional_backfill_requires_verified_source
ARJO-B.ST,2021-Q1,2021-04-27,leading,,,2023-Q3,2023-10-19,,905,,2.1809,SEK,optional_backfill_requires_verified_source
ARJO-B.ST,2021-Q2,2021-07-15,leading,,,2023-Q3,2023-10-19,,826,,2.4562,SEK,optional_backfill_requires_verified_source
ARJO-B.ST,2021-Q3,2021-10-28,leading,,,2023-Q3,2023-10-19,,721,,2.6655,SEK,optional_backfill_requires_verified_source
ARJO-B.ST,2021-Q4,2022-02-03,leading,,,2023-Q3,2023-10-19,,623,,2.7206,SEK,optional_backfill_requires_verified_source
ARJO-B.ST,2022-Q1,2022-04-22,leading,,,2023-Q3,2023-10-19,,545,,2.6875,SEK,optional_backfill_requires_verified_source
ARJO-B.ST,2022-Q2,2022-07-14,leading,,,2023-Q3,2023-10-19,,462,,2.3754,SEK,optional_backfill_requires_verified_source
ARJO-B.ST,2022-Q3,2022-10-28,leading,,,2023-Q3,2023-10-19,,356,,1.9973,SEK,optional_backfill_requires_verified_source
ARJO-B.ST,2022-Q4,2023-01-25,leading,,,2023-Q3,2023-10-19,,267,,1.6412,SEK,optional_backfill_requires_verified_source
ARJO-B.ST,2023-Q1,2023-04-20,leading,,,2023-Q3,2023-10-19,,182,,1.3878,SEK,optional_backfill_requires_verified_source
ARJO-B.ST,2023-Q2,2023-07-14,leading,,,2023-Q3,2023-10-19,,97,,1.3805,SEK,optional_backfill_requires_verified_source
ARJO-B.ST,2023-Q4,2024-01-30,internal,2023-Q3,2023-10-19,2024-Q1,2024-04-18,103,79,79,1.7476,SEK,issuer_report_or_other_verified_source_required
ARJO-B.ST,2024-Q4,2025-01-30,internal,2024-Q3,2024-10-17,2025-Q1,2025-04-29,105,89,89,1.8321,SEK,issuer_report_or_other_verified_source_required
ATRLJ-B.ST,2018-Q3,2018-10-19,leading,,,2023-Q3,2023-10-12,,1819,,3.846,SEK,optional_backfill_requires_verified_source
ATRLJ-B.ST,2018-Q4,2019-02-15,leading,,,2023-Q3,2023-10-12,,1700,,3.846,SEK,optional_backfill_requires_verified_source
ATRLJ-B.ST,2019-Q1,2019-04-12,leading,,,2023-Q3,2023-10-12,,1644,,3.846,SEK,optional_backfill_requires_verified_source
ATRLJ-B.ST,2019-Q2,2019-07-09,leading,,,2023-Q3,2023-10-12,,1556,,3.846,SEK,optional_backfill_requires_verified_source
ATRLJ-B.ST,2019-Q3,2019-10-18,leading,,,2023-Q3,2023-10-12,,1455,,3.846,SEK,optional_backfill_requires_verified_source
ATRLJ-B.ST,2019-Q4,2020-02-07,leading,,,2023-Q3,2023-10-12,,1343,,3.846,SEK,optional_backfill_requires_verified_source
ATRLJ-B.ST,2020-Q1,2020-04-16,leading,,,2023-Q3,2023-10-12,,1274,,3.846,SEK,optional_backfill_requires_verified_source
ATRLJ-B.ST,2020-Q2,2020-07-10,leading,,,2023-Q3,2023-10-12,,1189,,3.846,SEK,optional_backfill_requires_verified_source
ATRLJ-B.ST,2020-Q3,2020-10-15,leading,,,2023-Q3,2023-10-12,,1092,,3.846,SEK,optional_backfill_requires_verified_source
ATRLJ-B.ST,2020-Q4,2021-02-09,leading,,,2023-Q3,2023-10-12,,975,,1.3515,SEK,optional_backfill_requires_verified_source
ATRLJ-B.ST,2021-Q1,2021-04-16,leading,,,2023-Q3,2023-10-12,,909,,3.9656,SEK,optional_backfill_requires_verified_source
ATRLJ-B.ST,2021-Q2,2021-07-07,leading,,,2023-Q3,2023-10-12,,827,,4.8945,SEK,optional_backfill_requires_verified_source
ATRLJ-B.ST,2021-Q3,2021-10-15,leading,,,2023-Q3,2023-10-12,,727,,4.7374,SEK,optional_backfill_requires_verified_source
ATRLJ-B.ST,2021-Q4,2022-02-10,leading,,,2023-Q3,2023-10-12,,609,,5.9337,SEK,optional_backfill_requires_verified_source
ATRLJ-B.ST,2022-Q1,2022-04-13,leading,,,2023-Q3,2023-10-12,,547,,8.0277,SEK,optional_backfill_requires_verified_source
ATRLJ-B.ST,2022-Q2,2022-07-08,leading,,,2023-Q3,2023-10-12,,461,,10.9846,SEK,optional_backfill_requires_verified_source
ATRLJ-B.ST,2022-Q3,2022-10-14,leading,,,2023-Q3,2023-10-12,,363,,10.6774,SEK,optional_backfill_requires_verified_source
ATRLJ-B.ST,2022-Q4,2023-02-02,leading,,,2023-Q3,2023-10-12,,252,,6.7918,SEK,optional_backfill_requires_verified_source
ATRLJ-B.ST,2023-Q1,2023-04-14,leading,,,2023-Q3,2023-10-12,,181,,3.3675,SEK,optional_backfill_requires_verified_source
ATRLJ-B.ST,2023-Q2,2023-07-06,leading,,,2023-Q3,2023-10-12,,98,,-1.6225,SEK,optional_backfill_requires_verified_source
BAHN-B.ST,2018-Q3,2018-10-23,leading,,,2023-Q3,2023-11-07,,1841,,0.8589,SEK,optional_backfill_requires_verified_source
BAHN-B.ST,2018-Q4,2019-02-19,leading,,,2023-Q3,2023-11-07,,1722,,0.908,SEK,optional_backfill_requires_verified_source
BAHN-B.ST,2019-Q1,2019-05-07,leading,,,2023-Q3,2023-11-07,,1645,,0.9924,SEK,optional_backfill_requires_verified_source
BAHN-B.ST,2019-Q2,2019-08-20,leading,,,2023-Q3,2023-11-07,,1540,,1.0,SEK,optional_backfill_requires_verified_source
BAHN-B.ST,2019-Q3,2019-11-12,leading,,,2023-Q3,2023-11-07,,1456,,0.995,SEK,optional_backfill_requires_verified_source
BAHN-B.ST,2019-Q4,2020-02-18,leading,,,2023-Q3,2023-11-07,,1358,,1.016,SEK,optional_backfill_requires_verified_source
BAHN-B.ST,2020-Q1,2020-05-05,leading,,,2023-Q3,2023-11-07,,1281,,1.0857,SEK,optional_backfill_requires_verified_source
BAHN-B.ST,2020-Q2,2020-08-18,leading,,,2023-Q3,2023-11-07,,1176,,1.1722,SEK,optional_backfill_requires_verified_source
BAHN-B.ST,2020-Q3,2020-11-10,leading,,,2023-Q3,2023-11-07,,1092,,1.1981,SEK,optional_backfill_requires_verified_source
BAHN-B.ST,2020-Q4,2021-02-16,leading,,,2023-Q3,2023-11-07,,994,,1.2653,SEK,optional_backfill_requires_verified_source
BAHN-B.ST,2021-Q1,2021-05-04,leading,,,2023-Q3,2023-11-07,,917,,1.2859,SEK,optional_backfill_requires_verified_source
BAHN-B.ST,2021-Q2,2021-08-19,leading,,,2023-Q3,2023-11-07,,810,,1.3139,SEK,optional_backfill_requires_verified_source
BAHN-B.ST,2021-Q3,2021-11-09,leading,,,2023-Q3,2023-11-07,,728,,1.3611,SEK,optional_backfill_requires_verified_source
BAHN-B.ST,2021-Q4,2022-02-15,leading,,,2023-Q3,2023-11-07,,630,,1.3607,SEK,optional_backfill_requires_verified_source
BAHN-B.ST,2022-Q1,2022-05-04,leading,,,2023-Q3,2023-11-07,,552,,1.4304,SEK,optional_backfill_requires_verified_source
BAHN-B.ST,2022-Q2,2022-08-18,leading,,,2023-Q3,2023-11-07,,446,,1.5147,SEK,optional_backfill_requires_verified_source
BAHN-B.ST,2022-Q3,2022-11-08,leading,,,2023-Q3,2023-11-07,,364,,1.5147,SEK,optional_backfill_requires_verified_source
BAHN-B.ST,2022-Q4,2023-02-14,leading,,,2023-Q3,2023-11-07,,266,,1.5147,SEK,optional_backfill_requires_verified_source
BAHN-B.ST,2023-Q1,2023-05-04,leading,,,2023-Q3,2023-11-07,,187,,1.5147,SEK,optional_backfill_requires_verified_source
BAHN-B.ST,2023-Q2,2023-08-22,leading,,,2023-Q3,2023-11-07,,77,,1.5147,SEK,optional_backfill_requires_verified_source
BAHN-B.ST,2026-Q2,2026-08-18,trailing,2026-Q1,2026-05-05,,,105,,,1.7206,SEK,verify_latest_period
BALD-B.ST,2018-Q3,2018-11-06,leading,,,2023-Q3,2023-10-27,,1816,,8.7189,SEK,optional_backfill_requires_verified_source
BALD-B.ST,2018-Q4,2019-02-27,leading,,,2023-Q3,2023-10-27,,1703,,8.6185,SEK,optional_backfill_requires_verified_source
BALD-B.ST,2019-Q1,2019-05-08,leading,,,2023-Q3,2023-10-27,,1633,,7.8528,SEK,optional_backfill_requires_verified_source
BALD-B.ST,2019-Q2,2019-07-17,leading,,,2023-Q3,2023-10-27,,1563,,7.463,SEK,optional_backfill_requires_verified_source
BALD-B.ST,2019-Q3,2019-10-25,leading,,,2023-Q3,2023-10-27,,1463,,6.0296,SEK,optional_backfill_requires_verified_source
BALD-B.ST,2019-Q4,2020-02-27,leading,,,2023-Q3,2023-10-27,,1338,,8.2945,SEK,optional_backfill_requires_verified_source
BALD-B.ST,2020-Q1,2020-05-08,leading,,,2023-Q3,2023-10-27,,1267,,8.1787,SEK,optional_backfill_requires_verified_source
BALD-B.ST,2020-Q2,2020-07-16,leading,,,2023-Q3,2023-10-27,,1198,,7.6028,SEK,optional_backfill_requires_verified_source
BALD-B.ST,2020-Q3,2020-11-05,leading,,,2023-Q3,2023-10-27,,1086,,6.9889,SEK,optional_backfill_requires_verified_source
BALD-B.ST,2020-Q4,2021-02-11,leading,,,2023-Q3,2023-10-27,,988,,6.1114,SEK,optional_backfill_requires_verified_source
BALD-B.ST,2021-Q1,2021-05-12,leading,,,2023-Q3,2023-10-27,,898,,7.5087,SEK,optional_backfill_requires_verified_source
BALD-B.ST,2021-Q2,2021-07-16,leading,,,2023-Q3,2023-10-27,,833,,8.7355,SEK,optional_backfill_requires_verified_source
BALD-B.ST,2021-Q3,2021-11-11,leading,,,2023-Q3,2023-10-27,,715,,13.2136,SEK,optional_backfill_requires_verified_source
BALD-B.ST,2021-Q4,2022-02-11,leading,,,2023-Q3,2023-10-27,,623,,16.5407,SEK,optional_backfill_requires_verified_source
BALD-B.ST,2022-Q1,2022-05-12,leading,,,2023-Q3,2023-10-27,,533,,18.8606,SEK,optional_backfill_requires_verified_source
BALD-B.ST,2022-Q2,2022-07-15,leading,,,2023-Q3,2023-10-27,,469,,19.9714,SEK,optional_backfill_requires_verified_source
BALD-B.ST,2022-Q3,2022-10-28,leading,,,2023-Q3,2023-10-27,,364,,14.9401,SEK,optional_backfill_requires_verified_source
BALD-B.ST,2022-Q4,2023-02-10,leading,,,2023-Q3,2023-10-27,,259,,14.9401,SEK,optional_backfill_requires_verified_source
BALD-B.ST,2023-Q1,2023-05-11,leading,,,2023-Q3,2023-10-27,,169,,14.9401,SEK,optional_backfill_requires_verified_source
BALD-B.ST,2023-Q2,2023-07-18,leading,,,2023-Q3,2023-10-27,,101,,14.9401,SEK,optional_backfill_requires_verified_source
BEIA-B.ST,2018-Q3,2018-10-25,leading,,,2023-Q3,2023-10-26,,1827,,7.592,SEK,optional_backfill_requires_verified_source
BEIA-B.ST,2018-Q4,2019-02-13,leading,,,2023-Q3,2023-10-26,,1716,,7.7794,SEK,optional_backfill_requires_verified_source
BEIA-B.ST,2019-Q1,2019-05-06,leading,,,2023-Q3,2023-10-26,,1634,,7.8424,SEK,optional_backfill_requires_verified_source
BEIA-B.ST,2019-Q2,2019-08-15,leading,,,2023-Q3,2023-10-26,,1533,,7.6018,SEK,optional_backfill_requires_verified_source
BEIA-B.ST,2019-Q3,2019-10-24,leading,,,2023-Q3,2023-10-26,,1463,,7.3296,SEK,optional_backfill_requires_verified_source
BEIA-B.ST,2019-Q4,2020-02-14,leading,,,2023-Q3,2023-10-26,,1350,,7.1488,SEK,optional_backfill_requires_verified_source
BEIA-B.ST,2020-Q1,2020-04-27,leading,,,2023-Q3,2023-10-26,,1277,,6.9347,SEK,optional_backfill_requires_verified_source
BEIA-B.ST,2020-Q2,2020-08-21,leading,,,2023-Q3,2023-10-26,,1161,,5.8826,SEK,optional_backfill_requires_verified_source
BEIA-B.ST,2020-Q3,2020-10-28,leading,,,2023-Q3,2023-10-26,,1093,,5.9042,SEK,optional_backfill_requires_verified_source
BEIA-B.ST,2020-Q4,2021-02-15,leading,,,2023-Q3,2023-10-26,,983,,6.5812,SEK,optional_backfill_requires_verified_source
BEIA-B.ST,2021-Q1,2021-04-26,leading,,,2023-Q3,2023-10-26,,913,,7.5338,SEK,optional_backfill_requires_verified_source
BEIA-B.ST,2021-Q2,2021-08-20,leading,,,2023-Q3,2023-10-26,,797,,9.004,SEK,optional_backfill_requires_verified_source
BEIA-B.ST,2021-Q3,2021-10-27,leading,,,2023-Q3,2023-10-26,,729,,9.5416,SEK,optional_backfill_requires_verified_source
BEIA-B.ST,2021-Q4,2022-02-16,leading,,,2023-Q3,2023-10-26,,617,,9.4305,SEK,optional_backfill_requires_verified_source
BEIA-B.ST,2022-Q1,2022-04-26,leading,,,2023-Q3,2023-10-26,,548,,9.6727,SEK,optional_backfill_requires_verified_source
BEIA-B.ST,2022-Q2,2022-08-19,leading,,,2023-Q3,2023-10-26,,433,,10.1241,SEK,optional_backfill_requires_verified_source
BEIA-B.ST,2022-Q3,2022-10-27,leading,,,2023-Q3,2023-10-26,,364,,10.6916,SEK,optional_backfill_requires_verified_source
BEIA-B.ST,2022-Q4,2023-02-15,leading,,,2023-Q3,2023-10-26,,253,,10.0295,SEK,optional_backfill_requires_verified_source
BEIA-B.ST,2023-Q1,2023-04-27,leading,,,2023-Q3,2023-10-26,,182,,9.462,SEK,optional_backfill_requires_verified_source
BEIA-B.ST,2023-Q2,2023-07-21,leading,,,2023-Q3,2023-10-26,,97,,8.614,SEK,optional_backfill_requires_verified_source
BEIJ-B.ST,2018-Q3,2018-10-22,leading,,,2023-Q3,2023-10-24,,1828,,1.807,SEK,optional_backfill_requires_verified_source
BEIJ-B.ST,2018-Q4,2019-01-30,leading,,,2023-Q3,2023-10-24,,1728,,1.8487,SEK,optional_backfill_requires_verified_source
BEIJ-B.ST,2019-Q1,2019-04-16,leading,,,2023-Q3,2023-10-24,,1652,,1.9708,SEK,optional_backfill_requires_verified_source
BEIJ-B.ST,2019-Q2,2019-07-12,leading,,,2023-Q3,2023-10-24,,1565,,1.9952,SEK,optional_backfill_requires_verified_source
BEIJ-B.ST,2019-Q3,2019-10-22,leading,,,2023-Q3,2023-10-24,,1463,,2.0267,SEK,optional_backfill_requires_verified_source
BEIJ-B.ST,2019-Q4,2020-01-30,leading,,,2023-Q3,2023-10-24,,1363,,2.0694,SEK,optional_backfill_requires_verified_source
BEIJ-B.ST,2020-Q1,2020-04-21,leading,,,2023-Q3,2023-10-24,,1281,,1.9873,SEK,optional_backfill_requires_verified_source
BEIJ-B.ST,2020-Q2,2020-07-15,leading,,,2023-Q3,2023-10-24,,1196,,1.7554,SEK,optional_backfill_requires_verified_source
BEIJ-B.ST,2020-Q3,2020-10-20,leading,,,2023-Q3,2023-10-24,,1099,,1.7309,SEK,optional_backfill_requires_verified_source
BEIJ-B.ST,2020-Q4,2021-01-28,leading,,,2023-Q3,2023-10-24,,999,,1.7309,SEK,optional_backfill_requires_verified_source
BEIJ-B.ST,2021-Q1,2021-04-22,leading,,,2023-Q3,2023-10-24,,915,,1.8405,SEK,optional_backfill_requires_verified_source
BEIJ-B.ST,2021-Q2,2021-07-15,leading,,,2023-Q3,2023-10-24,,831,,2.1705,SEK,optional_backfill_requires_verified_source
BEIJ-B.ST,2021-Q3,2021-10-19,leading,,,2023-Q3,2023-10-24,,735,,2.182,SEK,optional_backfill_requires_verified_source
BEIJ-B.ST,2021-Q4,2022-01-27,leading,,,2023-Q3,2023-10-24,,635,,2.3468,SEK,optional_backfill_requires_verified_source
BEIJ-B.ST,2022-Q1,2022-04-21,leading,,,2023-Q3,2023-10-24,,551,,2.5663,SEK,optional_backfill_requires_verified_source
BEIJ-B.ST,2022-Q2,2022-07-15,leading,,,2023-Q3,2023-10-24,,466,,2.8238,SEK,optional_backfill_requires_verified_source
BEIJ-B.ST,2022-Q3,2022-10-20,leading,,,2023-Q3,2023-10-24,,369,,3.2521,SEK,optional_backfill_requires_verified_source
BEIJ-B.ST,2022-Q4,2023-01-31,leading,,,2023-Q3,2023-10-24,,266,,3.006,SEK,optional_backfill_requires_verified_source
BEIJ-B.ST,2023-Q1,2023-04-25,leading,,,2023-Q3,2023-10-24,,182,,3.181,SEK,optional_backfill_requires_verified_source
BEIJ-B.ST,2023-Q2,2023-07-20,leading,,,2023-Q3,2023-10-24,,96,,3.5869,SEK,optional_backfill_requires_verified_source
BERG-B.ST,2018-Q3,2018-10-26,leading,,,2023-Q3,2023-10-19,,1819,,6.139,SEK,optional_backfill_requires_verified_source
BERG-B.ST,2018-Q4,2019-02-08,leading,,,2023-Q3,2023-10-19,,1714,,6.3251,SEK,optional_backfill_requires_verified_source
BERG-B.ST,2019-Q1,2019-05-16,leading,,,2023-Q3,2023-10-19,,1617,,6.252,SEK,optional_backfill_requires_verified_source
BERG-B.ST,2019-Q2,2019-07-17,leading,,,2023-Q3,2023-10-19,,1555,,6.1089,SEK,optional_backfill_requires_verified_source
BERG-B.ST,2019-Q3,2019-10-25,leading,,,2023-Q3,2023-10-19,,1455,,5.5906,SEK,optional_backfill_requires_verified_source
BERG-B.ST,2019-Q4,2020-02-07,leading,,,2023-Q3,2023-10-19,,1350,,4.5956,SEK,optional_backfill_requires_verified_source
BERG-B.ST,2020-Q1,2020-05-15,leading,,,2023-Q3,2023-10-19,,1252,,4.312,SEK,optional_backfill_requires_verified_source
BERG-B.ST,2020-Q2,2020-07-15,leading,,,2023-Q3,2023-10-19,,1191,,4.4029,SEK,optional_backfill_requires_verified_source
BERG-B.ST,2020-Q3,2020-10-22,leading,,,2023-Q3,2023-10-19,,1092,,4.7525,SEK,optional_backfill_requires_verified_source
BERG-B.ST,2020-Q4,2021-02-05,leading,,,2023-Q3,2023-10-19,,986,,5.6626,SEK,optional_backfill_requires_verified_source
BERG-B.ST,2021-Q1,2021-05-12,leading,,,2023-Q3,2023-10-19,,890,,6.1604,SEK,optional_backfill_requires_verified_source
BERG-B.ST,2021-Q2,2021-07-14,leading,,,2023-Q3,2023-10-19,,827,,6.4651,SEK,optional_backfill_requires_verified_source
BERG-B.ST,2021-Q3,2021-10-20,leading,,,2023-Q3,2023-10-19,,729,,6.8905,SEK,optional_backfill_requires_verified_source
BERG-B.ST,2021-Q4,2022-02-09,leading,,,2023-Q3,2023-10-19,,617,,7.1811,SEK,optional_backfill_requires_verified_source
BERG-B.ST,2022-Q1,2022-05-13,leading,,,2023-Q3,2023-10-19,,524,,7.5483,SEK,optional_backfill_requires_verified_source
BERG-B.ST,2022-Q2,2022-07-13,leading,,,2023-Q3,2023-10-19,,463,,7.7743,SEK,optional_backfill_requires_verified_source
BERG-B.ST,2022-Q3,2022-10-20,leading,,,2023-Q3,2023-10-19,,364,,7.6953,SEK,optional_backfill_requires_verified_source
BERG-B.ST,2022-Q4,2023-02-03,leading,,,2023-Q3,2023-10-19,,258,,7.8936,SEK,optional_backfill_requires_verified_source
BERG-B.ST,2023-Q1,2023-05-12,leading,,,2023-Q3,2023-10-19,,160,,7.7813,SEK,optional_backfill_requires_verified_source
BERG-B.ST,2023-Q2,2023-07-14,leading,,,2023-Q3,2023-10-19,,97,,7.4317,SEK,optional_backfill_requires_verified_source
CAST.ST,2018-Q3,2018-10-17,leading,,,2023-Q3,2023-10-27,,1836,,23.076,SEK,optional_backfill_requires_verified_source
CAST.ST,2018-Q4,2019-01-23,leading,,,2023-Q3,2023-10-27,,1738,,22.9182,SEK,optional_backfill_requires_verified_source
CAST.ST,2019-Q1,2019-04-24,leading,,,2023-Q3,2023-10-27,,1647,,24.6894,SEK,optional_backfill_requires_verified_source
CAST.ST,2019-Q2,2019-07-12,leading,,,2023-Q3,2023-10-27,,1568,,23.41,SEK,optional_backfill_requires_verified_source
CAST.ST,2019-Q3,2019-10-18,leading,,,2023-Q3,2023-10-27,,1470,,18.5689,SEK,optional_backfill_requires_verified_source
CAST.ST,2019-Q4,2020-01-24,leading,,,2023-Q3,2023-10-27,,1372,,17.3728,SEK,optional_backfill_requires_verified_source
CAST.ST,2020-Q1,2020-04-24,leading,,,2023-Q3,2023-10-27,,1281,,14.7315,SEK,optional_backfill_requires_verified_source
CAST.ST,2020-Q2,2020-07-15,leading,,,2023-Q3,2023-10-27,,1199,,14.1391,SEK,optional_backfill_requires_verified_source
CAST.ST,2020-Q3,2020-10-15,leading,,,2023-Q3,2023-10-27,,1107,,14.0303,SEK,optional_backfill_requires_verified_source
CAST.ST,2020-Q4,2021-01-22,leading,,,2023-Q3,2023-10-27,,1008,,17.1998,SEK,optional_backfill_requires_verified_source
CAST.ST,2021-Q1,2021-04-21,leading,,,2023-Q3,2023-10-27,,919,,27.398,SEK,optional_backfill_requires_verified_source
CAST.ST,2021-Q2,2021-07-15,leading,,,2023-Q3,2023-10-27,,834,,29.4162,SEK,optional_backfill_requires_verified_source
CAST.ST,2021-Q3,2021-10-19,leading,,,2023-Q3,2023-10-27,,738,,30.9679,SEK,optional_backfill_requires_verified_source
CAST.ST,2021-Q4,2022-02-16,leading,,,2023-Q3,2023-10-27,,618,,34.5148,SEK,optional_backfill_requires_verified_source
CAST.ST,2022-Q1,2022-04-25,leading,,,2023-Q3,2023-10-27,,550,,31.8025,SEK,optional_backfill_requires_verified_source
CAST.ST,2022-Q2,2022-07-15,leading,,,2023-Q3,2023-10-27,,469,,35.041,SEK,optional_backfill_requires_verified_source
CAST.ST,2022-Q3,2022-10-20,leading,,,2023-Q3,2023-10-27,,372,,29.3458,SEK,optional_backfill_requires_verified_source
CAST.ST,2022-Q4,2023-02-13,leading,,,2023-Q3,2023-10-27,,256,,4.2025,SEK,optional_backfill_requires_verified_source
CAST.ST,2023-Q1,2023-04-26,leading,,,2023-Q3,2023-10-27,,184,,-15.7751,SEK,optional_backfill_requires_verified_source
CAST.ST,2023-Q2,2023-07-14,leading,,,2023-Q3,2023-10-27,,105,,-23.1952,SEK,optional_backfill_requires_verified_source
CATE.ST,2018-Q3,2018-10-26,leading,,,2023-Q3,2023-10-27,,1827,,20.62,SEK,optional_backfill_requires_verified_source
CATE.ST,2018-Q4,2019-02-15,leading,,,2023-Q3,2023-10-27,,1715,,21.9238,SEK,optional_backfill_requires_verified_source
CATE.ST,2019-Q1,2019-04-25,leading,,,2023-Q3,2023-10-27,,1646,,23.7238,SEK,optional_backfill_requires_verified_source
CATE.ST,2019-Q2,2019-07-08,leading,,,2023-Q3,2023-10-27,,1572,,25.4657,SEK,optional_backfill_requires_verified_source
CATE.ST,2019-Q3,2019-10-25,leading,,,2023-Q3,2023-10-27,,1463,,26.7886,SEK,optional_backfill_requires_verified_source
CATE.ST,2019-Q4,2020-02-20,leading,,,2023-Q3,2023-10-27,,1345,,32.4622,SEK,optional_backfill_requires_verified_source
CATE.ST,2020-Q1,2020-04-29,leading,,,2023-Q3,2023-10-27,,1276,,29.7564,SEK,optional_backfill_requires_verified_source
CATE.ST,2020-Q2,2020-07-07,leading,,,2023-Q3,2023-10-27,,1207,,27.5812,SEK,optional_backfill_requires_verified_source
CATE.ST,2020-Q3,2020-10-28,leading,,,2023-Q3,2023-10-27,,1094,,31.2228,SEK,optional_backfill_requires_verified_source
CATE.ST,2020-Q4,2021-02-19,leading,,,2023-Q3,2023-10-27,,980,,40.5066,SEK,optional_backfill_requires_verified_source
CATE.ST,2021-Q1,2021-04-29,leading,,,2023-Q3,2023-10-27,,911,,55.0515,SEK,optional_backfill_requires_verified_source
CATE.ST,2021-Q2,2021-07-06,leading,,,2023-Q3,2023-10-27,,843,,58.6879,SEK,optional_backfill_requires_verified_source
CATE.ST,2021-Q3,2021-10-28,leading,,,2023-Q3,2023-10-27,,729,,58.3429,SEK,optional_backfill_requires_verified_source
CATE.ST,2021-Q4,2022-02-22,leading,,,2023-Q3,2023-10-27,,612,,65.3349,SEK,optional_backfill_requires_verified_source
CATE.ST,2022-Q1,2022-04-28,leading,,,2023-Q3,2023-10-27,,547,,69.0388,SEK,optional_backfill_requires_verified_source
CATE.ST,2022-Q2,2022-07-07,leading,,,2023-Q3,2023-10-27,,477,,81.6293,SEK,optional_backfill_requires_verified_source
CATE.ST,2022-Q3,2022-10-28,leading,,,2023-Q3,2023-10-27,,364,,75.2262,SEK,optional_backfill_requires_verified_source
CATE.ST,2022-Q4,2023-02-22,leading,,,2023-Q3,2023-10-27,,247,,46.2974,SEK,optional_backfill_requires_verified_source
CATE.ST,2023-Q1,2023-04-27,leading,,,2023-Q3,2023-10-27,,183,,15.3365,SEK,optional_backfill_requires_verified_source
CATE.ST,2023-Q2,2023-07-07,leading,,,2023-Q3,2023-10-27,,112,,2.5395,SEK,optional_backfill_requires_verified_source
CATE.ST,2023-Q4,2024-02-22,internal,2023-Q3,2023-10-27,2024-Q1,2024-04-25,118,63,63,19.6419,SEK,issuer_report_or_other_verified_source_required
COOR.ST,2018-Q3,2018-10-24,leading,,,2023-Q3,2023-10-25,,1827,,1.1,SEK,optional_backfill_requires_verified_source
COOR.ST,2018-Q4,2019-02-21,leading,,,2023-Q3,2023-10-25,,1707,,1.0384,SEK,optional_backfill_requires_verified_source
COOR.ST,2019-Q1,2019-05-02,leading,,,2023-Q3,2023-10-25,,1637,,1.2872,SEK,optional_backfill_requires_verified_source
COOR.ST,2019-Q2,2019-07-18,leading,,,2023-Q3,2023-10-25,,1560,,1.5465,SEK,optional_backfill_requires_verified_source
COOR.ST,2019-Q3,2019-11-07,leading,,,2023-Q3,2023-10-25,,1448,,1.765,SEK,optional_backfill_requires_verified_source
COOR.ST,2019-Q4,2020-02-12,leading,,,2023-Q3,2023-10-25,,1351,,1.7666,SEK,optional_backfill_requires_verified_source
COOR.ST,2020-Q1,2020-04-28,leading,,,2023-Q3,2023-10-25,,1275,,1.6425,SEK,optional_backfill_requires_verified_source
COOR.ST,2020-Q2,2020-07-17,leading,,,2023-Q3,2023-10-25,,1195,,1.7278,SEK,optional_backfill_requires_verified_source
COOR.ST,2020-Q3,2020-11-04,leading,,,2023-Q3,2023-10-25,,1085,,1.9168,SEK,optional_backfill_requires_verified_source
COOR.ST,2020-Q4,2021-02-11,leading,,,2023-Q3,2023-10-25,,986,,1.9901,SEK,optional_backfill_requires_verified_source
COOR.ST,2021-Q1,2021-04-26,leading,,,2023-Q3,2023-10-25,,912,,2.2205,SEK,optional_backfill_requires_verified_source
COOR.ST,2021-Q2,2021-07-15,leading,,,2023-Q3,2023-10-25,,832,,2.5259,SEK,optional_backfill_requires_verified_source
COOR.ST,2021-Q3,2021-11-09,leading,,,2023-Q3,2023-10-25,,715,,2.6442,SEK,optional_backfill_requires_verified_source
COOR.ST,2021-Q4,2022-02-10,leading,,,2023-Q3,2023-10-25,,622,,2.7831,SEK,optional_backfill_requires_verified_source
COOR.ST,2022-Q1,2022-04-29,leading,,,2023-Q3,2023-10-25,,544,,3.1115,SEK,optional_backfill_requires_verified_source
COOR.ST,2022-Q2,2022-07-15,leading,,,2023-Q3,2023-10-25,,467,,3.0914,SEK,optional_backfill_requires_verified_source
COOR.ST,2022-Q3,2022-10-27,leading,,,2023-Q3,2023-10-25,,363,,2.7749,SEK,optional_backfill_requires_verified_source
COOR.ST,2022-Q4,2023-02-09,leading,,,2023-Q3,2023-10-25,,258,,2.6906,SEK,optional_backfill_requires_verified_source
COOR.ST,2023-Q1,2023-04-26,leading,,,2023-Q3,2023-10-25,,182,,2.3861,SEK,optional_backfill_requires_verified_source
COOR.ST,2023-Q2,2023-07-14,leading,,,2023-Q3,2023-10-25,,103,,1.9984,SEK,optional_backfill_requires_verified_source
CTT.ST,2018-Q3,2018-10-31,leading,,,2023-Q3,2023-10-27,,1822,,4.8401,SEK,optional_backfill_requires_verified_source
CTT.ST,2018-Q4,2019-02-06,leading,,,2023-Q3,2023-10-27,,1724,,5.5666,SEK,optional_backfill_requires_verified_source
CTT.ST,2019-Q1,2019-04-30,leading,,,2023-Q3,2023-10-27,,1641,,6.1972,SEK,optional_backfill_requires_verified_source
CTT.ST,2019-Q2,2019-07-19,leading,,,2023-Q3,2023-10-27,,1561,,6.7683,SEK,optional_backfill_requires_verified_source
CTT.ST,2019-Q3,2019-10-25,leading,,,2023-Q3,2023-10-27,,1463,,7.3589,SEK,optional_backfill_requires_verified_source
CTT.ST,2019-Q4,2020-02-07,leading,,,2023-Q3,2023-10-27,,1358,,7.3909,SEK,optional_backfill_requires_verified_source
CTT.ST,2020-Q1,2020-04-29,leading,,,2023-Q3,2023-10-27,,1276,,7.4068,SEK,optional_backfill_requires_verified_source
CTT.ST,2020-Q2,2020-07-21,leading,,,2023-Q3,2023-10-27,,1193,,5.7946,SEK,optional_backfill_requires_verified_source
CTT.ST,2020-Q3,2020-10-23,leading,,,2023-Q3,2023-10-27,,1099,,3.879,SEK,optional_backfill_requires_verified_source
CTT.ST,2020-Q4,2021-02-09,leading,,,2023-Q3,2023-10-27,,990,,2.4822,SEK,optional_backfill_requires_verified_source
CTT.ST,2021-Q1,2021-04-30,leading,,,2023-Q3,2023-10-27,,910,,0.7742,SEK,optional_backfill_requires_verified_source
CTT.ST,2021-Q2,2021-07-22,leading,,,2023-Q3,2023-10-27,,827,,0.7822,SEK,optional_backfill_requires_verified_source
CTT.ST,2021-Q3,2021-10-28,leading,,,2023-Q3,2023-10-27,,729,,0.9418,SEK,optional_backfill_requires_verified_source
CTT.ST,2021-Q4,2022-02-08,leading,,,2023-Q3,2023-10-27,,626,,1.1334,SEK,optional_backfill_requires_verified_source
CTT.ST,2022-Q1,2022-04-29,leading,,,2023-Q3,2023-10-27,,546,,2.155,SEK,optional_backfill_requires_verified_source
CTT.ST,2022-Q2,2022-07-22,leading,,,2023-Q3,2023-10-27,,462,,2.8733,SEK,optional_backfill_requires_verified_source
CTT.ST,2022-Q3,2022-10-28,leading,,,2023-Q3,2023-10-27,,364,,4.2222,SEK,optional_backfill_requires_verified_source
CTT.ST,2022-Q4,2023-02-07,leading,,,2023-Q3,2023-10-27,,262,,5.2997,SEK,optional_backfill_requires_verified_source
CTT.ST,2023-Q1,2023-04-28,leading,,,2023-Q3,2023-10-27,,182,,5.9701,SEK,optional_backfill_requires_verified_source
CTT.ST,2023-Q2,2023-07-21,leading,,,2023-Q3,2023-10-27,,98,,6.7444,SEK,optional_backfill_requires_verified_source
CTT.ST,2023-Q4,2024-02-06,internal,2023-Q3,2023-10-27,2024-Q1,2024-04-26,102,80,80,7.6303,SEK,issuer_report_or_other_verified_source_required
EKTA-B.ST,2018-Q4,2018-11-29,leading,,,2023-Q4,2023-11-30,,1827,,3.4081,SEK,optional_backfill_requires_verified_source
EKTA-B.ST,2019-Q1,2019-02-22,leading,,,2023-Q4,2023-11-30,,1742,,3.1542,SEK,optional_backfill_requires_verified_source
EKTA-B.ST,2019-Q2,2019-05-29,leading,,,2023-Q4,2023-11-30,,1646,,3.1333,SEK,optional_backfill_requires_verified_source
EKTA-B.ST,2019-Q3,2019-08-22,leading,,,2023-Q4,2023-11-30,,1561,,3.0835,SEK,optional_backfill_requires_verified_source
EKTA-B.ST,2019-Q4,2019-11-28,leading,,,2023-Q4,2023-11-30,,1463,,2.9186,SEK,optional_backfill_requires_verified_source
EKTA-B.ST,2020-Q1,2020-02-20,leading,,,2023-Q4,2023-11-30,,1379,,3.1723,SEK,optional_backfill_requires_verified_source
EKTA-B.ST,2020-Q2,2020-05-29,leading,,,2023-Q4,2023-11-30,,1280,,2.8371,SEK,optional_backfill_requires_verified_source
EKTA-B.ST,2020-Q3,2020-08-26,leading,,,2023-Q4,2023-11-30,,1191,,3.0177,SEK,optional_backfill_requires_verified_source
EKTA-B.ST,2020-Q4,2020-11-26,leading,,,2023-Q4,2023-11-30,,1099,,3.4207,SEK,optional_backfill_requires_verified_source
EKTA-B.ST,2021-Q1,2021-02-25,leading,,,2023-Q4,2023-11-30,,1008,,3.4574,SEK,optional_backfill_requires_verified_source
EKTA-B.ST,2021-Q2,2021-05-28,leading,,,2023-Q4,2023-11-30,,916,,3.282,SEK,optional_backfill_requires_verified_source
EKTA-B.ST,2021-Q3,2021-08-25,leading,,,2023-Q4,2023-11-30,,827,,3.0491,SEK,optional_backfill_requires_verified_source
EKTA-B.ST,2021-Q4,2021-11-25,leading,,,2023-Q4,2023-11-30,,735,,3.07,SEK,optional_backfill_requires_verified_source
EKTA-B.ST,2022-Q1,2022-02-24,leading,,,2023-Q4,2023-11-30,,644,,2.8266,SEK,optional_backfill_requires_verified_source
EKTA-B.ST,2022-Q2,2022-05-25,leading,,,2023-Q4,2023-11-30,,554,,3.0203,SEK,optional_backfill_requires_verified_source
EKTA-B.ST,2022-Q3,2022-08-25,leading,,,2023-Q4,2023-11-30,,462,,2.8449,SEK,optional_backfill_requires_verified_source
EKTA-B.ST,2022-Q4,2022-11-24,leading,,,2023-Q4,2023-11-30,,371,,2.1618,SEK,optional_backfill_requires_verified_source
EKTA-B.ST,2023-Q1,2023-02-24,leading,,,2023-Q4,2023-11-30,,279,,2.1278,SEK,optional_backfill_requires_verified_source
EKTA-B.ST,2023-Q2,2023-05-25,leading,,,2023-Q4,2023-11-30,,189,,2.4672,SEK,optional_backfill_requires_verified_source
EKTA-B.ST,2023-Q3,2023-08-24,leading,,,2023-Q4,2023-11-30,,98,,2.9323,SEK,optional_backfill_requires_verified_source
EKTA-B.ST,2025-Q2,2025-05-28,internal,2025-Q1,2025-02-20,2025-Q3,2025-08-27,97,91,91,0.6203,SEK,issuer_report_or_other_verified_source_required
EMBRAC-B.ST,2018-Q3,2018-11-14,leading,,,2023-Q3,2023-11-16,,1828,,2.3439,SEK,optional_backfill_requires_verified_source
EMBRAC-B.ST,2018-Q4,2019-02-13,leading,,,2023-Q3,2023-11-16,,1737,,3.4101,SEK,optional_backfill_requires_verified_source
EMBRAC-B.ST,2019-Q1,2019-05-22,leading,,,2023-Q3,2023-11-16,,1639,,3.5771,SEK,optional_backfill_requires_verified_source
EMBRAC-B.ST,2019-Q2,2019-08-14,leading,,,2023-Q3,2023-11-16,,1555,,3.6794,SEK,optional_backfill_requires_verified_source
EMBRAC-B.ST,2019-Q3,2019-11-14,leading,,,2023-Q3,2023-11-16,,1463,,3.5714,SEK,optional_backfill_requires_verified_source
EMBRAC-B.ST,2019-Q4,2020-02-19,leading,,,2023-Q3,2023-11-16,,1366,,2.5732,SEK,optional_backfill_requires_verified_source
EMBRAC-B.ST,2020-Q1,2020-05-20,leading,,,2023-Q3,2023-11-16,,1275,,2.7509,SEK,optional_backfill_requires_verified_source
EMBRAC-B.ST,2020-Q2,2020-08-13,leading,,,2023-Q3,2023-11-16,,1190,,2.9741,SEK,optional_backfill_requires_verified_source
EMBRAC-B.ST,2020-Q3,2020-11-18,leading,,,2023-Q3,2023-11-16,,1093,,4.1557,SEK,optional_backfill_requires_verified_source
EMBRAC-B.ST,2020-Q4,2021-02-18,leading,,,2023-Q3,2023-11-16,,1001,,2.4628,SEK,optional_backfill_requires_verified_source
EMBRAC-B.ST,2021-Q1,2021-05-20,leading,,,2023-Q3,2023-11-16,,910,,2.3019,SEK,optional_backfill_requires_verified_source
EMBRAC-B.ST,2021-Q2,2021-08-18,leading,,,2023-Q3,2023-11-16,,820,,-2.1124,SEK,optional_backfill_requires_verified_source
EMBRAC-B.ST,2021-Q3,2021-11-17,leading,,,2023-Q3,2023-11-16,,729,,-8.2205,SEK,optional_backfill_requires_verified_source
EMBRAC-B.ST,2021-Q4,2022-02-17,leading,,,2023-Q3,2023-11-16,,637,,-14.3896,SEK,optional_backfill_requires_verified_source
EMBRAC-B.ST,2022-Q1,2022-05-19,leading,,,2023-Q3,2023-11-16,,546,,-24.546,SEK,optional_backfill_requires_verified_source
EMBRAC-B.ST,2022-Q2,2022-08-18,leading,,,2023-Q3,2023-11-16,,455,,-21.7397,SEK,optional_backfill_requires_verified_source
EMBRAC-B.ST,2022-Q3,2022-11-17,leading,,,2023-Q3,2023-11-16,,364,,-6.8194,SEK,optional_backfill_requires_verified_source
EMBRAC-B.ST,2022-Q4,2023-02-16,leading,,,2023-Q3,2023-11-16,,273,,7.3789,SEK,optional_backfill_requires_verified_source
EMBRAC-B.ST,2023-Q1,2023-05-24,leading,,,2023-Q3,2023-11-16,,176,,20.4305,SEK,optional_backfill_requires_verified_source
EMBRAC-B.ST,2023-Q2,2023-08-17,leading,,,2023-Q3,2023-11-16,,91,,33.2435,SEK,optional_backfill_requires_verified_source
EMBRAC-B.ST,2025-Q1,2025-05-22,internal,2024-Q4,2025-02-13,2025-Q2,2025-08-14,98,84,84,25.708,SEK,issuer_report_or_other_verified_source_required
EQL.ST,2019-Q3,2019-11-11,leading,,,2024-Q1,2024-05-14,,1646,,-0.0603,SEK,optional_backfill_requires_verified_source
EQL.ST,2019-Q4,2020-02-05,leading,,,2024-Q1,2024-05-14,,1560,,0.0539,SEK,optional_backfill_requires_verified_source
EQL.ST,2020-Q1,2020-05-04,leading,,,2024-Q1,2024-05-14,,1471,,0.095,SEK,optional_backfill_requires_verified_source
EQL.ST,2020-Q2,2020-08-27,leading,,,2024-Q1,2024-05-14,,1356,,0.4802,SEK,optional_backfill_requires_verified_source
EQL.ST,2020-Q3,2020-11-06,leading,,,2024-Q1,2024-05-14,,1285,,0.5543,SEK,optional_backfill_requires_verified_source
EQL.ST,2020-Q4,2021-02-18,leading,,,2024-Q1,2024-05-14,,1181,,0.5774,SEK,optional_backfill_requires_verified_source
EQL.ST,2021-Q1,2021-05-06,leading,,,2024-Q1,2024-05-14,,1104,,0.3574,SEK,optional_backfill_requires_verified_source
EQL.ST,2021-Q2,2021-08-16,leading,,,2024-Q1,2024-05-14,,1002,,0.0577,SEK,optional_backfill_requires_verified_source
EQL.ST,2021-Q3,2021-11-10,leading,,,2024-Q1,2024-05-14,,916,,0.1303,SEK,optional_backfill_requires_verified_source
EQL.ST,2021-Q4,2022-02-16,leading,,,2024-Q1,2024-05-14,,818,,0.6472,SEK,optional_backfill_requires_verified_source
EQL.ST,2022-Q1,2022-05-13,leading,,,2024-Q1,2024-05-14,,732,,0.6472,SEK,optional_backfill_requires_verified_source
EQL.ST,2022-Q2,2022-08-16,leading,,,2024-Q1,2024-05-14,,637,,0.6472,SEK,optional_backfill_requires_verified_source
EQL.ST,2022-Q3,2022-11-11,leading,,,2024-Q1,2024-05-14,,550,,0.6472,SEK,optional_backfill_requires_verified_source
EQL.ST,2022-Q4,2023-02-14,leading,,,2024-Q1,2024-05-14,,455,,0.6472,SEK,optional_backfill_requires_verified_source
EQL.ST,2023-Q1,2023-05-11,leading,,,2024-Q1,2024-05-14,,369,,1.0472,SEK,optional_backfill_requires_verified_source
EQL.ST,2023-Q2,2023-08-16,leading,,,2024-Q1,2024-05-14,,272,,1.0241,SEK,optional_backfill_requires_verified_source
EQL.ST,2023-Q3,2023-11-17,leading,,,2024-Q1,2024-05-14,,179,,0.9285,SEK,optional_backfill_requires_verified_source
EQL.ST,2023-Q4,2024-02-13,leading,,,2024-Q1,2024-05-14,,91,,0.7374,SEK,optional_backfill_requires_verified_source
EQT.ST,2021-Q4,2022-01-19,leading,,,2023-Q2,2023-07-14,,541,,0.9288,EUR,optional_backfill_requires_verified_source
EQT.ST,2022-Q2,2022-07-14,leading,,,2023-Q2,2023-07-14,,365,,0.7881,EUR,optional_backfill_requires_verified_source
EQT.ST,2022-Q4,2023-01-18,leading,,,2023-Q2,2023-07-14,,177,,0.1706,EUR,optional_backfill_requires_verified_source
EQT.ST,2024-Q2,2024-07-18,internal,2023-Q4,2024-01-18,2024-Q4,2025-01-23,182,189,189,0.3385,EUR,issuer_report_or_other_verified_source_required
EQT.ST,2026-Q2,2026-07-17,trailing,2025-Q4,2026-01-22,,,176,,,0.8922,EUR,verify_latest_period
ERIC-B.ST,2018-Q3,2018-10-18,leading,,,2023-Q3,2023-10-17,,1825,,-5.733,SEK,optional_backfill_requires_verified_source
ERIC-B.ST,2018-Q4,2019-01-25,leading,,,2023-Q3,2023-10-17,,1726,,-1.9811,SEK,optional_backfill_requires_verified_source
ERIC-B.ST,2019-Q1,2019-04-17,leading,,,2023-Q3,2023-10-17,,1644,,-1.029,SEK,optional_backfill_requires_verified_source
ERIC-B.ST,2019-Q2,2019-07-17,leading,,,2023-Q3,2023-10-17,,1553,,0.0567,SEK,optional_backfill_requires_verified_source
ERIC-B.ST,2019-Q3,2019-10-17,leading,,,2023-Q3,2023-10-17,,1461,,-2.6563,SEK,optional_backfill_requires_verified_source
ERIC-B.ST,2019-Q4,2020-01-24,leading,,,2023-Q3,2023-10-17,,1362,,0.6638,SEK,optional_backfill_requires_verified_source
ERIC-B.ST,2020-Q1,2020-04-22,leading,,,2023-Q3,2023-10-17,,1273,,0.6095,SEK,optional_backfill_requires_verified_source
ERIC-B.ST,2020-Q2,2020-07-17,leading,,,2023-Q3,2023-10-17,,1187,,0.8333,SEK,optional_backfill_requires_verified_source
ERIC-B.ST,2020-Q3,2020-10-21,leading,,,2023-Q3,2023-10-17,,1091,,4.3243,SEK,optional_backfill_requires_verified_source
ERIC-B.ST,2020-Q4,2021-01-29,leading,,,2023-Q3,2023-10-17,,991,,5.2506,SEK,optional_backfill_requires_verified_source
ERIC-B.ST,2021-Q1,2021-04-21,leading,,,2023-Q3,2023-10-17,,909,,5.5604,SEK,optional_backfill_requires_verified_source
ERIC-B.ST,2021-Q2,2021-07-16,leading,,,2023-Q3,2023-10-17,,823,,5.928,SEK,optional_backfill_requires_verified_source
ERIC-B.ST,2021-Q3,2021-10-19,leading,,,2023-Q3,2023-10-17,,728,,6.0457,SEK,optional_backfill_requires_verified_source
ERIC-B.ST,2021-Q4,2022-01-25,leading,,,2023-Q3,2023-10-17,,630,,6.8107,SEK,optional_backfill_requires_verified_source
ERIC-B.ST,2022-Q1,2022-04-14,leading,,,2023-Q3,2023-10-17,,551,,6.7359,SEK,optional_backfill_requires_verified_source
ERIC-B.ST,2022-Q2,2022-07-14,leading,,,2023-Q3,2023-10-17,,460,,6.9826,SEK,optional_backfill_requires_verified_source
ERIC-B.ST,2022-Q3,2022-10-20,leading,,,2023-Q3,2023-10-17,,362,,6.8208,SEK,optional_backfill_requires_verified_source
ERIC-B.ST,2022-Q4,2023-01-20,leading,,,2023-Q3,2023-10-17,,270,,5.6171,SEK,optional_backfill_requires_verified_source
ERIC-B.ST,2023-Q1,2023-04-18,leading,,,2023-Q3,2023-10-17,,182,,5.189,SEK,optional_backfill_requires_verified_source
ERIC-B.ST,2023-Q2,2023-07-14,leading,,,2023-Q3,2023-10-17,,95,,3.632,SEK,optional_backfill_requires_verified_source
EVO.ST,2025-Q1,2025-04-30,internal,2024-Q4,2025-01-30,2025-Q2,2025-07-17,90,78,78,6.01,EUR,issuer_report_or_other_verified_source_required
GENO.ST,2018-Q3,2018-11-23,leading,,,2023-Q3,2023-11-15,,1818,,-0.0641,SEK,optional_backfill_requires_verified_source
GENO.ST,2018-Q4,2019-02-22,leading,,,2023-Q3,2023-11-15,,1727,,-0.0234,SEK,optional_backfill_requires_verified_source
GENO.ST,2019-Q1,2019-05-24,leading,,,2023-Q3,2023-11-15,,1636,,0.0214,SEK,optional_backfill_requires_verified_source
GENO.ST,2019-Q2,2019-08-23,leading,,,2023-Q3,2023-11-15,,1545,,0.0729,SEK,optional_backfill_requires_verified_source
GENO.ST,2019-Q3,2019-11-22,leading,,,2023-Q3,2023-11-15,,1454,,0.1824,SEK,optional_backfill_requires_verified_source
GENO.ST,2019-Q4,2020-02-14,leading,,,2023-Q3,2023-11-15,,1370,,0.1514,SEK,optional_backfill_requires_verified_source
GENO.ST,2020-Q1,2020-04-24,leading,,,2023-Q3,2023-11-15,,1300,,0.0952,SEK,optional_backfill_requires_verified_source
GENO.ST,2020-Q2,2020-08-31,leading,,,2023-Q3,2023-11-15,,1171,,0.0505,SEK,optional_backfill_requires_verified_source
GENO.ST,2020-Q3,2020-11-13,leading,,,2023-Q3,2023-11-15,,1097,,-0.045,SEK,optional_backfill_requires_verified_source
GENO.ST,2020-Q4,2021-02-24,leading,,,2023-Q3,2023-11-15,,994,,0.0977,SEK,optional_backfill_requires_verified_source
GENO.ST,2021-Q1,2021-05-07,leading,,,2023-Q3,2023-11-15,,922,,0.1393,SEK,optional_backfill_requires_verified_source
GENO.ST,2021-Q2,2021-08-16,leading,,,2023-Q3,2023-11-15,,821,,0.1785,SEK,optional_backfill_requires_verified_source
GENO.ST,2021-Q3,2021-10-29,leading,,,2023-Q3,2023-11-15,,747,,0.1717,SEK,optional_backfill_requires_verified_source
GENO.ST,2021-Q4,2022-02-23,leading,,,2023-Q3,2023-11-15,,630,,0.3785,SEK,optional_backfill_requires_verified_source
GENO.ST,2022-Q1,2022-05-04,leading,,,2023-Q3,2023-11-15,,560,,0.5564,SEK,optional_backfill_requires_verified_source
GENO.ST,2022-Q2,2022-08-17,leading,,,2023-Q3,2023-11-15,,455,,0.5507,SEK,optional_backfill_requires_verified_source
GENO.ST,2022-Q3,2022-10-27,leading,,,2023-Q3,2023-11-15,,384,,0.6248,SEK,optional_backfill_requires_verified_source
GENO.ST,2022-Q4,2023-02-15,leading,,,2023-Q3,2023-11-15,,273,,0.1709,SEK,optional_backfill_requires_verified_source
GENO.ST,2023-Q1,2023-05-16,leading,,,2023-Q3,2023-11-15,,183,,0.6482,SEK,optional_backfill_requires_verified_source
GENO.ST,2023-Q2,2023-08-16,leading,,,2023-Q3,2023-11-15,,91,,0.8704,SEK,optional_backfill_requires_verified_source
HEXA-B.ST,2025-Q1,2025-04-30,internal,2024-Q4,2025-01-31,2025-Q2,2025-07-25,89,86,86,0.36,EUR,issuer_report_or_other_verified_source_required
HTRO.ST,2018-Q3,2018-11-07,leading,,,2023-Q3,2023-10-27,,1815,,0.5199,SEK,optional_backfill_requires_verified_source
HTRO.ST,2018-Q4,2019-02-22,leading,,,2023-Q3,2023-10-27,,1708,,0.3142,SEK,optional_backfill_requires_verified_source
HTRO.ST,2019-Q1,2019-05-03,leading,,,2023-Q3,2023-10-27,,1638,,0.2823,SEK,optional_backfill_requires_verified_source
HTRO.ST,2019-Q2,2019-08-16,leading,,,2023-Q3,2023-10-27,,1533,,0.286,SEK,optional_backfill_requires_verified_source
HTRO.ST,2019-Q3,2019-11-06,leading,,,2023-Q3,2023-10-27,,1451,,0.3171,SEK,optional_backfill_requires_verified_source
HTRO.ST,2019-Q4,2020-02-21,leading,,,2023-Q3,2023-10-27,,1344,,0.3605,SEK,optional_backfill_requires_verified_source
HTRO.ST,2020-Q1,2020-04-29,leading,,,2023-Q3,2023-10-27,,1276,,0.3802,SEK,optional_backfill_requires_verified_source
HTRO.ST,2020-Q2,2020-08-14,leading,,,2023-Q3,2023-10-27,,1169,,0.4483,SEK,optional_backfill_requires_verified_source
HTRO.ST,2020-Q3,2020-11-05,leading,,,2023-Q3,2023-10-27,,1086,,0.5103,SEK,optional_backfill_requires_verified_source
HTRO.ST,2020-Q4,2021-02-24,leading,,,2023-Q3,2023-10-27,,975,,0.6736,SEK,optional_backfill_requires_verified_source
HTRO.ST,2021-Q1,2021-04-29,leading,,,2023-Q3,2023-10-27,,911,,0.8324,SEK,optional_backfill_requires_verified_source
HTRO.ST,2021-Q2,2021-08-12,leading,,,2023-Q3,2023-10-27,,806,,1.0127,SEK,optional_backfill_requires_verified_source
HTRO.ST,2021-Q3,2021-11-02,leading,,,2023-Q3,2023-10-27,,724,,1.1755,SEK,optional_backfill_requires_verified_source
HTRO.ST,2021-Q4,2022-02-24,leading,,,2023-Q3,2023-10-27,,610,,1.2969,SEK,optional_backfill_requires_verified_source
HTRO.ST,2022-Q1,2022-04-29,leading,,,2023-Q3,2023-10-27,,546,,1.6858,SEK,optional_backfill_requires_verified_source
HTRO.ST,2022-Q2,2022-08-11,leading,,,2023-Q3,2023-10-27,,442,,2.2582,SEK,optional_backfill_requires_verified_source
HTRO.ST,2022-Q3,2022-10-28,leading,,,2023-Q3,2023-10-27,,364,,3.1897,SEK,optional_backfill_requires_verified_source
HTRO.ST,2022-Q4,2023-02-09,leading,,,2023-Q3,2023-10-27,,260,,3.8895,SEK,optional_backfill_requires_verified_source
HTRO.ST,2023-Q1,2023-04-27,leading,,,2023-Q3,2023-10-27,,183,,4.3841,SEK,optional_backfill_requires_verified_source
HTRO.ST,2023-Q2,2023-08-15,leading,,,2023-Q3,2023-10-27,,73,,4.7207,SEK,optional_backfill_requires_verified_source
INDU-A.ST,2020-Q1,2020-04-07,leading,,,2023-Q1,2023-04-05,,1093,,-9.1381,SEK,optional_backfill_requires_verified_source
INDU-A.ST,2020-Q2,2020-07-07,leading,,,2023-Q1,2023-04-05,,1002,,5.8546,SEK,optional_backfill_requires_verified_source
INDU-A.ST,2020-Q3,2020-10-06,leading,,,2023-Q1,2023-04-05,,911,,26.231,SEK,optional_backfill_requires_verified_source
INDU-A.ST,2020-Q4,2021-02-09,leading,,,2023-Q1,2023-04-05,,785,,19.393,SEK,optional_backfill_requires_verified_source
INDU-A.ST,2021-Q1,2021-04-09,leading,,,2023-Q1,2023-04-05,,726,,103.9108,SEK,optional_backfill_requires_verified_source
INDU-A.ST,2021-Q2,2021-07-06,leading,,,2023-Q1,2023-04-05,,638,,73.576,SEK,optional_backfill_requires_verified_source
INDU-A.ST,2021-Q3,2021-10-11,leading,,,2023-Q1,2023-04-05,,541,,45.3528,SEK,optional_backfill_requires_verified_source
INDU-A.ST,2021-Q4,2022-02-10,leading,,,2023-Q1,2023-04-05,,419,,61.3831,SEK,optional_backfill_requires_verified_source
INDU-A.ST,2022-Q1,2022-04-07,leading,,,2023-Q1,2023-04-05,,363,,-26.4272,SEK,optional_backfill_requires_verified_source
INDU-A.ST,2022-Q2,2022-07-07,leading,,,2023-Q1,2023-04-05,,272,,-41.0914,SEK,optional_backfill_requires_verified_source
INDU-A.ST,2022-Q3,2022-10-06,leading,,,2023-Q1,2023-04-05,,181,,-39.7639,SEK,optional_backfill_requires_verified_source
INDU-A.ST,2022-Q4,2023-02-03,leading,,,2023-Q1,2023-04-05,,61,,-32.3386,SEK,optional_backfill_requires_verified_source
INDU-A.ST,2023-Q2,2023-07-06,internal,2023-Q1,2023-04-05,2023-Q3,2023-10-06,92,92,92,60.5419,SEK,issuer_report_or_other_verified_source_required
INTRUM.ST,2018-Q3,2018-10-26,leading,,,2023-Q3,2023-10-25,,1825,,3.0972,SEK,optional_backfill_requires_verified_source
INTRUM.ST,2018-Q4,2019-01-30,leading,,,2023-Q3,2023-10-25,,1729,,3.1458,SEK,optional_backfill_requires_verified_source
INTRUM.ST,2019-Q1,2019-04-26,leading,,,2023-Q3,2023-10-25,,1643,,3.5076,SEK,optional_backfill_requires_verified_source
INTRUM.ST,2019-Q2,2019-07-18,leading,,,2023-Q3,2023-10-25,,1560,,3.6939,SEK,optional_backfill_requires_verified_source
INTRUM.ST,2019-Q3,2019-10-23,leading,,,2023-Q3,2023-10-25,,1463,,3.942,SEK,optional_backfill_requires_verified_source
INTRUM.ST,2019-Q4,2020-02-04,leading,,,2023-Q3,2023-10-25,,1359,,-0.5587,SEK,optional_backfill_requires_verified_source
INTRUM.ST,2020-Q1,2020-05-06,leading,,,2023-Q3,2023-10-25,,1267,,-1.7087,SEK,optional_backfill_requires_verified_source
INTRUM.ST,2020-Q2,2020-07-23,leading,,,2023-Q3,2023-10-25,,1189,,-1.8842,SEK,optional_backfill_requires_verified_source
INTRUM.ST,2020-Q3,2020-10-23,leading,,,2023-Q3,2023-10-25,,1097,,-1.3416,SEK,optional_backfill_requires_verified_source
INTRUM.ST,2020-Q4,2021-01-28,leading,,,2023-Q3,2023-10-25,,1000,,3.1166,SEK,optional_backfill_requires_verified_source
INTRUM.ST,2021-Q1,2021-04-29,leading,,,2023-Q3,2023-10-25,,909,,4.3721,SEK,optional_backfill_requires_verified_source
INTRUM.ST,2021-Q2,2021-07-22,leading,,,2023-Q3,2023-10-25,,825,,4.5906,SEK,optional_backfill_requires_verified_source
INTRUM.ST,2021-Q3,2021-10-21,leading,,,2023-Q3,2023-10-25,,734,,4.0633,SEK,optional_backfill_requires_verified_source
INTRUM.ST,2021-Q4,2022-01-27,leading,,,2023-Q3,2023-10-25,,636,,5.1827,SEK,optional_backfill_requires_verified_source
INTRUM.ST,2022-Q1,2022-04-29,leading,,,2023-Q3,2023-10-25,,544,,4.8859,SEK,optional_backfill_requires_verified_source
INTRUM.ST,2022-Q2,2022-07-21,leading,,,2023-Q3,2023-10-25,,461,,4.6889,SEK,optional_backfill_requires_verified_source
INTRUM.ST,2022-Q3,2022-10-27,leading,,,2023-Q3,2023-10-25,,363,,0.4015,SEK,optional_backfill_requires_verified_source
INTRUM.ST,2022-Q4,2023-01-26,leading,,,2023-Q3,2023-10-25,,272,,-7.4412,SEK,optional_backfill_requires_verified_source
INTRUM.ST,2023-Q1,2023-04-27,leading,,,2023-Q3,2023-10-25,,181,,-8.3202,SEK,optional_backfill_requires_verified_source
INTRUM.ST,2023-Q2,2023-07-20,leading,,,2023-Q3,2023-10-25,,97,,-9.3984,SEK,optional_backfill_requires_verified_source
INTRUM.ST,2023-Q4,2024-01-25,internal,2023-Q3,2023-10-25,2024-Q1,2024-04-24,92,90,90,-0.1214,SEK,issuer_report_or_other_verified_source_required
INTRUM.ST,2024-Q4,2025-01-30,internal,2024-Q3,2024-10-23,2025-Q1,2025-05-07,99,97,97,-6.1444,SEK,issuer_report_or_other_verified_source_required
LUMI.ST,2024-Q4,2025-02-20,internal,2024-Q3,2024-11-06,2025-Q1,2025-05-08,106,77,77,0.0144,USD,issuer_report_or_other_verified_source_required
LUMI.ST,2025-Q3,2025-11-06,internal,2025-Q2,2025-08-06,2025-Q4,2026-02-20,92,106,106,0.2137,USD,issuer_report_or_other_verified_source_required
MSAB-B.ST,2018-Q3,2018-10-26,leading,,,2023-Q3,2023-10-26,,1826,,1.8654,SEK,optional_backfill_requires_verified_source
MSAB-B.ST,2018-Q4,2019-02-01,leading,,,2023-Q3,2023-10-26,,1728,,1.51,SEK,optional_backfill_requires_verified_source
MSAB-B.ST,2019-Q1,2019-04-24,leading,,,2023-Q3,2023-10-26,,1646,,1.0378,SEK,optional_backfill_requires_verified_source
MSAB-B.ST,2019-Q2,2019-07-19,leading,,,2023-Q3,2023-10-26,,1560,,0.3822,SEK,optional_backfill_requires_verified_source
MSAB-B.ST,2019-Q3,2019-10-23,leading,,,2023-Q3,2023-10-26,,1464,,0.6166,SEK,optional_backfill_requires_verified_source
MSAB-B.ST,2019-Q4,2020-01-29,leading,,,2023-Q3,2023-10-26,,1366,,0.2816,SEK,optional_backfill_requires_verified_source
MSAB-B.ST,2020-Q1,2020-04-29,leading,,,2023-Q3,2023-10-26,,1275,,0.0596,SEK,optional_backfill_requires_verified_source
MSAB-B.ST,2020-Q2,2020-07-22,leading,,,2023-Q3,2023-10-26,,1191,,1.2075,SEK,optional_backfill_requires_verified_source
MSAB-B.ST,2020-Q3,2020-10-28,leading,,,2023-Q3,2023-10-26,,1093,,1.332,SEK,optional_backfill_requires_verified_source
MSAB-B.ST,2020-Q4,2021-01-27,leading,,,2023-Q3,2023-10-26,,1002,,0.8826,SEK,optional_backfill_requires_verified_source
MSAB-B.ST,2021-Q1,2021-04-29,leading,,,2023-Q3,2023-10-26,,910,,1.6948,SEK,optional_backfill_requires_verified_source
MSAB-B.ST,2021-Q2,2021-07-22,leading,,,2023-Q3,2023-10-26,,826,,0.9746,SEK,optional_backfill_requires_verified_source
MSAB-B.ST,2021-Q3,2021-10-28,leading,,,2023-Q3,2023-10-26,,728,,0.823,SEK,optional_backfill_requires_verified_source
MSAB-B.ST,2021-Q4,2022-01-27,leading,,,2023-Q3,2023-10-26,,637,,1.8897,SEK,optional_backfill_requires_verified_source
MSAB-B.ST,2022-Q1,2022-04-28,leading,,,2023-Q3,2023-10-26,,546,,1.6132,SEK,optional_backfill_requires_verified_source
MSAB-B.ST,2022-Q2,2022-07-22,leading,,,2023-Q3,2023-10-26,,461,,1.9165,SEK,optional_backfill_requires_verified_source
MSAB-B.ST,2022-Q3,2022-10-26,leading,,,2023-Q3,2023-10-26,,365,,1.2775,SEK,optional_backfill_requires_verified_source
MSAB-B.ST,2022-Q4,2023-01-27,leading,,,2023-Q3,2023-10-26,,272,,0.931,SEK,optional_backfill_requires_verified_source
MSAB-B.ST,2023-Q1,2023-04-27,leading,,,2023-Q3,2023-10-26,,182,,1.2183,SEK,optional_backfill_requires_verified_source
MSAB-B.ST,2023-Q2,2023-07-20,leading,,,2023-Q3,2023-10-26,,98,,1.2291,SEK,optional_backfill_requires_verified_source
MTG-B.ST,2018-Q3,2018-10-23,leading,,,2023-Q3,2023-10-25,,1828,,8.1152,SEK,optional_backfill_requires_verified_source
MTG-B.ST,2018-Q4,2019-02-05,leading,,,2023-Q3,2023-10-25,,1723,,13.6017,SEK,optional_backfill_requires_verified_source
MTG-B.ST,2019-Q1,2019-05-09,leading,,,2023-Q3,2023-10-25,,1630,,12.3626,SEK,optional_backfill_requires_verified_source
MTG-B.ST,2019-Q2,2019-07-22,leading,,,2023-Q3,2023-10-25,,1556,,6.6096,SEK,optional_backfill_requires_verified_source
MTG-B.ST,2019-Q3,2019-10-29,leading,,,2023-Q3,2023-10-25,,1457,,3.0361,SEK,optional_backfill_requires_verified_source
MTG-B.ST,2019-Q4,2020-02-06,leading,,,2023-Q3,2023-10-25,,1357,,-6.4334,SEK,optional_backfill_requires_verified_source
MTG-B.ST,2020-Q1,2020-04-28,leading,,,2023-Q3,2023-10-25,,1275,,-8.7188,SEK,optional_backfill_requires_verified_source
MTG-B.ST,2020-Q2,2020-07-23,leading,,,2023-Q3,2023-10-25,,1189,,-8.0886,SEK,optional_backfill_requires_verified_source
MTG-B.ST,2020-Q3,2020-11-04,leading,,,2023-Q3,2023-10-25,,1085,,-7.432,SEK,optional_backfill_requires_verified_source
MTG-B.ST,2020-Q4,2021-02-25,leading,,,2023-Q3,2023-10-25,,972,,-3.0069,SEK,optional_backfill_requires_verified_source
MTG-B.ST,2021-Q1,2021-04-29,leading,,,2023-Q3,2023-10-25,,909,,-2.0764,SEK,optional_backfill_requires_verified_source
MTG-B.ST,2021-Q2,2021-07-20,leading,,,2023-Q3,2023-10-25,,827,,-1.426,SEK,optional_backfill_requires_verified_source
MTG-B.ST,2021-Q3,2021-10-28,leading,,,2023-Q3,2023-10-25,,727,,-0.1482,SEK,optional_backfill_requires_verified_source
MTG-B.ST,2021-Q4,2022-02-07,leading,,,2023-Q3,2023-10-25,,625,,-3.6692,SEK,optional_backfill_requires_verified_source
MTG-B.ST,2022-Q1,2022-04-27,leading,,,2023-Q3,2023-10-25,,546,,-5.126,SEK,optional_backfill_requires_verified_source
MTG-B.ST,2022-Q2,2022-07-20,leading,,,2023-Q3,2023-10-25,,462,,-10.2183,SEK,optional_backfill_requires_verified_source
MTG-B.ST,2022-Q3,2022-10-26,leading,,,2023-Q3,2023-10-25,,364,,-7.8785,SEK,optional_backfill_requires_verified_source
MTG-B.ST,2022-Q4,2023-02-09,leading,,,2023-Q3,2023-10-25,,258,,-8.0152,SEK,optional_backfill_requires_verified_source
MTG-B.ST,2023-Q1,2023-04-26,leading,,,2023-Q3,2023-10-25,,182,,-5.1928,SEK,optional_backfill_requires_verified_source
MTG-B.ST,2023-Q2,2023-07-20,leading,,,2023-Q3,2023-10-25,,97,,0.6071,SEK,optional_backfill_requires_verified_source
MTRS.ST,2018-Q3,2018-10-25,leading,,,2023-Q3,2023-10-24,,1825,,2.02,SEK,optional_backfill_requires_verified_source
MTRS.ST,2018-Q4,2019-02-13,leading,,,2023-Q3,2023-10-24,,1714,,-0.5889,SEK,optional_backfill_requires_verified_source
MTRS.ST,2019-Q1,2019-04-24,leading,,,2023-Q3,2023-10-24,,1644,,-0.9242,SEK,optional_backfill_requires_verified_source
MTRS.ST,2019-Q2,2019-07-18,leading,,,2023-Q3,2023-10-24,,1559,,-1.103,SEK,optional_backfill_requires_verified_source
MTRS.ST,2019-Q3,2019-10-24,leading,,,2023-Q3,2023-10-24,,1461,,-2.7577,SEK,optional_backfill_requires_verified_source
MTRS.ST,2019-Q4,2020-02-13,leading,,,2023-Q3,2023-10-24,,1349,,-0.9072,SEK,optional_backfill_requires_verified_source
MTRS.ST,2020-Q1,2020-04-23,leading,,,2023-Q3,2023-10-24,,1279,,-0.4783,SEK,optional_backfill_requires_verified_source
MTRS.ST,2020-Q2,2020-07-17,leading,,,2023-Q3,2023-10-24,,1194,,-0.736,SEK,optional_backfill_requires_verified_source
MTRS.ST,2020-Q3,2020-10-22,leading,,,2023-Q3,2023-10-24,,1097,,1.4646,SEK,optional_backfill_requires_verified_source
MTRS.ST,2020-Q4,2021-02-04,leading,,,2023-Q3,2023-10-24,,992,,2.3154,SEK,optional_backfill_requires_verified_source
MTRS.ST,2021-Q1,2021-04-22,leading,,,2023-Q3,2023-10-24,,915,,2.8772,SEK,optional_backfill_requires_verified_source
MTRS.ST,2021-Q2,2021-07-16,leading,,,2023-Q3,2023-10-24,,830,,3.1277,SEK,optional_backfill_requires_verified_source
MTRS.ST,2021-Q3,2021-10-22,leading,,,2023-Q3,2023-10-24,,732,,3.005,SEK,optional_backfill_requires_verified_source
MTRS.ST,2021-Q4,2022-02-04,leading,,,2023-Q3,2023-10-24,,627,,2.8114,SEK,optional_backfill_requires_verified_source
MTRS.ST,2022-Q1,2022-04-22,leading,,,2023-Q3,2023-10-24,,550,,2.5079,SEK,optional_backfill_requires_verified_source
MTRS.ST,2022-Q2,2022-07-15,leading,,,2023-Q3,2023-10-24,,466,,2.9837,SEK,optional_backfill_requires_verified_source
MTRS.ST,2022-Q3,2022-10-21,leading,,,2023-Q3,2023-10-24,,368,,3.1972,SEK,optional_backfill_requires_verified_source
MTRS.ST,2022-Q4,2023-02-09,leading,,,2023-Q3,2023-10-24,,257,,3.1702,SEK,optional_backfill_requires_verified_source
MTRS.ST,2023-Q1,2023-04-21,leading,,,2023-Q3,2023-10-24,,186,,3.7718,SEK,optional_backfill_requires_verified_source
MTRS.ST,2023-Q2,2023-07-18,leading,,,2023-Q3,2023-10-24,,98,,4.2456,SEK,optional_backfill_requires_verified_source
MYCR.ST,2018-Q3,2018-10-24,leading,,,2022-Q4,2023-02-10,,1570,,4.5624,SEK,optional_backfill_requires_verified_source
MYCR.ST,2018-Q4,2019-02-07,leading,,,2022-Q4,2023-02-10,,1464,,4.0285,SEK,optional_backfill_requires_verified_source
MYCR.ST,2019-Q1,2019-04-25,leading,,,2022-Q4,2023-02-10,,1387,,4.9047,SEK,optional_backfill_requires_verified_source
MYCR.ST,2019-Q2,2019-07-17,leading,,,2022-Q4,2023-02-10,,1304,,5.2601,SEK,optional_backfill_requires_verified_source
MYCR.ST,2019-Q3,2019-10-24,leading,,,2022-Q4,2023-02-10,,1205,,4.2373,SEK,optional_backfill_requires_verified_source
MYCR.ST,2019-Q4,2020-02-06,leading,,,2022-Q4,2023-02-10,,1100,,4.3682,SEK,optional_backfill_requires_verified_source
MYCR.ST,2020-Q1,2020-04-23,leading,,,2022-Q4,2023-02-10,,1023,,2.9714,SEK,optional_backfill_requires_verified_source
MYCR.ST,2020-Q2,2020-07-16,leading,,,2022-Q4,2023-02-10,,939,,2.8203,SEK,optional_backfill_requires_verified_source
MYCR.ST,2020-Q3,2020-10-22,leading,,,2022-Q4,2023-02-10,,841,,3.4263,SEK,optional_backfill_requires_verified_source
MYCR.ST,2020-Q4,2021-02-10,leading,,,2022-Q4,2023-02-10,,730,,3.5452,SEK,optional_backfill_requires_verified_source
MYCR.ST,2021-Q1,2021-04-22,leading,,,2022-Q4,2023-02-10,,659,,5.342,SEK,optional_backfill_requires_verified_source
MYCR.ST,2021-Q2,2021-07-15,leading,,,2022-Q4,2023-02-10,,575,,5.1741,SEK,optional_backfill_requires_verified_source
MYCR.ST,2021-Q3,2021-10-21,leading,,,2022-Q4,2023-02-10,,477,,4.2283,SEK,optional_backfill_requires_verified_source
MYCR.ST,2021-Q4,2022-02-09,leading,,,2022-Q4,2023-02-10,,366,,4.239,SEK,optional_backfill_requires_verified_source
MYCR.ST,2022-Q1,2022-04-21,leading,,,2022-Q4,2023-02-10,,295,,3.0877,SEK,optional_backfill_requires_verified_source
MYCR.ST,2022-Q2,2022-07-14,leading,,,2022-Q4,2023-02-10,,211,,3.0626,SEK,optional_backfill_requires_verified_source
MYCR.ST,2022-Q3,2022-10-20,leading,,,2022-Q4,2023-02-10,,113,,3.432,SEK,optional_backfill_requires_verified_source
MYCR.ST,2023-Q1,2023-04-27,internal,2022-Q4,2023-02-10,2023-Q3,2023-10-19,76,175,175,3.7191,SEK,issuer_report_or_other_verified_source_required
MYCR.ST,2023-Q2,2023-07-14,internal,2022-Q4,2023-02-10,2023-Q3,2023-10-19,154,97,97,3.5091,SEK,issuer_report_or_other_verified_source_required
NIBE-B.ST,2018-Q3,2018-11-16,leading,,,2023-Q3,2023-11-15,,1825,,0.9693,SEK,optional_backfill_requires_verified_source
NIBE-B.ST,2018-Q4,2019-02-15,leading,,,2023-Q3,2023-11-15,,1734,,1.0296,SEK,optional_backfill_requires_verified_source
NIBE-B.ST,2019-Q1,2019-05-14,leading,,,2023-Q3,2023-11-15,,1646,,1.0679,SEK,optional_backfill_requires_verified_source
NIBE-B.ST,2019-Q2,2019-08-16,leading,,,2023-Q3,2023-11-15,,1552,,1.0719,SEK,optional_backfill_requires_verified_source
NIBE-B.ST,2019-Q3,2019-11-15,leading,,,2023-Q3,2023-11-15,,1461,,1.0843,SEK,optional_backfill_requires_verified_source
NIBE-B.ST,2019-Q4,2020-02-13,leading,,,2023-Q3,2023-11-15,,1371,,1.0764,SEK,optional_backfill_requires_verified_source
NIBE-B.ST,2020-Q1,2020-05-14,leading,,,2023-Q3,2023-11-15,,1280,,1.0798,SEK,optional_backfill_requires_verified_source
NIBE-B.ST,2020-Q2,2020-08-19,leading,,,2023-Q3,2023-11-15,,1183,,1.0957,SEK,optional_backfill_requires_verified_source
NIBE-B.ST,2020-Q3,2020-11-18,leading,,,2023-Q3,2023-11-15,,1092,,1.1552,SEK,optional_backfill_requires_verified_source
NIBE-B.ST,2020-Q4,2021-02-17,leading,,,2023-Q3,2023-11-15,,1001,,1.4216,SEK,optional_backfill_requires_verified_source
NIBE-B.ST,2021-Q1,2021-05-11,leading,,,2023-Q3,2023-11-15,,918,,1.5267,SEK,optional_backfill_requires_verified_source
NIBE-B.ST,2021-Q2,2021-08-19,leading,,,2023-Q3,2023-11-15,,818,,1.7346,SEK,optional_backfill_requires_verified_source
NIBE-B.ST,2021-Q3,2021-11-17,leading,,,2023-Q3,2023-11-15,,728,,1.8055,SEK,optional_backfill_requires_verified_source
NIBE-B.ST,2021-Q4,2022-02-17,leading,,,2023-Q3,2023-11-15,,636,,1.6468,SEK,optional_backfill_requires_verified_source
NIBE-B.ST,2022-Q1,2022-05-17,leading,,,2023-Q3,2023-11-15,,547,,1.6607,SEK,optional_backfill_requires_verified_source
NIBE-B.ST,2022-Q2,2022-08-18,leading,,,2023-Q3,2023-11-15,,454,,1.8179,SEK,optional_backfill_requires_verified_source
NIBE-B.ST,2022-Q3,2022-11-16,leading,,,2023-Q3,2023-11-15,,364,,1.9216,SEK,optional_backfill_requires_verified_source
NIBE-B.ST,2022-Q4,2023-02-15,leading,,,2023-Q3,2023-11-15,,273,,2.1582,SEK,optional_backfill_requires_verified_source
NIBE-B.ST,2023-Q1,2023-05-16,leading,,,2023-Q3,2023-11-15,,183,,2.4597,SEK,optional_backfill_requires_verified_source
NIBE-B.ST,2023-Q2,2023-08-17,leading,,,2023-Q3,2023-11-15,,90,,2.5108,SEK,optional_backfill_requires_verified_source
PACT.ST,2018-Q3,2018-10-18,leading,,,2023-Q3,2023-10-27,,1835,,4.4836,SEK,optional_backfill_requires_verified_source
PACT.ST,2018-Q4,2019-02-06,leading,,,2023-Q3,2023-10-27,,1724,,4.6268,SEK,optional_backfill_requires_verified_source
PACT.ST,2019-Q1,2019-04-25,leading,,,2023-Q3,2023-10-27,,1646,,4.4837,SEK,optional_backfill_requires_verified_source
PACT.ST,2019-Q2,2019-07-11,leading,,,2023-Q3,2023-10-27,,1569,,3.6678,SEK,optional_backfill_requires_verified_source
PACT.ST,2019-Q3,2019-10-17,leading,,,2023-Q3,2023-10-27,,1471,,3.5367,SEK,optional_backfill_requires_verified_source
PACT.ST,2019-Q4,2020-02-06,leading,,,2023-Q3,2023-10-27,,1359,,2.9139,SEK,optional_backfill_requires_verified_source
PACT.ST,2020-Q1,2020-04-24,leading,,,2023-Q3,2023-10-27,,1281,,3.0851,SEK,optional_backfill_requires_verified_source
PACT.ST,2020-Q2,2020-07-15,leading,,,2023-Q3,2023-10-27,,1199,,3.0851,SEK,optional_backfill_requires_verified_source
PACT.ST,2020-Q3,2020-10-23,leading,,,2023-Q3,2023-10-27,,1099,,3.0851,SEK,optional_backfill_requires_verified_source
PACT.ST,2020-Q4,2021-02-11,leading,,,2023-Q3,2023-10-27,,988,,3.0851,SEK,optional_backfill_requires_verified_source
PACT.ST,2021-Q1,2021-04-22,leading,,,2023-Q3,2023-10-27,,918,,3.0851,SEK,optional_backfill_requires_verified_source
PACT.ST,2021-Q2,2021-07-14,leading,,,2023-Q3,2023-10-27,,835,,3.0851,SEK,optional_backfill_requires_verified_source
PACT.ST,2021-Q3,2021-10-21,leading,,,2023-Q3,2023-10-27,,736,,3.0851,SEK,optional_backfill_requires_verified_source
PACT.ST,2021-Q4,2022-02-10,leading,,,2023-Q3,2023-10-27,,624,,3.0851,SEK,optional_backfill_requires_verified_source
PACT.ST,2022-Q1,2022-04-26,leading,,,2023-Q3,2023-10-27,,549,,3.0851,SEK,optional_backfill_requires_verified_source
PACT.ST,2022-Q2,2022-07-14,leading,,,2023-Q3,2023-10-27,,470,,3.0851,SEK,optional_backfill_requires_verified_source
PACT.ST,2022-Q3,2022-10-25,leading,,,2023-Q3,2023-10-27,,367,,3.0851,SEK,optional_backfill_requires_verified_source
PACT.ST,2022-Q4,2023-02-09,leading,,,2023-Q3,2023-10-27,,260,,3.0851,SEK,optional_backfill_requires_verified_source
PACT.ST,2023-Q1,2023-05-04,leading,,,2023-Q3,2023-10-27,,176,,3.0851,SEK,optional_backfill_requires_verified_source
PACT.ST,2023-Q2,2023-07-14,leading,,,2023-Q3,2023-10-27,,105,,3.0851,SEK,optional_backfill_requires_verified_source
PACT.ST,2023-Q4,2024-02-08,internal,2023-Q3,2023-10-27,2024-Q1,2024-05-07,104,89,89,3.0851,SEK,issuer_report_or_other_verified_source_required
PLAZ-B.ST,2018-Q3,2018-10-25,leading,,,2023-Q3,2023-10-17,,1818,,14.3359,SEK,optional_backfill_requires_verified_source
PLAZ-B.ST,2018-Q4,2019-02-08,leading,,,2023-Q3,2023-10-17,,1712,,12.5578,SEK,optional_backfill_requires_verified_source
PLAZ-B.ST,2019-Q1,2019-04-25,leading,,,2023-Q3,2023-10-17,,1636,,11.6846,SEK,optional_backfill_requires_verified_source
PLAZ-B.ST,2019-Q2,2019-07-09,leading,,,2023-Q3,2023-10-17,,1561,,11.7681,SEK,optional_backfill_requires_verified_source
PLAZ-B.ST,2019-Q3,2019-10-25,leading,,,2023-Q3,2023-10-17,,1453,,12.0351,SEK,optional_backfill_requires_verified_source
PLAZ-B.ST,2019-Q4,2020-02-07,leading,,,2023-Q3,2023-10-17,,1348,,12.1937,SEK,optional_backfill_requires_verified_source
PLAZ-B.ST,2020-Q1,2020-04-16,leading,,,2023-Q3,2023-10-17,,1279,,13.5124,SEK,optional_backfill_requires_verified_source
PLAZ-B.ST,2020-Q2,2020-07-07,leading,,,2023-Q3,2023-10-17,,1197,,12.3356,SEK,optional_backfill_requires_verified_source
PLAZ-B.ST,2020-Q3,2020-10-23,leading,,,2023-Q3,2023-10-17,,1089,,12.6778,SEK,optional_backfill_requires_verified_source
PLAZ-B.ST,2020-Q4,2021-01-29,leading,,,2023-Q3,2023-10-17,,991,,11.3925,SEK,optional_backfill_requires_verified_source
PLAZ-B.ST,2021-Q1,2021-04-21,leading,,,2023-Q3,2023-10-17,,909,,10.8667,SEK,optional_backfill_requires_verified_source
PLAZ-B.ST,2021-Q2,2021-07-06,leading,,,2023-Q3,2023-10-17,,833,,13.1285,SEK,optional_backfill_requires_verified_source
PLAZ-B.ST,2021-Q3,2021-10-19,leading,,,2023-Q3,2023-10-17,,728,,13.7044,SEK,optional_backfill_requires_verified_source
PLAZ-B.ST,2021-Q4,2022-01-28,leading,,,2023-Q3,2023-10-17,,627,,14.2385,SEK,optional_backfill_requires_verified_source
PLAZ-B.ST,2022-Q1,2022-04-20,leading,,,2023-Q3,2023-10-17,,545,,22.7432,SEK,optional_backfill_requires_verified_source
PLAZ-B.ST,2022-Q2,2022-07-06,leading,,,2023-Q3,2023-10-17,,468,,33.902,SEK,optional_backfill_requires_verified_source
PLAZ-B.ST,2022-Q3,2022-10-18,leading,,,2023-Q3,2023-10-17,,364,,32.7002,SEK,optional_backfill_requires_verified_source
PLAZ-B.ST,2022-Q4,2023-01-27,leading,,,2023-Q3,2023-10-17,,263,,26.6659,SEK,optional_backfill_requires_verified_source
PLAZ-B.ST,2023-Q1,2023-04-19,leading,,,2023-Q3,2023-10-17,,181,,15.7826,SEK,optional_backfill_requires_verified_source
PLAZ-B.ST,2023-Q2,2023-07-05,leading,,,2023-Q3,2023-10-17,,104,,-1.8028,SEK,optional_backfill_requires_verified_source
PLAZ-B.ST,2024-Q4,2025-01-28,internal,2024-Q3,2024-10-15,2025-Q1,2025-04-11,105,73,73,2.9545,SEK,issuer_report_or_other_verified_source_required
PNDX-B.ST,2018-Q3,2018-10-25,leading,,,2023-Q3,2023-10-26,,1827,,19.6804,SEK,optional_backfill_requires_verified_source
PNDX-B.ST,2018-Q4,2019-02-14,leading,,,2023-Q3,2023-10-26,,1715,,16.8333,SEK,optional_backfill_requires_verified_source
PNDX-B.ST,2019-Q1,2019-04-26,leading,,,2023-Q3,2023-10-26,,1644,,16.5731,SEK,optional_backfill_requires_verified_source
PNDX-B.ST,2019-Q2,2019-07-12,leading,,,2023-Q3,2023-10-26,,1567,,16.5672,SEK,optional_backfill_requires_verified_source
PNDX-B.ST,2019-Q3,2019-10-24,leading,,,2023-Q3,2023-10-26,,1463,,13.0448,SEK,optional_backfill_requires_verified_source
PNDX-B.ST,2019-Q4,2020-02-12,leading,,,2023-Q3,2023-10-26,,1352,,15.7136,SEK,optional_backfill_requires_verified_source
PNDX-B.ST,2020-Q1,2020-04-29,leading,,,2023-Q3,2023-10-26,,1275,,9.6558,SEK,optional_backfill_requires_verified_source
PNDX-B.ST,2020-Q2,2020-07-15,leading,,,2023-Q3,2023-10-26,,1198,,3.3296,SEK,optional_backfill_requires_verified_source
PNDX-B.ST,2020-Q3,2020-10-23,leading,,,2023-Q3,2023-10-26,,1098,,1.324,SEK,optional_backfill_requires_verified_source
PNDX-B.ST,2020-Q4,2021-02-11,leading,,,2023-Q3,2023-10-26,,987,,-7.6095,SEK,optional_backfill_requires_verified_source
PNDX-B.ST,2021-Q1,2021-04-27,leading,,,2023-Q3,2023-10-26,,912,,-3.7585,SEK,optional_backfill_requires_verified_source
PNDX-B.ST,2021-Q2,2021-07-16,leading,,,2023-Q3,2023-10-26,,832,,-2.0016,SEK,optional_backfill_requires_verified_source
PNDX-B.ST,2021-Q3,2021-10-27,leading,,,2023-Q3,2023-10-26,,729,,0.2774,SEK,optional_backfill_requires_verified_source
PNDX-B.ST,2021-Q4,2022-02-10,leading,,,2023-Q3,2023-10-26,,623,,3.3179,SEK,optional_backfill_requires_verified_source
PNDX-B.ST,2022-Q1,2022-04-27,leading,,,2023-Q3,2023-10-26,,547,,8.7626,SEK,optional_backfill_requires_verified_source
PNDX-B.ST,2022-Q2,2022-07-15,leading,,,2023-Q3,2023-10-26,,468,,16.2524,SEK,optional_backfill_requires_verified_source
PNDX-B.ST,2022-Q3,2022-10-27,leading,,,2023-Q3,2023-10-26,,364,,23.6878,SEK,optional_backfill_requires_verified_source
PNDX-B.ST,2022-Q4,2023-02-09,leading,,,2023-Q3,2023-10-26,,259,,22.9372,SEK,optional_backfill_requires_verified_source
PNDX-B.ST,2023-Q1,2023-04-26,leading,,,2023-Q3,2023-10-26,,183,,16.0946,SEK,optional_backfill_requires_verified_source
PNDX-B.ST,2023-Q2,2023-07-14,leading,,,2023-Q3,2023-10-26,,104,,10.204,SEK,optional_backfill_requires_verified_source
REJL-B.ST,2018-Q3,2018-10-25,leading,,,2023-Q3,2023-10-25,,1826,,0.221,SEK,optional_backfill_requires_verified_source
REJL-B.ST,2018-Q4,2019-02-07,leading,,,2023-Q3,2023-10-25,,1721,,0.8495,SEK,optional_backfill_requires_verified_source
REJL-B.ST,2019-Q1,2019-05-03,leading,,,2023-Q3,2023-10-25,,1636,,2.3386,SEK,optional_backfill_requires_verified_source
REJL-B.ST,2019-Q2,2019-07-17,leading,,,2023-Q3,2023-10-25,,1561,,4.1354,SEK,optional_backfill_requires_verified_source
REJL-B.ST,2019-Q3,2019-10-23,leading,,,2023-Q3,2023-10-25,,1463,,4.1188,SEK,optional_backfill_requires_verified_source
REJL-B.ST,2019-Q4,2020-02-07,leading,,,2023-Q3,2023-10-25,,1356,,4.1702,SEK,optional_backfill_requires_verified_source
REJL-B.ST,2020-Q1,2020-04-22,leading,,,2023-Q3,2023-10-25,,1281,,3.9176,SEK,optional_backfill_requires_verified_source
REJL-B.ST,2020-Q2,2020-07-16,leading,,,2023-Q3,2023-10-25,,1196,,3.5364,SEK,optional_backfill_requires_verified_source
REJL-B.ST,2020-Q3,2020-10-23,leading,,,2023-Q3,2023-10-25,,1097,,3.161,SEK,optional_backfill_requires_verified_source
REJL-B.ST,2020-Q4,2021-02-05,leading,,,2023-Q3,2023-10-25,,992,,2.5682,SEK,optional_backfill_requires_verified_source
REJL-B.ST,2021-Q1,2021-04-22,leading,,,2023-Q3,2023-10-25,,916,,2.8364,SEK,optional_backfill_requires_verified_source
REJL-B.ST,2021-Q2,2021-07-15,leading,,,2023-Q3,2023-10-25,,832,,3.9094,SEK,optional_backfill_requires_verified_source
REJL-B.ST,2021-Q3,2021-10-26,leading,,,2023-Q3,2023-10-25,,729,,4.3465,SEK,optional_backfill_requires_verified_source
REJL-B.ST,2021-Q4,2022-02-03,leading,,,2023-Q3,2023-10-25,,629,,5.4791,SEK,optional_backfill_requires_verified_source
REJL-B.ST,2022-Q1,2022-04-21,leading,,,2023-Q3,2023-10-25,,552,,6.2354,SEK,optional_backfill_requires_verified_source
REJL-B.ST,2022-Q2,2022-07-15,leading,,,2023-Q3,2023-10-25,,467,,6.6764,SEK,optional_backfill_requires_verified_source
REJL-B.ST,2022-Q3,2022-10-25,leading,,,2023-Q3,2023-10-25,,365,,7.4184,SEK,optional_backfill_requires_verified_source
REJL-B.ST,2022-Q4,2023-02-02,leading,,,2023-Q3,2023-10-25,,265,,9.5437,SEK,optional_backfill_requires_verified_source
REJL-B.ST,2023-Q1,2023-04-20,leading,,,2023-Q3,2023-10-25,,188,,9.595,SEK,optional_backfill_requires_verified_source
REJL-B.ST,2023-Q2,2023-07-14,leading,,,2023-Q3,2023-10-25,,103,,9.7114,SEK,optional_backfill_requires_verified_source
SAAB-B.ST,2018-Q3,2018-10-23,leading,,,2023-Q3,2023-10-26,,1829,,1.819,SEK,optional_backfill_requires_verified_source
SAAB-B.ST,2018-Q4,2019-02-15,leading,,,2023-Q3,2023-10-26,,1714,,2.7673,SEK,optional_backfill_requires_verified_source
SAAB-B.ST,2019-Q1,2019-04-26,leading,,,2023-Q3,2023-10-26,,1644,,2.9897,SEK,optional_backfill_requires_verified_source
SAAB-B.ST,2019-Q2,2019-07-19,leading,,,2023-Q3,2023-10-26,,1560,,3.4049,SEK,optional_backfill_requires_verified_source
SAAB-B.ST,2019-Q3,2019-10-22,leading,,,2023-Q3,2023-10-26,,1465,,4.111,SEK,optional_backfill_requires_verified_source
SAAB-B.ST,2019-Q4,2020-02-07,leading,,,2023-Q3,2023-10-26,,1357,,3.7053,SEK,optional_backfill_requires_verified_source
SAAB-B.ST,2020-Q1,2020-04-24,leading,,,2023-Q3,2023-10-26,,1280,,3.588,SEK,optional_backfill_requires_verified_source
SAAB-B.ST,2020-Q2,2020-07-17,leading,,,2023-Q3,2023-10-26,,1196,,3.7551,SEK,optional_backfill_requires_verified_source
SAAB-B.ST,2020-Q3,2020-10-19,leading,,,2023-Q3,2023-10-26,,1102,,2.5391,SEK,optional_backfill_requires_verified_source
SAAB-B.ST,2020-Q4,2021-02-11,leading,,,2023-Q3,2023-10-26,,987,,2.0056,SEK,optional_backfill_requires_verified_source
SAAB-B.ST,2021-Q1,2021-04-23,leading,,,2023-Q3,2023-10-26,,916,,2.1167,SEK,optional_backfill_requires_verified_source
SAAB-B.ST,2021-Q2,2021-07-21,leading,,,2023-Q3,2023-10-26,,827,,2.0881,SEK,optional_backfill_requires_verified_source
SAAB-B.ST,2021-Q3,2021-10-22,leading,,,2023-Q3,2023-10-26,,734,,3.3567,SEK,optional_backfill_requires_verified_source
SAAB-B.ST,2021-Q4,2022-02-11,leading,,,2023-Q3,2023-10-26,,622,,3.6166,SEK,optional_backfill_requires_verified_source
SAAB-B.ST,2022-Q1,2022-04-22,leading,,,2023-Q3,2023-10-26,,552,,3.545,SEK,optional_backfill_requires_verified_source
SAAB-B.ST,2022-Q2,2022-07-21,leading,,,2023-Q3,2023-10-26,,462,,3.3856,SEK,optional_backfill_requires_verified_source
SAAB-B.ST,2022-Q3,2022-10-28,leading,,,2023-Q3,2023-10-26,,363,,3.3998,SEK,optional_backfill_requires_verified_source
SAAB-B.ST,2022-Q4,2023-02-10,leading,,,2023-Q3,2023-10-26,,258,,4.0998,SEK,optional_backfill_requires_verified_source
SAAB-B.ST,2023-Q1,2023-04-26,leading,,,2023-Q3,2023-10-26,,183,,4.7977,SEK,optional_backfill_requires_verified_source
SAAB-B.ST,2023-Q2,2023-07-20,leading,,,2023-Q3,2023-10-26,,98,,5.4497,SEK,optional_backfill_requires_verified_source
SAGA-A.ST,2018-Q3,2018-10-25,leading,,,2023-Q3,2023-10-27,,1828,,8.1194,SEK,optional_backfill_requires_verified_source
SAGA-A.ST,2018-Q4,2019-02-07,leading,,,2023-Q3,2023-10-27,,1723,,6.5824,SEK,optional_backfill_requires_verified_source
SAGA-A.ST,2019-Q1,2019-05-17,leading,,,2023-Q3,2023-10-27,,1624,,6.69,SEK,optional_backfill_requires_verified_source
SAGA-A.ST,2019-Q2,2019-07-12,leading,,,2023-Q3,2023-10-27,,1568,,6.705,SEK,optional_backfill_requires_verified_source
SAGA-A.ST,2019-Q3,2019-10-24,leading,,,2023-Q3,2023-10-27,,1464,,7.1737,SEK,optional_backfill_requires_verified_source
SAGA-A.ST,2019-Q4,2020-02-07,leading,,,2023-Q3,2023-10-27,,1358,,9.3067,SEK,optional_backfill_requires_verified_source
SAGA-A.ST,2020-Q1,2020-05-06,leading,,,2023-Q3,2023-10-27,,1269,,9.3067,SEK,optional_backfill_requires_verified_source
SAGA-A.ST,2020-Q2,2020-07-13,leading,,,2023-Q3,2023-10-27,,1201,,9.3067,SEK,optional_backfill_requires_verified_source
SAGA-A.ST,2020-Q3,2020-10-27,leading,,,2023-Q3,2023-10-27,,1095,,9.3067,SEK,optional_backfill_requires_verified_source
SAGA-A.ST,2020-Q4,2021-02-08,leading,,,2023-Q3,2023-10-27,,991,,9.3067,SEK,optional_backfill_requires_verified_source
SAGA-A.ST,2021-Q1,2021-05-05,leading,,,2023-Q3,2023-10-27,,905,,11.5655,SEK,optional_backfill_requires_verified_source
SAGA-A.ST,2021-Q2,2021-07-15,leading,,,2023-Q3,2023-10-27,,834,,15.5516,SEK,optional_backfill_requires_verified_source
SAGA-A.ST,2021-Q3,2021-10-28,leading,,,2023-Q3,2023-10-27,,729,,16.7654,SEK,optional_backfill_requires_verified_source
SAGA-A.ST,2021-Q4,2022-02-11,leading,,,2023-Q3,2023-10-27,,623,,22.0759,SEK,optional_backfill_requires_verified_source
SAGA-A.ST,2022-Q1,2022-05-11,leading,,,2023-Q3,2023-10-27,,534,,20.7743,SEK,optional_backfill_requires_verified_source
SAGA-A.ST,2022-Q2,2022-07-14,leading,,,2023-Q3,2023-10-27,,470,,16.3075,SEK,optional_backfill_requires_verified_source
SAGA-A.ST,2022-Q3,2022-10-27,leading,,,2023-Q3,2023-10-27,,365,,14.2624,SEK,optional_backfill_requires_verified_source
SAGA-A.ST,2022-Q4,2023-02-17,leading,,,2023-Q3,2023-10-27,,252,,6.1143,SEK,optional_backfill_requires_verified_source
SAGA-A.ST,2023-Q1,2023-05-09,leading,,,2023-Q3,2023-10-27,,171,,1.9558,SEK,optional_backfill_requires_verified_source
SAGA-A.ST,2023-Q2,2023-07-17,leading,,,2023-Q3,2023-10-27,,102,,1.7125,SEK,optional_backfill_requires_verified_source
SECARE.ST,2018-Q3,2018-10-25,leading,,,2023-Q3,2023-10-25,,1826,,0.27,SEK,optional_backfill_requires_verified_source
SECARE.ST,2018-Q4,2019-02-14,leading,,,2023-Q3,2023-10-25,,1714,,0.2948,SEK,optional_backfill_requires_verified_source
SECARE.ST,2019-Q1,2019-04-25,leading,,,2023-Q3,2023-10-25,,1644,,0.3427,SEK,optional_backfill_requires_verified_source
SECARE.ST,2019-Q2,2019-07-26,leading,,,2023-Q3,2023-10-25,,1552,,0.3551,SEK,optional_backfill_requires_verified_source
SECARE.ST,2019-Q3,2019-10-24,leading,,,2023-Q3,2023-10-25,,1462,,0.3796,SEK,optional_backfill_requires_verified_source
SECARE.ST,2019-Q4,2020-02-13,leading,,,2023-Q3,2023-10-25,,1350,,0.3792,SEK,optional_backfill_requires_verified_source
SECARE.ST,2020-Q1,2020-04-21,leading,,,2023-Q3,2023-10-25,,1282,,0.3782,SEK,optional_backfill_requires_verified_source
SECARE.ST,2020-Q2,2020-07-24,leading,,,2023-Q3,2023-10-25,,1188,,0.3565,SEK,optional_backfill_requires_verified_source
SECARE.ST,2020-Q3,2020-10-22,leading,,,2023-Q3,2023-10-25,,1098,,0.4103,SEK,optional_backfill_requires_verified_source
SECARE.ST,2020-Q4,2021-02-18,leading,,,2023-Q3,2023-10-25,,979,,0.5337,SEK,optional_backfill_requires_verified_source
SECARE.ST,2021-Q1,2021-04-29,leading,,,2023-Q3,2023-10-25,,909,,0.6806,SEK,optional_backfill_requires_verified_source
SECARE.ST,2021-Q2,2021-07-29,leading,,,2023-Q3,2023-10-25,,818,,0.9233,SEK,optional_backfill_requires_verified_source
SECARE.ST,2021-Q3,2021-10-28,leading,,,2023-Q3,2023-10-25,,727,,1.008,SEK,optional_backfill_requires_verified_source
SECARE.ST,2021-Q4,2022-02-17,leading,,,2023-Q3,2023-10-25,,615,,0.9787,SEK,optional_backfill_requires_verified_source
SECARE.ST,2022-Q1,2022-05-12,leading,,,2023-Q3,2023-10-25,,531,,0.8037,SEK,optional_backfill_requires_verified_source
SECARE.ST,2022-Q2,2022-07-28,leading,,,2023-Q3,2023-10-25,,454,,0.9872,SEK,optional_backfill_requires_verified_source
SECARE.ST,2022-Q3,2022-11-09,leading,,,2023-Q3,2023-10-25,,350,,0.8898,SEK,optional_backfill_requires_verified_source
SECARE.ST,2022-Q4,2023-02-16,leading,,,2023-Q3,2023-10-25,,251,,0.8229,SEK,optional_backfill_requires_verified_source
SECARE.ST,2023-Q1,2023-04-28,leading,,,2023-Q3,2023-10-25,,180,,0.8525,SEK,optional_backfill_requires_verified_source
SECARE.ST,2023-Q2,2023-07-27,leading,,,2023-Q3,2023-10-25,,90,,0.4642,SEK,optional_backfill_requires_verified_source
SECU-B.ST,2018-Q3,2018-10-26,leading,,,2023-Q3,2023-11-07,,1838,,6.6514,SEK,optional_backfill_requires_verified_source
SECU-B.ST,2018-Q4,2019-02-07,leading,,,2023-Q3,2023-11-07,,1734,,6.8694,SEK,optional_backfill_requires_verified_source
SECU-B.ST,2019-Q1,2019-05-06,leading,,,2023-Q3,2023-11-07,,1646,,7.0256,SEK,optional_backfill_requires_verified_source
SECU-B.ST,2019-Q2,2019-07-31,leading,,,2023-Q3,2023-11-07,,1560,,6.9405,SEK,optional_backfill_requires_verified_source
SECU-B.ST,2019-Q3,2019-11-06,leading,,,2023-Q3,2023-11-07,,1462,,7.3492,SEK,optional_backfill_requires_verified_source
SECU-B.ST,2019-Q4,2020-02-06,leading,,,2023-Q3,2023-11-07,,1370,,7.6478,SEK,optional_backfill_requires_verified_source
SECU-B.ST,2020-Q1,2020-05-07,leading,,,2023-Q3,2023-11-07,,1279,,7.261,SEK,optional_backfill_requires_verified_source
SECU-B.ST,2020-Q2,2020-07-29,leading,,,2023-Q3,2023-11-07,,1196,,6.6942,SEK,optional_backfill_requires_verified_source
SECU-B.ST,2020-Q3,2020-11-03,leading,,,2023-Q3,2023-11-07,,1099,,6.2909,SEK,optional_backfill_requires_verified_source
SECU-B.ST,2020-Q4,2021-02-04,leading,,,2023-Q3,2023-11-07,,1006,,5.5117,SEK,optional_backfill_requires_verified_source
SECU-B.ST,2021-Q1,2021-05-05,leading,,,2023-Q3,2023-11-07,,916,,5.719,SEK,optional_backfill_requires_verified_source
SECU-B.ST,2021-Q2,2021-07-29,leading,,,2023-Q3,2023-11-07,,831,,6.2138,SEK,optional_backfill_requires_verified_source
SECU-B.ST,2021-Q3,2021-10-29,leading,,,2023-Q3,2023-11-07,,739,,6.6397,SEK,optional_backfill_requires_verified_source
SECU-B.ST,2021-Q4,2022-02-08,leading,,,2023-Q3,2023-11-07,,637,,7.1426,SEK,optional_backfill_requires_verified_source
SECU-B.ST,2022-Q1,2022-05-04,leading,,,2023-Q3,2023-11-07,,552,,7.509,SEK,optional_backfill_requires_verified_source
SECU-B.ST,2022-Q2,2022-07-28,leading,,,2023-Q3,2023-11-07,,467,,8.0942,SEK,optional_backfill_requires_verified_source
SECU-B.ST,2022-Q3,2022-11-08,leading,,,2023-Q3,2023-11-07,,364,,7.823,SEK,optional_backfill_requires_verified_source
SECU-B.ST,2022-Q4,2023-02-07,leading,,,2023-Q3,2023-11-07,,273,,8.585,SEK,optional_backfill_requires_verified_source
SECU-B.ST,2023-Q1,2023-05-03,leading,,,2023-Q3,2023-11-07,,188,,8.3349,SEK,optional_backfill_requires_verified_source
SECU-B.ST,2023-Q2,2023-07-28,leading,,,2023-Q3,2023-11-07,,102,,8.0618,SEK,optional_backfill_requires_verified_source
SFAST.ST,2021-Q4,2022-02-22,leading,,,2023-Q3,2023-11-23,,639,,3.9651,SEK,optional_backfill_requires_verified_source
SFAST.ST,2022-Q1,2022-05-19,leading,,,2023-Q3,2023-11-23,,553,,4.1492,SEK,optional_backfill_requires_verified_source
SFAST.ST,2022-Q2,2022-08-24,leading,,,2023-Q3,2023-11-23,,456,,3.6547,SEK,optional_backfill_requires_verified_source
SFAST.ST,2022-Q3,2022-11-23,leading,,,2023-Q3,2023-11-23,,365,,2.469,SEK,optional_backfill_requires_verified_source
SFAST.ST,2022-Q4,2023-02-21,leading,,,2023-Q3,2023-11-23,,275,,0.8956,SEK,optional_backfill_requires_verified_source
SFAST.ST,2023-Q1,2023-05-16,leading,,,2023-Q3,2023-11-23,,191,,-0.5978,SEK,optional_backfill_requires_verified_source
SFAST.ST,2023-Q2,2023-08-24,leading,,,2023-Q3,2023-11-23,,91,,-1.0895,SEK,optional_backfill_requires_verified_source
SHOT.ST,2018-Q3,2018-10-25,leading,,,2023-Q3,2023-10-26,,1827,,4.5969,SEK,optional_backfill_requires_verified_source
SHOT.ST,2018-Q4,2019-02-19,leading,,,2023-Q3,2023-10-26,,1710,,4.6402,SEK,optional_backfill_requires_verified_source
SHOT.ST,2019-Q1,2019-05-07,leading,,,2023-Q3,2023-10-26,,1633,,5.8742,SEK,optional_backfill_requires_verified_source
SHOT.ST,2019-Q2,2019-07-19,leading,,,2023-Q3,2023-10-26,,1560,,5.2777,SEK,optional_backfill_requires_verified_source
SHOT.ST,2019-Q3,2019-10-24,leading,,,2023-Q3,2023-10-26,,1463,,5.2252,SEK,optional_backfill_requires_verified_source
SHOT.ST,2019-Q4,2020-02-18,leading,,,2023-Q3,2023-10-26,,1346,,4.9571,SEK,optional_backfill_requires_verified_source
SHOT.ST,2020-Q1,2020-05-20,leading,,,2023-Q3,2023-10-26,,1254,,-22.3485,SEK,optional_backfill_requires_verified_source
SHOT.ST,2020-Q2,2020-07-17,leading,,,2023-Q3,2023-10-26,,1196,,-35.027,SEK,optional_backfill_requires_verified_source
SHOT.ST,2020-Q3,2020-11-03,leading,,,2023-Q3,2023-10-26,,1087,,-39.0144,SEK,optional_backfill_requires_verified_source
SHOT.ST,2020-Q4,2021-02-17,leading,,,2023-Q3,2023-10-26,,981,,-42.6252,SEK,optional_backfill_requires_verified_source
SHOT.ST,2021-Q1,2021-04-28,leading,,,2023-Q3,2023-10-26,,911,,-21.2144,SEK,optional_backfill_requires_verified_source
SHOT.ST,2021-Q2,2021-07-16,leading,,,2023-Q3,2023-10-26,,832,,-13.6521,SEK,optional_backfill_requires_verified_source
SHOT.ST,2021-Q3,2021-10-28,leading,,,2023-Q3,2023-10-26,,728,,-11.5903,SEK,optional_backfill_requires_verified_source
SHOT.ST,2021-Q4,2022-02-10,leading,,,2023-Q3,2023-10-26,,623,,-8.9498,SEK,optional_backfill_requires_verified_source
SHOT.ST,2022-Q1,2022-04-27,leading,,,2023-Q3,2023-10-26,,547,,-6.6546,SEK,optional_backfill_requires_verified_source
SHOT.ST,2022-Q2,2022-07-15,leading,,,2023-Q3,2023-10-26,,468,,-0.9138,SEK,optional_backfill_requires_verified_source
SHOT.ST,2022-Q3,2022-10-27,leading,,,2023-Q3,2023-10-26,,364,,1.0194,SEK,optional_backfill_requires_verified_source
SHOT.ST,2022-Q4,2023-02-16,leading,,,2023-Q3,2023-10-26,,252,,1.0822,SEK,optional_backfill_requires_verified_source
SHOT.ST,2023-Q1,2023-04-27,leading,,,2023-Q3,2023-10-26,,182,,2.8029,SEK,optional_backfill_requires_verified_source
SHOT.ST,2023-Q2,2023-07-14,leading,,,2023-Q3,2023-10-26,,104,,2.1197,SEK,optional_backfill_requires_verified_source
SOBI.ST,2018-Q3,2018-10-31,leading,,,2023-Q3,2023-10-30,,1825,,7.694,SEK,optional_backfill_requires_verified_source
SOBI.ST,2018-Q4,2019-02-20,leading,,,2023-Q3,2023-10-30,,1713,,8.5348,SEK,optional_backfill_requires_verified_source
SOBI.ST,2019-Q1,2019-04-25,leading,,,2023-Q3,2023-10-30,,1649,,9.6969,SEK,optional_backfill_requires_verified_source
SOBI.ST,2019-Q2,2019-07-17,leading,,,2023-Q3,2023-10-30,,1566,,8.8933,SEK,optional_backfill_requires_verified_source
SOBI.ST,2019-Q3,2019-10-31,leading,,,2023-Q3,2023-10-30,,1460,,8.446,SEK,optional_backfill_requires_verified_source
SOBI.ST,2019-Q4,2020-02-13,leading,,,2023-Q3,2023-10-30,,1355,,10.7303,SEK,optional_backfill_requires_verified_source
SOBI.ST,2020-Q1,2020-04-29,leading,,,2023-Q3,2023-10-30,,1279,,11.5483,SEK,optional_backfill_requires_verified_source
SOBI.ST,2020-Q2,2020-07-16,leading,,,2023-Q3,2023-10-30,,1201,,10.8454,SEK,optional_backfill_requires_verified_source
SOBI.ST,2020-Q3,2020-10-22,leading,,,2023-Q3,2023-10-30,,1103,,9.9885,SEK,optional_backfill_requires_verified_source
SOBI.ST,2020-Q4,2021-02-18,leading,,,2023-Q3,2023-10-30,,984,,10.4188,SEK,optional_backfill_requires_verified_source
SOBI.ST,2021-Q1,2021-05-04,leading,,,2023-Q3,2023-10-30,,909,,8.8445,SEK,optional_backfill_requires_verified_source
SOBI.ST,2021-Q2,2021-07-21,leading,,,2023-Q3,2023-10-30,,831,,8.7991,SEK,optional_backfill_requires_verified_source
SOBI.ST,2021-Q3,2021-10-22,leading,,,2023-Q3,2023-10-30,,738,,9.4294,SEK,optional_backfill_requires_verified_source
SOBI.ST,2021-Q4,2022-02-10,leading,,,2023-Q3,2023-10-30,,627,,8.6056,SEK,optional_backfill_requires_verified_source
SOBI.ST,2022-Q1,2022-04-28,leading,,,2023-Q3,2023-10-30,,550,,8.1238,SEK,optional_backfill_requires_verified_source
SOBI.ST,2022-Q2,2022-07-19,leading,,,2023-Q3,2023-10-30,,468,,8.086,SEK,optional_backfill_requires_verified_source
SOBI.ST,2022-Q3,2022-10-27,leading,,,2023-Q3,2023-10-30,,368,,8.0052,SEK,optional_backfill_requires_verified_source
SOBI.ST,2022-Q4,2023-02-08,leading,,,2023-Q3,2023-10-30,,264,,8.4426,SEK,optional_backfill_requires_verified_source
SOBI.ST,2023-Q1,2023-04-27,leading,,,2023-Q3,2023-10-30,,186,,10.1039,SEK,optional_backfill_requires_verified_source
SOBI.ST,2023-Q2,2023-07-18,leading,,,2023-Q3,2023-10-30,,104,,9.9841,SEK,optional_backfill_requires_verified_source
SVED-B.ST,2018-Q3,2018-10-24,leading,,,2023-Q3,2023-10-27,,1829,,1.4364,SEK,optional_backfill_requires_verified_source
SVED-B.ST,2018-Q4,2019-02-05,leading,,,2023-Q3,2023-10-27,,1725,,1.38,SEK,optional_backfill_requires_verified_source
SVED-B.ST,2019-Q1,2019-04-25,leading,,,2023-Q3,2023-10-27,,1646,,1.2334,SEK,optional_backfill_requires_verified_source
SVED-B.ST,2019-Q2,2019-07-16,leading,,,2023-Q3,2023-10-27,,1564,,1.2502,SEK,optional_backfill_requires_verified_source
SVED-B.ST,2019-Q3,2019-10-25,leading,,,2023-Q3,2023-10-27,,1463,,1.2778,SEK,optional_backfill_requires_verified_source
SVED-B.ST,2019-Q4,2020-02-04,leading,,,2023-Q3,2023-10-27,,1361,,1.4202,SEK,optional_backfill_requires_verified_source
SVED-B.ST,2020-Q1,2020-04-24,leading,,,2023-Q3,2023-10-27,,1281,,1.4369,SEK,optional_backfill_requires_verified_source
SVED-B.ST,2020-Q2,2020-07-15,leading,,,2023-Q3,2023-10-27,,1199,,1.4258,SEK,optional_backfill_requires_verified_source
SVED-B.ST,2020-Q3,2020-10-22,leading,,,2023-Q3,2023-10-27,,1100,,1.6633,SEK,optional_backfill_requires_verified_source
SVED-B.ST,2020-Q4,2021-02-05,leading,,,2023-Q3,2023-10-27,,994,,1.6392,SEK,optional_backfill_requires_verified_source
SVED-B.ST,2021-Q1,2021-04-23,leading,,,2023-Q3,2023-10-27,,917,,1.9439,SEK,optional_backfill_requires_verified_source
SVED-B.ST,2021-Q2,2021-07-16,leading,,,2023-Q3,2023-10-27,,833,,2.3197,SEK,optional_backfill_requires_verified_source
SVED-B.ST,2021-Q3,2021-10-21,leading,,,2023-Q3,2023-10-27,,736,,2.5158,SEK,optional_backfill_requires_verified_source
SVED-B.ST,2021-Q4,2022-02-04,leading,,,2023-Q3,2023-10-27,,630,,2.0001,SEK,optional_backfill_requires_verified_source
SVED-B.ST,2022-Q1,2022-04-22,leading,,,2023-Q3,2023-10-27,,553,,2.6275,SEK,optional_backfill_requires_verified_source
SVED-B.ST,2022-Q2,2022-07-15,leading,,,2023-Q3,2023-10-27,,469,,2.719,SEK,optional_backfill_requires_verified_source
SVED-B.ST,2022-Q3,2022-10-21,leading,,,2023-Q3,2023-10-27,,371,,3.0755,SEK,optional_backfill_requires_verified_source
SVED-B.ST,2022-Q4,2023-02-08,leading,,,2023-Q3,2023-10-27,,261,,4.1228,SEK,optional_backfill_requires_verified_source
SVED-B.ST,2023-Q1,2023-04-21,leading,,,2023-Q3,2023-10-27,,189,,3.8555,SEK,optional_backfill_requires_verified_source
SVED-B.ST,2023-Q2,2023-07-18,leading,,,2023-Q3,2023-10-27,,101,,3.7532,SEK,optional_backfill_requires_verified_source
SVED-B.ST,2024-Q4,2025-02-11,internal,2024-Q3,2024-10-25,2025-Q1,2025-04-29,109,77,77,3.1731,SEK,issuer_report_or_other_verified_source_required
SWED-A.ST,2018-Q3,2018-10-23,leading,,,2023-Q3,2023-10-26,,1829,,19.0353,SEK,optional_backfill_requires_verified_source
SWED-A.ST,2018-Q4,2019-01-29,leading,,,2023-Q3,2023-10-26,,1731,,18.9009,SEK,optional_backfill_requires_verified_source
SWED-A.ST,2019-Q1,2019-04-25,leading,,,2023-Q3,2023-10-26,,1645,,19.1034,SEK,optional_backfill_requires_verified_source
SWED-A.ST,2019-Q2,2019-07-17,leading,,,2023-Q3,2023-10-26,,1562,,18.4869,SEK,optional_backfill_requires_verified_source
SWED-A.ST,2019-Q3,2019-10-23,leading,,,2023-Q3,2023-10-26,,1464,,17.712,SEK,optional_backfill_requires_verified_source
SWED-A.ST,2019-Q4,2020-01-28,leading,,,2023-Q3,2023-10-26,,1367,,17.5633,SEK,optional_backfill_requires_verified_source
SWED-A.ST,2020-Q1,2020-04-23,leading,,,2023-Q3,2023-10-26,,1281,,11.3532,SEK,optional_backfill_requires_verified_source
SWED-A.ST,2020-Q2,2020-07-17,leading,,,2023-Q3,2023-10-26,,1196,,10.9104,SEK,optional_backfill_requires_verified_source
SWED-A.ST,2020-Q3,2020-10-20,leading,,,2023-Q3,2023-10-26,,1101,,11.435,SEK,optional_backfill_requires_verified_source
SWED-A.ST,2020-Q4,2021-02-01,leading,,,2023-Q3,2023-10-26,,997,,11.5007,SEK,optional_backfill_requires_verified_source
SWED-A.ST,2021-Q1,2021-04-27,leading,,,2023-Q3,2023-10-26,,912,,17.4387,SEK,optional_backfill_requires_verified_source
SWED-A.ST,2021-Q2,2021-07-16,leading,,,2023-Q3,2023-10-26,,832,,18.0784,SEK,optional_backfill_requires_verified_source
SWED-A.ST,2021-Q3,2021-10-21,leading,,,2023-Q3,2023-10-26,,735,,18.2821,SEK,optional_backfill_requires_verified_source
SWED-A.ST,2021-Q4,2022-02-02,leading,,,2023-Q3,2023-10-26,,631,,18.5666,SEK,optional_backfill_requires_verified_source
SWED-A.ST,2022-Q1,2022-04-28,leading,,,2023-Q3,2023-10-26,,546,,18.2399,SEK,optional_backfill_requires_verified_source
SWED-A.ST,2022-Q2,2022-07-19,leading,,,2023-Q3,2023-10-26,,464,,17.473,SEK,optional_backfill_requires_verified_source
SWED-A.ST,2022-Q3,2022-10-27,leading,,,2023-Q3,2023-10-26,,364,,17.6821,SEK,optional_backfill_requires_verified_source
SWED-A.ST,2022-Q4,2023-01-31,leading,,,2023-Q3,2023-10-26,,268,,19.4351,SEK,optional_backfill_requires_verified_source
SWED-A.ST,2023-Q1,2023-04-27,leading,,,2023-Q3,2023-10-26,,182,,22.0438,SEK,optional_backfill_requires_verified_source
SWED-A.ST,2023-Q2,2023-07-18,leading,,,2023-Q3,2023-10-26,,100,,25.952,SEK,optional_backfill_requires_verified_source
TEL2-B.ST,2018-Q3,2018-10-18,leading,,,2023-Q3,2023-10-18,,1826,,1.2075,SEK,optional_backfill_requires_verified_source
TEL2-B.ST,2018-Q4,2019-02-13,leading,,,2023-Q3,2023-10-18,,1708,,1.8782,SEK,optional_backfill_requires_verified_source
TEL2-B.ST,2019-Q1,2019-04-24,leading,,,2023-Q3,2023-10-18,,1638,,2.4354,SEK,optional_backfill_requires_verified_source
TEL2-B.ST,2019-Q2,2019-07-17,leading,,,2023-Q3,2023-10-18,,1554,,1.8685,SEK,optional_backfill_requires_verified_source
TEL2-B.ST,2019-Q3,2019-10-17,leading,,,2023-Q3,2023-10-18,,1462,,2.491,SEK,optional_backfill_requires_verified_source
TEL2-B.ST,2019-Q4,2020-02-03,leading,,,2023-Q3,2023-10-18,,1353,,4.1671,SEK,optional_backfill_requires_verified_source
TEL2-B.ST,2020-Q1,2020-04-21,leading,,,2023-Q3,2023-10-18,,1275,,4.1854,SEK,optional_backfill_requires_verified_source
TEL2-B.ST,2020-Q2,2020-07-15,leading,,,2023-Q3,2023-10-18,,1190,,5.1794,SEK,optional_backfill_requires_verified_source
TEL2-B.ST,2020-Q3,2020-10-20,leading,,,2023-Q3,2023-10-18,,1093,,5.3297,SEK,optional_backfill_requires_verified_source
TEL2-B.ST,2020-Q4,2021-02-02,leading,,,2023-Q3,2023-10-18,,988,,10.1029,SEK,optional_backfill_requires_verified_source
TEL2-B.ST,2021-Q1,2021-04-22,leading,,,2023-Q3,2023-10-18,,909,,10.1178,SEK,optional_backfill_requires_verified_source
TEL2-B.ST,2021-Q2,2021-07-14,leading,,,2023-Q3,2023-10-18,,826,,10.5362,SEK,optional_backfill_requires_verified_source
TEL2-B.ST,2021-Q3,2021-10-19,leading,,,2023-Q3,2023-10-18,,729,,10.3561,SEK,optional_backfill_requires_verified_source
TEL2-B.ST,2021-Q4,2022-02-01,leading,,,2023-Q3,2023-10-18,,624,,5.7161,SEK,optional_backfill_requires_verified_source
TEL2-B.ST,2022-Q1,2022-04-21,leading,,,2023-Q3,2023-10-18,,545,,8.0458,SEK,optional_backfill_requires_verified_source
TEL2-B.ST,2022-Q2,2022-07-19,leading,,,2023-Q3,2023-10-18,,456,,7.6104,SEK,optional_backfill_requires_verified_source
TEL2-B.ST,2022-Q3,2022-10-20,leading,,,2023-Q3,2023-10-18,,363,,7.549,SEK,optional_backfill_requires_verified_source
TEL2-B.ST,2022-Q4,2023-01-31,leading,,,2023-Q3,2023-10-18,,260,,7.5718,SEK,optional_backfill_requires_verified_source
TEL2-B.ST,2023-Q1,2023-04-21,leading,,,2023-Q3,2023-10-18,,180,,5.2231,SEK,optional_backfill_requires_verified_source
TEL2-B.ST,2023-Q2,2023-07-18,leading,,,2023-Q3,2023-10-18,,92,,5.2871,SEK,optional_backfill_requires_verified_source
TEL2-B.ST,2023-Q4,2024-01-30,internal,2023-Q3,2023-10-18,2024-Q1,2024-04-18,104,79,79,5.3855,SEK,issuer_report_or_other_verified_source_required
TREL-B.ST,2018-Q3,2018-10-31,leading,,,2023-Q3,2023-10-26,,1821,,10.5639,SEK,optional_backfill_requires_verified_source
TREL-B.ST,2018-Q4,2019-02-13,leading,,,2023-Q3,2023-10-26,,1716,,11.771,SEK,optional_backfill_requires_verified_source
TREL-B.ST,2019-Q1,2019-04-26,leading,,,2023-Q3,2023-10-26,,1644,,11.5541,SEK,optional_backfill_requires_verified_source
TREL-B.ST,2019-Q2,2019-07-18,leading,,,2023-Q3,2023-10-26,,1561,,11.2184,SEK,optional_backfill_requires_verified_source
TREL-B.ST,2019-Q3,2019-10-24,leading,,,2023-Q3,2023-10-26,,1463,,10.7757,SEK,optional_backfill_requires_verified_source
TREL-B.ST,2019-Q4,2020-02-12,leading,,,2023-Q3,2023-10-26,,1352,,-0.7341,SEK,optional_backfill_requires_verified_source
TREL-B.ST,2020-Q1,2020-04-23,leading,,,2023-Q3,2023-10-26,,1281,,-0.8263,SEK,optional_backfill_requires_verified_source
TREL-B.ST,2020-Q2,2020-07-20,leading,,,2023-Q3,2023-10-26,,1193,,-1.6896,SEK,optional_backfill_requires_verified_source
TREL-B.ST,2020-Q3,2020-10-27,leading,,,2023-Q3,2023-10-26,,1094,,-1.7265,SEK,optional_backfill_requires_verified_source
TREL-B.ST,2020-Q4,2021-02-10,leading,,,2023-Q3,2023-10-26,,988,,10.0047,SEK,optional_backfill_requires_verified_source
TREL-B.ST,2021-Q1,2021-04-22,leading,,,2023-Q3,2023-10-26,,917,,11.0266,SEK,optional_backfill_requires_verified_source
TREL-B.ST,2021-Q2,2021-07-22,leading,,,2023-Q3,2023-10-26,,826,,12.576,SEK,optional_backfill_requires_verified_source
TREL-B.ST,2021-Q3,2021-10-27,leading,,,2023-Q3,2023-10-26,,729,,13.3765,SEK,optional_backfill_requires_verified_source
TREL-B.ST,2021-Q4,2022-02-04,leading,,,2023-Q3,2023-10-26,,629,,13.7122,SEK,optional_backfill_requires_verified_source
TREL-B.ST,2022-Q1,2022-04-27,leading,,,2023-Q3,2023-10-26,,547,,14.4465,SEK,optional_backfill_requires_verified_source
TREL-B.ST,2022-Q2,2022-07-21,leading,,,2023-Q3,2023-10-26,,462,,16.4744,SEK,optional_backfill_requires_verified_source
TREL-B.ST,2022-Q3,2022-10-26,leading,,,2023-Q3,2023-10-26,,365,,18.0504,SEK,optional_backfill_requires_verified_source
TREL-B.ST,2022-Q4,2023-01-27,leading,,,2023-Q3,2023-10-26,,272,,19.9194,SEK,optional_backfill_requires_verified_source
TREL-B.ST,2023-Q1,2023-04-27,leading,,,2023-Q3,2023-10-26,,182,,20.4388,SEK,optional_backfill_requires_verified_source
TREL-B.ST,2023-Q2,2023-07-19,leading,,,2023-Q3,2023-10-26,,99,,42.5588,SEK,optional_backfill_requires_verified_source
TREL-B.ST,2023-Q4,2024-02-02,internal,2023-Q3,2023-10-26,2024-Q1,2024-04-24,99,82,82,39.9701,SEK,issuer_report_or_other_verified_source_required
VBG-B.ST,2018-Q3,2018-10-22,leading,,,2023-Q3,2023-10-24,,1828,,9.729,SEK,optional_backfill_requires_verified_source
VBG-B.ST,2018-Q4,2019-02-19,leading,,,2023-Q3,2023-10-24,,1708,,10.9186,SEK,optional_backfill_requires_verified_source
VBG-B.ST,2019-Q1,2019-04-24,leading,,,2023-Q3,2023-10-24,,1644,,11.9381,SEK,optional_backfill_requires_verified_source
VBG-B.ST,2019-Q2,2019-08-20,leading,,,2023-Q3,2023-10-24,,1526,,12.154,SEK,optional_backfill_requires_verified_source
VBG-B.ST,2019-Q3,2019-10-22,leading,,,2023-Q3,2023-10-24,,1463,,12.254,SEK,optional_backfill_requires_verified_source
VBG-B.ST,2019-Q4,2020-02-20,leading,,,2023-Q3,2023-10-24,,1342,,11.9781,SEK,optional_backfill_requires_verified_source
VBG-B.ST,2020-Q1,2020-04-28,leading,,,2023-Q3,2023-10-24,,1274,,11.5981,SEK,optional_backfill_requires_verified_source
VBG-B.ST,2020-Q2,2020-07-23,leading,,,2023-Q3,2023-10-24,,1188,,9.1665,SEK,optional_backfill_requires_verified_source
VBG-B.ST,2020-Q3,2020-10-22,leading,,,2023-Q3,2023-10-24,,1097,,9.1745,SEK,optional_backfill_requires_verified_source
VBG-B.ST,2020-Q4,2021-02-24,leading,,,2023-Q3,2023-10-24,,972,,9.0665,SEK,optional_backfill_requires_verified_source
VBG-B.ST,2021-Q1,2021-04-29,leading,,,2023-Q3,2023-10-24,,908,,10.0104,SEK,optional_backfill_requires_verified_source
VBG-B.ST,2021-Q2,2021-07-22,leading,,,2023-Q3,2023-10-24,,824,,12.8659,SEK,optional_backfill_requires_verified_source
VBG-B.ST,2021-Q3,2021-10-21,leading,,,2023-Q3,2023-10-24,,733,,13.1979,SEK,optional_backfill_requires_verified_source
VBG-B.ST,2021-Q4,2022-02-24,leading,,,2023-Q3,2023-10-24,,607,,13.4818,SEK,optional_backfill_requires_verified_source
VBG-B.ST,2022-Q1,2022-04-28,leading,,,2023-Q3,2023-10-24,,544,,13.9338,SEK,optional_backfill_requires_verified_source
VBG-B.ST,2022-Q2,2022-07-20,leading,,,2023-Q3,2023-10-24,,461,,14.2017,SEK,optional_backfill_requires_verified_source
VBG-B.ST,2022-Q3,2022-10-26,leading,,,2023-Q3,2023-10-24,,363,,13.4218,SEK,optional_backfill_requires_verified_source
VBG-B.ST,2022-Q4,2023-02-21,leading,,,2023-Q3,2023-10-24,,245,,14.7256,SEK,optional_backfill_requires_verified_source
VBG-B.ST,2023-Q1,2023-04-27,leading,,,2023-Q3,2023-10-24,,180,,15.8334,SEK,optional_backfill_requires_verified_source
VBG-B.ST,2023-Q2,2023-07-20,leading,,,2023-Q3,2023-10-24,,96,,17.3412,SEK,optional_backfill_requires_verified_source
VIT-B.ST,2018-Q3,2018-10-18,leading,,,2023-Q3,2023-10-19,,1827,,3.09,SEK,optional_backfill_requires_verified_source
VIT-B.ST,2018-Q4,2019-02-13,leading,,,2023-Q3,2023-10-19,,1709,,3.1925,SEK,optional_backfill_requires_verified_source
VIT-B.ST,2019-Q1,2019-04-10,leading,,,2023-Q3,2023-10-19,,1653,,3.3185,SEK,optional_backfill_requires_verified_source
VIT-B.ST,2019-Q2,2019-07-11,leading,,,2023-Q3,2023-10-19,,1561,,3.4465,SEK,optional_backfill_requires_verified_source
VIT-B.ST,2019-Q3,2019-10-17,leading,,,2023-Q3,2023-10-19,,1463,,3.5819,SEK,optional_backfill_requires_verified_source
VIT-B.ST,2019-Q4,2020-02-13,leading,,,2023-Q3,2023-10-19,,1344,,3.1124,SEK,optional_backfill_requires_verified_source
VIT-B.ST,2020-Q1,2020-04-17,leading,,,2023-Q3,2023-10-19,,1280,,2.9834,SEK,optional_backfill_requires_verified_source
VIT-B.ST,2020-Q2,2020-07-10,leading,,,2023-Q3,2023-10-19,,1196,,3.8043,SEK,optional_backfill_requires_verified_source
VIT-B.ST,2020-Q3,2020-10-15,leading,,,2023-Q3,2023-10-19,,1099,,3.9962,SEK,optional_backfill_requires_verified_source
VIT-B.ST,2020-Q4,2021-02-11,leading,,,2023-Q3,2023-10-19,,980,,4.9036,SEK,optional_backfill_requires_verified_source
VIT-B.ST,2021-Q1,2021-04-16,leading,,,2023-Q3,2023-10-19,,916,,5.3466,SEK,optional_backfill_requires_verified_source
VIT-B.ST,2021-Q2,2021-07-15,leading,,,2023-Q3,2023-10-19,,826,,5.7691,SEK,optional_backfill_requires_verified_source
VIT-B.ST,2021-Q3,2021-10-14,leading,,,2023-Q3,2023-10-19,,735,,5.1937,SEK,optional_backfill_requires_verified_source
VIT-B.ST,2021-Q4,2022-02-11,leading,,,2023-Q3,2023-10-19,,615,,5.1937,SEK,optional_backfill_requires_verified_source
VIT-B.ST,2022-Q1,2022-04-22,leading,,,2023-Q3,2023-10-19,,545,,5.1937,SEK,optional_backfill_requires_verified_source
VIT-B.ST,2022-Q2,2022-07-15,leading,,,2023-Q3,2023-10-19,,461,,5.1937,SEK,optional_backfill_requires_verified_source
VIT-B.ST,2022-Q3,2022-10-20,leading,,,2023-Q3,2023-10-19,,364,,5.1937,SEK,optional_backfill_requires_verified_source
VIT-B.ST,2022-Q4,2023-02-01,leading,,,2023-Q3,2023-10-19,,260,,6.8736,SEK,optional_backfill_requires_verified_source
VIT-B.ST,2023-Q1,2023-04-21,leading,,,2023-Q3,2023-10-19,,181,,7.1522,SEK,optional_backfill_requires_verified_source
VIT-B.ST,2023-Q2,2023-07-14,leading,,,2023-Q3,2023-10-19,,97,,8.1557,SEK,optional_backfill_requires_verified_source
VIT-B.ST,2023-Q4,2024-02-01,internal,2023-Q3,2023-10-19,2024-Q1,2024-04-18,105,77,77,9.0363,SEK,issuer_report_or_other_verified_source_required
VIT-B.ST,2024-Q4,2025-02-05,internal,2024-Q3,2024-10-17,2025-Q1,2025-04-23,111,77,77,10.7393,SEK,issuer_report_or_other_verified_source_required
WALL-B.ST,2018-Q3,2018-10-25,leading,,,2023-Q3,2023-10-20,,1821,,3.75,SEK,optional_backfill_requires_verified_source
WALL-B.ST,2018-Q4,2019-02-06,leading,,,2023-Q3,2023-10-20,,1717,,4.6513,SEK,optional_backfill_requires_verified_source
WALL-B.ST,2019-Q1,2019-05-02,leading,,,2023-Q3,2023-10-20,,1632,,4.6776,SEK,optional_backfill_requires_verified_source
WALL-B.ST,2019-Q2,2019-07-17,leading,,,2023-Q3,2023-10-20,,1556,,3.4914,SEK,optional_backfill_requires_verified_source
WALL-B.ST,2019-Q3,2019-10-22,leading,,,2023-Q3,2023-10-20,,1459,,3.5081,SEK,optional_backfill_requires_verified_source
WALL-B.ST,2019-Q4,2020-02-05,leading,,,2023-Q3,2023-10-20,,1353,,4.2369,SEK,optional_backfill_requires_verified_source
WALL-B.ST,2020-Q1,2020-04-28,leading,,,2023-Q3,2023-10-20,,1270,,4.1889,SEK,optional_backfill_requires_verified_source
WALL-B.ST,2020-Q2,2020-07-17,leading,,,2023-Q3,2023-10-20,,1190,,4.3235,SEK,optional_backfill_requires_verified_source
WALL-B.ST,2020-Q3,2020-10-22,leading,,,2023-Q3,2023-10-20,,1093,,4.1393,SEK,optional_backfill_requires_verified_source
WALL-B.ST,2020-Q4,2021-02-09,leading,,,2023-Q3,2023-10-20,,983,,2.9551,SEK,optional_backfill_requires_verified_source
WALL-B.ST,2021-Q1,2021-04-27,leading,,,2023-Q3,2023-10-20,,906,,3.596,SEK,optional_backfill_requires_verified_source
WALL-B.ST,2021-Q2,2021-07-08,leading,,,2023-Q3,2023-10-20,,834,,4.7745,SEK,optional_backfill_requires_verified_source
WALL-B.ST,2021-Q3,2021-10-22,leading,,,2023-Q3,2023-10-20,,728,,5.4966,SEK,optional_backfill_requires_verified_source
WALL-B.ST,2021-Q4,2022-02-08,leading,,,2023-Q3,2023-10-20,,619,,7.1826,SEK,optional_backfill_requires_verified_source
WALL-B.ST,2022-Q1,2022-04-26,leading,,,2023-Q3,2023-10-20,,542,,7.8922,SEK,optional_backfill_requires_verified_source
WALL-B.ST,2022-Q2,2022-07-14,leading,,,2023-Q3,2023-10-20,,463,,7.644,SEK,optional_backfill_requires_verified_source
WALL-B.ST,2022-Q3,2022-10-25,leading,,,2023-Q3,2023-10-20,,360,,7.5318,SEK,optional_backfill_requires_verified_source
WALL-B.ST,2022-Q4,2023-02-08,leading,,,2023-Q3,2023-10-20,,254,,1.6696,SEK,optional_backfill_requires_verified_source
WALL-B.ST,2023-Q1,2023-05-03,leading,,,2023-Q3,2023-10-20,,170,,-0.0863,SEK,optional_backfill_requires_verified_source
WALL-B.ST,2023-Q2,2023-07-14,leading,,,2023-Q3,2023-10-20,,98,,-1.8462,SEK,optional_backfill_requires_verified_source
WALL-B.ST,2023-Q4,2024-02-08,internal,2023-Q3,2023-10-20,2024-Q1,2024-04-24,111,76,76,-0.6841,SEK,issuer_report_or_other_verified_source_required
WIHL.ST,2018-Q3,2018-10-23,leading,,,2023-Q3,2023-10-24,,1827,,8.265,SEK,optional_backfill_requires_verified_source
WIHL.ST,2018-Q4,2019-02-12,leading,,,2023-Q3,2023-10-24,,1715,,7.8131,SEK,optional_backfill_requires_verified_source
WIHL.ST,2019-Q1,2019-04-25,leading,,,2023-Q3,2023-10-24,,1643,,7.8398,SEK,optional_backfill_requires_verified_source
WIHL.ST,2019-Q2,2019-07-08,leading,,,2023-Q3,2023-10-24,,1569,,7.8285,SEK,optional_backfill_requires_verified_source
WIHL.ST,2019-Q3,2019-10-24,leading,,,2023-Q3,2023-10-24,,1461,,7.5173,SEK,optional_backfill_requires_verified_source
WIHL.ST,2019-Q4,2020-02-11,leading,,,2023-Q3,2023-10-24,,1351,,9.508,SEK,optional_backfill_requires_verified_source
WIHL.ST,2020-Q1,2020-04-28,leading,,,2023-Q3,2023-10-24,,1274,,9.6153,SEK,optional_backfill_requires_verified_source
WIHL.ST,2020-Q2,2020-07-06,leading,,,2023-Q3,2023-10-24,,1205,,8.7956,SEK,optional_backfill_requires_verified_source
WIHL.ST,2020-Q3,2020-10-23,leading,,,2023-Q3,2023-10-24,,1096,,9.9992,SEK,optional_backfill_requires_verified_source
WIHL.ST,2020-Q4,2021-02-16,leading,,,2023-Q3,2023-10-24,,980,,7.2278,SEK,optional_backfill_requires_verified_source
WIHL.ST,2021-Q1,2021-04-27,leading,,,2023-Q3,2023-10-24,,910,,7.6636,SEK,optional_backfill_requires_verified_source
WIHL.ST,2021-Q2,2021-07-12,leading,,,2023-Q3,2023-10-24,,834,,8.2004,SEK,optional_backfill_requires_verified_source
WIHL.ST,2021-Q3,2021-10-22,leading,,,2023-Q3,2023-10-24,,732,,7.7222,SEK,optional_backfill_requires_verified_source
WIHL.ST,2021-Q4,2022-02-15,leading,,,2023-Q3,2023-10-24,,616,,10.8904,SEK,optional_backfill_requires_verified_source
WIHL.ST,2022-Q1,2022-04-26,leading,,,2023-Q3,2023-10-24,,546,,11.9899,SEK,optional_backfill_requires_verified_source
WIHL.ST,2022-Q2,2022-07-11,leading,,,2023-Q3,2023-10-24,,470,,12.6535,SEK,optional_backfill_requires_verified_source
WIHL.ST,2022-Q3,2022-10-21,leading,,,2023-Q3,2023-10-24,,368,,11.9248,SEK,optional_backfill_requires_verified_source
WIHL.ST,2022-Q4,2023-02-14,leading,,,2023-Q3,2023-10-24,,252,,7.4424,SEK,optional_backfill_requires_verified_source
WIHL.ST,2023-Q1,2023-04-25,leading,,,2023-Q3,2023-10-24,,182,,5.6176,SEK,optional_backfill_requires_verified_source
WIHL.ST,2023-Q2,2023-07-10,leading,,,2023-Q3,2023-10-24,,106,,4.4368,SEK,optional_backfill_requires_verified_source
WIHL.ST,2023-Q4,2024-02-13,internal,2023-Q3,2023-10-24,2024-Q1,2024-04-23,112,70,70,-0.0878,SEK,issuer_report_or_other_verified_source_required
