ticker,report_period,effective_date,period_end,verified
AAK.ST,2019-Q2,2019-07-16,2019-06-30,True
AAK.ST,2019-Q3,2019-10-24,2019-09-30,True
AAK.ST,2019-Q4,2020-01-30,2019-12-31,True
AAK.ST,2020-Q1,2020-04-24,2020-03-31,True
AAK.ST,2020-Q2,2020-07-17,2020-06-30,True
AAK.ST,2020-Q3,2020-10-22,2020-09-30,True
AAK.ST,2020-Q4,2021-01-28,2020-12-31,True
AAK.ST,2021-Q1,2021-04-23,2021-03-31,True
AAK.ST,2021-Q2,2021-07-16,2021-06-30,True
AAK.ST,2021-Q3,2021-10-29,2021-09-30,True
AAK.ST,2021-Q4,2022-02-04,2021-12-31,True
AAK.ST,2022-Q1,2022-04-27,2022-03-31,True
AAK.ST,2022-Q2,2022-07-19,2022-06-30,True
AAK.ST,2022-Q3,2022-10-25,2022-09-30,True
AAK.ST,2022-Q4,2023-02-02,2022-12-31,True
AAK.ST,2023-Q1,2023-05-04,2023-03-31,True
AAK.ST,2023-Q2,2023-07-19,2023-06-30,True
AAK.ST,2023-Q3,2023-10-25,2023-09-30,True
AAK.ST,2023-Q4,2024-02-07,2023-12-31,True
AAK.ST,2024-Q1,2024-04-25,2024-03-31,True
AAK.ST,2024-Q2,2024-07-18,2024-06-30,True
AAK.ST,2024-Q3,2024-10-24,2024-09-30,True
AAK.ST,2024-Q4,2025-02-05,2024-12-31,True
AAK.ST,2025-Q1,2025-04-24,2025-03-31,True
AAK.ST,2025-Q2,2025-07-17,2025-06-30,True
AAK.ST,2025-Q3,2025-10-23,2025-09-30,True
AAK.ST,2025-Q4,2026-02-05,2025-12-31,True
AAK.ST,2026-Q1,2026-04-28,2026-03-31,True
AAK.ST,2026-Q2,2026-07-17,2026-06-30,True
ABB.ST,2018-Q3,2018-10-25,2018-09-30,True
ABB.ST,2018-Q4,2019-02-06,2018-12-31,True
ABB.ST,2019-Q1,2019-04-17,2019-03-31,True
ABB.ST,2019-Q2,2019-07-25,2019-06-30,True
ABB.ST,2019-Q3,2019-10-23,2019-09-30,True
ABB.ST,2019-Q4,2020-02-05,2019-12-31,True
ABB.ST,2020-Q1,2020-04-28,2020-03-31,True
ABB.ST,2020-Q2,2020-07-22,2020-06-30,True
ABB.ST,2020-Q3,2020-10-23,2020-09-30,True
ABB.ST,2020-Q4,2021-02-04,2020-12-31,True
ABB.ST,2021-Q1,2021-04-27,2021-03-31,True
ABB.ST,2021-Q2,2021-07-22,2021-06-30,True
ABB.ST,2021-Q3,2021-10-21,2021-09-30,True
ABB.ST,2021-Q4,2022-02-03,2021-12-31,True
ABB.ST,2022-Q1,2022-04-21,2022-03-31,True
ABB.ST,2022-Q2,2022-07-21,2022-06-30,True
ABB.ST,2022-Q3,2022-10-20,2022-09-30,True
ABB.ST,2022-Q4,2023-02-02,2022-12-31,True
ABB.ST,2023-Q1,2023-04-25,2023-03-31,True
ABB.ST,2023-Q2,2023-07-20,2023-06-30,True
ABB.ST,2023-Q3,2023-10-18,2023-09-30,True
ABB.ST,2023-Q4,2024-02-01,2023-12-31,True
ABB.ST,2024-Q1,2024-04-18,2024-03-31,True
ABB.ST,2024-Q2,2024-07-18,2024-06-30,True
ABB.ST,2024-Q3,2024-10-17,2024-09-30,True
ABB.ST,2024-Q4,2025-01-30,2024-12-31,True
ABB.ST,2025-Q1,2025-04-17,2025-03-31,True
ABB.ST,2025-Q2,2025-07-17,2025-06-30,True
ABB.ST,2025-Q3,2025-10-16,2025-09-30,True
ABB.ST,2025-Q4,2026-01-29,2025-12-31,True
ABB.ST,2026-Q1,2026-04-22,2026-03-31,True
ABB.ST,2026-Q2,2026-07-16,2026-06-30,True
ADDT-B.ST,2018-Q3,2018-10-25,2018-09-30,True
ADDT-B.ST,2018-Q4,2019-02-07,2018-12-31,True
ADDT-B.ST,2019-Q1,2019-05-15,2019-03-31,True
ADDT-B.ST,2019-Q2,2019-07-12,2019-06-30,True
ADDT-B.ST,2019-Q3,2019-10-24,2019-09-30,True
ADDT-B.ST,2019-Q4,2020-02-05,2019-12-31,True
ADDT-B.ST,2020-Q1,2020-05-13,2020-03-31,True
ADDT-B.ST,2020-Q2,2020-07-14,2020-06-30,True
ADDT-B.ST,2020-Q3,2020-10-23,2020-09-30,True
ADDT-B.ST,2020-Q4,2021-02-04,2020-12-31,True
ADDT-B.ST,2021-Q1,2021-05-18,2021-03-31,True
ADDT-B.ST,2021-Q2,2021-07-16,2021-06-30,True
ADDT-B.ST,2021-Q3,2021-10-28,2021-09-30,True
ADDT-B.ST,2021-Q4,2022-02-08,2021-12-31,True
ADDT-B.ST,2022-Q1,2022-05-17,2022-03-31,True
ADDT-B.ST,2022-Q2,2022-07-15,2022-06-30,True
ADDT-B.ST,2022-Q3,2022-10-27,2022-09-30,True
ADDT-B.ST,2022-Q4,2023-02-02,2022-12-31,True
ADDT-B.ST,2023-Q1,2023-05-17,2023-03-31,True
ADDT-B.ST,2023-Q2,2023-07-14,2023-06-30,True
ADDT-B.ST,2023-Q3,2023-10-26,2023-09-30,True
ADDT-B.ST,2023-Q4,2024-02-07,2023-12-31,True
ADDT-B.ST,2024-Q1,2024-05-16,2024-03-31,True
ADDT-B.ST,2024-Q2,2024-07-12,2024-06-30,True
ADDT-B.ST,2024-Q3,2024-10-24,2024-09-30,True
ADDT-B.ST,2024-Q4,2025-02-04,2024-12-31,True
ADDT-B.ST,2025-Q1,2025-05-15,2025-03-31,True
ADDT-B.ST,2025-Q2,2025-07-15,2025-06-30,True
ADDT-B.ST,2025-Q3,2025-10-23,2025-09-30,True
ADDT-B.ST,2025-Q4,2026-02-05,2025-12-31,True
ADDT-B.ST,2026-Q1,2026-05-20,2026-03-31,True
ADDT-B.ST,2026-Q2,2026-07-14,2026-06-30,True
ALIG.ST,2018-Q3,2018-10-25,2018-09-30,True
ALIG.ST,2018-Q4,2019-02-22,2018-12-31,True
ALIG.ST,2019-Q1,2019-04-26,2019-03-31,True
ALIG.ST,2019-Q2,2019-08-21,2019-06-30,True
ALIG.ST,2019-Q3,2019-10-23,2019-09-30,True
ALIG.ST,2019-Q4,2020-02-21,2019-12-31,True
ALIG.ST,2020-Q1,2020-04-24,2020-03-31,True
ALIG.ST,2020-Q2,2020-07-23,2020-06-30,True
ALIG.ST,2020-Q3,2020-10-22,2020-09-30,True
ALIG.ST,2020-Q4,2021-02-11,2020-12-31,True
ALIG.ST,2021-Q1,2021-04-22,2021-03-31,True
ALIG.ST,2021-Q2,2021-07-20,2021-06-30,True
ALIG.ST,2021-Q3,2021-10-21,2021-09-30,True
ALIG.ST,2021-Q4,2022-02-10,2021-12-31,True
ALIG.ST,2022-Q1,2022-04-27,2022-03-31,True
ALIG.ST,2022-Q2,2022-07-19,2022-06-30,True
ALIG.ST,2022-Q3,2022-10-20,2022-09-30,True
ALIG.ST,2022-Q4,2023-02-17,2022-12-31,True
ALIG.ST,2023-Q1,2023-05-03,2023-03-31,True
ALIG.ST,2023-Q2,2023-07-20,2023-06-30,True
ALIG.ST,2023-Q3,2023-10-24,2023-09-30,True
ALIG.ST,2023-Q4,2024-02-12,2023-12-31,True
ALIG.ST,2024-Q1,2024-04-25,2024-03-31,True
ALIG.ST,2024-Q2,2024-07-18,2024-06-30,True
ALIG.ST,2024-Q3,2024-10-29,2024-09-30,True
ALIG.ST,2024-Q4,2025-02-13,2024-12-31,True
ALIG.ST,2025-Q1,2025-04-24,2025-03-31,True
ALIG.ST,2025-Q2,2025-07-18,2025-06-30,True
ALIG.ST,2025-Q3,2025-10-23,2025-09-30,True
ALIG.ST,2025-Q4,2026-02-10,2025-12-31,True
ALIG.ST,2026-Q1,2026-04-28,2026-03-31,True
ALIG.ST,2026-Q2,2026-07-17,2026-06-30,True
ALIV-SDB.ST,2018-Q3,2018-10-26,2018-09-30,True
ALIV-SDB.ST,2018-Q4,2019-01-29,2018-12-31,True
ALIV-SDB.ST,2019-Q1,2019-04-26,2019-03-31,True
ALIV-SDB.ST,2019-Q2,2019-07-19,2019-06-30,True
ALIV-SDB.ST,2019-Q3,2019-10-25,2019-09-30,True
ALIV-SDB.ST,2019-Q4,2020-01-28,2019-12-31,True
ALIV-SDB.ST,2020-Q1,2020-04-24,2020-03-31,True
ALIV-SDB.ST,2020-Q2,2020-07-17,2020-06-30,True
ALIV-SDB.ST,2020-Q3,2020-10-23,2020-09-30,True
ALIV-SDB.ST,2020-Q4,2021-01-26,2020-12-31,True
ALIV-SDB.ST,2021-Q1,2021-04-23,2021-03-31,True
ALIV-SDB.ST,2021-Q2,2021-07-16,2021-06-30,True
ALIV-SDB.ST,2021-Q3,2021-10-22,2021-09-30,True
ALIV-SDB.ST,2021-Q4,2022-01-28,2021-12-31,True
ALIV-SDB.ST,2022-Q1,2022-04-22,2022-03-31,True
ALIV-SDB.ST,2022-Q2,2022-07-22,2022-06-30,True
ALIV-SDB.ST,2022-Q3,2022-10-21,2022-09-30,True
ALIV-SDB.ST,2022-Q4,2023-01-27,2022-12-31,True
ALIV-SDB.ST,2023-Q1,2023-04-21,2023-03-31,True
ALIV-SDB.ST,2023-Q2,2023-07-21,2023-06-30,True
ALIV-SDB.ST,2023-Q3,2023-10-20,2023-09-30,True
ALIV-SDB.ST,2023-Q4,2024-01-26,2023-12-31,True
ALIV-SDB.ST,2024-Q1,2024-04-26,2024-03-31,True
ALIV-SDB.ST,2024-Q2,2024-07-19,2024-06-30,True
ALIV-SDB.ST,2024-Q3,2024-10-18,2024-09-30,True
ALIV-SDB.ST,2024-Q4,2025-01-31,2024-12-31,True
ALIV-SDB.ST,2025-Q1,2025-04-16,2025-03-31,True
ALIV-SDB.ST,2025-Q2,2025-07-18,2025-06-30,True
ALIV-SDB.ST,2025-Q3,2025-10-17,2025-09-30,True
ALIV-SDB.ST,2025-Q4,2026-01-30,2025-12-31,True
ALIV-SDB.ST,2026-Q1,2026-04-17,2026-03-31,True
ALIV-SDB.ST,2026-Q2,2026-07-17,2026-06-30,True
ALLEI.ST,2022-Q3,2022-10-17,2022-09-30,True
ALLEI.ST,2022-Q4,2023-01-24,2022-12-31,True
ALLEI.ST,2023-Q1,2023-04-26,2023-03-31,True
ALLEI.ST,2023-Q2,2023-07-21,2023-06-30,True
ALLEI.ST,2023-Q3,2023-10-24,2023-09-30,True
ALLEI.ST,2023-Q4,2024-01-23,2023-12-31,True
ALLEI.ST,2024-Q1,2024-04-23,2024-03-31,True
ALLEI.ST,2024-Q2,2024-07-19,2024-06-30,True
ALLEI.ST,2024-Q3,2024-10-22,2024-09-30,True
ALLEI.ST,2024-Q4,2025-01-24,2024-12-31,True
ALLEI.ST,2025-Q1,2025-04-23,2025-03-31,True
ALLEI.ST,2025-Q2,2025-07-18,2025-06-30,True
ALLEI.ST,2025-Q3,2025-10-22,2025-09-30,True
ALLEI.ST,2025-Q4,2026-01-27,2025-12-31,True
ALLEI.ST,2026-Q1,2026-04-27,2026-03-31,True
ALLEI.ST,2026-Q2,2026-07-17,2026-06-30,True
ANOD-B.ST,2018-Q3,2018-10-25,2018-09-30,True
ANOD-B.ST,2018-Q4,2019-02-06,2018-12-31,True
ANOD-B.ST,2019-Q1,2019-04-25,2019-03-31,True
ANOD-B.ST,2019-Q2,2019-07-19,2019-06-30,True
ANOD-B.ST,2019-Q3,2019-10-25,2019-09-30,True
ANOD-B.ST,2019-Q4,2020-02-04,2019-12-31,True
ANOD-B.ST,2020-Q1,2020-04-24,2020-03-31,True
ANOD-B.ST,2020-Q2,2020-07-17,2020-06-30,True
ANOD-B.ST,2020-Q3,2020-10-23,2020-09-30,True
ANOD-B.ST,2020-Q4,2021-02-03,2020-12-31,True
ANOD-B.ST,2021-Q1,2021-04-29,2021-03-31,True
ANOD-B.ST,2021-Q2,2021-07-21,2021-06-30,True
ANOD-B.ST,2021-Q3,2021-10-29,2021-09-30,True
ANOD-B.ST,2021-Q4,2022-02-04,2021-12-31,True
ANOD-B.ST,2022-Q1,2022-04-29,2022-03-31,True
ANOD-B.ST,2022-Q2,2022-07-15,2022-06-30,True
ANOD-B.ST,2022-Q3,2022-10-28,2022-09-30,True
ANOD-B.ST,2022-Q4,2023-02-03,2022-12-31,True
ANOD-B.ST,2023-Q1,2023-04-28,2023-03-31,True
ANOD-B.ST,2023-Q2,2023-07-14,2023-06-30,True
ANOD-B.ST,2023-Q3,2023-10-27,2023-09-30,True
ANOD-B.ST,2023-Q4,2024-02-02,2023-12-31,True
ANOD-B.ST,2024-Q1,2024-04-25,2024-03-31,True
ANOD-B.ST,2024-Q2,2024-07-12,2024-06-30,True
ANOD-B.ST,2024-Q3,2024-10-24,2024-09-30,True
ANOD-B.ST,2024-Q4,2025-01-31,2024-12-31,True
ANOD-B.ST,2025-Q1,2025-04-25,2025-03-31,True
ANOD-B.ST,2025-Q2,2025-07-14,2025-06-30,True
ANOD-B.ST,2025-Q3,2025-10-24,2025-09-30,True
ANOD-B.ST,2025-Q4,2026-02-03,2025-12-31,True
ANOD-B.ST,2026-Q1,2026-04-28,2026-03-31,True
ANOD-B.ST,2026-Q2,2026-07-15,2026-06-30,True
ARJO-B.ST,2018-Q3,2018-10-22,2018-09-30,True
ARJO-B.ST,2018-Q4,2019-02-04,2018-12-31,True
ARJO-B.ST,2019-Q1,2019-05-07,2019-03-31,True
ARJO-B.ST,2019-Q2,2019-07-18,2019-06-30,True
ARJO-B.ST,2019-Q3,2019-10-22,2019-09-30,True
ARJO-B.ST,2019-Q4,2020-02-04,2019-12-31,True
ARJO-B.ST,2020-Q1,2020-04-27,2020-03-31,True
ARJO-B.ST,2020-Q2,2020-07-17,2020-06-30,True
ARJO-B.ST,2020-Q3,2020-10-28,2020-09-30,True
ARJO-B.ST,2020-Q4,2021-02-03,2020-12-31,True
ARJO-B.ST,2021-Q1,2021-04-27,2021-03-31,True
ARJO-B.ST,2021-Q2,2021-07-15,2021-06-30,True
ARJO-B.ST,2021-Q3,2021-10-28,2021-09-30,True
ARJO-B.ST,2021-Q4,2022-02-03,2021-12-31,True
ARJO-B.ST,2022-Q1,2022-04-22,2022-03-31,True
ARJO-B.ST,2022-Q2,2022-07-14,2022-06-30,True
ARJO-B.ST,2022-Q3,2022-10-28,2022-09-30,True
ARJO-B.ST,2022-Q4,2023-01-25,2022-12-31,True
ARJO-B.ST,2023-Q1,2023-04-20,2023-03-31,True
ARJO-B.ST,2023-Q2,2023-07-14,2023-06-30,True
ARJO-B.ST,2023-Q3,2023-10-19,2023-09-30,True
ARJO-B.ST,2023-Q4,2024-01-30,2023-12-31,True
ARJO-B.ST,2024-Q1,2024-04-18,2024-03-31,True
ARJO-B.ST,2024-Q2,2024-07-12,2024-06-30,True
ARJO-B.ST,2024-Q3,2024-10-17,2024-09-30,True
ARJO-B.ST,2024-Q4,2025-01-30,2024-12-31,True
ARJO-B.ST,2025-Q1,2025-04-29,2025-03-31,True
ARJO-B.ST,2025-Q2,2025-07-11,2025-06-30,True
ARJO-B.ST,2025-Q3,2025-10-22,2025-09-30,True
ARJO-B.ST,2025-Q4,2026-01-30,2025-12-31,True
ARJO-B.ST,2026-Q1,2026-04-22,2026-03-31,True
ARJO-B.ST,2026-Q2,2026-07-14,2026-06-30,True
ASSA-B.ST,2018-Q3,2018-10-19,2018-09-30,True
ASSA-B.ST,2018-Q4,2019-02-05,2018-12-31,True
ASSA-B.ST,2019-Q1,2019-04-25,2019-03-31,True
ASSA-B.ST,2019-Q2,2019-07-17,2019-06-30,True
ASSA-B.ST,2019-Q3,2019-10-18,2019-09-30,True
ASSA-B.ST,2019-Q4,2020-02-06,2019-12-31,True
ASSA-B.ST,2020-Q1,2020-04-29,2020-03-31,True
ASSA-B.ST,2020-Q2,2020-07-17,2020-06-30,True
ASSA-B.ST,2020-Q3,2020-10-21,2020-09-30,True
ASSA-B.ST,2020-Q4,2021-02-05,2020-12-31,True
ASSA-B.ST,2021-Q1,2021-04-28,2021-03-31,True
ASSA-B.ST,2021-Q2,2021-07-19,2021-06-30,True
ASSA-B.ST,2021-Q3,2021-10-27,2021-09-30,True
ASSA-B.ST,2021-Q4,2022-02-04,2021-12-31,True
ASSA-B.ST,2022-Q1,2022-04-27,2022-03-31,True
ASSA-B.ST,2022-Q2,2022-07-19,2022-06-30,True
ASSA-B.ST,2022-Q3,2022-10-26,2022-09-30,True
ASSA-B.ST,2022-Q4,2023-02-03,2022-12-31,True
ASSA-B.ST,2023-Q1,2023-04-26,2023-03-31,True
ASSA-B.ST,2023-Q2,2023-07-19,2023-06-30,True
ASSA-B.ST,2023-Q3,2023-10-25,2023-09-30,True
ASSA-B.ST,2023-Q4,2024-02-07,2023-12-31,True
ASSA-B.ST,2024-Q1,2024-04-24,2024-03-31,True
ASSA-B.ST,2024-Q2,2024-07-17,2024-06-30,True
ASSA-B.ST,2024-Q3,2024-10-23,2024-09-30,True
ASSA-B.ST,2024-Q4,2025-02-05,2024-12-31,True
ASSA-B.ST,2025-Q1,2025-04-23,2025-03-31,True
ASSA-B.ST,2025-Q2,2025-07-17,2025-06-30,True
ASSA-B.ST,2025-Q3,2025-10-21,2025-09-30,True
ASSA-B.ST,2025-Q4,2026-02-05,2025-12-31,True
ASSA-B.ST,2026-Q1,2026-04-28,2026-03-31,True
ASSA-B.ST,2026-Q2,2026-07-17,2026-06-30,True
ATCO-A.ST,2018-Q3,2018-10-19,2018-09-30,True
ATCO-A.ST,2018-Q4,2019-01-28,2018-12-31,True
ATCO-A.ST,2019-Q1,2019-04-25,2019-03-31,True
ATCO-A.ST,2019-Q2,2019-07-15,2019-06-30,True
ATCO-A.ST,2019-Q3,2019-10-21,2019-09-30,True
ATCO-A.ST,2019-Q4,2020-01-28,2019-12-31,True
ATCO-A.ST,2020-Q1,2020-04-23,2020-03-31,True
ATCO-A.ST,2020-Q2,2020-07-16,2020-06-30,True
ATCO-A.ST,2020-Q3,2020-10-22,2020-09-30,True
ATCO-A.ST,2020-Q4,2021-01-29,2020-12-31,True
ATCO-A.ST,2021-Q1,2021-04-27,2021-03-31,True
ATCO-A.ST,2021-Q2,2021-07-16,2021-06-30,True
ATCO-A.ST,2021-Q3,2021-10-21,2021-09-30,True
ATCO-A.ST,2021-Q4,2022-01-25,2021-12-31,True
ATCO-A.ST,2022-Q1,2022-04-26,2022-03-31,True
ATCO-A.ST,2022-Q2,2022-07-19,2022-06-30,True
ATCO-A.ST,2022-Q3,2022-10-19,2022-09-30,True
ATCO-A.ST,2022-Q4,2023-01-26,2022-12-31,True
ATCO-A.ST,2023-Q1,2023-04-27,2023-03-31,True
ATCO-A.ST,2023-Q2,2023-07-19,2023-06-30,True
ATCO-A.ST,2023-Q3,2023-10-25,2023-09-30,True
ATCO-A.ST,2023-Q4,2024-01-25,2023-12-31,True
ATCO-A.ST,2024-Q1,2024-04-24,2024-03-31,True
ATCO-A.ST,2024-Q2,2024-07-18,2024-06-30,True
ATCO-A.ST,2024-Q3,2024-10-23,2024-09-30,True
ATCO-A.ST,2024-Q4,2025-01-28,2024-12-31,True
ATCO-A.ST,2025-Q1,2025-04-29,2025-03-31,True
ATCO-A.ST,2025-Q2,2025-07-18,2025-06-30,True
ATCO-A.ST,2025-Q3,2025-10-23,2025-09-30,True
ATCO-A.ST,2025-Q4,2026-01-27,2025-12-31,True
ATCO-A.ST,2026-Q1,2026-04-28,2026-03-31,True
ATCO-A.ST,2026-Q2,2026-07-16,2026-06-30,True
ATCO-B.ST,2018-Q3,2018-10-19,2018-09-30,True
ATCO-B.ST,2018-Q4,2019-01-28,2018-12-31,True
ATCO-B.ST,2019-Q1,2019-04-25,2019-03-31,True
ATCO-B.ST,2019-Q2,2019-07-15,2019-06-30,True
ATCO-B.ST,2019-Q3,2019-10-21,2019-09-30,True
ATCO-B.ST,2019-Q4,2020-01-28,2019-12-31,True
ATCO-B.ST,2020-Q1,2020-04-23,2020-03-31,True
ATCO-B.ST,2020-Q2,2020-07-16,2020-06-30,True
ATCO-B.ST,2020-Q3,2020-10-22,2020-09-30,True
ATCO-B.ST,2020-Q4,2021-01-29,2020-12-31,True
ATCO-B.ST,2021-Q1,2021-04-27,2021-03-31,True
ATCO-B.ST,2021-Q2,2021-07-16,2021-06-30,True
ATCO-B.ST,2021-Q3,2021-10-21,2021-09-30,True
ATCO-B.ST,2021-Q4,2022-01-25,2021-12-31,True
ATCO-B.ST,2022-Q1,2022-04-26,2022-03-31,True
ATCO-B.ST,2022-Q2,2022-07-19,2022-06-30,True
ATCO-B.ST,2022-Q3,2022-10-19,2022-09-30,True
ATCO-B.ST,2022-Q4,2023-01-26,2022-12-31,True
ATCO-B.ST,2023-Q1,2023-04-27,2023-03-31,True
ATCO-B.ST,2023-Q2,2023-07-19,2023-06-30,True
ATCO-B.ST,2023-Q3,2023-10-25,2023-09-30,True
ATCO-B.ST,2023-Q4,2024-01-25,2023-12-31,True
ATCO-B.ST,2024-Q1,2024-04-24,2024-03-31,True
ATCO-B.ST,2024-Q2,2024-07-18,2024-06-30,True
ATCO-B.ST,2024-Q3,2024-10-23,2024-09-30,True
ATCO-B.ST,2024-Q4,2025-01-28,2024-12-31,True
ATCO-B.ST,2025-Q1,2025-04-29,2025-03-31,True
ATCO-B.ST,2025-Q2,2025-07-18,2025-06-30,True
ATCO-B.ST,2025-Q3,2025-10-23,2025-09-30,True
ATCO-B.ST,2025-Q4,2026-01-27,2025-12-31,True
ATCO-B.ST,2026-Q1,2026-04-28,2026-03-31,True
ATCO-B.ST,2026-Q2,2026-07-16,2026-06-30,True
ATRLJ-B.ST,2018-Q3,2018-10-19,2018-09-30,True
ATRLJ-B.ST,2018-Q4,2019-02-15,2018-12-31,True
ATRLJ-B.ST,2019-Q1,2019-04-12,2019-03-31,True
ATRLJ-B.ST,2019-Q2,2019-07-09,2019-06-30,True
ATRLJ-B.ST,2019-Q3,2019-10-18,2019-09-30,True
ATRLJ-B.ST,2019-Q4,2020-02-07,2019-12-31,True
ATRLJ-B.ST,2020-Q1,2020-04-16,2020-03-31,True
ATRLJ-B.ST,2020-Q2,2020-07-10,2020-06-30,True
ATRLJ-B.ST,2020-Q3,2020-10-15,2020-09-30,True
ATRLJ-B.ST,2020-Q4,2021-02-09,2020-12-31,True
ATRLJ-B.ST,2021-Q1,2021-04-16,2021-03-31,True
ATRLJ-B.ST,2021-Q2,2021-07-07,2021-06-30,True
ATRLJ-B.ST,2021-Q3,2021-10-15,2021-09-30,True
ATRLJ-B.ST,2021-Q4,2022-02-10,2021-12-31,True
ATRLJ-B.ST,2022-Q1,2022-04-13,2022-03-31,True
ATRLJ-B.ST,2022-Q2,2022-07-08,2022-06-30,True
ATRLJ-B.ST,2022-Q3,2022-10-14,2022-09-30,True
ATRLJ-B.ST,2022-Q4,2023-02-02,2022-12-31,True
ATRLJ-B.ST,2023-Q1,2023-04-14,2023-03-31,True
ATRLJ-B.ST,2023-Q2,2023-07-06,2023-06-30,True
ATRLJ-B.ST,2023-Q3,2023-10-12,2023-09-30,True
ATRLJ-B.ST,2023-Q4,2024-01-31,2023-12-31,True
ATRLJ-B.ST,2024-Q1,2024-04-12,2024-03-31,True
ATRLJ-B.ST,2024-Q2,2024-07-09,2024-06-30,True
ATRLJ-B.ST,2024-Q3,2024-10-11,2024-09-30,True
ATRLJ-B.ST,2024-Q4,2025-01-31,2024-12-31,True
ATRLJ-B.ST,2025-Q1,2025-04-11,2025-03-31,True
ATRLJ-B.ST,2025-Q2,2025-07-04,2025-06-30,True
ATRLJ-B.ST,2025-Q3,2025-10-10,2025-09-30,True
ATRLJ-B.ST,2025-Q4,2026-01-30,2025-12-31,True
ATRLJ-B.ST,2026-Q1,2026-04-10,2026-03-31,True
ATRLJ-B.ST,2026-Q2,2026-07-03,2026-06-30,True
ATT.ST,2018-Q3,2018-11-09,2018-09-30,True
ATT.ST,2018-Q4,2019-02-14,2018-12-31,True
ATT.ST,2019-Q1,2019-05-03,2019-03-31,True
ATT.ST,2019-Q2,2019-07-19,2019-06-30,True
ATT.ST,2019-Q3,2019-10-24,2019-09-30,True
ATT.ST,2019-Q4,2020-02-13,2019-12-31,True
ATT.ST,2020-Q1,2020-05-06,2020-03-31,True
ATT.ST,2020-Q2,2020-07-23,2020-06-30,True
ATT.ST,2020-Q3,2020-10-23,2020-09-30,True
ATT.ST,2020-Q4,2021-02-10,2020-12-31,True
ATT.ST,2021-Q1,2021-05-06,2021-03-31,True
ATT.ST,2021-Q2,2021-07-22,2021-06-30,True
ATT.ST,2021-Q3,2021-10-26,2021-09-30,True
ATT.ST,2021-Q4,2022-02-10,2021-12-31,True
ATT.ST,2022-Q1,2022-05-06,2022-03-31,True
ATT.ST,2022-Q2,2022-07-21,2022-06-30,True
ATT.ST,2022-Q3,2022-10-26,2022-09-30,True
ATT.ST,2022-Q4,2023-02-10,2022-12-31,True
ATT.ST,2023-Q1,2023-04-26,2023-03-31,True
ATT.ST,2023-Q2,2023-07-20,2023-06-30,True
ATT.ST,2023-Q3,2023-10-24,2023-09-30,True
ATT.ST,2023-Q4,2024-02-08,2023-12-31,True
ATT.ST,2024-Q1,2024-04-24,2024-03-31,True
ATT.ST,2024-Q2,2024-07-19,2024-06-30,True
ATT.ST,2024-Q3,2024-10-24,2024-09-30,True
ATT.ST,2024-Q4,2025-02-06,2024-12-31,True
ATT.ST,2025-Q1,2025-05-07,2025-03-31,True
ATT.ST,2025-Q2,2025-07-18,2025-06-30,True
ATT.ST,2025-Q3,2025-10-24,2025-09-30,True
ATT.ST,2025-Q4,2026-02-05,2025-12-31,True
ATT.ST,2026-Q1,2026-05-06,2026-03-31,True
ATT.ST,2026-Q2,2026-08-20,2026-06-30,True
AXFO.ST,2018-Q3,2018-10-24,2018-09-30,True
AXFO.ST,2018-Q4,2019-02-05,2018-12-31,True
AXFO.ST,2019-Q1,2019-04-25,2019-03-31,True
AXFO.ST,2019-Q2,2019-07-15,2019-06-30,True
AXFO.ST,2019-Q3,2019-10-24,2019-09-30,True
AXFO.ST,2019-Q4,2020-02-06,2019-12-31,True
AXFO.ST,2020-Q1,2020-04-22,2020-03-31,True
AXFO.ST,2020-Q2,2020-07-15,2020-06-30,True
AXFO.ST,2020-Q3,2020-10-22,2020-09-30,True
AXFO.ST,2020-Q4,2021-02-04,2020-12-31,True
AXFO.ST,2021-Q1,2021-04-22,2021-03-31,True
AXFO.ST,2021-Q2,2021-07-15,2021-06-30,True
AXFO.ST,2021-Q3,2021-10-21,2021-09-30,True
AXFO.ST,2021-Q4,2022-02-03,2021-12-31,True
AXFO.ST,2022-Q1,2022-04-21,2022-03-31,True
AXFO.ST,2022-Q2,2022-07-15,2022-06-30,True
AXFO.ST,2022-Q3,2022-10-20,2022-09-30,True
AXFO.ST,2022-Q4,2023-02-01,2022-12-31,True
AXFO.ST,2023-Q1,2023-04-26,2023-03-31,True
AXFO.ST,2023-Q2,2023-07-14,2023-06-30,True
AXFO.ST,2023-Q3,2023-10-25,2023-09-30,True
AXFO.ST,2023-Q4,2024-02-01,2023-12-31,True
AXFO.ST,2024-Q1,2024-04-25,2024-03-31,True
AXFO.ST,2024-Q2,2024-07-12,2024-06-30,True
AXFO.ST,2024-Q3,2024-10-24,2024-09-30,True
AXFO.ST,2024-Q4,2025-01-30,2024-12-31,True
AXFO.ST,2025-Q1,2025-04-24,2025-03-31,True
AXFO.ST,2025-Q2,2025-07-11,2025-06-30,True
AXFO.ST,2025-Q3,2025-10-23,2025-09-30,True
AXFO.ST,2025-Q4,2026-01-29,2025-12-31,True
AXFO.ST,2026-Q1,2026-04-23,2026-03-31,True
AXFO.ST,2026-Q2,2026-07-15,2026-06-30,True
AZA.ST,2018-Q3,2018-10-18,2018-09-30,True
AZA.ST,2018-Q4,2019-01-17,2018-12-31,True
AZA.ST,2019-Q1,2019-04-16,2019-03-31,True
AZA.ST,2019-Q2,2019-07-11,2019-06-30,True
AZA.ST,2019-Q3,2019-10-17,2019-09-30,True
AZA.ST,2019-Q4,2020-01-21,2019-12-31,True
AZA.ST,2020-Q1,2020-04-21,2020-03-31,True
AZA.ST,2020-Q2,2020-07-14,2020-06-30,True
AZA.ST,2020-Q3,2020-10-19,2020-09-30,True
AZA.ST,2020-Q4,2021-01-21,2020-12-31,True
AZA.ST,2021-Q1,2021-04-20,2021-03-31,True
AZA.ST,2021-Q2,2021-07-14,2021-06-30,True
AZA.ST,2021-Q3,2021-10-18,2021-09-30,True
AZA.ST,2021-Q4,2022-01-20,2021-12-31,True
AZA.ST,2022-Q1,2022-04-25,2022-03-31,True
AZA.ST,2022-Q2,2022-07-14,2022-06-30,True
AZA.ST,2022-Q3,2022-10-18,2022-09-30,True
AZA.ST,2022-Q4,2023-01-20,2022-12-31,True
AZA.ST,2023-Q1,2023-04-24,2023-03-31,True
AZA.ST,2023-Q2,2023-07-14,2023-06-30,True
AZA.ST,2023-Q3,2023-10-20,2023-09-30,True
AZA.ST,2023-Q4,2024-01-19,2023-12-31,True
AZA.ST,2024-Q1,2024-04-19,2024-03-31,True
AZA.ST,2024-Q2,2024-07-12,2024-06-30,True
AZA.ST,2024-Q3,2024-10-18,2024-09-30,True
AZA.ST,2024-Q4,2025-01-21,2024-12-31,True
AZA.ST,2025-Q1,2025-04-15,2025-03-31,True
AZA.ST,2025-Q2,2025-07-11,2025-06-30,True
AZA.ST,2025-Q3,2025-10-17,2025-09-30,True
AZA.ST,2025-Q4,2026-01-21,2025-12-31,True
AZA.ST,2026-Q1,2026-04-21,2026-03-31,True
AZA.ST,2026-Q2,2026-07-14,2026-06-30,True
AZN.ST,2018-Q3,2018-11-08,2018-09-30,True
AZN.ST,2018-Q4,2019-02-14,2018-12-31,True
AZN.ST,2019-Q1,2019-04-26,2019-03-31,True
AZN.ST,2019-Q2,2019-07-25,2019-06-30,True
AZN.ST,2019-Q3,2019-10-24,2019-09-30,True
AZN.ST,2019-Q4,2020-02-14,2019-12-31,True
AZN.ST,2020-Q1,2020-04-29,2020-03-31,True
AZN.ST,2020-Q2,2020-07-30,2020-06-30,True
AZN.ST,2020-Q3,2020-11-05,2020-09-30,True
AZN.ST,2020-Q4,2021-02-11,2020-12-31,True
AZN.ST,2021-Q1,2021-04-30,2021-03-31,True
AZN.ST,2021-Q2,2021-07-29,2021-06-30,True
AZN.ST,2021-Q3,2021-11-12,2021-09-30,True
AZN.ST,2021-Q4,2022-02-10,2021-12-31,True
AZN.ST,2022-Q1,2022-04-29,2022-03-31,True
AZN.ST,2022-Q2,2022-07-29,2022-06-30,True
AZN.ST,2022-Q3,2022-11-10,2022-09-30,True
AZN.ST,2022-Q4,2023-02-09,2022-12-31,True
AZN.ST,2023-Q1,2023-04-27,2023-03-31,True
AZN.ST,2023-Q2,2023-07-28,2023-06-30,True
AZN.ST,2023-Q3,2023-11-09,2023-09-30,True
AZN.ST,2023-Q4,2024-02-08,2023-12-31,True
AZN.ST,2024-Q1,2024-04-25,2024-03-31,True
AZN.ST,2024-Q2,2024-07-25,2024-06-30,True
AZN.ST,2024-Q3,2024-11-12,2024-09-30,True
AZN.ST,2024-Q4,2025-02-06,2024-12-31,True
AZN.ST,2025-Q1,2025-04-29,2025-03-31,True
AZN.ST,2025-Q2,2025-07-29,2025-06-30,True
AZN.ST,2025-Q3,2025-11-06,2025-09-30,True
AZN.ST,2025-Q4,2026-02-10,2025-12-31,True
AZN.ST,2026-Q1,2026-04-29,2026-03-31,True
AZN.ST,2026-Q2,2026-07-27,2026-06-30,True
BAHN-B.ST,2018-Q3,2018-10-23,2018-09-30,True
BAHN-B.ST,2018-Q4,2019-02-19,2018-12-31,True
BAHN-B.ST,2019-Q1,2019-05-07,2019-03-31,True
BAHN-B.ST,2019-Q2,2019-08-20,2019-06-30,True
BAHN-B.ST,2019-Q3,2019-11-12,2019-09-30,True
BAHN-B.ST,2019-Q4,2020-02-18,2019-12-31,True
BAHN-B.ST,2020-Q1,2020-05-05,2020-03-31,True
BAHN-B.ST,2020-Q2,2020-08-18,2020-06-30,True
BAHN-B.ST,2020-Q3,2020-11-10,2020-09-30,True
BAHN-B.ST,2020-Q4,2021-02-16,2020-12-31,True
BAHN-B.ST,2021-Q1,2021-05-04,2021-03-31,True
BAHN-B.ST,2021-Q2,2021-08-19,2021-06-30,True
BAHN-B.ST,2021-Q3,2021-11-09,2021-09-30,True
BAHN-B.ST,2021-Q4,2022-02-15,2021-12-31,True
BAHN-B.ST,2022-Q1,2022-05-04,2022-03-31,True
BAHN-B.ST,2022-Q2,2022-08-18,2022-06-30,True
BAHN-B.ST,2022-Q3,2022-11-08,2022-09-30,True
BAHN-B.ST,2022-Q4,2023-02-14,2022-12-31,True
BAHN-B.ST,2023-Q1,2023-05-04,2023-03-31,True
BAHN-B.ST,2023-Q2,2023-08-22,2023-06-30,True
BAHN-B.ST,2023-Q3,2023-11-07,2023-09-30,True
BAHN-B.ST,2023-Q4,2024-02-13,2023-12-31,True
BAHN-B.ST,2024-Q1,2024-05-07,2024-03-31,True
BAHN-B.ST,2024-Q2,2024-08-20,2024-06-30,True
BAHN-B.ST,2024-Q3,2024-11-12,2024-09-30,True
BAHN-B.ST,2024-Q4,2025-02-18,2024-12-31,True
BAHN-B.ST,2025-Q1,2025-05-06,2025-03-31,True
BAHN-B.ST,2025-Q2,2025-08-19,2025-06-30,True
BAHN-B.ST,2025-Q3,2025-11-11,2025-09-30,True
BAHN-B.ST,2025-Q4,2026-02-17,2025-12-31,True
BAHN-B.ST,2026-Q1,2026-05-05,2026-03-31,True
BAHN-B.ST,2026-Q2,2026-08-18,2026-06-30,True
BALD-B.ST,2018-Q3,2018-11-06,2018-09-30,True
BALD-B.ST,2018-Q4,2019-02-27,2018-12-31,True
BALD-B.ST,2019-Q1,2019-05-08,2019-03-31,True
BALD-B.ST,2019-Q2,2019-07-17,2019-06-30,True
BALD-B.ST,2019-Q3,2019-10-25,2019-09-30,True
BALD-B.ST,2019-Q4,2020-02-27,2019-12-31,True
BALD-B.ST,2020-Q1,2020-05-08,2020-03-31,True
BALD-B.ST,2020-Q2,2020-07-16,2020-06-30,True
BALD-B.ST,2020-Q3,2020-11-05,2020-09-30,True
BALD-B.ST,2020-Q4,2021-02-11,2020-12-31,True
BALD-B.ST,2021-Q1,2021-05-12,2021-03-31,True
BALD-B.ST,2021-Q2,2021-07-16,2021-06-30,True
BALD-B.ST,2021-Q3,2021-11-11,2021-09-30,True
BALD-B.ST,2021-Q4,2022-02-11,2021-12-31,True
BALD-B.ST,2022-Q1,2022-05-12,2022-03-31,True
BALD-B.ST,2022-Q2,2022-07-15,2022-06-30,True
BALD-B.ST,2022-Q3,2022-10-28,2022-09-30,True
BALD-B.ST,2022-Q4,2023-02-10,2022-12-31,True
BALD-B.ST,2023-Q1,2023-05-11,2023-03-31,True
BALD-B.ST,2023-Q2,2023-07-18,2023-06-30,True
BALD-B.ST,2023-Q3,2023-10-27,2023-09-30,True
BALD-B.ST,2023-Q4,2024-02-09,2023-12-31,True
BALD-B.ST,2024-Q1,2024-05-03,2024-03-31,True
BALD-B.ST,2024-Q2,2024-07-16,2024-06-30,True
BALD-B.ST,2024-Q3,2024-10-25,2024-09-30,True
BALD-B.ST,2024-Q4,2025-02-07,2024-12-31,True
BALD-B.ST,2025-Q1,2025-05-08,2025-03-31,True
BALD-B.ST,2025-Q2,2025-07-15,2025-06-30,True
BALD-B.ST,2025-Q3,2025-10-28,2025-09-30,True
BALD-B.ST,2025-Q4,2026-02-06,2025-12-31,True
BALD-B.ST,2026-Q1,2026-05-08,2026-03-31,True
BALD-B.ST,2026-Q2,2026-07-14,2026-06-30,True
BEIA-B.ST,2018-Q3,2018-10-25,2018-09-30,True
BEIA-B.ST,2018-Q4,2019-02-13,2018-12-31,True
BEIA-B.ST,2019-Q1,2019-05-06,2019-03-31,True
BEIA-B.ST,2019-Q2,2019-08-15,2019-06-30,True
BEIA-B.ST,2019-Q3,2019-10-24,2019-09-30,True
BEIA-B.ST,2019-Q4,2020-02-14,2019-12-31,True
BEIA-B.ST,2020-Q1,2020-04-27,2020-03-31,True
BEIA-B.ST,2020-Q2,2020-08-21,2020-06-30,True
BEIA-B.ST,2020-Q3,2020-10-28,2020-09-30,True
BEIA-B.ST,2020-Q4,2021-02-15,2020-12-31,True
BEIA-B.ST,2021-Q1,2021-04-26,2021-03-31,True
BEIA-B.ST,2021-Q2,2021-08-20,2021-06-30,True
BEIA-B.ST,2021-Q3,2021-10-27,2021-09-30,True
BEIA-B.ST,2021-Q4,2022-02-16,2021-12-31,True
BEIA-B.ST,2022-Q1,2022-04-26,2022-03-31,True
BEIA-B.ST,2022-Q2,2022-08-19,2022-06-30,True
BEIA-B.ST,2022-Q3,2022-10-27,2022-09-30,True
BEIA-B.ST,2022-Q4,2023-02-15,2022-12-31,True
BEIA-B.ST,2023-Q1,2023-04-27,2023-03-31,True
BEIA-B.ST,2023-Q2,2023-07-21,2023-06-30,True
BEIA-B.ST,2023-Q3,2023-10-26,2023-09-30,True
BEIA-B.ST,2023-Q4,2024-02-15,2023-12-31,True
BEIA-B.ST,2024-Q1,2024-04-26,2024-03-31,True
BEIA-B.ST,2024-Q2,2024-07-19,2024-06-30,True
BEIA-B.ST,2024-Q3,2024-10-25,2024-09-30,True
BEIA-B.ST,2024-Q4,2025-02-06,2024-12-31,True
BEIA-B.ST,2025-Q1,2025-04-25,2025-03-31,True
BEIA-B.ST,2025-Q2,2025-07-18,2025-06-30,True
BEIA-B.ST,2025-Q3,2025-10-24,2025-09-30,True
BEIA-B.ST,2025-Q4,2026-02-06,2025-12-31,True
BEIA-B.ST,2026-Q1,2026-04-24,2026-03-31,True
BEIA-B.ST,2026-Q2,2026-07-17,2026-06-30,True
BEIJ-B.ST,2018-Q3,2018-10-22,2018-09-30,True
BEIJ-B.ST,2018-Q4,2019-01-30,2018-12-31,True
BEIJ-B.ST,2019-Q1,2019-04-16,2019-03-31,True
BEIJ-B.ST,2019-Q2,2019-07-12,2019-06-30,True
BEIJ-B.ST,2019-Q3,2019-10-22,2019-09-30,True
BEIJ-B.ST,2019-Q4,2020-01-30,2019-12-31,True
BEIJ-B.ST,2020-Q1,2020-04-21,2020-03-31,True
BEIJ-B.ST,2020-Q2,2020-07-15,2020-06-30,True
BEIJ-B.ST,2020-Q3,2020-10-20,2020-09-30,True
BEIJ-B.ST,2020-Q4,2021-01-28,2020-12-31,True
BEIJ-B.ST,2021-Q1,2021-04-22,2021-03-31,True
BEIJ-B.ST,2021-Q2,2021-07-15,2021-06-30,True
BEIJ-B.ST,2021-Q3,2021-10-19,2021-09-30,True
BEIJ-B.ST,2021-Q4,2022-01-27,2021-12-31,True
BEIJ-B.ST,2022-Q1,2022-04-21,2022-03-31,True
BEIJ-B.ST,2022-Q2,2022-07-15,2022-06-30,True
BEIJ-B.ST,2022-Q3,2022-10-20,2022-09-30,True
BEIJ-B.ST,2022-Q4,2023-01-31,2022-12-31,True
BEIJ-B.ST,2023-Q1,2023-04-25,2023-03-31,True
BEIJ-B.ST,2023-Q2,2023-07-20,2023-06-30,True
BEIJ-B.ST,2023-Q3,2023-10-24,2023-09-30,True
BEIJ-B.ST,2023-Q4,2024-01-31,2023-12-31,True
BEIJ-B.ST,2024-Q1,2024-04-23,2024-03-31,True
BEIJ-B.ST,2024-Q2,2024-07-19,2024-06-30,True
BEIJ-B.ST,2024-Q3,2024-10-24,2024-09-30,True
BEIJ-B.ST,2024-Q4,2025-01-31,2024-12-31,True
BEIJ-B.ST,2025-Q1,2025-04-24,2025-03-31,True
BEIJ-B.ST,2025-Q2,2025-07-18,2025-06-30,True
BEIJ-B.ST,2025-Q3,2025-10-24,2025-09-30,True
BEIJ-B.ST,2025-Q4,2026-01-30,2025-12-31,True
BEIJ-B.ST,2026-Q1,2026-04-23,2026-03-31,True
BEIJ-B.ST,2026-Q2,2026-07-17,2026-06-30,True
BERG-B.ST,2018-Q3,2018-10-26,2018-09-30,True
BERG-B.ST,2018-Q4,2019-02-08,2018-12-31,True
BERG-B.ST,2019-Q1,2019-05-16,2019-03-31,True
BERG-B.ST,2019-Q2,2019-07-17,2019-06-30,True
BERG-B.ST,2019-Q3,2019-10-25,2019-09-30,True
BERG-B.ST,2019-Q4,2020-02-07,2019-12-31,True
BERG-B.ST,2020-Q1,2020-05-15,2020-03-31,True
BERG-B.ST,2020-Q2,2020-07-15,2020-06-30,True
BERG-B.ST,2020-Q3,2020-10-22,2020-09-30,True
BERG-B.ST,2020-Q4,2021-02-05,2020-12-31,True
BERG-B.ST,2021-Q1,2021-05-12,2021-03-31,True
BERG-B.ST,2021-Q2,2021-07-14,2021-06-30,True
BERG-B.ST,2021-Q3,2021-10-20,2021-09-30,True
BERG-B.ST,2021-Q4,2022-02-09,2021-12-31,True
BERG-B.ST,2022-Q1,2022-05-13,2022-03-31,True
BERG-B.ST,2022-Q2,2022-07-13,2022-06-30,True
BERG-B.ST,2022-Q3,2022-10-20,2022-09-30,True
BERG-B.ST,2022-Q4,2023-02-03,2022-12-31,True
BERG-B.ST,2023-Q1,2023-05-12,2023-03-31,True
BERG-B.ST,2023-Q2,2023-07-14,2023-06-30,True
BERG-B.ST,2023-Q3,2023-10-19,2023-09-30,True
BERG-B.ST,2023-Q4,2024-02-09,2023-12-31,True
BERG-B.ST,2024-Q1,2024-05-15,2024-03-31,True
BERG-B.ST,2024-Q2,2024-07-16,2024-06-30,True
BERG-B.ST,2024-Q3,2024-10-23,2024-09-30,True
BERG-B.ST,2024-Q4,2025-02-05,2024-12-31,True
BERG-B.ST,2025-Q1,2025-05-09,2025-03-31,True
BERG-B.ST,2025-Q2,2025-07-16,2025-06-30,True
BERG-B.ST,2025-Q3,2025-10-22,2025-09-30,True
BERG-B.ST,2025-Q4,2026-02-04,2025-12-31,True
BERG-B.ST,2026-Q1,2026-05-13,2026-03-31,True
BERG-B.ST,2026-Q2,2026-07-16,2026-06-30,True
BETS-B.ST,2018-Q3,2018-10-24,2018-09-30,True
BETS-B.ST,2018-Q4,2019-02-14,2018-12-31,True
BETS-B.ST,2019-Q1,2019-05-07,2019-03-31,True
BETS-B.ST,2019-Q2,2019-07-19,2019-06-30,True
BETS-B.ST,2019-Q3,2019-10-24,2019-09-30,True
BETS-B.ST,2019-Q4,2020-02-13,2019-12-31,True
BETS-B.ST,2020-Q1,2020-04-23,2020-03-31,True
BETS-B.ST,2020-Q2,2020-07-21,2020-06-30,True
BETS-B.ST,2020-Q3,2020-10-23,2020-09-30,True
BETS-B.ST,2020-Q4,2021-02-09,2020-12-31,True
BETS-B.ST,2021-Q1,2021-04-29,2021-03-31,True
BETS-B.ST,2021-Q2,2021-07-22,2021-06-30,True
BETS-B.ST,2021-Q3,2021-10-26,2021-09-30,True
BETS-B.ST,2021-Q4,2022-02-10,2021-12-31,True
BETS-B.ST,2022-Q1,2022-04-28,2022-03-31,True
BETS-B.ST,2022-Q2,2022-07-21,2022-06-30,True
BETS-B.ST,2022-Q3,2022-10-26,2022-09-30,True
BETS-B.ST,2022-Q4,2023-02-14,2022-12-31,True
BETS-B.ST,2023-Q1,2023-04-27,2023-03-31,True
BETS-B.ST,2023-Q2,2023-07-20,2023-06-30,True
BETS-B.ST,2023-Q3,2023-10-26,2023-09-30,True
BETS-B.ST,2023-Q4,2024-02-15,2023-12-31,True
BETS-B.ST,2024-Q1,2024-04-26,2024-03-31,True
BETS-B.ST,2024-Q2,2024-07-19,2024-06-30,True
BETS-B.ST,2024-Q3,2024-10-24,2024-09-30,True
BETS-B.ST,2024-Q4,2025-02-06,2024-12-31,True
BETS-B.ST,2025-Q1,2025-04-29,2025-03-31,True
BETS-B.ST,2025-Q2,2025-07-18,2025-06-30,True
BETS-B.ST,2025-Q3,2025-10-24,2025-09-30,True
BETS-B.ST,2025-Q4,2026-02-05,2025-12-31,True
BETS-B.ST,2026-Q1,2026-04-24,2026-03-31,True
BETS-B.ST,2026-Q2,2026-07-17,2026-06-30,True
BILI-A.ST,2018-Q3,2018-10-26,2018-09-30,True
BILI-A.ST,2018-Q4,2019-02-08,2018-12-31,True
BILI-A.ST,2019-Q1,2019-04-29,2019-03-31,True
BILI-A.ST,2019-Q2,2019-07-25,2019-06-30,True
BILI-A.ST,2019-Q3,2019-10-25,2019-09-30,True
BILI-A.ST,2019-Q4,2020-02-12,2019-12-31,True
BILI-A.ST,2020-Q1,2020-04-29,2020-03-31,True
BILI-A.ST,2020-Q2,2020-07-29,2020-06-30,True
BILI-A.ST,2020-Q3,2020-10-28,2020-09-30,True
BILI-A.ST,2020-Q4,2021-02-11,2020-12-31,True
BILI-A.ST,2021-Q1,2021-04-27,2021-03-31,True
BILI-A.ST,2021-Q2,2021-07-23,2021-06-30,True
BILI-A.ST,2021-Q3,2021-10-26,2021-09-30,True
BILI-A.ST,2021-Q4,2022-02-09,2021-12-31,True
BILI-A.ST,2022-Q1,2022-04-28,2022-03-31,True
BILI-A.ST,2022-Q2,2022-07-22,2022-06-30,True
BILI-A.ST,2022-Q3,2022-10-26,2022-09-30,True
BILI-A.ST,2022-Q4,2023-02-08,2022-12-31,True
BILI-A.ST,2023-Q1,2023-04-26,2023-03-31,True
BILI-A.ST,2023-Q2,2023-07-21,2023-06-30,True
BILI-A.ST,2023-Q3,2023-10-24,2023-09-30,True
BILI-A.ST,2023-Q4,2024-02-07,2023-12-31,True
BILI-A.ST,2024-Q1,2024-04-24,2024-03-31,True
BILI-A.ST,2024-Q2,2024-07-18,2024-06-30,True
BILI-A.ST,2024-Q3,2024-10-23,2024-09-30,True
BILI-A.ST,2024-Q4,2025-02-05,2024-12-31,True
BILI-A.ST,2025-Q1,2025-04-25,2025-03-31,True
BILI-A.ST,2025-Q2,2025-07-18,2025-06-30,True
BILI-A.ST,2025-Q3,2025-10-23,2025-09-30,True
BILI-A.ST,2025-Q4,2026-02-05,2025-12-31,True
BILI-A.ST,2026-Q1,2026-04-29,2026-03-31,True
BILI-A.ST,2026-Q2,2026-07-17,2026-06-30,True
BIOG-B.ST,2018-Q3,2018-10-24,2018-09-30,True
BIOG-B.ST,2018-Q4,2019-02-07,2018-12-31,True
BIOG-B.ST,2019-Q1,2019-05-08,2019-03-31,True
BIOG-B.ST,2019-Q2,2019-08-08,2019-06-30,True
BIOG-B.ST,2019-Q3,2019-10-23,2019-09-30,True
BIOG-B.ST,2019-Q4,2020-02-06,2019-12-31,True
BIOG-B.ST,2020-Q1,2020-05-07,2020-03-31,True
BIOG-B.ST,2020-Q2,2020-08-13,2020-06-30,True
BIOG-B.ST,2020-Q3,2020-10-23,2020-09-30,True
BIOG-B.ST,2020-Q4,2021-02-04,2020-12-31,True
BIOG-B.ST,2021-Q1,2021-05-06,2021-03-31,True
BIOG-B.ST,2021-Q2,2021-08-12,2021-06-30,True
BIOG-B.ST,2021-Q3,2021-10-21,2021-09-30,True
BIOG-B.ST,2021-Q4,2022-02-04,2021-12-31,True
BIOG-B.ST,2022-Q1,2022-05-06,2022-03-31,True
BIOG-B.ST,2022-Q2,2022-07-22,2022-06-30,True
BIOG-B.ST,2022-Q3,2022-10-21,2022-09-30,True
BIOG-B.ST,2022-Q4,2023-02-03,2022-12-31,True
BIOG-B.ST,2023-Q1,2023-05-05,2023-03-31,True
BIOG-B.ST,2023-Q2,2023-07-21,2023-06-30,True
BIOG-B.ST,2023-Q3,2023-10-20,2023-09-30,True
BIOG-B.ST,2023-Q4,2024-02-07,2023-12-31,True
BIOG-B.ST,2024-Q1,2024-05-07,2024-03-31,True
BIOG-B.ST,2024-Q2,2024-07-23,2024-06-30,True
BIOG-B.ST,2024-Q3,2024-10-22,2024-09-30,True
BIOG-B.ST,2024-Q4,2025-02-12,2024-12-31,True
BIOG-B.ST,2025-Q1,2025-05-07,2025-03-31,True
BIOG-B.ST,2025-Q2,2025-07-18,2025-06-30,True
BIOG-B.ST,2025-Q3,2025-10-22,2025-09-30,True
BIOG-B.ST,2025-Q4,2026-02-12,2025-12-31,True
BIOG-B.ST,2026-Q1,2026-05-07,2026-03-31,True
BIOG-B.ST,2026-Q2,2026-07-17,2026-06-30,True
BOL.ST,2018-Q3,2018-10-24,2018-09-30,True
BOL.ST,2018-Q4,2019-02-13,2018-12-31,True
BOL.ST,2019-Q1,2019-05-03,2019-03-31,True
BOL.ST,2019-Q2,2019-07-19,2019-06-30,True
BOL.ST,2019-Q3,2019-10-24,2019-09-30,True
BOL.ST,2019-Q4,2020-02-13,2019-12-31,True
BOL.ST,2020-Q1,2020-04-28,2020-03-31,True
BOL.ST,2020-Q2,2020-07-22,2020-06-30,True
BOL.ST,2020-Q3,2020-10-28,2020-09-30,True
BOL.ST,2020-Q4,2021-02-12,2020-12-31,True
BOL.ST,2021-Q1,2021-04-27,2021-03-31,True
BOL.ST,2021-Q2,2021-07-21,2021-06-30,True
BOL.ST,2021-Q3,2021-10-22,2021-09-30,True
BOL.ST,2021-Q4,2022-02-11,2021-12-31,True
BOL.ST,2022-Q1,2022-04-28,2022-03-31,True
BOL.ST,2022-Q2,2022-07-21,2022-06-30,True
BOL.ST,2022-Q3,2022-10-20,2022-09-30,True
BOL.ST,2022-Q4,2023-02-14,2022-12-31,True
BOL.ST,2023-Q1,2023-04-25,2023-03-31,True
BOL.ST,2023-Q2,2023-07-20,2023-06-30,True
BOL.ST,2023-Q3,2023-10-20,2023-09-30,True
BOL.ST,2023-Q4,2024-02-08,2023-12-31,True
BOL.ST,2024-Q1,2024-04-23,2024-03-31,True
BOL.ST,2024-Q2,2024-07-19,2024-06-30,True
BOL.ST,2024-Q3,2024-10-22,2024-09-30,True
BOL.ST,2024-Q4,2025-02-06,2024-12-31,True
BOL.ST,2025-Q1,2025-04-23,2025-03-31,True
BOL.ST,2025-Q2,2025-07-18,2025-06-30,True
BOL.ST,2025-Q3,2025-10-22,2025-09-30,True
BOL.ST,2025-Q4,2026-02-03,2025-12-31,True
BOL.ST,2026-Q1,2026-04-28,2026-03-31,True
BOL.ST,2026-Q2,2026-07-21,2026-06-30,True
BORG.ST,2018-Q3,2018-11-16,2018-09-30,True
BORG.ST,2018-Q4,2019-02-22,2018-12-31,True
BORG.ST,2019-Q1,2019-05-14,2019-03-31,True
BORG.ST,2019-Q2,2019-08-16,2019-06-30,True
BORG.ST,2019-Q3,2019-11-15,2019-09-30,True
BORG.ST,2019-Q4,2020-02-21,2019-12-31,True
BORG.ST,2020-Q1,2020-05-14,2020-03-31,True
BORG.ST,2020-Q2,2020-08-18,2020-06-30,True
BORG.ST,2020-Q3,2020-11-20,2020-09-30,True
BORG.ST,2020-Q4,2021-02-26,2020-12-31,True
BORG.ST,2021-Q1,2021-05-18,2021-03-31,True
BORG.ST,2021-Q2,2021-08-20,2021-06-30,True
BORG.ST,2021-Q3,2021-11-19,2021-09-30,True
BORG.ST,2021-Q4,2022-02-25,2021-12-31,True
BORG.ST,2022-Q1,2022-05-19,2022-03-31,True
BORG.ST,2022-Q2,2022-08-19,2022-06-30,True
BORG.ST,2022-Q3,2022-11-18,2022-09-30,True
BORG.ST,2022-Q4,2023-02-23,2022-12-31,True
BORG.ST,2023-Q1,2023-05-17,2023-03-31,True
BORG.ST,2023-Q2,2023-08-18,2023-06-30,True
BORG.ST,2023-Q3,2023-11-17,2023-09-30,True
BORG.ST,2023-Q4,2024-02-23,2023-12-31,True
BORG.ST,2024-Q1,2024-05-16,2024-03-31,True
BORG.ST,2024-Q2,2024-08-16,2024-06-30,True
BORG.ST,2024-Q3,2024-11-15,2024-09-30,True
BORG.ST,2024-Q4,2025-02-20,2024-12-31,True
BORG.ST,2025-Q1,2025-05-15,2025-03-31,True
BORG.ST,2025-Q2,2025-08-15,2025-06-30,True
BORG.ST,2025-Q3,2025-11-14,2025-09-30,True
BORG.ST,2025-Q4,2026-02-13,2025-12-31,True
BORG.ST,2026-Q1,2026-04-29,2026-03-31,True
BORG.ST,2026-Q2,2026-08-14,2026-06-30,True
BRAV.ST,2018-Q3,2018-11-06,2018-09-30,True
BRAV.ST,2018-Q4,2019-02-15,2018-12-31,True
BRAV.ST,2019-Q1,2019-05-07,2019-03-31,True
BRAV.ST,2019-Q2,2019-07-19,2019-06-30,True
BRAV.ST,2019-Q3,2019-11-06,2019-09-30,True
BRAV.ST,2019-Q4,2020-02-13,2019-12-31,True
BRAV.ST,2020-Q1,2020-05-08,2020-03-31,True
BRAV.ST,2020-Q2,2020-07-17,2020-06-30,True
BRAV.ST,2020-Q3,2020-11-06,2020-09-30,True
BRAV.ST,2020-Q4,2021-02-12,2020-12-31,True
BRAV.ST,2021-Q1,2021-04-26,2021-03-31,True
BRAV.ST,2021-Q2,2021-07-16,2021-06-30,True
BRAV.ST,2021-Q3,2021-10-26,2021-09-30,True
BRAV.ST,2021-Q4,2022-02-15,2021-12-31,True
BRAV.ST,2022-Q1,2022-04-29,2022-03-31,True
BRAV.ST,2022-Q2,2022-07-15,2022-06-30,True
BRAV.ST,2022-Q3,2022-10-26,2022-09-30,True
BRAV.ST,2022-Q4,2023-02-14,2022-12-31,True
BRAV.ST,2023-Q1,2023-05-03,2023-03-31,True
BRAV.ST,2023-Q2,2023-07-14,2023-06-30,True
BRAV.ST,2023-Q3,2023-10-25,2023-09-30,True
BRAV.ST,2023-Q4,2024-02-15,2023-12-31,True
BRAV.ST,2024-Q1,2024-05-07,2024-03-31,True
BRAV.ST,2024-Q2,2024-07-12,2024-06-30,True
BRAV.ST,2024-Q3,2024-10-22,2024-09-30,True
BRAV.ST,2024-Q4,2025-02-11,2024-12-31,True
BRAV.ST,2025-Q1,2025-05-06,2025-03-31,True
BRAV.ST,2025-Q2,2025-07-11,2025-06-30,True
BRAV.ST,2025-Q3,2025-10-24,2025-09-30,True
BRAV.ST,2025-Q4,2026-02-18,2025-12-31,True
BRAV.ST,2026-Q1,2026-05-05,2026-03-31,True
BRAV.ST,2026-Q2,2026-07-13,2026-06-30,True
BTS-B.ST,2018-Q3,2018-11-14,2018-09-30,True
BTS-B.ST,2018-Q4,2019-02-21,2018-12-31,True
BTS-B.ST,2019-Q1,2019-05-15,2019-03-31,True
BTS-B.ST,2019-Q2,2019-08-23,2019-06-30,True
BTS-B.ST,2019-Q3,2019-11-13,2019-09-30,True
BTS-B.ST,2019-Q4,2020-02-18,2019-12-31,True
BTS-B.ST,2020-Q1,2020-05-14,2020-03-31,True
BTS-B.ST,2020-Q2,2020-08-18,2020-06-30,True
BTS-B.ST,2020-Q3,2020-11-11,2020-09-30,True
BTS-B.ST,2020-Q4,2021-02-24,2020-12-31,True
BTS-B.ST,2021-Q1,2021-05-19,2021-03-31,True
BTS-B.ST,2021-Q2,2021-08-18,2021-06-30,True
BTS-B.ST,2021-Q3,2021-11-10,2021-09-30,True
BTS-B.ST,2021-Q4,2022-02-23,2021-12-31,True
BTS-B.ST,2022-Q1,2022-05-13,2022-03-31,True
BTS-B.ST,2022-Q2,2022-08-18,2022-06-30,True
BTS-B.ST,2022-Q3,2022-11-11,2022-09-30,True
BTS-B.ST,2022-Q4,2023-02-24,2022-12-31,True
BTS-B.ST,2023-Q1,2023-05-12,2023-03-31,True
BTS-B.ST,2023-Q2,2023-08-18,2023-06-30,True
BTS-B.ST,2023-Q3,2023-11-10,2023-09-30,True
BTS-B.ST,2023-Q4,2024-02-22,2023-12-31,True
BTS-B.ST,2024-Q1,2024-05-03,2024-03-31,True
BTS-B.ST,2024-Q2,2024-08-15,2024-06-30,True
BTS-B.ST,2024-Q3,2024-11-08,2024-09-30,True
BTS-B.ST,2024-Q4,2025-02-26,2024-12-31,True
BTS-B.ST,2025-Q1,2025-05-16,2025-03-31,True
BTS-B.ST,2025-Q2,2025-08-22,2025-06-30,True
BTS-B.ST,2025-Q3,2025-11-12,2025-09-30,True
BTS-B.ST,2025-Q4,2026-02-20,2025-12-31,True
BTS-B.ST,2026-Q1,2026-05-21,2026-03-31,True
BTS-B.ST,2026-Q2,2026-08-14,2026-06-30,True
CAST.ST,2018-Q3,2018-10-17,2018-09-30,True
CAST.ST,2018-Q4,2019-01-23,2018-12-31,True
CAST.ST,2019-Q1,2019-04-24,2019-03-31,True
CAST.ST,2019-Q2,2019-07-12,2019-06-30,True
CAST.ST,2019-Q3,2019-10-18,2019-09-30,True
CAST.ST,2019-Q4,2020-01-24,2019-12-31,True
CAST.ST,2020-Q1,2020-04-24,2020-03-31,True
CAST.ST,2020-Q2,2020-07-15,2020-06-30,True
CAST.ST,2020-Q3,2020-10-15,2020-09-30,True
CAST.ST,2020-Q4,2021-01-22,2020-12-31,True
CAST.ST,2021-Q1,2021-04-21,2021-03-31,True
CAST.ST,2021-Q2,2021-07-15,2021-06-30,True
CAST.ST,2021-Q3,2021-10-19,2021-09-30,True
CAST.ST,2021-Q4,2022-02-16,2021-12-31,True
CAST.ST,2022-Q1,2022-04-25,2022-03-31,True
CAST.ST,2022-Q2,2022-07-15,2022-06-30,True
CAST.ST,2022-Q3,2022-10-20,2022-09-30,True
CAST.ST,2022-Q4,2023-02-13,2022-12-31,True
CAST.ST,2023-Q1,2023-04-26,2023-03-31,True
CAST.ST,2023-Q2,2023-07-14,2023-06-30,True
CAST.ST,2023-Q3,2023-10-27,2023-09-30,True
CAST.ST,2023-Q4,2024-02-14,2023-12-31,True
CAST.ST,2024-Q1,2024-05-03,2024-03-31,True
CAST.ST,2024-Q2,2024-07-16,2024-06-30,True
CAST.ST,2024-Q3,2024-10-25,2024-09-30,True
CAST.ST,2024-Q4,2025-02-19,2024-12-31,True
CAST.ST,2025-Q1,2025-05-05,2025-03-31,True
CAST.ST,2025-Q2,2025-07-14,2025-06-30,True
CAST.ST,2025-Q3,2025-10-23,2025-09-30,True
CAST.ST,2025-Q4,2026-02-18,2025-12-31,True
CAST.ST,2026-Q1,2026-04-24,2026-03-31,True
CAST.ST,2026-Q2,2026-07-15,2026-06-30,True
CATE.ST,2018-Q3,2018-10-26,2018-09-30,True
CATE.ST,2018-Q4,2019-02-15,2018-12-31,True
CATE.ST,2019-Q1,2019-04-25,2019-03-31,True
CATE.ST,2019-Q2,2019-07-08,2019-06-30,True
CATE.ST,2019-Q3,2019-10-25,2019-09-30,True
CATE.ST,2019-Q4,2020-02-20,2019-12-31,True
CATE.ST,2020-Q1,2020-04-29,2020-03-31,True
CATE.ST,2020-Q2,2020-07-07,2020-06-30,True
CATE.ST,2020-Q3,2020-10-28,2020-09-30,True
CATE.ST,2020-Q4,2021-02-19,2020-12-31,True
CATE.ST,2021-Q1,2021-04-29,2021-03-31,True
CATE.ST,2021-Q2,2021-07-06,2021-06-30,True
CATE.ST,2021-Q3,2021-10-28,2021-09-30,True
CATE.ST,2021-Q4,2022-02-22,2021-12-31,True
CATE.ST,2022-Q1,2022-04-28,2022-03-31,True
CATE.ST,2022-Q2,2022-07-07,2022-06-30,True
CATE.ST,2022-Q3,2022-10-28,2022-09-30,True
CATE.ST,2022-Q4,2023-02-22,2022-12-31,True
CATE.ST,2023-Q1,2023-04-27,2023-03-31,True
CATE.ST,2023-Q2,2023-07-07,2023-06-30,True
CATE.ST,2023-Q3,2023-10-27,2023-09-30,True
CATE.ST,2023-Q4,2024-02-22,2023-12-31,True
CATE.ST,2024-Q1,2024-04-25,2024-03-31,True
CATE.ST,2024-Q2,2024-07-05,2024-06-30,True
CATE.ST,2024-Q3,2024-10-25,2024-09-30,True
CATE.ST,2024-Q4,2025-02-20,2024-12-31,True
CATE.ST,2025-Q1,2025-04-28,2025-03-31,True
CATE.ST,2025-Q2,2025-07-04,2025-06-30,True
CATE.ST,2025-Q3,2025-10-24,2025-09-30,True
CATE.ST,2025-Q4,2026-02-20,2025-12-31,True
CATE.ST,2026-Q1,2026-04-23,2026-03-31,True
CATE.ST,2026-Q2,2026-07-06,2026-06-30,True
CIBUS.ST,2024-Q1,2024-04-23,2024-03-31,True
CIBUS.ST,2024-Q2,2024-07-17,2024-06-30,True
CIBUS.ST,2024-Q3,2024-11-05,2024-09-30,True
CIBUS.ST,2024-Q4,2025-02-19,2024-12-31,True
CIBUS.ST,2025-Q1,2025-04-23,2025-03-31,True
CIBUS.ST,2025-Q2,2025-07-17,2025-06-30,True
CIBUS.ST,2025-Q3,2025-11-04,2025-09-30,True
CIBUS.ST,2025-Q4,2026-03-19,2025-12-31,True
CIBUS.ST,2026-Q1,2026-04-29,2026-03-31,True
CIBUS.ST,2026-Q2,2026-07-16,2026-06-30,True
CIBUS.ST,2020-Q1,,2020-03-31,True
CIBUS.ST,2020-Q2,,2020-06-30,True
CIBUS.ST,2020-Q3,,2020-09-30,True
CIBUS.ST,2020-Q4,,2020-12-31,True
CIBUS.ST,2021-Q1,,2021-03-31,True
CIBUS.ST,2021-Q2,,2021-06-30,True
CIBUS.ST,2021-Q3,,2021-09-30,True
CIBUS.ST,2021-Q4,,2021-12-31,True
CIBUS.ST,2022-Q1,,2022-03-31,True
CIBUS.ST,2022-Q2,,2022-06-30,True
CIBUS.ST,2022-Q3,,2022-09-30,True
CIBUS.ST,2022-Q4,,2022-12-31,True
CIBUS.ST,2023-Q1,,2023-03-31,True
CIBUS.ST,2023-Q2,,2023-06-30,True
CIBUS.ST,2023-Q3,,2023-09-30,True
CIBUS.ST,2023-Q4,,2023-12-31,True
CLA-B.ST,2018-Q3,2018-10-26,2018-09-30,True
CLA-B.ST,2018-Q4,2019-01-25,2018-12-31,True
CLA-B.ST,2019-Q1,2019-04-26,2019-03-31,True
CLA-B.ST,2019-Q2,2019-07-12,2019-06-30,True
CLA-B.ST,2019-Q3,2019-10-25,2019-09-30,True
CLA-B.ST,2019-Q4,2020-01-29,2019-12-31,True
CLA-B.ST,2020-Q1,2020-04-24,2020-03-31,True
CLA-B.ST,2020-Q2,2020-07-14,2020-06-30,True
CLA-B.ST,2020-Q3,2020-10-22,2020-09-30,True
CLA-B.ST,2020-Q4,2021-01-28,2020-12-31,True
CLA-B.ST,2021-Q1,2021-04-23,2021-03-31,True
CLA-B.ST,2021-Q2,2021-07-16,2021-06-30,True
CLA-B.ST,2021-Q3,2021-10-29,2021-09-30,True
CLA-B.ST,2021-Q4,2022-01-28,2021-12-31,True
CLA-B.ST,2022-Q1,2022-04-26,2022-03-31,True
CLA-B.ST,2022-Q2,2022-07-15,2022-06-30,True
CLA-B.ST,2022-Q3,2022-10-27,2022-09-30,True
CLA-B.ST,2022-Q4,2023-01-27,2022-12-31,True
CLA-B.ST,2023-Q1,2023-04-26,2023-03-31,True
CLA-B.ST,2023-Q2,2023-07-14,2023-06-30,True
CLA-B.ST,2023-Q3,2023-10-27,2023-09-30,True
CLA-B.ST,2023-Q4,2024-01-26,2023-12-31,True
CLA-B.ST,2024-Q1,2024-04-26,2024-03-31,True
CLA-B.ST,2024-Q2,2024-07-12,2024-06-30,True
CLA-B.ST,2024-Q3,2024-10-25,2024-09-30,True
CLA-B.ST,2024-Q4,2025-01-29,2024-12-31,True
CLA-B.ST,2025-Q1,2025-05-07,2025-03-31,True
CLA-B.ST,2025-Q2,2025-07-17,2025-06-30,True
CLA-B.ST,2025-Q3,2025-11-05,2025-09-30,True
CLA-B.ST,2025-Q4,2026-02-04,2025-12-31,True
CLA-B.ST,2026-Q1,2026-05-06,2026-03-31,True
CLA-B.ST,2026-Q2,2026-07-15,2026-06-30,True
CLAS-B.ST,2018-Q3,2018-09-05,2018-09-30,True
CLAS-B.ST,2018-Q4,2018-12-05,2018-12-31,True
CLAS-B.ST,2019-Q1,2019-03-13,2019-03-31,True
CLAS-B.ST,2019-Q2,2019-06-05,2019-06-30,True
CLAS-B.ST,2019-Q3,2019-09-04,2019-09-30,True
CLAS-B.ST,2019-Q4,2019-12-04,2019-12-31,True
CLAS-B.ST,2020-Q1,2020-03-11,2020-03-31,True
CLAS-B.ST,2020-Q2,2020-06-03,2020-06-30,True
CLAS-B.ST,2020-Q3,2020-09-09,2020-09-30,True
CLAS-B.ST,2020-Q4,2020-12-02,2020-12-31,True
CLAS-B.ST,2021-Q1,2021-03-10,2021-03-31,True
CLAS-B.ST,2021-Q2,2021-06-02,2021-06-30,True
CLAS-B.ST,2021-Q3,2021-09-08,2021-09-30,True
CLAS-B.ST,2021-Q4,2021-12-08,2021-12-31,True
CLAS-B.ST,2022-Q1,2022-03-09,2022-03-31,True
CLAS-B.ST,2022-Q2,2022-06-08,2022-06-30,True
CLAS-B.ST,2022-Q3,2022-09-07,2022-09-30,True
CLAS-B.ST,2022-Q4,2022-12-07,2022-12-31,True
CLAS-B.ST,2023-Q1,2023-03-08,2023-03-31,True
CLAS-B.ST,2023-Q2,2023-06-07,2023-06-30,True
CLAS-B.ST,2023-Q3,2023-09-06,2023-09-30,True
CLAS-B.ST,2023-Q4,2023-12-06,2023-12-31,True
CLAS-B.ST,2024-Q1,2024-03-06,2024-03-31,True
CLAS-B.ST,2024-Q2,2024-06-05,2024-06-30,True
CLAS-B.ST,YAHOO-2024-07-31,2024-09-04,2024-07-31,True
CLAS-B.ST,2024-Q3,2024-09-04,2024-09-30,True
CLAS-B.ST,YAHOO-2024-10-31,2024-12-04,2024-10-31,True
CLAS-B.ST,2024-Q4,2024-12-04,2024-12-31,True
CLAS-B.ST,YAHOO-2025-01-31,2025-03-12,2025-01-31,True
CLAS-B.ST,2025-Q1,2025-03-12,2025-03-31,True
CLAS-B.ST,YAHOO-2025-04-30,2025-06-12,2025-04-30,True
CLAS-B.ST,2025-Q2,2025-06-12,2025-06-30,True
CLAS-B.ST,YAHOO-2025-07-31,2025-09-10,2025-07-31,True
CLAS-B.ST,2025-Q3,2025-09-10,2025-09-30,True
CLAS-B.ST,YAHOO-2025-10-31,2025-12-10,2025-10-31,True
CLAS-B.ST,2025-Q4,2025-12-10,2025-12-31,True
CLAS-B.ST,YAHOO-2026-01-31,2026-03-11,2026-01-31,True
CLAS-B.ST,2026-Q1,2026-03-11,2026-03-31,True
CLAS-B.ST,YAHOO-2026-04-30,2026-06-03,2026-04-30,True
CLAS-B.ST,2026-Q2,2026-06-03,2026-06-30,True
CLAS-B.ST,YAHOO-2026-07-31,2026-09-03,2026-07-31,True
COOR.ST,2018-Q3,2018-10-24,2018-09-30,True
COOR.ST,2018-Q4,2019-02-21,2018-12-31,True
COOR.ST,2019-Q1,2019-05-02,2019-03-31,True
COOR.ST,2019-Q2,2019-07-18,2019-06-30,True
COOR.ST,2019-Q3,2019-11-07,2019-09-30,True
COOR.ST,2019-Q4,2020-02-12,2019-12-31,True
COOR.ST,2020-Q1,2020-04-28,2020-03-31,True
COOR.ST,2020-Q2,2020-07-17,2020-06-30,True
COOR.ST,2020-Q3,2020-11-04,2020-09-30,True
COOR.ST,2020-Q4,2021-02-11,2020-12-31,True
COOR.ST,2021-Q1,2021-04-26,2021-03-31,True
COOR.ST,2021-Q2,2021-07-15,2021-06-30,True
COOR.ST,2021-Q3,2021-11-09,2021-09-30,True
COOR.ST,2021-Q4,2022-02-10,2021-12-31,True
COOR.ST,2022-Q1,2022-04-29,2022-03-31,True
COOR.ST,2022-Q2,2022-07-15,2022-06-30,True
COOR.ST,2022-Q3,2022-10-27,2022-09-30,True
COOR.ST,2022-Q4,2023-02-09,2022-12-31,True
COOR.ST,2023-Q1,2023-04-26,2023-03-31,True
COOR.ST,2023-Q2,2023-07-14,2023-06-30,True
COOR.ST,2023-Q3,2023-10-25,2023-09-30,True
COOR.ST,2023-Q4,2024-02-08,2023-12-31,True
COOR.ST,2024-Q1,2024-04-24,2024-03-31,True
COOR.ST,2024-Q2,2024-07-12,2024-06-30,True
COOR.ST,2024-Q3,2024-10-24,2024-09-30,True
COOR.ST,2024-Q4,2025-02-06,2024-12-31,True
COOR.ST,2025-Q1,2025-04-23,2025-03-31,True
COOR.ST,2025-Q2,2025-07-14,2025-06-30,True
COOR.ST,2025-Q3,2025-10-23,2025-09-30,True
COOR.ST,2025-Q4,2026-02-11,2025-12-31,True
COOR.ST,2026-Q1,2026-04-22,2026-03-31,True
COOR.ST,2026-Q2,2026-07-15,2026-06-30,True
CTT.ST,2018-Q3,2018-10-31,2018-09-30,True
CTT.ST,2018-Q4,2019-02-06,2018-12-31,True
CTT.ST,2019-Q1,2019-04-30,2019-03-31,True
CTT.ST,2019-Q2,2019-07-19,2019-06-30,True
CTT.ST,2019-Q3,2019-10-25,2019-09-30,True
CTT.ST,2019-Q4,2020-02-07,2019-12-31,True
CTT.ST,2020-Q1,2020-04-29,2020-03-31,True
CTT.ST,2020-Q2,2020-07-21,2020-06-30,True
CTT.ST,2020-Q3,2020-10-23,2020-09-30,True
CTT.ST,2020-Q4,2021-02-09,2020-12-31,True
CTT.ST,2021-Q1,2021-04-30,2021-03-31,True
CTT.ST,2021-Q2,2021-07-22,2021-06-30,True
CTT.ST,2021-Q3,2021-10-28,2021-09-30,True
CTT.ST,2021-Q4,2022-02-08,2021-12-31,True
CTT.ST,2022-Q1,2022-04-29,2022-03-31,True
CTT.ST,2022-Q2,2022-07-22,2022-06-30,True
CTT.ST,2022-Q3,2022-10-28,2022-09-30,True
CTT.ST,2022-Q4,2023-02-07,2022-12-31,True
CTT.ST,2023-Q1,2023-04-28,2023-03-31,True
CTT.ST,2023-Q2,2023-07-21,2023-06-30,True
CTT.ST,2023-Q3,2023-10-27,2023-09-30,True
CTT.ST,2023-Q4,2024-02-06,2023-12-31,True
CTT.ST,2024-Q1,2024-04-26,2024-03-31,True
CTT.ST,2024-Q2,2024-07-19,2024-06-30,True
CTT.ST,2024-Q3,2024-10-25,2024-09-30,True
CTT.ST,2024-Q4,2025-02-07,2024-12-31,True
CTT.ST,2025-Q1,2025-04-25,2025-03-31,True
CTT.ST,2025-Q2,2025-07-18,2025-06-30,True
CTT.ST,2025-Q3,2025-10-24,2025-09-30,True
CTT.ST,2025-Q4,2026-02-06,2025-12-31,True
CTT.ST,2026-Q1,2026-04-28,2026-03-31,True
CTT.ST,2026-Q2,2026-07-21,2026-06-30,True
DIOS.ST,2018-Q3,2018-10-25,2018-09-30,True
DIOS.ST,2018-Q4,2019-02-14,2018-12-31,True
DIOS.ST,2019-Q1,2019-04-23,2019-03-31,True
DIOS.ST,2019-Q2,2019-07-05,2019-06-30,True
DIOS.ST,2019-Q3,2019-10-25,2019-09-30,True
DIOS.ST,2019-Q4,2020-02-11,2019-12-31,True
DIOS.ST,2020-Q1,2020-04-23,2020-03-31,True
DIOS.ST,2020-Q2,2020-07-03,2020-06-30,True
DIOS.ST,2020-Q3,2020-10-23,2020-09-30,True
DIOS.ST,2020-Q4,2021-02-12,2020-12-31,True
DIOS.ST,2021-Q1,2021-04-23,2021-03-31,True
DIOS.ST,2021-Q2,2021-07-05,2021-06-30,True
DIOS.ST,2021-Q3,2021-10-22,2021-09-30,True
DIOS.ST,2021-Q4,2022-02-11,2021-12-31,True
DIOS.ST,2022-Q1,2022-04-28,2022-03-31,True
DIOS.ST,2022-Q2,2022-07-07,2022-06-30,True
DIOS.ST,2022-Q3,2022-10-21,2022-09-30,True
DIOS.ST,2022-Q4,2023-02-14,2022-12-31,True
DIOS.ST,2023-Q1,2023-04-28,2023-03-31,True
DIOS.ST,2023-Q2,2023-07-07,2023-06-30,True
DIOS.ST,2023-Q3,2023-10-27,2023-09-30,True
DIOS.ST,2023-Q4,2024-02-16,2023-12-31,True
DIOS.ST,2024-Q1,2024-04-26,2024-03-31,True
DIOS.ST,2024-Q2,2024-07-05,2024-06-30,True
DIOS.ST,2024-Q3,2024-10-25,2024-09-30,True
DIOS.ST,2024-Q4,2025-02-14,2024-12-31,True
DIOS.ST,2025-Q1,2025-04-29,2025-03-31,True
DIOS.ST,2025-Q2,2025-07-04,2025-06-30,True
DIOS.ST,2025-Q3,2025-10-24,2025-09-30,True
DIOS.ST,2025-Q4,2026-02-13,2025-12-31,True
DIOS.ST,2026-Q1,2026-04-29,2026-03-31,True
DIOS.ST,2026-Q2,2026-07-06,2026-06-30,True
DOM.ST,2018-Q3,2018-10-25,2018-09-30,True
DOM.ST,2018-Q4,2019-02-08,2018-12-31,True
DOM.ST,2019-Q1,2019-04-26,2019-03-31,True
DOM.ST,2019-Q2,2019-07-17,2019-06-30,True
DOM.ST,2019-Q3,2019-10-24,2019-09-30,True
DOM.ST,2019-Q4,2020-01-31,2019-12-31,True
DOM.ST,2020-Q1,2020-04-24,2020-03-31,True
DOM.ST,2020-Q2,2020-07-16,2020-06-30,True
DOM.ST,2020-Q3,2020-10-23,2020-09-30,True
DOM.ST,2020-Q4,2021-02-03,2020-12-31,True
DOM.ST,2021-Q1,2021-04-23,2021-03-31,True
DOM.ST,2021-Q2,2021-07-16,2021-06-30,True
DOM.ST,2021-Q3,2021-10-22,2021-09-30,True
DOM.ST,2021-Q4,2022-01-27,2021-12-31,True
DOM.ST,2022-Q1,2022-04-28,2022-03-31,True
DOM.ST,2022-Q2,2022-07-15,2022-06-30,True
DOM.ST,2022-Q3,2022-10-26,2022-09-30,True
DOM.ST,2022-Q4,2023-01-27,2022-12-31,True
DOM.ST,2023-Q1,2023-04-26,2023-03-31,True
DOM.ST,2023-Q2,2023-07-18,2023-06-30,True
DOM.ST,2023-Q3,2023-10-26,2023-09-30,True
DOM.ST,2023-Q4,2024-01-31,2023-12-31,True
DOM.ST,2024-Q1,2024-04-19,2024-03-31,True
DOM.ST,2024-Q2,2024-07-18,2024-06-30,True
DOM.ST,2024-Q3,2024-10-23,2024-09-30,True
DOM.ST,2024-Q4,2025-01-29,2024-12-31,True
DOM.ST,2025-Q1,2025-04-24,2025-03-31,True
DOM.ST,2025-Q2,2025-07-15,2025-06-30,True
DOM.ST,2025-Q3,2025-10-23,2025-09-30,True
DOM.ST,2025-Q4,2026-01-28,2025-12-31,True
DOM.ST,2026-Q1,2026-04-23,2026-03-31,True
DOM.ST,2026-Q2,2026-07-14,2026-06-30,True
DUNI.ST,2018-Q3,2018-10-18,2018-09-30,True
DUNI.ST,2018-Q4,2019-02-14,2018-12-31,True
DUNI.ST,2019-Q1,2019-04-24,2019-03-31,True
DUNI.ST,2019-Q2,2019-07-12,2019-06-30,True
DUNI.ST,2019-Q3,2019-10-18,2019-09-30,True
DUNI.ST,2019-Q4,2020-02-07,2019-12-31,True
DUNI.ST,2020-Q1,2020-04-24,2020-03-31,True
DUNI.ST,2020-Q2,2020-07-15,2020-06-30,True
DUNI.ST,2020-Q3,2020-10-22,2020-09-30,True
DUNI.ST,2020-Q4,2021-02-12,2020-12-31,True
DUNI.ST,2021-Q1,2021-04-22,2021-03-31,True
DUNI.ST,2021-Q2,2021-07-15,2021-06-30,True
DUNI.ST,2021-Q3,2021-10-21,2021-09-30,True
DUNI.ST,2021-Q4,2022-02-17,2021-12-31,True
DUNI.ST,2022-Q1,2022-04-22,2022-03-31,True
DUNI.ST,2022-Q2,2022-07-15,2022-06-30,True
DUNI.ST,2022-Q3,2022-10-27,2022-09-30,True
DUNI.ST,2022-Q4,2023-02-14,2022-12-31,True
DUNI.ST,2023-Q1,2023-04-21,2023-03-31,True
DUNI.ST,2023-Q2,2023-07-14,2023-06-30,True
DUNI.ST,2023-Q3,2023-10-24,2023-09-30,True
DUNI.ST,2023-Q4,2024-02-09,2023-12-31,True
DUNI.ST,2024-Q1,2024-04-24,2024-03-31,True
DUNI.ST,2024-Q2,2024-07-12,2024-06-30,True
DUNI.ST,2024-Q3,2024-10-24,2024-09-30,True
DUNI.ST,2024-Q4,2025-02-11,2024-12-31,True
DUNI.ST,2025-Q1,2025-04-25,2025-03-31,True
DUNI.ST,2025-Q2,2025-07-11,2025-06-30,True
DUNI.ST,2025-Q3,2025-10-24,2025-09-30,True
DUNI.ST,2025-Q4,2026-02-06,2025-12-31,True
DUNI.ST,2026-Q1,2026-04-24,2026-03-31,True
DUNI.ST,2026-Q2,2026-07-14,2026-06-30,True
DYVOX.ST,2021-Q4,2022-02-08,2021-12-31,True
DYVOX.ST,2022-Q1,2022-04-27,2022-03-31,True
DYVOX.ST,2022-Q2,2022-07-21,2022-06-30,True
DYVOX.ST,2022-Q3,2022-10-28,2022-09-30,True
DYVOX.ST,2022-Q4,2023-02-08,2022-12-31,True
DYVOX.ST,2023-Q1,2023-04-26,2023-03-31,True
DYVOX.ST,2023-Q2,2023-07-20,2023-06-30,True
DYVOX.ST,2023-Q3,2023-10-27,2023-09-30,True
DYVOX.ST,2023-Q4,2024-02-08,2023-12-31,True
DYVOX.ST,2024-Q1,2024-04-23,2024-03-31,True
DYVOX.ST,2024-Q2,2024-07-18,2024-06-30,True
DYVOX.ST,2024-Q3,2024-10-23,2024-09-30,True
DYVOX.ST,2024-Q4,2025-02-05,2024-12-31,True
DYVOX.ST,2025-Q1,2025-04-25,2025-03-31,True
DYVOX.ST,2025-Q2,2025-07-18,2025-06-30,True
DYVOX.ST,2025-Q3,2025-10-23,2025-09-30,True
DYVOX.ST,2025-Q4,2026-02-05,2025-12-31,True
DYVOX.ST,2026-Q1,2026-04-24,2026-03-31,True
DYVOX.ST,2026-Q2,2026-07-22,2026-06-30,True
EAST.ST,2024-Q1,2024-04-24,2024-03-31,True
EAST.ST,2024-Q2,2024-07-04,2024-06-30,True
EAST.ST,2024-Q3,2024-10-24,2024-09-30,True
EAST.ST,2024-Q4,2025-02-05,2024-12-31,True
EAST.ST,2025-Q1,2025-04-28,2025-03-31,True
EAST.ST,2025-Q2,2025-07-07,2025-06-30,True
EAST.ST,2025-Q3,2025-10-23,2025-09-30,True
EAST.ST,2025-Q4,2026-02-05,2025-12-31,True
EAST.ST,2026-Q1,2026-04-28,2026-03-31,True
EAST.ST,2026-Q2,2026-07-07,2026-06-30,True
EAST.ST,2018-Q3,,2018-09-30,True
EAST.ST,2018-Q4,,2018-12-31,True
EAST.ST,2019-Q1,,2019-03-31,True
EAST.ST,2019-Q2,,2019-06-30,True
EAST.ST,2019-Q3,,2019-09-30,True
EAST.ST,2019-Q4,,2019-12-31,True
EAST.ST,2020-Q1,,2020-03-31,True
EAST.ST,2020-Q2,,2020-06-30,True
EAST.ST,2020-Q3,,2020-09-30,True
EAST.ST,2020-Q4,,2020-12-31,True
EAST.ST,2021-Q1,,2021-03-31,True
EAST.ST,2021-Q2,,2021-06-30,True
EAST.ST,2021-Q3,,2021-09-30,True
EAST.ST,2021-Q4,,2021-12-31,True
EAST.ST,2022-Q1,,2022-03-31,True
EAST.ST,2022-Q2,,2022-06-30,True
EAST.ST,2022-Q3,,2022-09-30,True
EAST.ST,2022-Q4,,2022-12-31,True
EAST.ST,2023-Q1,,2023-03-31,True
EAST.ST,2023-Q2,,2023-06-30,True
EAST.ST,2023-Q3,,2023-09-30,True
EAST.ST,2023-Q4,,2023-12-31,True
EKTA-B.ST,2018-Q4,2018-11-29,2018-12-31,True
EKTA-B.ST,2019-Q1,2019-02-22,2019-03-31,True
EKTA-B.ST,2019-Q2,2019-05-29,2019-06-30,True
EKTA-B.ST,2019-Q3,2019-08-22,2019-09-30,True
EKTA-B.ST,2019-Q4,2019-11-28,2019-12-31,True
EKTA-B.ST,2020-Q1,2020-02-20,2020-03-31,True
EKTA-B.ST,2020-Q2,2020-05-29,2020-06-30,True
EKTA-B.ST,2020-Q3,2020-08-26,2020-09-30,True
EKTA-B.ST,2020-Q4,2020-11-26,2020-12-31,True
EKTA-B.ST,2021-Q1,2021-02-25,2021-03-31,True
EKTA-B.ST,2021-Q2,2021-05-28,2021-06-30,True
EKTA-B.ST,2021-Q3,2021-08-25,2021-09-30,True
EKTA-B.ST,2021-Q4,2021-11-25,2021-12-31,True
EKTA-B.ST,2022-Q1,2022-02-24,2022-03-31,True
EKTA-B.ST,2022-Q2,2022-05-25,2022-06-30,True
EKTA-B.ST,2022-Q3,2022-08-25,2022-09-30,True
EKTA-B.ST,2022-Q4,2022-11-24,2022-12-31,True
EKTA-B.ST,2023-Q1,2023-02-24,2023-03-31,True
EKTA-B.ST,2023-Q2,2023-05-25,2023-06-30,True
EKTA-B.ST,2023-Q3,2023-08-24,2023-09-30,True
EKTA-B.ST,YAHOO-2023-10-31,2023-11-30,2023-10-31,True
EKTA-B.ST,2023-Q4,2023-11-30,2023-12-31,True
EKTA-B.ST,YAHOO-2024-01-31,2024-02-29,2024-01-31,True
EKTA-B.ST,2024-Q1,2024-02-29,2024-03-31,True
EKTA-B.ST,YAHOO-2024-04-30,2024-06-05,2024-04-30,True
EKTA-B.ST,2024-Q2,2024-06-05,2024-06-30,True
EKTA-B.ST,YAHOO-2024-07-31,2024-08-28,2024-07-31,True
EKTA-B.ST,2024-Q3,2024-08-28,2024-09-30,True
EKTA-B.ST,YAHOO-2024-10-31,2024-11-27,2024-10-31,True
EKTA-B.ST,2024-Q4,2024-11-27,2024-12-31,True
EKTA-B.ST,YAHOO-2025-01-31,2025-02-20,2025-01-31,True
EKTA-B.ST,2025-Q1,2025-02-20,2025-03-31,True
EKTA-B.ST,2025-Q2,2025-05-28,2025-06-30,True
EKTA-B.ST,YAHOO-2025-07-31,2025-08-27,2025-07-31,True
EKTA-B.ST,2025-Q3,2025-08-27,2025-09-30,True
EKTA-B.ST,YAHOO-2025-10-31,2025-11-26,2025-10-31,True
EKTA-B.ST,2025-Q4,2025-11-26,2025-12-31,True
EKTA-B.ST,YAHOO-2026-01-31,2026-03-05,2026-01-31,True
EKTA-B.ST,2026-Q1,2026-03-05,2026-03-31,True
EKTA-B.ST,YAHOO-2026-04-30,2026-05-28,2026-04-30,True
EKTA-B.ST,2026-Q2,2026-05-28,2026-06-30,True
EKTA-B.ST,2026-Q3,2026-08-27,2026-09-30,True
EKTA-B.ST,YAHOO-2026-07-31,2026-08-27,2026-07-31,True
EMBRAC-B.ST,2018-Q3,2018-11-14,2018-09-30,True
EMBRAC-B.ST,2018-Q4,2019-02-13,2018-12-31,True
EMBRAC-B.ST,2019-Q1,2019-05-22,2019-03-31,True
EMBRAC-B.ST,2019-Q2,2019-08-14,2019-06-30,True
EMBRAC-B.ST,2019-Q3,2019-11-14,2019-09-30,True
EMBRAC-B.ST,2019-Q4,2020-02-19,2019-12-31,True
EMBRAC-B.ST,2020-Q1,2020-05-20,2020-03-31,True
EMBRAC-B.ST,2020-Q2,2020-08-13,2020-06-30,True
EMBRAC-B.ST,2020-Q3,2020-11-18,2020-09-30,True
EMBRAC-B.ST,2020-Q4,2021-02-18,2020-12-31,True
EMBRAC-B.ST,2021-Q1,2021-05-20,2021-03-31,True
EMBRAC-B.ST,2021-Q2,2021-08-18,2021-06-30,True
EMBRAC-B.ST,2021-Q3,2021-11-17,2021-09-30,True
EMBRAC-B.ST,2021-Q4,2022-02-17,2021-12-31,True
EMBRAC-B.ST,2022-Q1,2022-05-19,2022-03-31,True
EMBRAC-B.ST,2022-Q2,2022-08-18,2022-06-30,True
EMBRAC-B.ST,2022-Q3,2022-11-17,2022-09-30,True
EMBRAC-B.ST,2022-Q4,2023-02-16,2022-12-31,True
EMBRAC-B.ST,2023-Q1,2023-05-24,2023-03-31,True
EMBRAC-B.ST,2023-Q2,2023-08-17,2023-06-30,True
EMBRAC-B.ST,2023-Q3,2023-11-16,2023-09-30,True
EMBRAC-B.ST,2023-Q4,2024-02-15,2023-12-31,True
EMBRAC-B.ST,2024-Q1,2024-05-23,2024-03-31,True
EMBRAC-B.ST,2024-Q2,2024-08-15,2024-06-30,True
EMBRAC-B.ST,2024-Q3,2024-11-14,2024-09-30,True
EMBRAC-B.ST,2024-Q4,2025-02-13,2024-12-31,True
EMBRAC-B.ST,2025-Q1,2025-05-22,2025-03-31,True
EMBRAC-B.ST,2025-Q2,2025-08-14,2025-06-30,True
EMBRAC-B.ST,2025-Q3,2025-11-13,2025-09-30,True
EMBRAC-B.ST,2025-Q4,2026-02-12,2025-12-31,True
EMBRAC-B.ST,2026-Q1,2026-05-20,2026-03-31,True
EMBRAC-B.ST,2026-Q2,2026-08-13,2026-06-30,True
EPI-A.ST,2018-Q3,2018-10-25,2018-09-30,True
EPI-A.ST,2018-Q4,2019-02-05,2018-12-31,True
EPI-A.ST,2019-Q1,2019-04-30,2019-03-31,True
EPI-A.ST,2019-Q2,2019-07-18,2019-06-30,True
EPI-A.ST,2019-Q3,2019-10-25,2019-09-30,True
EPI-A.ST,2019-Q4,2020-01-31,2019-12-31,True
EPI-A.ST,2020-Q1,2020-04-22,2020-03-31,True
EPI-A.ST,2020-Q2,2020-07-23,2020-06-30,True
EPI-A.ST,2020-Q3,2020-10-22,2020-09-30,True
EPI-A.ST,2020-Q4,2021-01-26,2020-12-31,True
EPI-A.ST,2021-Q1,2021-04-28,2021-03-31,True
EPI-A.ST,2021-Q2,2021-07-20,2021-06-30,True
EPI-A.ST,2021-Q3,2021-10-21,2021-09-30,True
EPI-A.ST,2021-Q4,2022-01-26,2021-12-31,True
EPI-A.ST,2022-Q1,2022-04-25,2022-03-31,True
EPI-A.ST,2022-Q2,2022-07-20,2022-06-30,True
EPI-A.ST,2022-Q3,2022-10-26,2022-09-30,True
EPI-A.ST,2022-Q4,2023-01-31,2022-12-31,True
EPI-A.ST,2023-Q1,2023-04-28,2023-03-31,True
EPI-A.ST,2023-Q2,2023-07-18,2023-06-30,True
EPI-A.ST,2023-Q3,2023-10-27,2023-09-30,True
EPI-A.ST,2023-Q4,2024-01-24,2023-12-31,True
EPI-A.ST,2024-Q1,2024-04-23,2024-03-31,True
EPI-A.ST,2024-Q2,2024-07-19,2024-06-30,True
EPI-A.ST,2024-Q3,2024-10-25,2024-09-30,True
EPI-A.ST,2024-Q4,2025-01-30,2024-12-31,True
EPI-A.ST,2025-Q1,2025-04-29,2025-03-31,True
EPI-A.ST,2025-Q2,2025-07-18,2025-06-30,True
EPI-A.ST,2025-Q3,2025-10-29,2025-09-30,True
EPI-A.ST,2025-Q4,2026-01-26,2025-12-31,True
EPI-A.ST,2026-Q1,2026-04-29,2026-03-31,True
EPI-A.ST,2026-Q2,2026-07-17,2026-06-30,True
EPI-B.ST,2018-Q3,2018-10-25,2018-09-30,True
EPI-B.ST,2018-Q4,2019-02-05,2018-12-31,True
EPI-B.ST,2019-Q1,2019-04-30,2019-03-31,True
EPI-B.ST,2019-Q2,2019-07-18,2019-06-30,True
EPI-B.ST,2019-Q3,2019-10-25,2019-09-30,True
EPI-B.ST,2019-Q4,2020-01-31,2019-12-31,True
EPI-B.ST,2020-Q1,2020-04-22,2020-03-31,True
EPI-B.ST,2020-Q2,2020-07-23,2020-06-30,True
EPI-B.ST,2020-Q3,2020-10-22,2020-09-30,True
EPI-B.ST,2020-Q4,2021-01-26,2020-12-31,True
EPI-B.ST,2021-Q1,2021-04-28,2021-03-31,True
EPI-B.ST,2021-Q2,2021-07-20,2021-06-30,True
EPI-B.ST,2021-Q3,2021-10-21,2021-09-30,True
EPI-B.ST,2021-Q4,2022-01-26,2021-12-31,True
EPI-B.ST,2022-Q1,2022-04-25,2022-03-31,True
EPI-B.ST,2022-Q2,2022-07-20,2022-06-30,True
EPI-B.ST,2022-Q3,2022-10-26,2022-09-30,True
EPI-B.ST,2022-Q4,2023-01-31,2022-12-31,True
EPI-B.ST,2023-Q1,2023-04-28,2023-03-31,True
EPI-B.ST,2023-Q2,2023-07-18,2023-06-30,True
EPI-B.ST,2023-Q3,2023-10-27,2023-09-30,True
EPI-B.ST,2023-Q4,2024-01-24,2023-12-31,True
EPI-B.ST,2024-Q1,2024-04-23,2024-03-31,True
EPI-B.ST,2024-Q2,2024-07-19,2024-06-30,True
EPI-B.ST,2024-Q3,2024-10-25,2024-09-30,True
EPI-B.ST,2024-Q4,2025-01-30,2024-12-31,True
EPI-B.ST,2025-Q1,2025-04-29,2025-03-31,True
EPI-B.ST,2025-Q2,2025-07-18,2025-06-30,True
EPI-B.ST,2025-Q3,2025-10-29,2025-09-30,True
EPI-B.ST,2025-Q4,2026-01-26,2025-12-31,True
EPI-B.ST,2026-Q1,2026-04-29,2026-03-31,True
EPI-B.ST,2026-Q2,2026-07-17,2026-06-30,True
EQL.ST,2019-Q3,2019-11-11,2019-09-30,True
EQL.ST,2019-Q4,2020-02-05,2019-12-31,True
EQL.ST,2020-Q1,2020-05-04,2020-03-31,True
EQL.ST,2020-Q2,2020-08-27,2020-06-30,True
EQL.ST,2020-Q3,2020-11-06,2020-09-30,True
EQL.ST,2020-Q4,2021-02-18,2020-12-31,True
EQL.ST,2021-Q1,2021-05-06,2021-03-31,True
EQL.ST,2021-Q2,2021-08-16,2021-06-30,True
EQL.ST,2021-Q3,2021-11-10,2021-09-30,True
EQL.ST,2021-Q4,2022-02-16,2021-12-31,True
EQL.ST,2022-Q1,2022-05-13,2022-03-31,True
EQL.ST,2022-Q2,2022-08-16,2022-06-30,True
EQL.ST,2022-Q3,2022-11-11,2022-09-30,True
EQL.ST,2022-Q4,2023-02-14,2022-12-31,True
EQL.ST,2023-Q1,2023-05-11,2023-03-31,True
EQL.ST,2023-Q2,2023-08-16,2023-06-30,True
EQL.ST,2023-Q3,2023-11-17,2023-09-30,True
EQL.ST,2023-Q4,2024-02-13,2023-12-31,True
EQL.ST,2024-Q1,2024-05-14,2024-03-31,True
EQL.ST,2024-Q2,2024-08-08,2024-06-30,True
EQL.ST,2024-Q3,2024-11-06,2024-09-30,True
EQL.ST,2024-Q4,2025-02-05,2024-12-31,True
EQL.ST,2025-Q1,2025-05-08,2025-03-31,True
EQL.ST,2025-Q2,2025-08-08,2025-06-30,True
EQL.ST,2025-Q3,2025-11-05,2025-09-30,True
EQL.ST,2025-Q4,2026-02-03,2025-12-31,True
EQL.ST,2026-Q1,2026-05-08,2026-03-31,True
EQL.ST,2026-Q2,2026-08-07,2026-06-30,True
EQT.ST,2021-Q4,2022-01-19,2021-12-31,True
EQT.ST,2022-Q2,2022-07-14,2022-06-30,True
EQT.ST,2022-Q4,2023-01-18,2022-12-31,True
EQT.ST,2023-Q2,2023-07-14,2023-06-30,True
EQT.ST,2023-Q4,2024-01-18,2023-12-31,True
EQT.ST,2024-Q2,2024-07-18,2024-06-30,True
EQT.ST,2024-Q4,2025-01-23,2024-12-31,True
EQT.ST,2025-Q2,2025-07-17,2025-06-30,True
EQT.ST,2025-Q4,2026-01-22,2025-12-31,True
EQT.ST,2026-Q2,2026-07-17,2026-06-30,True
EQT.ST,2019-Q4,,2019-12-31,True
EQT.ST,2020-Q1,,2020-03-31,True
EQT.ST,2020-Q2,,2020-06-30,True
EQT.ST,2020-Q3,,2020-09-30,True
EQT.ST,2020-Q4,,2020-12-31,True
EQT.ST,2021-Q1,,2021-03-31,True
EQT.ST,2021-Q2,,2021-06-30,True
EQT.ST,2021-Q3,,2021-09-30,True
EQT.ST,2022-Q1,,2022-03-31,True
EQT.ST,2022-Q3,,2022-09-30,True
EQT.ST,2023-Q1,,2023-03-31,True
EQT.ST,2023-Q3,,2023-09-30,True
EQT.ST,2024-Q1,,2024-03-31,True
EQT.ST,2024-Q3,,2024-09-30,True
EQT.ST,2025-Q1,,2025-03-31,True
EQT.ST,2025-Q3,,2025-09-30,True
EQT.ST,2026-Q1,,2026-03-31,True
ERIC-B.ST,2018-Q3,2018-10-18,2018-09-30,True
ERIC-B.ST,2018-Q4,2019-01-25,2018-12-31,True
ERIC-B.ST,2019-Q1,2019-04-17,2019-03-31,True
ERIC-B.ST,2019-Q2,2019-07-17,2019-06-30,True
ERIC-B.ST,2019-Q3,2019-10-17,2019-09-30,True
ERIC-B.ST,2019-Q4,2020-01-24,2019-12-31,True
ERIC-B.ST,2020-Q1,2020-04-22,2020-03-31,True
ERIC-B.ST,2020-Q2,2020-07-17,2020-06-30,True
ERIC-B.ST,2020-Q3,2020-10-21,2020-09-30,True
ERIC-B.ST,2020-Q4,2021-01-29,2020-12-31,True
ERIC-B.ST,2021-Q1,2021-04-21,2021-03-31,True
ERIC-B.ST,2021-Q2,2021-07-16,2021-06-30,True
ERIC-B.ST,2021-Q3,2021-10-19,2021-09-30,True
ERIC-B.ST,2021-Q4,2022-01-25,2021-12-31,True
ERIC-B.ST,2022-Q1,2022-04-14,2022-03-31,True
ERIC-B.ST,2022-Q2,2022-07-14,2022-06-30,True
ERIC-B.ST,2022-Q3,2022-10-20,2022-09-30,True
ERIC-B.ST,2022-Q4,2023-01-20,2022-12-31,True
ERIC-B.ST,2023-Q1,2023-04-18,2023-03-31,True
ERIC-B.ST,2023-Q2,2023-07-14,2023-06-30,True
ERIC-B.ST,2023-Q3,2023-10-17,2023-09-30,True
ERIC-B.ST,2023-Q4,2024-01-23,2023-12-31,True
ERIC-B.ST,2024-Q1,2024-04-16,2024-03-31,True
ERIC-B.ST,2024-Q2,2024-07-12,2024-06-30,True
ERIC-B.ST,2024-Q3,2024-10-15,2024-09-30,True
ERIC-B.ST,2024-Q4,2025-01-24,2024-12-31,True
ERIC-B.ST,2025-Q1,2025-04-15,2025-03-31,True
ERIC-B.ST,2025-Q2,2025-07-15,2025-06-30,True
ERIC-B.ST,2025-Q3,2025-10-14,2025-09-30,True
ERIC-B.ST,2025-Q4,2026-01-23,2025-12-31,True
ERIC-B.ST,2026-Q1,2026-04-17,2026-03-31,True
ERIC-B.ST,2026-Q2,2026-07-14,2026-06-30,True
ESSITY-B.ST,2018-Q3,2018-10-29,2018-09-30,True
ESSITY-B.ST,2018-Q4,2019-01-31,2018-12-31,True
ESSITY-B.ST,2019-Q1,2019-04-25,2019-03-31,True
ESSITY-B.ST,2019-Q2,2019-07-18,2019-06-30,True
ESSITY-B.ST,2019-Q3,2019-10-25,2019-09-30,True
ESSITY-B.ST,2019-Q4,2020-01-22,2019-12-31,True
ESSITY-B.ST,2020-Q1,2020-04-23,2020-03-31,True
ESSITY-B.ST,2020-Q2,2020-07-13,2020-06-30,True
ESSITY-B.ST,2020-Q3,2020-10-22,2020-09-30,True
ESSITY-B.ST,2020-Q4,2021-01-27,2020-12-31,True
ESSITY-B.ST,2021-Q1,2021-04-23,2021-03-31,True
ESSITY-B.ST,2021-Q2,2021-07-16,2021-06-30,True
ESSITY-B.ST,2021-Q3,2021-10-22,2021-09-30,True
ESSITY-B.ST,2021-Q4,2022-01-26,2021-12-31,True
ESSITY-B.ST,2022-Q1,2022-04-22,2022-03-31,True
ESSITY-B.ST,2022-Q2,2022-07-21,2022-06-30,True
ESSITY-B.ST,2022-Q3,2022-10-27,2022-09-30,True
ESSITY-B.ST,2022-Q4,2023-01-26,2022-12-31,True
ESSITY-B.ST,2023-Q1,2023-04-27,2023-03-31,True
ESSITY-B.ST,2023-Q2,2023-07-20,2023-06-30,True
ESSITY-B.ST,2023-Q3,2023-10-26,2023-09-30,True
ESSITY-B.ST,2023-Q4,2024-01-25,2023-12-31,True
ESSITY-B.ST,2024-Q1,2024-04-25,2024-03-31,True
ESSITY-B.ST,2024-Q2,2024-07-18,2024-06-30,True
ESSITY-B.ST,2024-Q3,2024-10-23,2024-09-30,True
ESSITY-B.ST,2024-Q4,2025-01-23,2024-12-31,True
ESSITY-B.ST,2025-Q1,2025-04-24,2025-03-31,True
ESSITY-B.ST,2025-Q2,2025-07-17,2025-06-30,True
ESSITY-B.ST,2025-Q3,2025-10-23,2025-09-30,True
ESSITY-B.ST,2025-Q4,2026-01-22,2025-12-31,True
ESSITY-B.ST,2026-Q1,2026-04-23,2026-03-31,True
ESSITY-B.ST,2026-Q2,2026-07-16,2026-06-30,True
EVO.ST,2023-Q3,2023-10-26,2023-09-30,True
EVO.ST,2024-Q1,2024-04-24,2024-03-31,True
EVO.ST,2024-Q2,2024-07-19,2024-06-30,True
EVO.ST,2024-Q3,2024-10-24,2024-09-30,True
EVO.ST,2024-Q4,2025-01-30,2024-12-31,True
EVO.ST,2025-Q1,2025-04-30,2025-03-31,True
EVO.ST,2025-Q2,2025-07-17,2025-06-30,True
EVO.ST,2025-Q3,2025-10-23,2025-09-30,True
EVO.ST,2025-Q4,2026-02-05,2025-12-31,True
EVO.ST,2026-Q1,2026-04-22,2026-03-31,True
EVO.ST,2026-Q2,2026-07-17,2026-06-30,True
EVO.ST,2018-Q3,,2018-09-30,True
EVO.ST,2018-Q4,,2018-12-31,True
EVO.ST,2019-Q1,,2019-03-31,True
EVO.ST,2019-Q2,,2019-06-30,True
EVO.ST,2019-Q3,,2019-09-30,True
EVO.ST,2019-Q4,,2019-12-31,True
EVO.ST,2020-Q1,,2020-03-31,True
EVO.ST,2020-Q2,,2020-06-30,True
EVO.ST,2020-Q3,,2020-09-30,True
EVO.ST,2020-Q4,,2020-12-31,True
EVO.ST,2021-Q1,,2021-03-31,True
EVO.ST,2021-Q2,,2021-06-30,True
EVO.ST,2021-Q3,,2021-09-30,True
EVO.ST,2021-Q4,,2021-12-31,True
EVO.ST,2022-Q1,,2022-03-31,True
EVO.ST,2022-Q2,,2022-06-30,True
EVO.ST,2022-Q3,,2022-09-30,True
EVO.ST,2022-Q4,,2022-12-31,True
EVO.ST,2023-Q1,,2023-03-31,True
EVO.ST,2023-Q2,,2023-06-30,True
EVO.ST,2023-Q4,,2023-12-31,True
FABG.ST,2018-Q3,2018-10-18,2018-09-30,True
FABG.ST,2018-Q4,2019-02-05,2018-12-31,True
FABG.ST,2019-Q1,2019-04-12,2019-03-31,True
FABG.ST,2019-Q2,2019-07-05,2019-06-30,True
FABG.ST,2019-Q3,2019-10-21,2019-09-30,True
FABG.ST,2019-Q4,2020-02-05,2019-12-31,True
FABG.ST,2020-Q1,2020-04-21,2020-03-31,True
FABG.ST,2020-Q2,2020-07-06,2020-06-30,True
FABG.ST,2020-Q3,2020-10-20,2020-09-30,True
FABG.ST,2020-Q4,2021-02-04,2020-12-31,True
FABG.ST,2021-Q1,2021-04-26,2021-03-31,True
FABG.ST,2021-Q2,2021-07-09,2021-06-30,True
FABG.ST,2021-Q3,2021-10-20,2021-09-30,True
FABG.ST,2021-Q4,2022-02-07,2021-12-31,True
FABG.ST,2022-Q1,2022-04-26,2022-03-31,True
FABG.ST,2022-Q2,2022-07-08,2022-06-30,True
FABG.ST,2022-Q3,2022-10-20,2022-09-30,True
FABG.ST,2022-Q4,2023-02-06,2022-12-31,True
FABG.ST,2023-Q1,2023-04-26,2023-03-31,True
FABG.ST,2023-Q2,2023-07-07,2023-06-30,True
FABG.ST,2023-Q3,2023-10-19,2023-09-30,True
FABG.ST,2023-Q4,2024-02-07,2023-12-31,True
FABG.ST,2024-Q1,2024-04-25,2024-03-31,True
FABG.ST,2024-Q2,2024-07-05,2024-06-30,True
FABG.ST,2024-Q3,2024-10-22,2024-09-30,True
FABG.ST,2024-Q4,2025-02-06,2024-12-31,True
FABG.ST,2025-Q1,2025-04-14,2025-03-31,True
FABG.ST,2025-Q2,2025-07-07,2025-06-30,True
FABG.ST,2025-Q3,2025-10-21,2025-09-30,True
FABG.ST,2025-Q4,2026-02-05,2025-12-31,True
FABG.ST,2026-Q1,2026-04-23,2026-03-31,True
FABG.ST,2026-Q2,2026-07-06,2026-06-30,True
FOI-B.ST,2024-Q1,2024-05-02,2024-03-31,True
FOI-B.ST,2024-Q2,2024-07-22,2024-06-30,True
FOI-B.ST,2024-Q3,2024-10-25,2024-09-30,True
FOI-B.ST,2024-Q4,2025-02-11,2024-12-31,True
FOI-B.ST,2025-Q1,2025-05-05,2025-03-31,True
FOI-B.ST,2025-Q2,2025-07-22,2025-06-30,True
FOI-B.ST,2025-Q3,2025-10-31,2025-09-30,True
FOI-B.ST,2025-Q4,2026-02-05,2025-12-31,True
FOI-B.ST,2026-Q1,2026-04-27,2026-03-31,True
FOI-B.ST,2026-Q2,2026-07-21,2026-06-30,True
FOI-B.ST,2018-Q3,,2018-09-30,True
FOI-B.ST,2018-Q4,,2018-12-31,True
FOI-B.ST,2019-Q1,,2019-03-31,True
FOI-B.ST,2019-Q2,,2019-06-30,True
FOI-B.ST,2019-Q3,,2019-09-30,True
FOI-B.ST,2019-Q4,,2019-12-31,True
FOI-B.ST,2020-Q1,,2020-03-31,True
FOI-B.ST,2020-Q2,,2020-06-30,True
FOI-B.ST,2020-Q3,,2020-09-30,True
FOI-B.ST,2020-Q4,,2020-12-31,True
FOI-B.ST,2021-Q1,,2021-03-31,True
FOI-B.ST,2021-Q2,,2021-06-30,True
FOI-B.ST,2021-Q3,,2021-09-30,True
FOI-B.ST,2021-Q4,,2021-12-31,True
FOI-B.ST,2022-Q1,,2022-03-31,True
FOI-B.ST,2022-Q2,,2022-06-30,True
FOI-B.ST,2022-Q3,,2022-09-30,True
FOI-B.ST,2022-Q4,,2022-12-31,True
FOI-B.ST,2023-Q1,,2023-03-31,True
FOI-B.ST,2023-Q2,,2023-06-30,True
FOI-B.ST,2023-Q3,,2023-09-30,True
FOI-B.ST,2023-Q4,,2023-12-31,True
GENO.ST,2018-Q3,2018-11-23,2018-09-30,True
GENO.ST,2018-Q4,2019-02-22,2018-12-31,True
GENO.ST,2019-Q1,2019-05-24,2019-03-31,True
GENO.ST,2019-Q2,2019-08-23,2019-06-30,True
GENO.ST,2019-Q3,2019-11-22,2019-09-30,True
GENO.ST,2019-Q4,2020-02-14,2019-12-31,True
GENO.ST,2020-Q1,2020-04-24,2020-03-31,True
GENO.ST,2020-Q2,2020-08-31,2020-06-30,True
GENO.ST,2020-Q3,2020-11-13,2020-09-30,True
GENO.ST,2020-Q4,2021-02-24,2020-12-31,True
GENO.ST,2021-Q1,2021-05-07,2021-03-31,True
GENO.ST,2021-Q2,2021-08-16,2021-06-30,True
GENO.ST,2021-Q3,2021-10-29,2021-09-30,True
GENO.ST,2021-Q4,2022-02-23,2021-12-31,True
GENO.ST,2022-Q1,2022-05-04,2022-03-31,True
GENO.ST,2022-Q2,2022-08-17,2022-06-30,True
GENO.ST,2022-Q3,2022-10-27,2022-09-30,True
GENO.ST,2022-Q4,2023-02-15,2022-12-31,True
GENO.ST,2023-Q1,2023-05-16,2023-03-31,True
GENO.ST,2023-Q2,2023-08-16,2023-06-30,True
GENO.ST,2023-Q3,2023-11-15,2023-09-30,True
GENO.ST,2023-Q4,2024-02-15,2023-12-31,True
GENO.ST,2024-Q1,2024-05-15,2024-03-31,True
GENO.ST,2024-Q2,2024-08-20,2024-06-30,True
GENO.ST,2024-Q3,2024-11-08,2024-09-30,True
GENO.ST,2024-Q4,2025-02-14,2024-12-31,True
GENO.ST,2025-Q1,2025-05-21,2025-03-31,True
GENO.ST,2025-Q2,2025-08-12,2025-06-30,True
GENO.ST,2025-Q3,2025-11-07,2025-09-30,True
GENO.ST,2025-Q4,2026-02-12,2025-12-31,True
GENO.ST,2026-Q1,2026-04-28,2026-03-31,True
GENO.ST,2026-Q2,2026-07-23,2026-06-30,True
GETI-B.ST,2018-Q3,2018-10-18,2018-09-30,True
GETI-B.ST,2018-Q4,2019-01-30,2018-12-31,True
GETI-B.ST,2019-Q1,2019-04-23,2019-03-31,True
GETI-B.ST,2019-Q2,2019-07-17,2019-06-30,True
GETI-B.ST,2019-Q3,2019-10-18,2019-09-30,True
GETI-B.ST,2019-Q4,2020-01-30,2019-12-31,True
GETI-B.ST,2020-Q1,2020-04-22,2020-03-31,True
GETI-B.ST,2020-Q2,2020-07-16,2020-06-30,True
GETI-B.ST,2020-Q3,2020-10-16,2020-09-30,True
GETI-B.ST,2020-Q4,2021-01-28,2020-12-31,True
GETI-B.ST,2021-Q1,2021-04-20,2021-03-31,True
GETI-B.ST,2021-Q2,2021-07-16,2021-06-30,True
GETI-B.ST,2021-Q3,2021-10-20,2021-09-30,True
GETI-B.ST,2021-Q4,2022-01-28,2021-12-31,True
GETI-B.ST,2022-Q1,2022-04-26,2022-03-31,True
GETI-B.ST,2022-Q2,2022-07-19,2022-06-30,True
GETI-B.ST,2022-Q3,2022-10-19,2022-09-30,True
GETI-B.ST,2022-Q4,2023-02-01,2022-12-31,True
GETI-B.ST,2023-Q1,2023-04-26,2023-03-31,True
GETI-B.ST,2023-Q2,2023-07-18,2023-06-30,True
GETI-B.ST,2023-Q3,2023-10-23,2023-09-30,True
GETI-B.ST,2023-Q4,2024-02-01,2023-12-31,True
GETI-B.ST,2024-Q1,2024-04-22,2024-03-31,True
GETI-B.ST,2024-Q2,2024-07-18,2024-06-30,True
GETI-B.ST,2024-Q3,2024-10-18,2024-09-30,True
GETI-B.ST,2024-Q4,2025-01-28,2024-12-31,True
GETI-B.ST,2025-Q1,2025-04-22,2025-03-31,True
GETI-B.ST,2025-Q2,2025-07-18,2025-06-30,True
GETI-B.ST,2025-Q3,2025-10-21,2025-09-30,True
GETI-B.ST,2025-Q4,2026-01-27,2025-12-31,True
GETI-B.ST,2026-Q1,2026-04-21,2026-03-31,True
GETI-B.ST,2026-Q2,2026-07-17,2026-06-30,True
HANZA.ST,2018-Q3,2018-11-12,2018-09-30,True
HANZA.ST,2018-Q4,2019-02-14,2018-12-31,True
HANZA.ST,2019-Q1,2019-04-29,2019-03-31,True
HANZA.ST,2019-Q2,2019-07-30,2019-06-30,True
HANZA.ST,2019-Q3,2019-11-05,2019-09-30,True
HANZA.ST,2019-Q4,2020-02-18,2019-12-31,True
HANZA.ST,2020-Q1,2020-04-27,2020-03-31,True
HANZA.ST,2020-Q2,2020-07-28,2020-06-30,True
HANZA.ST,2020-Q3,2020-11-03,2020-09-30,True
HANZA.ST,2020-Q4,2021-02-16,2020-12-31,True
HANZA.ST,2021-Q1,2021-04-27,2021-03-31,True
HANZA.ST,2021-Q2,2021-07-27,2021-06-30,True
HANZA.ST,2021-Q3,2021-11-09,2021-09-30,True
HANZA.ST,2021-Q4,2022-02-15,2021-12-31,True
HANZA.ST,2022-Q1,2022-05-03,2022-03-31,True
HANZA.ST,2022-Q2,2022-07-26,2022-06-30,True
HANZA.ST,2022-Q3,2022-11-08,2022-09-30,True
HANZA.ST,2022-Q4,2023-02-14,2022-12-31,True
HANZA.ST,2023-Q1,2023-05-03,2023-03-31,True
HANZA.ST,2023-Q2,2023-07-25,2023-06-30,True
HANZA.ST,2023-Q3,2023-11-07,2023-09-30,True
HANZA.ST,2023-Q4,2024-02-13,2023-12-31,True
HANZA.ST,2024-Q1,2024-05-07,2024-03-31,True
HANZA.ST,2024-Q2,2024-07-23,2024-06-30,True
HANZA.ST,2024-Q3,2024-10-29,2024-09-30,True
HANZA.ST,2024-Q4,2025-02-11,2024-12-31,True
HANZA.ST,2025-Q1,2025-05-06,2025-03-31,True
HANZA.ST,2025-Q2,2025-07-22,2025-06-30,True
HANZA.ST,2025-Q3,2025-10-28,2025-09-30,True
HANZA.ST,2025-Q4,2026-02-24,2025-12-31,True
HANZA.ST,2026-Q1,2026-05-05,2026-03-31,True
HANZA.ST,2026-Q2,2026-07-21,2026-06-30,True
HEXA-B.ST,2023-Q3,2023-10-27,2023-09-30,True
HEXA-B.ST,2023-Q4,2024-02-01,2023-12-31,True
HEXA-B.ST,2024-Q1,2024-04-26,2024-03-31,True
HEXA-B.ST,2024-Q2,2024-07-26,2024-06-30,True
HEXA-B.ST,2024-Q3,2024-10-25,2024-09-30,True
HEXA-B.ST,2024-Q4,2025-01-31,2024-12-31,True
HEXA-B.ST,2025-Q1,2025-04-30,2025-03-31,True
HEXA-B.ST,2025-Q2,2025-07-25,2025-06-30,True
HEXA-B.ST,2025-Q3,2025-10-24,2025-09-30,True
HEXA-B.ST,2025-Q4,2026-01-30,2025-12-31,True
HEXA-B.ST,2026-Q1,2026-04-23,2026-03-31,True
HEXA-B.ST,2026-Q2,2026-07-29,2026-06-30,True
HEXA-B.ST,2018-Q3,,2018-09-30,True
HEXA-B.ST,2018-Q4,,2018-12-31,True
HEXA-B.ST,2019-Q1,,2019-03-31,True
HEXA-B.ST,2019-Q2,,2019-06-30,True
HEXA-B.ST,2019-Q3,,2019-09-30,True
HEXA-B.ST,2019-Q4,,2019-12-31,True
HEXA-B.ST,2020-Q1,,2020-03-31,True
HEXA-B.ST,2020-Q2,,2020-06-30,True
HEXA-B.ST,2020-Q3,,2020-09-30,True
HEXA-B.ST,2020-Q4,,2020-12-31,True
HEXA-B.ST,2021-Q1,,2021-03-31,True
HEXA-B.ST,2021-Q2,,2021-06-30,True
HEXA-B.ST,2021-Q3,,2021-09-30,True
HEXA-B.ST,2021-Q4,,2021-12-31,True
HEXA-B.ST,2022-Q1,,2022-03-31,True
HEXA-B.ST,2022-Q2,,2022-06-30,True
HEXA-B.ST,2022-Q3,,2022-09-30,True
HEXA-B.ST,2022-Q4,,2022-12-31,True
HEXA-B.ST,2023-Q1,,2023-03-31,True
HEXA-B.ST,2023-Q2,,2023-06-30,True
HMS.ST,2018-Q3,2018-10-24,2018-09-30,True
HMS.ST,2018-Q4,2019-02-12,2018-12-31,True
HMS.ST,2019-Q1,2019-04-26,2019-03-31,True
HMS.ST,2019-Q2,2019-07-16,2019-06-30,True
HMS.ST,2019-Q3,2019-10-22,2019-09-30,True
HMS.ST,2019-Q4,2020-02-03,2019-12-31,True
HMS.ST,2020-Q1,2020-04-23,2020-03-31,True
HMS.ST,2020-Q2,2020-07-15,2020-06-30,True
HMS.ST,2020-Q3,2020-10-23,2020-09-30,True
HMS.ST,2020-Q4,2021-02-03,2020-12-31,True
HMS.ST,2021-Q1,2021-04-23,2021-03-31,True
HMS.ST,2021-Q2,2021-07-14,2021-06-30,True
HMS.ST,2021-Q3,2021-10-22,2021-09-30,True
HMS.ST,2021-Q4,2022-01-26,2021-12-31,True
HMS.ST,2022-Q1,2022-04-14,2022-03-31,True
HMS.ST,2022-Q2,2022-07-14,2022-06-30,True
HMS.ST,2022-Q3,2022-10-19,2022-09-30,True
HMS.ST,2022-Q4,2023-01-26,2022-12-31,True
HMS.ST,2023-Q1,2023-04-18,2023-03-31,True
HMS.ST,2023-Q2,2023-07-14,2023-06-30,True
HMS.ST,2023-Q3,2023-10-18,2023-09-30,True
HMS.ST,2023-Q4,2024-01-26,2023-12-31,True
HMS.ST,2024-Q1,2024-04-16,2024-03-31,True
HMS.ST,2024-Q2,2024-07-12,2024-06-30,True
HMS.ST,2024-Q3,2024-10-18,2024-09-30,True
HMS.ST,2024-Q4,2025-01-28,2024-12-31,True
HMS.ST,2025-Q1,2025-04-23,2025-03-31,True
HMS.ST,2025-Q2,2025-07-11,2025-06-30,True
HMS.ST,2025-Q3,2025-10-21,2025-09-30,True
HMS.ST,2025-Q4,2026-01-27,2025-12-31,True
HMS.ST,2026-Q1,2026-04-23,2026-03-31,True
HMS.ST,2026-Q2,2026-07-14,2026-06-30,True
HOLM-A.ST,2018-Q3,2018-10-24,2018-09-30,True
HOLM-A.ST,2018-Q4,2019-01-31,2018-12-31,True
HOLM-A.ST,2019-Q1,2019-05-08,2019-03-31,True
HOLM-A.ST,2019-Q2,2019-08-15,2019-06-30,True
HOLM-A.ST,2019-Q3,2019-10-18,2019-09-30,True
HOLM-A.ST,2019-Q4,2020-01-30,2019-12-31,True
HOLM-A.ST,2020-Q1,2020-04-29,2020-03-31,True
HOLM-A.ST,2020-Q2,2020-08-13,2020-06-30,True
HOLM-A.ST,2020-Q3,2020-10-21,2020-09-30,True
HOLM-A.ST,2020-Q4,2021-02-05,2020-12-31,True
HOLM-A.ST,2021-Q1,2021-04-29,2021-03-31,True
HOLM-A.ST,2021-Q2,2021-08-19,2021-06-30,True
HOLM-A.ST,2021-Q3,2021-10-22,2021-09-30,True
HOLM-A.ST,2021-Q4,2022-01-28,2021-12-31,True
HOLM-A.ST,2022-Q1,2022-04-28,2022-03-31,True
HOLM-A.ST,2022-Q2,2022-08-19,2022-06-30,True
HOLM-A.ST,2022-Q3,2022-10-20,2022-09-30,True
HOLM-A.ST,2022-Q4,2023-01-31,2022-12-31,True
HOLM-A.ST,2023-Q1,2023-04-28,2023-03-31,True
HOLM-A.ST,2023-Q2,2023-08-17,2023-06-30,True
HOLM-A.ST,2023-Q3,2023-10-25,2023-09-30,True
HOLM-A.ST,2023-Q4,2024-01-31,2023-12-31,True
HOLM-A.ST,2024-Q1,2024-04-26,2024-03-31,True
HOLM-A.ST,2024-Q2,2024-08-15,2024-06-30,True
HOLM-A.ST,2024-Q3,2024-10-24,2024-09-30,True
HOLM-A.ST,2024-Q4,2025-01-31,2024-12-31,True
HOLM-A.ST,2025-Q1,2025-05-08,2025-03-31,True
HOLM-A.ST,2025-Q2,2025-08-14,2025-06-30,True
HOLM-A.ST,2025-Q3,2025-10-23,2025-09-30,True
HOLM-A.ST,2025-Q4,2026-01-30,2025-12-31,True
HOLM-A.ST,2026-Q1,2026-04-28,2026-03-31,True
HOLM-A.ST,2026-Q2,2026-08-20,2026-06-30,True
HPOL-B.ST,2018-Q3,2018-10-25,2018-09-30,True
HPOL-B.ST,2018-Q4,2019-02-01,2018-12-31,True
HPOL-B.ST,2019-Q1,2019-04-26,2019-03-31,True
HPOL-B.ST,2019-Q2,2019-07-18,2019-06-30,True
HPOL-B.ST,2019-Q3,2019-10-24,2019-09-30,True
HPOL-B.ST,2019-Q4,2020-01-30,2019-12-31,True
HPOL-B.ST,2020-Q1,2020-04-28,2020-03-31,True
HPOL-B.ST,2020-Q2,2020-07-17,2020-06-30,True
HPOL-B.ST,2020-Q3,2020-10-23,2020-09-30,True
HPOL-B.ST,2020-Q4,2021-01-29,2020-12-31,True
HPOL-B.ST,2021-Q1,2021-04-28,2021-03-31,True
HPOL-B.ST,2021-Q2,2021-07-16,2021-06-30,True
HPOL-B.ST,2021-Q3,2021-10-22,2021-09-30,True
HPOL-B.ST,2021-Q4,2022-01-28,2021-12-31,True
HPOL-B.ST,2022-Q1,2022-04-28,2022-03-31,True
HPOL-B.ST,2022-Q2,2022-07-15,2022-06-30,True
HPOL-B.ST,2022-Q3,2022-10-21,2022-09-30,True
HPOL-B.ST,2022-Q4,2023-01-27,2022-12-31,True
HPOL-B.ST,2023-Q1,2023-04-28,2023-03-31,True
HPOL-B.ST,2023-Q2,2023-07-19,2023-06-30,True
HPOL-B.ST,2023-Q3,2023-10-27,2023-09-30,True
HPOL-B.ST,2023-Q4,2024-01-26,2023-12-31,True
HPOL-B.ST,2024-Q1,2024-04-26,2024-03-31,True
HPOL-B.ST,2024-Q2,2024-07-17,2024-06-30,True
HPOL-B.ST,2024-Q3,2024-10-25,2024-09-30,True
HPOL-B.ST,2024-Q4,2025-01-28,2024-12-31,True
HPOL-B.ST,2025-Q1,2025-04-25,2025-03-31,True
HPOL-B.ST,2025-Q2,2025-07-18,2025-06-30,True
HPOL-B.ST,2025-Q3,2025-10-24,2025-09-30,True
HPOL-B.ST,2025-Q4,2026-01-29,2025-12-31,True
HPOL-B.ST,2026-Q1,2026-05-04,2026-03-31,True
HPOL-B.ST,2026-Q2,2026-07-20,2026-06-30,True
HTRO.ST,2018-Q3,2018-11-07,2018-09-30,True
HTRO.ST,2018-Q4,2019-02-22,2018-12-31,True
HTRO.ST,2019-Q1,2019-05-03,2019-03-31,True
HTRO.ST,2019-Q2,2019-08-16,2019-06-30,True
HTRO.ST,2019-Q3,2019-11-06,2019-09-30,True
HTRO.ST,2019-Q4,2020-02-21,2019-12-31,True
HTRO.ST,2020-Q1,2020-04-29,2020-03-31,True
HTRO.ST,2020-Q2,2020-08-14,2020-06-30,True
HTRO.ST,2020-Q3,2020-11-05,2020-09-30,True
HTRO.ST,2020-Q4,2021-02-24,2020-12-31,True
HTRO.ST,2021-Q1,2021-04-29,2021-03-31,True
HTRO.ST,2021-Q2,2021-08-12,2021-06-30,True
HTRO.ST,2021-Q3,2021-11-02,2021-09-30,True
HTRO.ST,2021-Q4,2022-02-24,2021-12-31,True
HTRO.ST,2022-Q1,2022-04-29,2022-03-31,True
HTRO.ST,2022-Q2,2022-08-11,2022-06-30,True
HTRO.ST,2022-Q3,2022-10-28,2022-09-30,True
HTRO.ST,2022-Q4,2023-02-09,2022-12-31,True
HTRO.ST,2023-Q1,2023-04-27,2023-03-31,True
HTRO.ST,2023-Q2,2023-08-15,2023-06-30,True
HTRO.ST,2023-Q3,2023-10-27,2023-09-30,True
HTRO.ST,2023-Q4,2024-02-09,2023-12-31,True
HTRO.ST,2024-Q1,2024-04-26,2024-03-31,True
HTRO.ST,2024-Q2,2024-07-16,2024-06-30,True
HTRO.ST,2024-Q3,2024-10-25,2024-09-30,True
HTRO.ST,2024-Q4,2025-02-07,2024-12-31,True
HTRO.ST,2025-Q1,2025-04-29,2025-03-31,True
HTRO.ST,2025-Q2,2025-07-14,2025-06-30,True
HTRO.ST,2025-Q3,2025-10-24,2025-09-30,True
HTRO.ST,2025-Q4,2026-02-05,2025-12-31,True
HTRO.ST,2026-Q1,2026-04-29,2026-03-31,True
HTRO.ST,2026-Q2,2026-07-15,2026-06-30,True
HUFV-A.ST,2018-Q3,2018-11-09,2018-09-30,True
HUFV-A.ST,2018-Q4,2019-02-14,2018-12-31,True
HUFV-A.ST,2019-Q1,2019-05-09,2019-03-31,True
HUFV-A.ST,2019-Q2,2019-08-21,2019-06-30,True
HUFV-A.ST,2019-Q3,2019-11-07,2019-09-30,True
HUFV-A.ST,2019-Q4,2020-02-13,2019-12-31,True
HUFV-A.ST,2020-Q1,2020-05-07,2020-03-31,True
HUFV-A.ST,2020-Q2,2020-08-26,2020-06-30,True
HUFV-A.ST,2020-Q3,2020-11-05,2020-09-30,True
HUFV-A.ST,2020-Q4,2021-02-18,2020-12-31,True
HUFV-A.ST,2021-Q1,2021-05-06,2021-03-31,True
HUFV-A.ST,2021-Q2,2021-08-23,2021-06-30,True
HUFV-A.ST,2021-Q3,2021-11-11,2021-09-30,True
HUFV-A.ST,2021-Q4,2022-02-17,2021-12-31,True
HUFV-A.ST,2022-Q1,2022-05-05,2022-03-31,True
HUFV-A.ST,2022-Q2,2022-08-24,2022-06-30,True
HUFV-A.ST,2022-Q3,2022-11-10,2022-09-30,True
HUFV-A.ST,2022-Q4,2023-02-16,2022-12-31,True
HUFV-A.ST,2023-Q1,2023-05-11,2023-03-31,True
HUFV-A.ST,2023-Q2,2023-08-24,2023-06-30,True
HUFV-A.ST,2023-Q3,2023-11-09,2023-09-30,True
HUFV-A.ST,2023-Q4,2024-02-15,2023-12-31,True
HUFV-A.ST,2024-Q1,2024-05-08,2024-03-31,True
HUFV-A.ST,2024-Q2,2024-08-22,2024-06-30,True
HUFV-A.ST,2024-Q3,2024-11-07,2024-09-30,True
HUFV-A.ST,2024-Q4,2025-02-13,2024-12-31,True
HUFV-A.ST,2025-Q1,2025-05-08,2025-03-31,True
HUFV-A.ST,2025-Q2,2025-08-20,2025-06-30,True
HUFV-A.ST,2025-Q3,2025-11-06,2025-09-30,True
HUFV-A.ST,2025-Q4,2026-02-12,2025-12-31,True
HUFV-A.ST,2026-Q1,2026-05-08,2026-03-31,True
HUFV-A.ST,2026-Q2,2026-08-20,2026-06-30,True
INDT.ST,2018-Q3,2018-11-08,2018-09-30,True
INDT.ST,2018-Q4,2019-02-13,2018-12-31,True
INDT.ST,2019-Q1,2019-04-25,2019-03-31,True
INDT.ST,2019-Q2,2019-07-18,2019-06-30,True
INDT.ST,2019-Q3,2019-10-25,2019-09-30,True
INDT.ST,2019-Q4,2020-02-05,2019-12-31,True
INDT.ST,2020-Q1,2020-04-27,2020-03-31,True
INDT.ST,2020-Q2,2020-07-17,2020-06-30,True
INDT.ST,2020-Q3,2020-10-20,2020-09-30,True
INDT.ST,2020-Q4,2021-02-02,2020-12-31,True
INDT.ST,2021-Q1,2021-04-29,2021-03-31,True
INDT.ST,2021-Q2,2021-07-19,2021-06-30,True
INDT.ST,2021-Q3,2021-10-28,2021-09-30,True
INDT.ST,2021-Q4,2022-02-02,2021-12-31,True
INDT.ST,2022-Q1,2022-04-29,2022-03-31,True
INDT.ST,2022-Q2,2022-07-19,2022-06-30,True
INDT.ST,2022-Q3,2022-10-28,2022-09-30,True
INDT.ST,2022-Q4,2023-02-02,2022-12-31,True
INDT.ST,2023-Q1,2023-04-27,2023-03-31,True
INDT.ST,2023-Q2,2023-07-20,2023-06-30,True
INDT.ST,2023-Q3,2023-10-27,2023-09-30,True
INDT.ST,2023-Q4,2024-02-01,2023-12-31,True
INDT.ST,2024-Q1,2024-04-25,2024-03-31,True
INDT.ST,2024-Q2,2024-07-18,2024-06-30,True
INDT.ST,2024-Q3,2024-10-25,2024-09-30,True
INDT.ST,2024-Q4,2025-01-30,2024-12-31,True
INDT.ST,2025-Q1,2025-04-25,2025-03-31,True
INDT.ST,2025-Q2,2025-07-15,2025-06-30,True
INDT.ST,2025-Q3,2025-10-21,2025-09-30,True
INDT.ST,2025-Q4,2026-01-29,2025-12-31,True
INDT.ST,2026-Q1,2026-04-24,2026-03-31,True
INDT.ST,2026-Q2,2026-07-16,2026-06-30,True
INDU-A.ST,2020-Q1,2020-04-07,2020-03-31,True
INDU-A.ST,2020-Q2,2020-07-07,2020-06-30,True
INDU-A.ST,2020-Q3,2020-10-06,2020-09-30,True
INDU-A.ST,2020-Q4,2021-02-09,2020-12-31,True
INDU-A.ST,2021-Q1,2021-04-09,2021-03-31,True
INDU-A.ST,2021-Q2,2021-07-06,2021-06-30,True
INDU-A.ST,2021-Q3,2021-10-11,2021-09-30,True
INDU-A.ST,2021-Q4,2022-02-10,2021-12-31,True
INDU-A.ST,2022-Q1,2022-04-07,2022-03-31,True
INDU-A.ST,2022-Q2,2022-07-07,2022-06-30,True
INDU-A.ST,2022-Q3,2022-10-06,2022-09-30,True
INDU-A.ST,2022-Q4,2023-02-03,2022-12-31,True
INDU-A.ST,2023-Q1,2023-04-05,2023-03-31,True
INDU-A.ST,2023-Q2,2023-07-06,2023-06-30,True
INDU-A.ST,2023-Q3,2023-10-06,2023-09-30,True
INDU-A.ST,2023-Q4,2024-02-02,2023-12-31,True
INDU-A.ST,2024-Q1,2024-04-08,2024-03-31,True
INDU-A.ST,2024-Q2,2024-07-08,2024-06-30,True
INDU-A.ST,2024-Q3,2024-10-17,2024-09-30,True
INDU-A.ST,2024-Q4,2025-02-10,2024-12-31,True
INDU-A.ST,2025-Q1,2025-04-08,2025-03-31,True
INDU-A.ST,2025-Q2,2025-07-08,2025-06-30,True
INDU-A.ST,2025-Q3,2025-10-16,2025-09-30,True
INDU-A.ST,2025-Q4,2026-02-06,2025-12-31,True
INDU-A.ST,2026-Q1,2026-04-10,2026-03-31,True
INDU-A.ST,2026-Q2,2026-07-08,2026-06-30,True
INTRUM.ST,2018-Q3,2018-10-26,2018-09-30,True
INTRUM.ST,2018-Q4,2019-01-30,2018-12-31,True
INTRUM.ST,2019-Q1,2019-04-26,2019-03-31,True
INTRUM.ST,2019-Q2,2019-07-18,2019-06-30,True
INTRUM.ST,2019-Q3,2019-10-23,2019-09-30,True
INTRUM.ST,2019-Q4,2020-02-04,2019-12-31,True
INTRUM.ST,2020-Q1,2020-05-06,2020-03-31,True
INTRUM.ST,2020-Q2,2020-07-23,2020-06-30,True
INTRUM.ST,2020-Q3,2020-10-23,2020-09-30,True
INTRUM.ST,2020-Q4,2021-01-28,2020-12-31,True
INTRUM.ST,2021-Q1,2021-04-29,2021-03-31,True
INTRUM.ST,2021-Q2,2021-07-22,2021-06-30,True
INTRUM.ST,2021-Q3,2021-10-21,2021-09-30,True
INTRUM.ST,2021-Q4,2022-01-27,2021-12-31,True
INTRUM.ST,2022-Q1,2022-04-29,2022-03-31,True
INTRUM.ST,2022-Q2,2022-07-21,2022-06-30,True
INTRUM.ST,2022-Q3,2022-10-27,2022-09-30,True
INTRUM.ST,2022-Q4,2023-01-26,2022-12-31,True
INTRUM.ST,2023-Q1,2023-04-27,2023-03-31,True
INTRUM.ST,2023-Q2,2023-07-20,2023-06-30,True
INTRUM.ST,2023-Q3,2023-10-25,2023-09-30,True
INTRUM.ST,2023-Q4,2024-01-25,2023-12-31,True
INTRUM.ST,2024-Q1,2024-04-24,2024-03-31,True
INTRUM.ST,2024-Q2,2024-07-18,2024-06-30,True
INTRUM.ST,2024-Q3,2024-10-23,2024-09-30,True
INTRUM.ST,2024-Q4,2025-01-30,2024-12-31,True
INTRUM.ST,2025-Q1,2025-05-07,2025-03-31,True
INTRUM.ST,2025-Q2,2025-07-25,2025-06-30,True
INTRUM.ST,2025-Q3,2025-10-30,2025-09-30,True
INTRUM.ST,2025-Q4,2026-01-29,2025-12-31,True
INTRUM.ST,2026-Q1,2026-05-07,2026-03-31,True
INTRUM.ST,2026-Q2,2026-08-28,2026-06-30,True
INVE-A.ST,2018-Q3,2018-10-18,2018-09-30,True
INVE-A.ST,2018-Q4,2019-01-25,2018-12-31,True
INVE-A.ST,2019-Q1,2019-04-24,2019-03-31,True
INVE-A.ST,2019-Q2,2019-07-17,2019-06-30,True
INVE-A.ST,2019-Q3,2019-10-23,2019-09-30,True
INVE-A.ST,2019-Q4,2020-01-23,2019-12-31,True
INVE-A.ST,2020-Q1,2020-04-23,2020-03-31,True
INVE-A.ST,2020-Q2,2020-07-17,2020-06-30,True
INVE-A.ST,2020-Q3,2020-10-22,2020-09-30,True
INVE-A.ST,2020-Q4,2021-01-22,2020-12-31,True
INVE-A.ST,2021-Q1,2021-04-22,2021-03-31,True
INVE-A.ST,2021-Q2,2021-07-16,2021-06-30,True
INVE-A.ST,2021-Q3,2021-10-21,2021-09-30,True
INVE-A.ST,2021-Q4,2022-01-21,2021-12-31,True
INVE-A.ST,2022-Q1,2022-04-21,2022-03-31,True
INVE-A.ST,2022-Q2,2022-07-15,2022-06-30,True
INVE-A.ST,2022-Q3,2022-10-21,2022-09-30,True
INVE-A.ST,2022-Q4,2023-01-20,2022-12-31,True
INVE-A.ST,2023-Q1,2023-04-20,2023-03-31,True
INVE-A.ST,2023-Q2,2023-07-17,2023-06-30,True
INVE-A.ST,2023-Q3,2023-10-19,2023-09-30,True
INVE-A.ST,2023-Q4,2024-01-19,2023-12-31,True
INVE-A.ST,2024-Q1,2024-04-18,2024-03-31,True
INVE-A.ST,2024-Q2,2024-07-17,2024-06-30,True
INVE-A.ST,2024-Q3,2024-10-17,2024-09-30,True
INVE-A.ST,2024-Q4,2025-01-23,2024-12-31,True
INVE-A.ST,2025-Q1,2025-04-23,2025-03-31,True
INVE-A.ST,2025-Q2,2025-07-17,2025-06-30,True
INVE-A.ST,2025-Q3,2025-10-16,2025-09-30,True
INVE-A.ST,2025-Q4,2026-01-22,2025-12-31,True
INVE-A.ST,2026-Q1,2026-04-21,2026-03-31,True
INVE-A.ST,2026-Q2,2026-07-16,2026-06-30,True
INWI.ST,2018-Q3,2018-10-23,2018-09-30,True
INWI.ST,2018-Q4,2019-02-06,2018-12-31,True
INWI.ST,2019-Q1,2019-04-25,2019-03-31,True
INWI.ST,2019-Q2,2019-07-15,2019-06-30,True
INWI.ST,2019-Q3,2019-10-23,2019-09-30,True
INWI.ST,2019-Q4,2020-02-05,2019-12-31,True
INWI.ST,2020-Q1,2020-04-23,2020-03-31,True
INWI.ST,2020-Q2,2020-07-15,2020-06-30,True
INWI.ST,2020-Q3,2020-10-21,2020-09-30,True
INWI.ST,2020-Q4,2021-02-10,2020-12-31,True
INWI.ST,2021-Q1,2021-04-27,2021-03-31,True
INWI.ST,2021-Q2,2021-07-16,2021-06-30,True
INWI.ST,2021-Q3,2021-10-26,2021-09-30,True
INWI.ST,2021-Q4,2022-02-08,2021-12-31,True
INWI.ST,2022-Q1,2022-04-28,2022-03-31,True
INWI.ST,2022-Q2,2022-07-15,2022-06-30,True
INWI.ST,2022-Q3,2022-10-25,2022-09-30,True
INWI.ST,2022-Q4,2023-02-07,2022-12-31,True
INWI.ST,2023-Q1,2023-04-25,2023-03-31,True
INWI.ST,2023-Q2,2023-07-14,2023-06-30,True
INWI.ST,2023-Q3,2023-10-24,2023-09-30,True
INWI.ST,2023-Q4,2024-02-08,2023-12-31,True
INWI.ST,2024-Q1,2024-04-23,2024-03-31,True
INWI.ST,2024-Q2,2024-07-12,2024-06-30,True
INWI.ST,2024-Q3,2024-10-22,2024-09-30,True
INWI.ST,2024-Q4,2025-02-04,2024-12-31,True
INWI.ST,2025-Q1,2025-04-24,2025-03-31,True
INWI.ST,2025-Q2,2025-07-14,2025-06-30,True
INWI.ST,2025-Q3,2025-10-21,2025-09-30,True
INWI.ST,2025-Q4,2026-02-03,2025-12-31,True
INWI.ST,2026-Q1,2026-04-28,2026-03-31,True
INWI.ST,2026-Q2,2026-07-15,2026-06-30,True
KAMBI.ST,2023-Q3,2023-11-01,2023-09-30,True
KAMBI.ST,2024-Q1,2024-04-24,2024-03-31,True
KAMBI.ST,2024-Q2,2024-07-24,2024-06-30,True
KAMBI.ST,2024-Q3,2024-11-06,2024-09-30,True
KAMBI.ST,2024-Q4,2025-02-26,2024-12-31,True
KAMBI.ST,2025-Q1,2025-04-30,2025-03-31,True
KAMBI.ST,2025-Q2,2025-07-23,2025-06-30,True
KAMBI.ST,2025-Q3,2025-11-05,2025-09-30,True
KAMBI.ST,2025-Q4,2026-02-18,2025-12-31,True
KAMBI.ST,2026-Q1,2026-04-29,2026-03-31,True
KAMBI.ST,2026-Q2,2026-07-22,2026-06-30,True
KAMBI.ST,2018-Q3,,2018-09-30,True
KAMBI.ST,2018-Q4,,2018-12-31,True
KAMBI.ST,2019-Q1,,2019-03-31,True
KAMBI.ST,2019-Q2,,2019-06-30,True
KAMBI.ST,2019-Q3,,2019-09-30,True
KAMBI.ST,2019-Q4,,2019-12-31,True
KAMBI.ST,2020-Q1,,2020-03-31,True
KAMBI.ST,2020-Q2,,2020-06-30,True
KAMBI.ST,2020-Q3,,2020-09-30,True
KAMBI.ST,2020-Q4,,2020-12-31,True
KAMBI.ST,2021-Q1,,2021-03-31,True
KAMBI.ST,2021-Q2,,2021-06-30,True
KAMBI.ST,2021-Q3,,2021-09-30,True
KAMBI.ST,2021-Q4,,2021-12-31,True
KAMBI.ST,2022-Q1,,2022-03-31,True
KAMBI.ST,2022-Q2,,2022-06-30,True
KAMBI.ST,2022-Q3,,2022-09-30,True
KAMBI.ST,2022-Q4,,2022-12-31,True
KAMBI.ST,2023-Q1,,2023-03-31,True
KAMBI.ST,2023-Q2,,2023-06-30,True
KAMBI.ST,2023-Q4,,2023-12-31,True
KNOW.ST,2018-Q3,2018-10-25,2018-09-30,True
KNOW.ST,2018-Q4,2019-02-08,2018-12-31,True
KNOW.ST,2019-Q1,2019-04-26,2019-03-31,True
KNOW.ST,2019-Q2,2019-07-15,2019-06-30,True
KNOW.ST,2019-Q3,2019-10-23,2019-09-30,True
KNOW.ST,2019-Q4,2020-02-06,2019-12-31,True
KNOW.ST,2020-Q1,2020-04-27,2020-03-31,True
KNOW.ST,2020-Q2,2020-07-15,2020-06-30,True
KNOW.ST,2020-Q3,2020-10-22,2020-09-30,True
KNOW.ST,2020-Q4,2021-02-05,2020-12-31,True
KNOW.ST,2021-Q1,2021-04-29,2021-03-31,True
KNOW.ST,2021-Q2,2021-07-15,2021-06-30,True
KNOW.ST,2021-Q3,2021-10-22,2021-09-30,True
KNOW.ST,2021-Q4,2022-02-04,2021-12-31,True
KNOW.ST,2022-Q1,2022-05-02,2022-03-31,True
KNOW.ST,2022-Q2,2022-07-15,2022-06-30,True
KNOW.ST,2022-Q3,2022-10-25,2022-09-30,True
KNOW.ST,2022-Q4,2023-02-07,2022-12-31,True
KNOW.ST,2023-Q1,2023-05-03,2023-03-31,True
KNOW.ST,2023-Q2,2023-07-20,2023-06-30,True
KNOW.ST,2023-Q3,2023-10-25,2023-09-30,True
KNOW.ST,2023-Q4,2024-02-08,2023-12-31,True
KNOW.ST,2024-Q1,2024-05-03,2024-03-31,True
KNOW.ST,2024-Q2,2024-07-19,2024-06-30,True
KNOW.ST,2024-Q3,2024-10-25,2024-09-30,True
KNOW.ST,2024-Q4,2025-02-07,2024-12-31,True
KNOW.ST,2025-Q1,2025-04-29,2025-03-31,True
KNOW.ST,2025-Q2,2025-07-18,2025-06-30,True
KNOW.ST,2025-Q3,2025-10-24,2025-09-30,True
KNOW.ST,2025-Q4,2026-02-06,2025-12-31,True
KNOW.ST,2026-Q1,2026-04-29,2026-03-31,True
KNOW.ST,2026-Q2,2026-07-17,2026-06-30,True
LAGR-B.ST,2018-Q3,2018-10-23,2018-09-30,True
LAGR-B.ST,2018-Q4,2019-01-29,2018-12-31,True
LAGR-B.ST,2019-Q1,2019-05-09,2019-03-31,True
LAGR-B.ST,2019-Q2,2019-07-18,2019-06-30,True
LAGR-B.ST,2019-Q3,2019-10-23,2019-09-30,True
LAGR-B.ST,2019-Q4,2020-01-29,2019-12-31,True
LAGR-B.ST,2020-Q1,2020-05-13,2020-03-31,True
LAGR-B.ST,2020-Q2,2020-07-17,2020-06-30,True
LAGR-B.ST,2020-Q3,2020-10-23,2020-09-30,True
LAGR-B.ST,2020-Q4,2021-01-28,2020-12-31,True
LAGR-B.ST,2021-Q1,2021-05-11,2021-03-31,True
LAGR-B.ST,2021-Q2,2021-07-16,2021-06-30,True
LAGR-B.ST,2021-Q3,2021-10-22,2021-09-30,True
LAGR-B.ST,2021-Q4,2022-02-04,2021-12-31,True
LAGR-B.ST,2022-Q1,2022-05-17,2022-03-31,True
LAGR-B.ST,2022-Q2,2022-07-19,2022-06-30,True
LAGR-B.ST,2022-Q3,2022-10-25,2022-09-30,True
LAGR-B.ST,2022-Q4,2023-02-01,2022-12-31,True
LAGR-B.ST,2023-Q1,2023-05-16,2023-03-31,True
LAGR-B.ST,2023-Q2,2023-07-19,2023-06-30,True
LAGR-B.ST,2023-Q3,2023-10-25,2023-09-30,True
LAGR-B.ST,2023-Q4,2024-02-06,2023-12-31,True
LAGR-B.ST,2024-Q1,2024-05-17,2024-03-31,True
LAGR-B.ST,2024-Q2,2024-07-18,2024-06-30,True
LAGR-B.ST,2024-Q3,2024-10-25,2024-09-30,True
LAGR-B.ST,2024-Q4,2025-01-31,2024-12-31,True
LAGR-B.ST,2025-Q1,2025-05-20,2025-03-31,True
LAGR-B.ST,2025-Q2,2025-07-18,2025-06-30,True
LAGR-B.ST,2025-Q3,2025-10-24,2025-09-30,True
LAGR-B.ST,2025-Q4,2026-02-06,2025-12-31,True
LAGR-B.ST,2026-Q1,2026-05-19,2026-03-31,True
LAGR-B.ST,2026-Q2,2026-07-17,2026-06-30,True
LIFCO-B.ST,2018-Q3,2018-10-25,2018-09-30,True
LIFCO-B.ST,2018-Q4,2019-02-06,2018-12-31,True
LIFCO-B.ST,2019-Q1,2019-04-26,2019-03-31,True
LIFCO-B.ST,2019-Q2,2019-07-18,2019-06-30,True
LIFCO-B.ST,2019-Q3,2019-10-23,2019-09-30,True
LIFCO-B.ST,2019-Q4,2020-01-31,2019-12-31,True
LIFCO-B.ST,2020-Q1,2020-04-24,2020-03-31,True
LIFCO-B.ST,2020-Q2,2020-07-17,2020-06-30,True
LIFCO-B.ST,2020-Q3,2020-10-22,2020-09-30,True
LIFCO-B.ST,2020-Q4,2021-02-02,2020-12-31,True
LIFCO-B.ST,2021-Q1,2021-04-23,2021-03-31,True
LIFCO-B.ST,2021-Q2,2021-07-16,2021-06-30,True
LIFCO-B.ST,2021-Q3,2021-10-22,2021-09-30,True
LIFCO-B.ST,2021-Q4,2022-02-02,2021-12-31,True
LIFCO-B.ST,2022-Q1,2022-04-29,2022-03-31,True
LIFCO-B.ST,2022-Q2,2022-07-15,2022-06-30,True
LIFCO-B.ST,2022-Q3,2022-10-21,2022-09-30,True
LIFCO-B.ST,2022-Q4,2023-02-03,2022-12-31,True
LIFCO-B.ST,2023-Q1,2023-04-28,2023-03-31,True
LIFCO-B.ST,2023-Q2,2023-07-14,2023-06-30,True
LIFCO-B.ST,2023-Q3,2023-10-20,2023-09-30,True
LIFCO-B.ST,2023-Q4,2024-02-02,2023-12-31,True
LIFCO-B.ST,2024-Q1,2024-04-24,2024-03-31,True
LIFCO-B.ST,2024-Q2,2024-07-12,2024-06-30,True
LIFCO-B.ST,2024-Q3,2024-10-22,2024-09-30,True
LIFCO-B.ST,2024-Q4,2025-01-31,2024-12-31,True
LIFCO-B.ST,2025-Q1,2025-04-25,2025-03-31,True
LIFCO-B.ST,2025-Q2,2025-07-14,2025-06-30,True
LIFCO-B.ST,2025-Q3,2025-10-23,2025-09-30,True
LIFCO-B.ST,2025-Q4,2026-01-30,2025-12-31,True
LIFCO-B.ST,2026-Q1,2026-04-24,2026-03-31,True
LIFCO-B.ST,2026-Q2,2026-07-14,2026-06-30,True
LIME.ST,2019-Q2,2019-07-19,2019-06-30,True
LIME.ST,2019-Q3,2019-10-25,2019-09-30,True
LIME.ST,2019-Q4,2020-02-13,2019-12-31,True
LIME.ST,2020-Q1,2020-04-28,2020-03-31,True
LIME.ST,2020-Q2,2020-07-17,2020-06-30,True
LIME.ST,2020-Q3,2020-10-22,2020-09-30,True
LIME.ST,2020-Q4,2021-02-16,2020-12-31,True
LIME.ST,2021-Q1,2021-04-27,2021-03-31,True
LIME.ST,2021-Q2,2021-07-16,2021-06-30,True
LIME.ST,2021-Q3,2021-10-21,2021-09-30,True
LIME.ST,2021-Q4,2022-02-16,2021-12-31,True
LIME.ST,2022-Q1,2022-04-26,2022-03-31,True
LIME.ST,2022-Q2,2022-07-15,2022-06-30,True
LIME.ST,2022-Q3,2022-10-20,2022-09-30,True
LIME.ST,2022-Q4,2023-02-16,2022-12-31,True
LIME.ST,2023-Q1,2023-04-26,2023-03-31,True
LIME.ST,2023-Q2,2023-07-14,2023-06-30,True
LIME.ST,2023-Q3,2023-10-19,2023-09-30,True
LIME.ST,2023-Q4,2024-02-14,2023-12-31,True
LIME.ST,2024-Q1,2024-04-25,2024-03-31,True
LIME.ST,2024-Q2,2024-07-12,2024-06-30,True
LIME.ST,2024-Q3,2024-10-23,2024-09-30,True
LIME.ST,2024-Q4,2025-02-12,2024-12-31,True
LIME.ST,2025-Q1,2025-04-24,2025-03-31,True
LIME.ST,2025-Q2,2025-07-11,2025-06-30,True
LIME.ST,2025-Q3,2025-10-21,2025-09-30,True
LIME.ST,2025-Q4,2026-02-12,2025-12-31,True
LIME.ST,2026-Q1,2026-04-21,2026-03-31,True
LIME.ST,2026-Q2,2026-07-14,2026-06-30,True
LOOMIS.ST,2020-Q2,2020-07-24,2020-06-30,True
LOOMIS.ST,2020-Q3,2020-11-05,2020-09-30,True
LOOMIS.ST,2020-Q4,2021-02-03,2020-12-31,True
LOOMIS.ST,2021-Q1,2021-05-06,2021-03-31,True
LOOMIS.ST,2021-Q2,2021-07-23,2021-06-30,True
LOOMIS.ST,2021-Q3,2021-11-03,2021-09-30,True
LOOMIS.ST,2021-Q4,2022-02-03,2021-12-31,True
LOOMIS.ST,2022-Q1,2022-05-04,2022-03-31,True
LOOMIS.ST,2022-Q2,2022-07-22,2022-06-30,True
LOOMIS.ST,2022-Q3,2022-10-28,2022-09-30,True
LOOMIS.ST,2022-Q4,2023-02-02,2022-12-31,True
LOOMIS.ST,2023-Q1,2023-05-04,2023-03-31,True
LOOMIS.ST,2023-Q2,2023-07-21,2023-06-30,True
LOOMIS.ST,2023-Q3,2023-10-26,2023-09-30,True
LOOMIS.ST,2023-Q4,2024-01-31,2023-12-31,True
LOOMIS.ST,2024-Q1,2024-05-06,2024-03-31,True
LOOMIS.ST,2024-Q2,2024-07-24,2024-06-30,True
LOOMIS.ST,2024-Q3,2024-10-29,2024-09-30,True
LOOMIS.ST,2024-Q4,2025-02-05,2024-12-31,True
LOOMIS.ST,2025-Q1,2025-05-07,2025-03-31,True
LOOMIS.ST,2025-Q2,2025-07-25,2025-06-30,True
LOOMIS.ST,2025-Q3,2025-10-31,2025-09-30,True
LOOMIS.ST,2025-Q4,2026-02-04,2025-12-31,True
LOOMIS.ST,2026-Q1,2026-05-07,2026-03-31,True
LOOMIS.ST,2026-Q2,2026-07-24,2026-06-30,True
LUMI.ST,2023-Q3,2023-11-01,2023-09-30,True
LUMI.ST,2023-Q4,2024-02-22,2023-12-31,True
LUMI.ST,2024-Q1,2024-05-01,2024-03-31,True
LUMI.ST,2024-Q2,2024-07-30,2024-06-30,True
LUMI.ST,2024-Q3,2024-11-06,2024-09-30,True
LUMI.ST,2024-Q4,2025-02-20,2024-12-31,True
LUMI.ST,2025-Q1,2025-05-08,2025-03-31,True
LUMI.ST,2025-Q2,2025-08-06,2025-06-30,True
LUMI.ST,2025-Q3,2025-11-06,2025-09-30,True
LUMI.ST,2025-Q4,2026-02-20,2025-12-31,True
LUMI.ST,2026-Q1,2026-05-06,2026-03-31,True
LUMI.ST,2026-Q2,2026-08-06,2026-06-30,True
LUMI.ST,2018-Q3,,2018-09-30,True
LUMI.ST,2018-Q4,,2018-12-31,True
LUMI.ST,2019-Q1,,2019-03-31,True
LUMI.ST,2019-Q2,,2019-06-30,True
LUMI.ST,2019-Q3,,2019-09-30,True
LUMI.ST,2019-Q4,,2019-12-31,True
LUMI.ST,2020-Q1,,2020-03-31,True
LUMI.ST,2020-Q2,,2020-06-30,True
LUMI.ST,2020-Q3,,2020-09-30,True
LUMI.ST,2020-Q4,,2020-12-31,True
LUMI.ST,2021-Q1,,2021-03-31,True
LUMI.ST,2021-Q2,,2021-06-30,True
LUMI.ST,2021-Q3,,2021-09-30,True
LUMI.ST,2021-Q4,,2021-12-31,True
LUMI.ST,2022-Q1,,2022-03-31,True
LUMI.ST,2022-Q2,,2022-06-30,True
LUMI.ST,2022-Q3,,2022-09-30,True
LUMI.ST,2022-Q4,,2022-12-31,True
LUMI.ST,2023-Q1,,2023-03-31,True
LUMI.ST,2023-Q2,,2023-06-30,True
MCAP.ST,2018-Q4,2019-02-15,2018-12-31,True
MCAP.ST,2019-Q1,2019-05-10,2019-03-31,True
MCAP.ST,2019-Q2,2019-08-09,2019-06-30,True
MCAP.ST,2019-Q3,2019-10-31,2019-09-30,True
MCAP.ST,2019-Q4,2020-02-17,2019-12-31,True
MCAP.ST,2020-Q1,2020-05-08,2020-03-31,True
MCAP.ST,2020-Q2,2020-08-19,2020-06-30,True
MCAP.ST,2020-Q3,2020-10-30,2020-09-30,True
MCAP.ST,2020-Q4,2021-02-19,2020-12-31,True
MCAP.ST,2021-Q1,2021-05-07,2021-03-31,True
MCAP.ST,2021-Q2,2021-07-30,2021-06-30,True
MCAP.ST,2021-Q3,2021-10-29,2021-09-30,True
MCAP.ST,2021-Q4,2022-02-10,2021-12-31,True
MCAP.ST,2022-Q1,2022-05-06,2022-03-31,True
MCAP.ST,2022-Q2,2022-07-29,2022-06-30,True
MCAP.ST,2022-Q3,2022-10-28,2022-09-30,True
MCAP.ST,2022-Q4,2023-02-10,2022-12-31,True
MCAP.ST,2023-Q1,2023-05-03,2023-03-31,True
MCAP.ST,2023-Q2,2023-07-28,2023-06-30,True
MCAP.ST,2023-Q3,2023-10-27,2023-09-30,True
MCAP.ST,2023-Q4,2024-01-31,2023-12-31,True
MCAP.ST,2024-Q1,2024-05-03,2024-03-31,True
MCAP.ST,2024-Q2,2024-07-24,2024-06-30,True
MCAP.ST,2024-Q3,2024-10-25,2024-09-30,True
MCAP.ST,2024-Q4,2025-01-31,2024-12-31,True
MCAP.ST,2025-Q1,2025-04-29,2025-03-31,True
MCAP.ST,2025-Q2,2025-07-23,2025-06-30,True
MCAP.ST,2025-Q3,2025-10-24,2025-09-30,True
MCAP.ST,2025-Q4,2026-02-06,2025-12-31,True
MCAP.ST,2026-Q1,2026-04-29,2026-03-31,True
MCAP.ST,2026-Q2,2026-07-21,2026-06-30,True
MCOV-B.ST,2024-Q1,2024-04-26,2024-03-31,True
MCOV-B.ST,2024-Q2,2024-07-25,2024-06-30,True
MCOV-B.ST,2024-Q3,2024-10-30,2024-09-30,True
MCOV-B.ST,2024-Q4,2025-02-12,2024-12-31,True
MCOV-B.ST,2025-Q1,2025-04-29,2025-03-31,True
MCOV-B.ST,2025-Q2,2025-07-24,2025-06-30,True
MCOV-B.ST,2025-Q3,2025-11-05,2025-09-30,True
MCOV-B.ST,2025-Q4,2026-02-10,2025-12-31,True
MCOV-B.ST,2026-Q1,2026-04-29,2026-03-31,True
MCOV-B.ST,2026-Q2,2026-07-22,2026-06-30,True
MCOV-B.ST,2018-Q3,,2018-09-30,True
MCOV-B.ST,2018-Q4,,2018-12-31,True
MCOV-B.ST,2019-Q1,,2019-03-31,True
MCOV-B.ST,2019-Q2,,2019-06-30,True
MCOV-B.ST,2019-Q3,,2019-09-30,True
MCOV-B.ST,2019-Q4,,2019-12-31,True
MCOV-B.ST,2020-Q1,,2020-03-31,True
MCOV-B.ST,2020-Q2,,2020-06-30,True
MCOV-B.ST,2020-Q3,,2020-09-30,True
MCOV-B.ST,2020-Q4,,2020-12-31,True
MCOV-B.ST,2021-Q1,,2021-03-31,True
MCOV-B.ST,2021-Q2,,2021-06-30,True
MCOV-B.ST,2021-Q3,,2021-09-30,True
MCOV-B.ST,2021-Q4,,2021-12-31,True
MCOV-B.ST,2022-Q1,,2022-03-31,True
MCOV-B.ST,2022-Q2,,2022-06-30,True
MCOV-B.ST,2022-Q3,,2022-09-30,True
MCOV-B.ST,2022-Q4,,2022-12-31,True
MCOV-B.ST,2023-Q1,,2023-03-31,True
MCOV-B.ST,2023-Q2,,2023-06-30,True
MCOV-B.ST,2023-Q3,,2023-09-30,True
MCOV-B.ST,2023-Q4,,2023-12-31,True
MSAB-B.ST,2018-Q3,2018-10-26,2018-09-30,True
MSAB-B.ST,2018-Q4,2019-02-01,2018-12-31,True
MSAB-B.ST,2019-Q1,2019-04-24,2019-03-31,True
MSAB-B.ST,2019-Q2,2019-07-19,2019-06-30,True
MSAB-B.ST,2019-Q3,2019-10-23,2019-09-30,True
MSAB-B.ST,2019-Q4,2020-01-29,2019-12-31,True
MSAB-B.ST,2020-Q1,2020-04-29,2020-03-31,True
MSAB-B.ST,2020-Q2,2020-07-22,2020-06-30,True
MSAB-B.ST,2020-Q3,2020-10-28,2020-09-30,True
MSAB-B.ST,2020-Q4,2021-01-27,2020-12-31,True
MSAB-B.ST,2021-Q1,2021-04-29,2021-03-31,True
MSAB-B.ST,2021-Q2,2021-07-22,2021-06-30,True
MSAB-B.ST,2021-Q3,2021-10-28,2021-09-30,True
MSAB-B.ST,2021-Q4,2022-01-27,2021-12-31,True
MSAB-B.ST,2022-Q1,2022-04-28,2022-03-31,True
MSAB-B.ST,2022-Q2,2022-07-22,2022-06-30,True
MSAB-B.ST,2022-Q3,2022-10-26,2022-09-30,True
MSAB-B.ST,2022-Q4,2023-01-27,2022-12-31,True
MSAB-B.ST,2023-Q1,2023-04-27,2023-03-31,True
MSAB-B.ST,2023-Q2,2023-07-20,2023-06-30,True
MSAB-B.ST,2023-Q3,2023-10-26,2023-09-30,True
MSAB-B.ST,2023-Q4,2024-01-25,2023-12-31,True
MSAB-B.ST,2024-Q1,2024-04-30,2024-03-31,True
MSAB-B.ST,2024-Q2,2024-07-19,2024-06-30,True
MSAB-B.ST,2024-Q3,2024-10-29,2024-09-30,True
MSAB-B.ST,2024-Q4,2025-01-28,2024-12-31,True
MSAB-B.ST,2025-Q1,2025-04-29,2025-03-31,True
MSAB-B.ST,2025-Q2,2025-07-18,2025-06-30,True
MSAB-B.ST,2025-Q3,2025-10-28,2025-09-30,True
MSAB-B.ST,2025-Q4,2026-01-27,2025-12-31,True
MSAB-B.ST,2026-Q1,2026-04-28,2026-03-31,True
MSAB-B.ST,2026-Q2,2026-07-16,2026-06-30,True
MTG-B.ST,2018-Q3,2018-10-23,2018-09-30,True
MTG-B.ST,2018-Q4,2019-02-05,2018-12-31,True
MTG-B.ST,2019-Q1,2019-05-09,2019-03-31,True
MTG-B.ST,2019-Q2,2019-07-22,2019-06-30,True
MTG-B.ST,2019-Q3,2019-10-29,2019-09-30,True
MTG-B.ST,2019-Q4,2020-02-06,2019-12-31,True
MTG-B.ST,2020-Q1,2020-04-28,2020-03-31,True
MTG-B.ST,2020-Q2,2020-07-23,2020-06-30,True
MTG-B.ST,2020-Q3,2020-11-04,2020-09-30,True
MTG-B.ST,2020-Q4,2021-02-25,2020-12-31,True
MTG-B.ST,2021-Q1,2021-04-29,2021-03-31,True
MTG-B.ST,2021-Q2,2021-07-20,2021-06-30,True
MTG-B.ST,2021-Q3,2021-10-28,2021-09-30,True
MTG-B.ST,2021-Q4,2022-02-07,2021-12-31,True
MTG-B.ST,2022-Q1,2022-04-27,2022-03-31,True
MTG-B.ST,2022-Q2,2022-07-20,2022-06-30,True
MTG-B.ST,2022-Q3,2022-10-26,2022-09-30,True
MTG-B.ST,2022-Q4,2023-02-09,2022-12-31,True
MTG-B.ST,2023-Q1,2023-04-26,2023-03-31,True
MTG-B.ST,2023-Q2,2023-07-20,2023-06-30,True
MTG-B.ST,2023-Q3,2023-10-25,2023-09-30,True
MTG-B.ST,2023-Q4,2024-02-08,2023-12-31,True
MTG-B.ST,2024-Q1,2024-04-24,2024-03-31,True
MTG-B.ST,2024-Q2,2024-07-18,2024-06-30,True
MTG-B.ST,2024-Q3,2024-10-24,2024-09-30,True
MTG-B.ST,2024-Q4,2025-02-06,2024-12-31,True
MTG-B.ST,2025-Q1,2025-04-29,2025-03-31,True
MTG-B.ST,2025-Q2,2025-07-18,2025-06-30,True
MTG-B.ST,2025-Q3,2025-11-13,2025-09-30,True
MTG-B.ST,2025-Q4,2026-02-05,2025-12-31,True
MTG-B.ST,2026-Q1,2026-04-29,2026-03-31,True
MTG-B.ST,2026-Q2,2026-07-21,2026-06-30,True
MTRS.ST,2018-Q3,2018-10-25,2018-09-30,True
MTRS.ST,2018-Q4,2019-02-13,2018-12-31,True
MTRS.ST,2019-Q1,2019-04-24,2019-03-31,True
MTRS.ST,2019-Q2,2019-07-18,2019-06-30,True
MTRS.ST,2019-Q3,2019-10-24,2019-09-30,True
MTRS.ST,2019-Q4,2020-02-13,2019-12-31,True
MTRS.ST,2020-Q1,2020-04-23,2020-03-31,True
MTRS.ST,2020-Q2,2020-07-17,2020-06-30,True
MTRS.ST,2020-Q3,2020-10-22,2020-09-30,True
MTRS.ST,2020-Q4,2021-02-04,2020-12-31,True
MTRS.ST,2021-Q1,2021-04-22,2021-03-31,True
MTRS.ST,2021-Q2,2021-07-16,2021-06-30,True
MTRS.ST,2021-Q3,2021-10-22,2021-09-30,True
MTRS.ST,2021-Q4,2022-02-04,2021-12-31,True
MTRS.ST,2022-Q1,2022-04-22,2022-03-31,True
MTRS.ST,2022-Q2,2022-07-15,2022-06-30,True
MTRS.ST,2022-Q3,2022-10-21,2022-09-30,True
MTRS.ST,2022-Q4,2023-02-09,2022-12-31,True
MTRS.ST,2023-Q1,2023-04-21,2023-03-31,True
MTRS.ST,2023-Q2,2023-07-18,2023-06-30,True
MTRS.ST,2023-Q3,2023-10-24,2023-09-30,True
MTRS.ST,2023-Q4,2024-01-22,2023-12-31,True
MTRS.ST,2024-Q1,2024-04-24,2024-03-31,True
MTRS.ST,2024-Q2,2024-07-17,2024-06-30,True
MTRS.ST,2024-Q3,2024-10-22,2024-09-30,True
MTRS.ST,2024-Q4,2025-02-05,2024-12-31,True
MTRS.ST,2025-Q1,2025-04-29,2025-03-31,True
MTRS.ST,2025-Q2,2025-07-18,2025-06-30,True
MTRS.ST,2025-Q3,2025-10-24,2025-09-30,True
MTRS.ST,2025-Q4,2026-01-29,2025-12-31,True
MTRS.ST,2026-Q1,2026-04-28,2026-03-31,True
MTRS.ST,2026-Q2,2026-07-17,2026-06-30,True
MYCR.ST,2018-Q3,2018-10-24,2018-09-30,True
MYCR.ST,2018-Q4,2019-02-07,2018-12-31,True
MYCR.ST,2019-Q1,2019-04-25,2019-03-31,True
MYCR.ST,2019-Q2,2019-07-17,2019-06-30,True
MYCR.ST,2019-Q3,2019-10-24,2019-09-30,True
MYCR.ST,2019-Q4,2020-02-06,2019-12-31,True
MYCR.ST,2020-Q1,2020-04-23,2020-03-31,True
MYCR.ST,2020-Q2,2020-07-16,2020-06-30,True
MYCR.ST,2020-Q3,2020-10-22,2020-09-30,True
MYCR.ST,2020-Q4,2021-02-10,2020-12-31,True
MYCR.ST,2021-Q1,2021-04-22,2021-03-31,True
MYCR.ST,2021-Q2,2021-07-15,2021-06-30,True
MYCR.ST,2021-Q3,2021-10-21,2021-09-30,True
MYCR.ST,2021-Q4,2022-02-09,2021-12-31,True
MYCR.ST,2022-Q1,2022-04-21,2022-03-31,True
MYCR.ST,2022-Q2,2022-07-14,2022-06-30,True
MYCR.ST,2022-Q3,2022-10-20,2022-09-30,True
MYCR.ST,2022-Q4,2023-02-10,2022-12-31,True
MYCR.ST,2023-Q1,2023-04-27,2023-03-31,True
MYCR.ST,2023-Q2,2023-07-14,2023-06-30,True
MYCR.ST,2023-Q3,2023-10-19,2023-09-30,True
MYCR.ST,2023-Q4,2024-02-08,2023-12-31,True
MYCR.ST,2024-Q1,2024-04-18,2024-03-31,True
MYCR.ST,2024-Q2,2024-07-12,2024-06-30,True
MYCR.ST,2024-Q3,2024-10-24,2024-09-30,True
MYCR.ST,2024-Q4,2025-02-06,2024-12-31,True
MYCR.ST,2025-Q1,2025-04-25,2025-03-31,True
MYCR.ST,2025-Q2,2025-07-11,2025-06-30,True
MYCR.ST,2025-Q3,2025-10-23,2025-09-30,True
MYCR.ST,2025-Q4,2026-02-05,2025-12-31,True
MYCR.ST,2026-Q1,2026-04-24,2026-03-31,True
MYCR.ST,2026-Q2,2026-07-14,2026-06-30,True
NDA-SE.ST,2023-Q3,2023-10-19,2023-09-30,True
NDA-SE.ST,2023-Q4,2024-02-05,2023-12-31,True
NDA-SE.ST,2024-Q1,2024-04-18,2024-03-31,True
NDA-SE.ST,2024-Q2,2024-07-15,2024-06-30,True
NDA-SE.ST,2024-Q3,2024-10-17,2024-09-30,True
NDA-SE.ST,2024-Q4,2025-01-30,2024-12-31,True
NDA-SE.ST,2025-Q1,2025-04-16,2025-03-31,True
NDA-SE.ST,2025-Q2,2025-07-17,2025-06-30,True
NDA-SE.ST,2025-Q3,2025-10-16,2025-09-30,True
NDA-SE.ST,2025-Q4,2026-01-29,2025-12-31,True
NDA-SE.ST,2026-Q1,2026-04-22,2026-03-31,True
NDA-SE.ST,2026-Q2,2026-07-16,2026-06-30,True
NDA-SE.ST,2018-Q3,,2018-09-30,True
NDA-SE.ST,2018-Q4,,2018-12-31,True
NDA-SE.ST,2019-Q1,,2019-03-31,True
NDA-SE.ST,2019-Q2,,2019-06-30,True
NDA-SE.ST,2019-Q3,,2019-09-30,True
NDA-SE.ST,2019-Q4,,2019-12-31,True
NDA-SE.ST,2020-Q1,,2020-03-31,True
NDA-SE.ST,2020-Q2,,2020-06-30,True
NDA-SE.ST,2020-Q3,,2020-09-30,True
NDA-SE.ST,2020-Q4,,2020-12-31,True
NDA-SE.ST,2021-Q1,,2021-03-31,True
NDA-SE.ST,2021-Q2,,2021-06-30,True
NDA-SE.ST,2021-Q3,,2021-09-30,True
NDA-SE.ST,2021-Q4,,2021-12-31,True
NDA-SE.ST,2022-Q1,,2022-03-31,True
NDA-SE.ST,2022-Q2,,2022-06-30,True
NDA-SE.ST,2022-Q3,,2022-09-30,True
NDA-SE.ST,2022-Q4,,2022-12-31,True
NDA-SE.ST,2023-Q1,,2023-03-31,True
NDA-SE.ST,2023-Q2,,2023-06-30,True
NEWA-B.ST,2018-Q3,2018-11-08,2018-09-30,True
NEWA-B.ST,2018-Q4,2019-02-07,2018-12-31,True
NEWA-B.ST,2019-Q1,2019-04-25,2019-03-31,True
NEWA-B.ST,2019-Q2,2019-08-20,2019-06-30,True
NEWA-B.ST,2019-Q3,2019-11-07,2019-09-30,True
NEWA-B.ST,2019-Q4,2020-02-06,2019-12-31,True
NEWA-B.ST,2020-Q1,2020-04-22,2020-03-31,True
NEWA-B.ST,2020-Q2,2020-08-20,2020-06-30,True
NEWA-B.ST,2020-Q3,2020-11-06,2020-09-30,True
NEWA-B.ST,2020-Q4,2021-02-11,2020-12-31,True
NEWA-B.ST,2021-Q1,2021-04-27,2021-03-31,True
NEWA-B.ST,2021-Q2,2021-08-17,2021-06-30,True
NEWA-B.ST,2021-Q3,2021-11-05,2021-09-30,True
NEWA-B.ST,2021-Q4,2022-02-10,2021-12-31,True
NEWA-B.ST,2022-Q1,2022-04-26,2022-03-31,True
NEWA-B.ST,2022-Q2,2022-08-17,2022-06-30,True
NEWA-B.ST,2022-Q3,2022-11-08,2022-09-30,True
NEWA-B.ST,2022-Q4,2023-02-10,2022-12-31,True
NEWA-B.ST,2023-Q1,2023-04-26,2023-03-31,True
NEWA-B.ST,2023-Q2,2023-08-16,2023-06-30,True
NEWA-B.ST,2023-Q3,2023-11-07,2023-09-30,True
NEWA-B.ST,2023-Q4,2024-02-08,2023-12-31,True
NEWA-B.ST,2024-Q1,2024-04-25,2024-03-31,True
NEWA-B.ST,2024-Q2,2024-08-15,2024-06-30,True
NEWA-B.ST,2024-Q3,2024-11-07,2024-09-30,True
NEWA-B.ST,2024-Q4,2025-02-06,2024-12-31,True
NEWA-B.ST,2025-Q1,2025-04-24,2025-03-31,True
NEWA-B.ST,2025-Q2,2025-08-14,2025-06-30,True
NEWA-B.ST,2025-Q3,2025-11-07,2025-09-30,True
NEWA-B.ST,2025-Q4,2026-02-05,2025-12-31,True
NEWA-B.ST,2026-Q1,2026-04-23,2026-03-31,True
NEWA-B.ST,2026-Q2,2026-08-20,2026-06-30,True
NIBE-B.ST,2018-Q3,2018-11-16,2018-09-30,True
NIBE-B.ST,2018-Q4,2019-02-15,2018-12-31,True
NIBE-B.ST,2019-Q1,2019-05-14,2019-03-31,True
NIBE-B.ST,2019-Q2,2019-08-16,2019-06-30,True
NIBE-B.ST,2019-Q3,2019-11-15,2019-09-30,True
NIBE-B.ST,2019-Q4,2020-02-13,2019-12-31,True
NIBE-B.ST,2020-Q1,2020-05-14,2020-03-31,True
NIBE-B.ST,2020-Q2,2020-08-19,2020-06-30,True
NIBE-B.ST,2020-Q3,2020-11-18,2020-09-30,True
NIBE-B.ST,2020-Q4,2021-02-17,2020-12-31,True
NIBE-B.ST,2021-Q1,2021-05-11,2021-03-31,True
NIBE-B.ST,2021-Q2,2021-08-19,2021-06-30,True
NIBE-B.ST,2021-Q3,2021-11-17,2021-09-30,True
NIBE-B.ST,2021-Q4,2022-02-17,2021-12-31,True
NIBE-B.ST,2022-Q1,2022-05-17,2022-03-31,True
NIBE-B.ST,2022-Q2,2022-08-18,2022-06-30,True
NIBE-B.ST,2022-Q3,2022-11-16,2022-09-30,True
NIBE-B.ST,2022-Q4,2023-02-15,2022-12-31,True
NIBE-B.ST,2023-Q1,2023-05-16,2023-03-31,True
NIBE-B.ST,2023-Q2,2023-08-17,2023-06-30,True
NIBE-B.ST,2023-Q3,2023-11-15,2023-09-30,True
NIBE-B.ST,2023-Q4,2024-02-16,2023-12-31,True
NIBE-B.ST,2024-Q1,2024-05-16,2024-03-31,True
NIBE-B.ST,2024-Q2,2024-08-16,2024-06-30,True
NIBE-B.ST,2024-Q3,2024-11-15,2024-09-30,True
NIBE-B.ST,2024-Q4,2025-02-14,2024-12-31,True
NIBE-B.ST,2025-Q1,2025-05-15,2025-03-31,True
NIBE-B.ST,2025-Q2,2025-08-22,2025-06-30,True
NIBE-B.ST,2025-Q3,2025-11-14,2025-09-30,True
NIBE-B.ST,2025-Q4,2026-02-12,2025-12-31,True
NIBE-B.ST,2026-Q1,2026-05-19,2026-03-31,True
NIBE-B.ST,2026-Q2,2026-08-21,2026-06-30,True
NMAN.ST,2018-Q3,2018-10-18,2018-09-30,True
NMAN.ST,2018-Q4,2019-02-19,2018-12-31,True
NMAN.ST,2019-Q1,2019-04-17,2019-03-31,True
NMAN.ST,2019-Q2,2019-07-12,2019-06-30,True
NMAN.ST,2019-Q3,2019-10-17,2019-09-30,True
NMAN.ST,2019-Q4,2020-02-14,2019-12-31,True
NMAN.ST,2020-Q1,2020-04-21,2020-03-31,True
NMAN.ST,2020-Q2,2020-07-17,2020-06-30,True
NMAN.ST,2020-Q3,2020-10-23,2020-09-30,True
NMAN.ST,2020-Q4,2021-02-12,2020-12-31,True
NMAN.ST,2021-Q1,2021-04-22,2021-03-31,True
NMAN.ST,2021-Q2,2021-07-15,2021-06-30,True
NMAN.ST,2021-Q3,2021-10-22,2021-09-30,True
NMAN.ST,2021-Q4,2022-02-15,2021-12-31,True
NMAN.ST,2022-Q1,2022-04-22,2022-03-31,True
NMAN.ST,2022-Q2,2022-07-15,2022-06-30,True
NMAN.ST,2022-Q3,2022-10-24,2022-09-30,True
NMAN.ST,2022-Q4,2023-02-16,2022-12-31,True
NMAN.ST,2023-Q1,2023-04-24,2023-03-31,True
NMAN.ST,2023-Q2,2023-07-14,2023-06-30,True
NMAN.ST,2023-Q3,2023-10-23,2023-09-30,True
NMAN.ST,2023-Q4,2024-02-15,2023-12-31,True
NMAN.ST,2024-Q1,2024-04-25,2024-03-31,True
NMAN.ST,2024-Q2,2024-07-12,2024-06-30,True
NMAN.ST,2024-Q3,2024-10-22,2024-09-30,True
NMAN.ST,2024-Q4,2025-02-13,2024-12-31,True
NMAN.ST,2025-Q1,2025-04-25,2025-03-31,True
NMAN.ST,2025-Q2,2025-07-15,2025-06-30,True
NMAN.ST,2025-Q3,2025-10-23,2025-09-30,True
NMAN.ST,2025-Q4,2026-02-12,2025-12-31,True
NMAN.ST,2026-Q1,2026-04-17,2026-03-31,True
NMAN.ST,2026-Q2,2026-07-16,2026-06-30,True
NOLA-B.ST,2018-Q3,2018-10-24,2018-09-30,True
NOLA-B.ST,2018-Q4,2019-02-12,2018-12-31,True
NOLA-B.ST,2019-Q1,2019-05-08,2019-03-31,True
NOLA-B.ST,2019-Q2,2019-07-18,2019-06-30,True
NOLA-B.ST,2019-Q3,2019-10-23,2019-09-30,True
NOLA-B.ST,2019-Q4,2020-02-10,2019-12-31,True
NOLA-B.ST,2020-Q1,2020-05-04,2020-03-31,True
NOLA-B.ST,2020-Q2,2020-07-17,2020-06-30,True
NOLA-B.ST,2020-Q3,2020-10-23,2020-09-30,True
NOLA-B.ST,2020-Q4,2021-02-10,2020-12-31,True
NOLA-B.ST,2021-Q1,2021-05-04,2021-03-31,True
NOLA-B.ST,2021-Q2,2021-07-20,2021-06-30,True
NOLA-B.ST,2021-Q3,2021-10-28,2021-09-30,True
NOLA-B.ST,2021-Q4,2022-02-07,2021-12-31,True
NOLA-B.ST,2022-Q1,2022-05-03,2022-03-31,True
NOLA-B.ST,2022-Q2,2022-07-20,2022-06-30,True
NOLA-B.ST,2022-Q3,2022-10-27,2022-09-30,True
NOLA-B.ST,2022-Q4,2023-02-08,2022-12-31,True
NOLA-B.ST,2023-Q1,2023-05-03,2023-03-31,True
NOLA-B.ST,2023-Q2,2023-07-20,2023-06-30,True
NOLA-B.ST,2023-Q3,2023-10-26,2023-09-30,True
NOLA-B.ST,2023-Q4,2024-02-06,2023-12-31,True
NOLA-B.ST,2024-Q1,2024-05-06,2024-03-31,True
NOLA-B.ST,2024-Q2,2024-07-18,2024-06-30,True
NOLA-B.ST,2024-Q3,2024-10-25,2024-09-30,True
NOLA-B.ST,2024-Q4,2025-02-07,2024-12-31,True
NOLA-B.ST,2025-Q1,2025-05-06,2025-03-31,True
NOLA-B.ST,2025-Q2,2025-07-18,2025-06-30,True
NOLA-B.ST,2025-Q3,2025-10-28,2025-09-30,True
NOLA-B.ST,2025-Q4,2026-02-05,2025-12-31,True
NOLA-B.ST,2026-Q1,2026-05-06,2026-03-31,True
NOLA-B.ST,2026-Q2,2026-07-17,2026-06-30,True
NORION.ST,2018-Q3,2018-10-25,2018-09-30,True
NORION.ST,2018-Q4,2019-02-12,2018-12-31,True
NORION.ST,2019-Q1,2019-04-25,2019-03-31,True
NORION.ST,2019-Q2,2019-07-18,2019-06-30,True
NORION.ST,2019-Q3,2019-10-24,2019-09-30,True
NORION.ST,2019-Q4,2020-02-13,2019-12-31,True
NORION.ST,2020-Q1,2020-05-05,2020-03-31,True
NORION.ST,2020-Q2,2020-07-16,2020-06-30,True
NORION.ST,2020-Q3,2020-10-22,2020-09-30,True
NORION.ST,2020-Q4,2021-02-12,2020-12-31,True
NORION.ST,2021-Q1,2021-04-27,2021-03-31,True
NORION.ST,2021-Q2,2021-07-15,2021-06-30,True
NORION.ST,2021-Q3,2021-10-21,2021-09-30,True
NORION.ST,2021-Q4,2022-02-24,2021-12-31,True
NORION.ST,2022-Q1,2022-04-26,2022-03-31,True
NORION.ST,2022-Q2,2022-07-14,2022-06-30,True
NORION.ST,2022-Q3,2022-10-21,2022-09-30,True
NORION.ST,2022-Q4,2023-02-08,2022-12-31,True
NORION.ST,2023-Q1,2023-04-25,2023-03-31,True
NORION.ST,2023-Q2,2023-07-13,2023-06-30,True
NORION.ST,2023-Q3,2023-10-20,2023-09-30,True
NORION.ST,2023-Q4,2024-02-07,2023-12-31,True
NORION.ST,2024-Q1,2024-04-23,2024-03-31,True
NORION.ST,2024-Q2,2024-07-12,2024-06-30,True
NORION.ST,2024-Q3,2024-10-18,2024-09-30,True
NORION.ST,2024-Q4,2025-02-05,2024-12-31,True
NORION.ST,2025-Q1,2025-04-24,2025-03-31,True
NORION.ST,2025-Q2,2025-07-14,2025-06-30,True
NORION.ST,2025-Q3,2025-10-17,2025-09-30,True
NORION.ST,2025-Q4,2026-02-05,2025-12-31,True
NORION.ST,2026-Q1,2026-04-23,2026-03-31,True
NORION.ST,2026-Q2,2026-07-14,2026-06-30,True
PACT.ST,2018-Q3,2018-10-18,2018-09-30,True
PACT.ST,2018-Q4,2019-02-06,2018-12-31,True
PACT.ST,2019-Q1,2019-04-25,2019-03-31,True
PACT.ST,2019-Q2,2019-07-11,2019-06-30,True
PACT.ST,2019-Q3,2019-10-17,2019-09-30,True
PACT.ST,2019-Q4,2020-02-06,2019-12-31,True
PACT.ST,2020-Q1,2020-04-24,2020-03-31,True
PACT.ST,2020-Q2,2020-07-15,2020-06-30,True
PACT.ST,2020-Q3,2020-10-23,2020-09-30,True
PACT.ST,2020-Q4,2021-02-11,2020-12-31,True
PACT.ST,2021-Q1,2021-04-22,2021-03-31,True
PACT.ST,2021-Q2,2021-07-14,2021-06-30,True
PACT.ST,2021-Q3,2021-10-21,2021-09-30,True
PACT.ST,2021-Q4,2022-02-10,2021-12-31,True
PACT.ST,2022-Q1,2022-04-26,2022-03-31,True
PACT.ST,2022-Q2,2022-07-14,2022-06-30,True
PACT.ST,2022-Q3,2022-10-25,2022-09-30,True
PACT.ST,2022-Q4,2023-02-09,2022-12-31,True
PACT.ST,2023-Q1,2023-05-04,2023-03-31,True
PACT.ST,2023-Q2,2023-07-14,2023-06-30,True
PACT.ST,2023-Q3,2023-10-27,2023-09-30,True
PACT.ST,2023-Q4,2024-02-08,2023-12-31,True
PACT.ST,2024-Q1,2024-05-07,2024-03-31,True
PACT.ST,2024-Q2,2024-07-12,2024-06-30,True
PACT.ST,2024-Q3,2024-10-25,2024-09-30,True
PACT.ST,2024-Q4,2025-02-11,2024-12-31,True
PACT.ST,2025-Q1,2025-05-06,2025-03-31,True
PACT.ST,2025-Q2,2025-07-14,2025-06-30,True
PACT.ST,2025-Q3,2025-10-24,2025-09-30,True
PACT.ST,2025-Q4,2026-02-10,2025-12-31,True
PACT.ST,2026-Q1,2026-05-05,2026-03-31,True
PACT.ST,2026-Q2,2026-07-16,2026-06-30,True
PEAB-B.ST,2018-Q3,2018-11-09,2018-09-30,True
PEAB-B.ST,2018-Q4,2019-02-08,2018-12-31,True
PEAB-B.ST,2019-Q1,2019-05-09,2019-03-31,True
PEAB-B.ST,2019-Q2,2019-07-19,2019-06-30,True
PEAB-B.ST,2019-Q3,2019-10-24,2019-09-30,True
PEAB-B.ST,2019-Q4,2020-02-05,2019-12-31,True
PEAB-B.ST,2020-Q1,2020-05-06,2020-03-31,True
PEAB-B.ST,2020-Q2,2020-07-17,2020-06-30,True
PEAB-B.ST,2020-Q3,2020-10-22,2020-09-30,True
PEAB-B.ST,2020-Q4,2021-02-04,2020-12-31,True
PEAB-B.ST,2021-Q1,2021-05-06,2021-03-31,True
PEAB-B.ST,2021-Q2,2021-07-16,2021-06-30,True
PEAB-B.ST,2021-Q3,2021-10-27,2021-09-30,True
PEAB-B.ST,2021-Q4,2022-02-04,2021-12-31,True
PEAB-B.ST,2022-Q1,2022-05-05,2022-03-31,True
PEAB-B.ST,2022-Q2,2022-07-15,2022-06-30,True
PEAB-B.ST,2022-Q3,2022-10-28,2022-09-30,True
PEAB-B.ST,2022-Q4,2023-02-03,2022-12-31,True
PEAB-B.ST,2023-Q1,2023-05-04,2023-03-31,True
PEAB-B.ST,2023-Q2,2023-07-14,2023-06-30,True
PEAB-B.ST,2023-Q3,2023-10-27,2023-09-30,True
PEAB-B.ST,2023-Q4,2024-02-02,2023-12-31,True
PEAB-B.ST,2024-Q1,2024-05-06,2024-03-31,True
PEAB-B.ST,2024-Q2,2024-07-16,2024-06-30,True
PEAB-B.ST,2024-Q3,2024-10-25,2024-09-30,True
PEAB-B.ST,2024-Q4,2025-02-06,2024-12-31,True
PEAB-B.ST,2025-Q1,2025-05-06,2025-03-31,True
PEAB-B.ST,2025-Q2,2025-07-15,2025-06-30,True
PEAB-B.ST,2025-Q3,2025-10-24,2025-09-30,True
PEAB-B.ST,2025-Q4,2026-02-04,2025-12-31,True
PEAB-B.ST,2026-Q1,2026-04-29,2026-03-31,True
PEAB-B.ST,2026-Q2,2026-07-14,2026-06-30,True
PLAZ-B.ST,2018-Q3,2018-10-25,2018-09-30,True
PLAZ-B.ST,2018-Q4,2019-02-08,2018-12-31,True
PLAZ-B.ST,2019-Q1,2019-04-25,2019-03-31,True
PLAZ-B.ST,2019-Q2,2019-07-09,2019-06-30,True
PLAZ-B.ST,2019-Q3,2019-10-25,2019-09-30,True
PLAZ-B.ST,2019-Q4,2020-02-07,2019-12-31,True
PLAZ-B.ST,2020-Q1,2020-04-16,2020-03-31,True
PLAZ-B.ST,2020-Q2,2020-07-07,2020-06-30,True
PLAZ-B.ST,2020-Q3,2020-10-23,2020-09-30,True
PLAZ-B.ST,2020-Q4,2021-01-29,2020-12-31,True
PLAZ-B.ST,2021-Q1,2021-04-21,2021-03-31,True
PLAZ-B.ST,2021-Q2,2021-07-06,2021-06-30,True
PLAZ-B.ST,2021-Q3,2021-10-19,2021-09-30,True
PLAZ-B.ST,2021-Q4,2022-01-28,2021-12-31,True
PLAZ-B.ST,2022-Q1,2022-04-20,2022-03-31,True
PLAZ-B.ST,2022-Q2,2022-07-06,2022-06-30,True
PLAZ-B.ST,2022-Q3,2022-10-18,2022-09-30,True
PLAZ-B.ST,2022-Q4,2023-01-27,2022-12-31,True
PLAZ-B.ST,2023-Q1,2023-04-19,2023-03-31,True
PLAZ-B.ST,2023-Q2,2023-07-05,2023-06-30,True
PLAZ-B.ST,2023-Q3,2023-10-17,2023-09-30,True
PLAZ-B.ST,2023-Q4,2024-01-26,2023-12-31,True
PLAZ-B.ST,2024-Q1,2024-04-17,2024-03-31,True
PLAZ-B.ST,2024-Q2,2024-07-05,2024-06-30,True
PLAZ-B.ST,2024-Q3,2024-10-15,2024-09-30,True
PLAZ-B.ST,2024-Q4,2025-01-28,2024-12-31,True
PLAZ-B.ST,2025-Q1,2025-04-11,2025-03-31,True
PLAZ-B.ST,2025-Q2,2025-07-04,2025-06-30,True
PLAZ-B.ST,2025-Q3,2025-10-10,2025-09-30,True
PLAZ-B.ST,2025-Q4,2026-01-30,2025-12-31,True
PLAZ-B.ST,2026-Q1,2026-04-17,2026-03-31,True
PLAZ-B.ST,2026-Q2,2026-07-03,2026-06-30,True
PNDX-B.ST,2018-Q3,2018-10-25,2018-09-30,True
PNDX-B.ST,2018-Q4,2019-02-14,2018-12-31,True
PNDX-B.ST,2019-Q1,2019-04-26,2019-03-31,True
PNDX-B.ST,2019-Q2,2019-07-12,2019-06-30,True
PNDX-B.ST,2019-Q3,2019-10-24,2019-09-30,True
PNDX-B.ST,2019-Q4,2020-02-12,2019-12-31,True
PNDX-B.ST,2020-Q1,2020-04-29,2020-03-31,True
PNDX-B.ST,2020-Q2,2020-07-15,2020-06-30,True
PNDX-B.ST,2020-Q3,2020-10-23,2020-09-30,True
PNDX-B.ST,2020-Q4,2021-02-11,2020-12-31,True
PNDX-B.ST,2021-Q1,2021-04-27,2021-03-31,True
PNDX-B.ST,2021-Q2,2021-07-16,2021-06-30,True
PNDX-B.ST,2021-Q3,2021-10-27,2021-09-30,True
PNDX-B.ST,2021-Q4,2022-02-10,2021-12-31,True
PNDX-B.ST,2022-Q1,2022-04-27,2022-03-31,True
PNDX-B.ST,2022-Q2,2022-07-15,2022-06-30,True
PNDX-B.ST,2022-Q3,2022-10-27,2022-09-30,True
PNDX-B.ST,2022-Q4,2023-02-09,2022-12-31,True
PNDX-B.ST,2023-Q1,2023-04-26,2023-03-31,True
PNDX-B.ST,2023-Q2,2023-07-14,2023-06-30,True
PNDX-B.ST,2023-Q3,2023-10-26,2023-09-30,True
PNDX-B.ST,2023-Q4,2024-02-08,2023-12-31,True
PNDX-B.ST,2024-Q1,2024-04-25,2024-03-31,True
PNDX-B.ST,2024-Q2,2024-07-12,2024-06-30,True
PNDX-B.ST,2024-Q3,2024-10-24,2024-09-30,True
PNDX-B.ST,2024-Q4,2025-02-06,2024-12-31,True
PNDX-B.ST,2025-Q1,2025-04-29,2025-03-31,True
PNDX-B.ST,2025-Q2,2025-07-11,2025-06-30,True
PNDX-B.ST,2025-Q3,2025-10-23,2025-09-30,True
PNDX-B.ST,2025-Q4,2026-02-05,2025-12-31,True
PNDX-B.ST,2026-Q1,2026-04-29,2026-03-31,True
PNDX-B.ST,2026-Q2,2026-07-15,2026-06-30,True
REJL-B.ST,2018-Q3,2018-10-25,2018-09-30,True
REJL-B.ST,2018-Q4,2019-02-07,2018-12-31,True
REJL-B.ST,2019-Q1,2019-05-03,2019-03-31,True
REJL-B.ST,2019-Q2,2019-07-17,2019-06-30,True
REJL-B.ST,2019-Q3,2019-10-23,2019-09-30,True
REJL-B.ST,2019-Q4,2020-02-07,2019-12-31,True
REJL-B.ST,2020-Q1,2020-04-22,2020-03-31,True
REJL-B.ST,2020-Q2,2020-07-16,2020-06-30,True
REJL-B.ST,2020-Q3,2020-10-23,2020-09-30,True
REJL-B.ST,2020-Q4,2021-02-05,2020-12-31,True
REJL-B.ST,2021-Q1,2021-04-22,2021-03-31,True
REJL-B.ST,2021-Q2,2021-07-15,2021-06-30,True
REJL-B.ST,2021-Q3,2021-10-26,2021-09-30,True
REJL-B.ST,2021-Q4,2022-02-03,2021-12-31,True
REJL-B.ST,2022-Q1,2022-04-21,2022-03-31,True
REJL-B.ST,2022-Q2,2022-07-15,2022-06-30,True
REJL-B.ST,2022-Q3,2022-10-25,2022-09-30,True
REJL-B.ST,2022-Q4,2023-02-02,2022-12-31,True
REJL-B.ST,2023-Q1,2023-04-20,2023-03-31,True
REJL-B.ST,2023-Q2,2023-07-14,2023-06-30,True
REJL-B.ST,2023-Q3,2023-10-25,2023-09-30,True
REJL-B.ST,2023-Q4,2024-02-02,2023-12-31,True
REJL-B.ST,2024-Q1,2024-04-25,2024-03-31,True
REJL-B.ST,2024-Q2,2024-07-15,2024-06-30,True
REJL-B.ST,2024-Q3,2024-10-24,2024-09-30,True
REJL-B.ST,2024-Q4,2025-02-06,2024-12-31,True
REJL-B.ST,2025-Q1,2025-04-24,2025-03-31,True
REJL-B.ST,2025-Q2,2025-07-15,2025-06-30,True
REJL-B.ST,2025-Q3,2025-10-23,2025-09-30,True
REJL-B.ST,2025-Q4,2026-02-05,2025-12-31,True
REJL-B.ST,2026-Q1,2026-04-29,2026-03-31,True
REJL-B.ST,2026-Q2,2026-07-15,2026-06-30,True
SAAB-B.ST,2018-Q3,2018-10-23,2018-09-30,True
SAAB-B.ST,2018-Q4,2019-02-15,2018-12-31,True
SAAB-B.ST,2019-Q1,2019-04-26,2019-03-31,True
SAAB-B.ST,2019-Q2,2019-07-19,2019-06-30,True
SAAB-B.ST,2019-Q3,2019-10-22,2019-09-30,True
SAAB-B.ST,2019-Q4,2020-02-07,2019-12-31,True
SAAB-B.ST,2020-Q1,2020-04-24,2020-03-31,True
SAAB-B.ST,2020-Q2,2020-07-17,2020-06-30,True
SAAB-B.ST,2020-Q3,2020-10-19,2020-09-30,True
SAAB-B.ST,2020-Q4,2021-02-11,2020-12-31,True
SAAB-B.ST,2021-Q1,2021-04-23,2021-03-31,True
SAAB-B.ST,2021-Q2,2021-07-21,2021-06-30,True
SAAB-B.ST,2021-Q3,2021-10-22,2021-09-30,True
SAAB-B.ST,2021-Q4,2022-02-11,2021-12-31,True
SAAB-B.ST,2022-Q1,2022-04-22,2022-03-31,True
SAAB-B.ST,2022-Q2,2022-07-21,2022-06-30,True
SAAB-B.ST,2022-Q3,2022-10-28,2022-09-30,True
SAAB-B.ST,2022-Q4,2023-02-10,2022-12-31,True
SAAB-B.ST,2023-Q1,2023-04-26,2023-03-31,True
SAAB-B.ST,2023-Q2,2023-07-20,2023-06-30,True
SAAB-B.ST,2023-Q3,2023-10-26,2023-09-30,True
SAAB-B.ST,2023-Q4,2024-02-09,2023-12-31,True
SAAB-B.ST,2024-Q1,2024-04-26,2024-03-31,True
SAAB-B.ST,2024-Q2,2024-07-19,2024-06-30,True
SAAB-B.ST,2024-Q3,2024-10-22,2024-09-30,True
SAAB-B.ST,2024-Q4,2025-02-07,2024-12-31,True
SAAB-B.ST,2025-Q1,2025-04-25,2025-03-31,True
SAAB-B.ST,2025-Q2,2025-07-18,2025-06-30,True
SAAB-B.ST,2025-Q3,2025-10-24,2025-09-30,True
SAAB-B.ST,2025-Q4,2026-02-05,2025-12-31,True
SAAB-B.ST,2026-Q1,2026-04-23,2026-03-31,True
SAAB-B.ST,2026-Q2,2026-07-17,2026-06-30,True
SAGA-A.ST,2018-Q3,2018-10-25,2018-09-30,True
SAGA-A.ST,2018-Q4,2019-02-07,2018-12-31,True
SAGA-A.ST,2019-Q1,2019-05-17,2019-03-31,True
SAGA-A.ST,2019-Q2,2019-07-12,2019-06-30,True
SAGA-A.ST,2019-Q3,2019-10-24,2019-09-30,True
SAGA-A.ST,2019-Q4,2020-02-07,2019-12-31,True
SAGA-A.ST,2020-Q1,2020-05-06,2020-03-31,True
SAGA-A.ST,2020-Q2,2020-07-13,2020-06-30,True
SAGA-A.ST,2020-Q3,2020-10-27,2020-09-30,True
SAGA-A.ST,2020-Q4,2021-02-08,2020-12-31,True
SAGA-A.ST,2021-Q1,2021-05-05,2021-03-31,True
SAGA-A.ST,2021-Q2,2021-07-15,2021-06-30,True
SAGA-A.ST,2021-Q3,2021-10-28,2021-09-30,True
SAGA-A.ST,2021-Q4,2022-02-11,2021-12-31,True
SAGA-A.ST,2022-Q1,2022-05-11,2022-03-31,True
SAGA-A.ST,2022-Q2,2022-07-14,2022-06-30,True
SAGA-A.ST,2022-Q3,2022-10-27,2022-09-30,True
SAGA-A.ST,2022-Q4,2023-02-17,2022-12-31,True
SAGA-A.ST,2023-Q1,2023-05-09,2023-03-31,True
SAGA-A.ST,2023-Q2,2023-07-17,2023-06-30,True
SAGA-A.ST,2023-Q3,2023-10-27,2023-09-30,True
SAGA-A.ST,2023-Q4,2024-02-22,2023-12-31,True
SAGA-A.ST,2024-Q1,2024-05-08,2024-03-31,True
SAGA-A.ST,2024-Q2,2024-07-15,2024-06-30,True
SAGA-A.ST,2024-Q3,2024-10-25,2024-09-30,True
SAGA-A.ST,2024-Q4,2025-02-21,2024-12-31,True
SAGA-A.ST,2025-Q1,2025-05-08,2025-03-31,True
SAGA-A.ST,2025-Q2,2025-07-14,2025-06-30,True
SAGA-A.ST,2025-Q3,2025-10-24,2025-09-30,True
SAGA-A.ST,2025-Q4,2026-02-09,2025-12-31,True
SAGA-A.ST,2026-Q1,2026-05-08,2026-03-31,True
SAGA-A.ST,2026-Q2,2026-07-13,2026-06-30,True
SAVE.ST,2020-Q4,2021-02-04,2020-12-31,True
SAVE.ST,2021-Q1,2021-04-29,2021-03-31,True
SAVE.ST,2021-Q2,2021-07-23,2021-06-30,True
SAVE.ST,2021-Q3,2021-10-29,2021-09-30,True
SAVE.ST,2021-Q4,2022-02-03,2021-12-31,True
SAVE.ST,2022-Q1,2022-04-28,2022-03-31,True
SAVE.ST,2022-Q2,2022-07-22,2022-06-30,True
SAVE.ST,2022-Q3,2022-10-28,2022-09-30,True
SAVE.ST,2022-Q4,2023-01-31,2022-12-31,True
SAVE.ST,2023-Q1,2023-04-25,2023-03-31,True
SAVE.ST,2023-Q2,2023-07-25,2023-06-30,True
SAVE.ST,2023-Q3,2023-10-24,2023-09-30,True
SAVE.ST,2023-Q4,2024-01-30,2023-12-31,True
SAVE.ST,2024-Q1,2024-04-23,2024-03-31,True
SAVE.ST,2024-Q2,2024-07-23,2024-06-30,True
SAVE.ST,2024-Q3,2024-10-25,2024-09-30,True
SAVE.ST,2024-Q4,2025-01-28,2024-12-31,True
SAVE.ST,2025-Q1,2025-04-24,2025-03-31,True
SAVE.ST,2025-Q2,2025-07-18,2025-06-30,True
SAVE.ST,2025-Q3,2025-10-21,2025-09-30,True
SAVE.ST,2025-Q4,2026-01-28,2025-12-31,True
SAVE.ST,2026-Q1,2026-04-24,2026-03-31,True
SAVE.ST,2026-Q2,2026-07-17,2026-06-30,True
SCA-B.ST,2018-Q3,2018-10-30,2018-09-30,True
SCA-B.ST,2018-Q4,2019-01-30,2018-12-31,True
SCA-B.ST,2019-Q1,2019-04-26,2019-03-31,True
SCA-B.ST,2019-Q2,2019-07-26,2019-06-30,True
SCA-B.ST,2019-Q3,2019-10-30,2019-09-30,True
SCA-B.ST,2019-Q4,2020-01-30,2019-12-31,True
SCA-B.ST,2020-Q1,2020-04-24,2020-03-31,True
SCA-B.ST,2020-Q2,2020-07-21,2020-06-30,True
SCA-B.ST,2020-Q3,2020-10-30,2020-09-30,True
SCA-B.ST,2020-Q4,2021-01-29,2020-12-31,True
SCA-B.ST,2021-Q1,2021-04-30,2021-03-31,True
SCA-B.ST,2021-Q2,2021-07-23,2021-06-30,True
SCA-B.ST,2021-Q3,2021-10-29,2021-09-30,True
SCA-B.ST,2021-Q4,2022-01-28,2021-12-31,True
SCA-B.ST,2022-Q1,2022-04-29,2022-03-31,True
SCA-B.ST,2022-Q2,2022-07-22,2022-06-30,True
SCA-B.ST,2022-Q3,2022-10-28,2022-09-30,True
SCA-B.ST,2022-Q4,2023-01-27,2022-12-31,True
SCA-B.ST,2023-Q1,2023-04-28,2023-03-31,True
SCA-B.ST,2023-Q2,2023-07-21,2023-06-30,True
SCA-B.ST,2023-Q3,2023-10-27,2023-09-30,True
SCA-B.ST,2023-Q4,2024-01-26,2023-12-31,True
SCA-B.ST,2024-Q1,2024-04-26,2024-03-31,True
SCA-B.ST,2024-Q2,2024-07-26,2024-06-30,True
SCA-B.ST,2024-Q3,2024-10-25,2024-09-30,True
SCA-B.ST,2024-Q4,2025-01-31,2024-12-31,True
SCA-B.ST,2025-Q1,2025-04-25,2025-03-31,True
SCA-B.ST,2025-Q2,2025-07-25,2025-06-30,True
SCA-B.ST,2025-Q3,2025-10-24,2025-09-30,True
SCA-B.ST,2025-Q4,2026-01-30,2025-12-31,True
SCA-B.ST,2026-Q1,2026-04-24,2026-03-31,True
SCA-B.ST,2026-Q2,2026-07-22,2026-06-30,True
SCST.ST,2018-Q3,2018-11-05,2018-09-30,True
SCST.ST,2018-Q4,2019-02-20,2018-12-31,True
SCST.ST,2019-Q1,2019-05-09,2019-03-31,True
SCST.ST,2019-Q2,2019-08-21,2019-06-30,True
SCST.ST,2019-Q3,2019-11-06,2019-09-30,True
SCST.ST,2019-Q4,2020-02-07,2019-12-31,True
SCST.ST,2020-Q1,2020-05-12,2020-03-31,True
SCST.ST,2020-Q2,2020-08-26,2020-06-30,True
SCST.ST,2020-Q3,2020-11-04,2020-09-30,True
SCST.ST,2020-Q4,2021-02-11,2020-12-31,True
SCST.ST,2021-Q1,2021-05-07,2021-03-31,True
SCST.ST,2021-Q2,2021-08-25,2021-06-30,True
SCST.ST,2021-Q3,2021-11-12,2021-09-30,True
SCST.ST,2021-Q4,2022-02-11,2021-12-31,True
SCST.ST,2022-Q1,2022-05-04,2022-03-31,True
SCST.ST,2022-Q2,2022-08-25,2022-06-30,True
SCST.ST,2022-Q3,2022-10-28,2022-09-30,True
SCST.ST,2022-Q4,2023-02-09,2022-12-31,True
SCST.ST,2023-Q1,2023-05-03,2023-03-31,True
SCST.ST,2023-Q2,2023-08-23,2023-06-30,True
SCST.ST,2023-Q3,2023-10-26,2023-09-30,True
SCST.ST,2023-Q4,2024-02-09,2023-12-31,True
SCST.ST,2024-Q1,2024-05-03,2024-03-31,True
SCST.ST,2024-Q2,2024-07-17,2024-06-30,True
SCST.ST,2024-Q3,2024-10-25,2024-09-30,True
SCST.ST,2024-Q4,2025-02-06,2024-12-31,True
SCST.ST,2025-Q1,2025-04-29,2025-03-31,True
SCST.ST,2025-Q2,2025-07-17,2025-06-30,True
SCST.ST,2025-Q3,2025-10-23,2025-09-30,True
SCST.ST,2025-Q4,2026-02-05,2025-12-31,True
SCST.ST,2026-Q1,2026-04-28,2026-03-31,True
SCST.ST,2026-Q2,2026-07-17,2026-06-30,True
SEB-A.ST,2018-Q3,2018-10-25,2018-09-30,True
SEB-A.ST,2018-Q4,2019-01-30,2018-12-31,True
SEB-A.ST,2019-Q1,2019-04-30,2019-03-31,True
SEB-A.ST,2019-Q2,2019-07-12,2019-06-30,True
SEB-A.ST,2019-Q3,2019-10-23,2019-09-30,True
SEB-A.ST,2019-Q4,2020-01-29,2019-12-31,True
SEB-A.ST,2020-Q1,2020-04-29,2020-03-31,True
SEB-A.ST,2020-Q2,2020-07-15,2020-06-30,True
SEB-A.ST,2020-Q3,2020-10-22,2020-09-30,True
SEB-A.ST,2020-Q4,2021-01-27,2020-12-31,True
SEB-A.ST,2021-Q1,2021-04-28,2021-03-31,True
SEB-A.ST,2021-Q2,2021-07-15,2021-06-30,True
SEB-A.ST,2021-Q3,2021-10-20,2021-09-30,True
SEB-A.ST,2021-Q4,2022-01-27,2021-12-31,True
SEB-A.ST,2022-Q1,2022-04-27,2022-03-31,True
SEB-A.ST,2022-Q2,2022-07-14,2022-06-30,True
SEB-A.ST,2022-Q3,2022-10-26,2022-09-30,True
SEB-A.ST,2022-Q4,2023-01-26,2022-12-31,True
SEB-A.ST,2023-Q1,2023-04-26,2023-03-31,True
SEB-A.ST,2023-Q2,2023-07-18,2023-06-30,True
SEB-A.ST,2023-Q3,2023-10-25,2023-09-30,True
SEB-A.ST,2023-Q4,2024-01-25,2023-12-31,True
SEB-A.ST,2024-Q1,2024-04-24,2024-03-31,True
SEB-A.ST,2024-Q2,2024-07-16,2024-06-30,True
SEB-A.ST,2024-Q3,2024-10-24,2024-09-30,True
SEB-A.ST,2024-Q4,2025-01-29,2024-12-31,True
SEB-A.ST,2025-Q1,2025-04-29,2025-03-31,True
SEB-A.ST,2025-Q2,2025-07-16,2025-06-30,True
SEB-A.ST,2025-Q3,2025-10-23,2025-09-30,True
SEB-A.ST,2025-Q4,2026-01-29,2025-12-31,True
SEB-A.ST,2026-Q1,2026-04-29,2026-03-31,True
SEB-A.ST,2026-Q2,2026-07-15,2026-06-30,True
SECARE.ST,2018-Q3,2018-10-25,2018-09-30,True
SECARE.ST,2018-Q4,2019-02-14,2018-12-31,True
SECARE.ST,2019-Q1,2019-04-25,2019-03-31,True
SECARE.ST,2019-Q2,2019-07-26,2019-06-30,True
SECARE.ST,2019-Q3,2019-10-24,2019-09-30,True
SECARE.ST,2019-Q4,2020-02-13,2019-12-31,True
SECARE.ST,2020-Q1,2020-04-21,2020-03-31,True
SECARE.ST,2020-Q2,2020-07-24,2020-06-30,True
SECARE.ST,2020-Q3,2020-10-22,2020-09-30,True
SECARE.ST,2020-Q4,2021-02-18,2020-12-31,True
SECARE.ST,2021-Q1,2021-04-29,2021-03-31,True
SECARE.ST,2021-Q2,2021-07-29,2021-06-30,True
SECARE.ST,2021-Q3,2021-10-28,2021-09-30,True
SECARE.ST,2021-Q4,2022-02-17,2021-12-31,True
SECARE.ST,2022-Q1,2022-05-12,2022-03-31,True
SECARE.ST,2022-Q2,2022-07-28,2022-06-30,True
SECARE.ST,2022-Q3,2022-11-09,2022-09-30,True
SECARE.ST,2022-Q4,2023-02-16,2022-12-31,True
SECARE.ST,2023-Q1,2023-04-28,2023-03-31,True
SECARE.ST,2023-Q2,2023-07-27,2023-06-30,True
SECARE.ST,2023-Q3,2023-10-25,2023-09-30,True
SECARE.ST,2023-Q4,2024-02-15,2023-12-31,True
SECARE.ST,2024-Q1,2024-04-25,2024-03-31,True
SECARE.ST,2024-Q2,2024-07-25,2024-06-30,True
SECARE.ST,2024-Q3,2024-10-23,2024-09-30,True
SECARE.ST,2024-Q4,2025-02-13,2024-12-31,True
SECARE.ST,2025-Q1,2025-04-24,2025-03-31,True
SECARE.ST,2025-Q2,2025-07-23,2025-06-30,True
SECARE.ST,2025-Q3,2025-10-22,2025-09-30,True
SECARE.ST,2025-Q4,2026-02-12,2025-12-31,True
SECARE.ST,2026-Q1,2026-04-23,2026-03-31,True
SECARE.ST,2026-Q2,2026-07-22,2026-06-30,True
SECT-B.ST,2018-Q3,2018-09-04,2018-09-30,True
SECT-B.ST,2018-Q4,2018-12-07,2018-12-31,True
SECT-B.ST,2019-Q1,2019-03-06,2019-03-31,True
SECT-B.ST,2019-Q2,2019-05-28,2019-06-30,True
SECT-B.ST,2019-Q3,2019-09-03,2019-09-30,True
SECT-B.ST,2019-Q4,2019-11-29,2019-12-31,True
SECT-B.ST,2020-Q1,2020-03-04,2020-03-31,True
SECT-B.ST,2020-Q2,2020-06-03,2020-06-30,True
SECT-B.ST,2020-Q3,2020-09-04,2020-09-30,True
SECT-B.ST,2020-Q4,2020-11-27,2020-12-31,True
SECT-B.ST,2021-Q1,2021-03-12,2021-03-31,True
SECT-B.ST,2021-Q2,2021-06-02,2021-06-30,True
SECT-B.ST,2021-Q3,2021-09-03,2021-09-30,True
SECT-B.ST,2021-Q4,2021-12-10,2021-12-31,True
SECT-B.ST,2022-Q1,2022-03-09,2022-03-31,True
SECT-B.ST,2022-Q2,2022-06-03,2022-06-30,True
SECT-B.ST,2022-Q3,2022-09-02,2022-09-30,True
SECT-B.ST,2022-Q4,2022-12-16,2022-12-31,True
SECT-B.ST,2023-Q1,2023-03-10,2023-03-31,True
SECT-B.ST,2023-Q2,2023-06-02,2023-06-30,True
SECT-B.ST,2023-Q3,2023-09-05,2023-09-30,True
SECT-B.ST,2023-Q4,2023-12-15,2023-12-31,True
SECT-B.ST,2024-Q1,2024-03-08,2024-03-31,True
SECT-B.ST,2024-Q2,2024-06-05,2024-06-30,True
SECT-B.ST,2024-Q3,2024-09-06,2024-09-30,True
SECT-B.ST,2024-Q4,2024-12-12,2024-12-31,True
SECT-B.ST,2025-Q1,2025-03-14,2025-03-31,True
SECT-B.ST,2025-Q2,2025-06-05,2025-06-30,True
SECT-B.ST,YAHOO-2025-07-31,2025-09-04,2025-07-31,True
SECT-B.ST,2025-Q3,2025-09-04,2025-09-30,True
SECT-B.ST,YAHOO-2025-10-31,2025-12-12,2025-10-31,True
SECT-B.ST,2025-Q4,2025-12-12,2025-12-31,True
SECT-B.ST,YAHOO-2026-01-31,2026-03-06,2026-01-31,True
SECT-B.ST,2026-Q1,2026-03-06,2026-03-31,True
SECT-B.ST,YAHOO-2026-04-30,2026-06-05,2026-04-30,True
SECT-B.ST,2026-Q2,2026-06-05,2026-06-30,True
SECT-B.ST,YAHOO-2026-07-31,2026-09-04,2026-07-31,True
SECU-B.ST,2018-Q3,2018-10-26,2018-09-30,True
SECU-B.ST,2018-Q4,2019-02-07,2018-12-31,True
SECU-B.ST,2019-Q1,2019-05-06,2019-03-31,True
SECU-B.ST,2019-Q2,2019-07-31,2019-06-30,True
SECU-B.ST,2019-Q3,2019-11-06,2019-09-30,True
SECU-B.ST,2019-Q4,2020-02-06,2019-12-31,True
SECU-B.ST,2020-Q1,2020-05-07,2020-03-31,True
SECU-B.ST,2020-Q2,2020-07-29,2020-06-30,True
SECU-B.ST,2020-Q3,2020-11-03,2020-09-30,True
SECU-B.ST,2020-Q4,2021-02-04,2020-12-31,True
SECU-B.ST,2021-Q1,2021-05-05,2021-03-31,True
SECU-B.ST,2021-Q2,2021-07-29,2021-06-30,True
SECU-B.ST,2021-Q3,2021-10-29,2021-09-30,True
SECU-B.ST,2021-Q4,2022-02-08,2021-12-31,True
SECU-B.ST,2022-Q1,2022-05-04,2022-03-31,True
SECU-B.ST,2022-Q2,2022-07-28,2022-06-30,True
SECU-B.ST,2022-Q3,2022-11-08,2022-09-30,True
SECU-B.ST,2022-Q4,2023-02-07,2022-12-31,True
SECU-B.ST,2023-Q1,2023-05-03,2023-03-31,True
SECU-B.ST,2023-Q2,2023-07-28,2023-06-30,True
SECU-B.ST,2023-Q3,2023-11-07,2023-09-30,True
SECU-B.ST,2023-Q4,2024-02-07,2023-12-31,True
SECU-B.ST,2024-Q1,2024-05-08,2024-03-31,True
SECU-B.ST,2024-Q2,2024-07-30,2024-06-30,True
SECU-B.ST,2024-Q3,2024-11-06,2024-09-30,True
SECU-B.ST,2024-Q4,2025-02-06,2024-12-31,True
SECU-B.ST,2025-Q1,2025-05-08,2025-03-31,True
SECU-B.ST,2025-Q2,2025-07-30,2025-06-30,True
SECU-B.ST,2025-Q3,2025-11-06,2025-09-30,True
SECU-B.ST,2025-Q4,2026-02-04,2025-12-31,True
SECU-B.ST,2026-Q1,2026-04-28,2026-03-31,True
SECU-B.ST,2026-Q2,2026-07-24,2026-06-30,True
SFAST.ST,2021-Q4,2022-02-22,2021-12-31,True
SFAST.ST,2022-Q1,2022-05-19,2022-03-31,True
SFAST.ST,2022-Q2,2022-08-24,2022-06-30,True
SFAST.ST,2022-Q3,2022-11-23,2022-09-30,True
SFAST.ST,2022-Q4,2023-02-21,2022-12-31,True
SFAST.ST,2023-Q1,2023-05-16,2023-03-31,True
SFAST.ST,2023-Q2,2023-08-24,2023-06-30,True
SFAST.ST,2023-Q3,2023-11-23,2023-09-30,True
SFAST.ST,2023-Q4,2024-02-21,2023-12-31,True
SFAST.ST,2024-Q1,2024-05-16,2024-03-31,True
SFAST.ST,2024-Q2,2024-08-22,2024-06-30,True
SFAST.ST,2024-Q3,2024-11-21,2024-09-30,True
SFAST.ST,2024-Q4,2025-02-20,2024-12-31,True
SFAST.ST,2025-Q1,2025-05-15,2025-03-31,True
SFAST.ST,2025-Q2,2025-08-21,2025-06-30,True
SFAST.ST,2025-Q3,2025-11-20,2025-09-30,True
SFAST.ST,2025-Q4,2026-02-19,2025-12-31,True
SFAST.ST,2026-Q1,2026-05-12,2026-03-31,True
SFAST.ST,2026-Q2,2026-07-09,2026-06-30,True
SHB-A.ST,2018-Q3,2018-10-24,2018-09-30,True
SHB-A.ST,2018-Q4,2019-02-06,2018-12-31,True
SHB-A.ST,2019-Q1,2019-04-17,2019-03-31,True
SHB-A.ST,2019-Q2,2019-07-17,2019-06-30,True
SHB-A.ST,2019-Q3,2019-10-23,2019-09-30,True
SHB-A.ST,2019-Q4,2020-02-05,2019-12-31,True
SHB-A.ST,2020-Q1,2020-04-22,2020-03-31,True
SHB-A.ST,2020-Q2,2020-07-15,2020-06-30,True
SHB-A.ST,2020-Q3,2020-10-21,2020-09-30,True
SHB-A.ST,2020-Q4,2021-02-03,2020-12-31,True
SHB-A.ST,2021-Q1,2021-04-21,2021-03-31,True
SHB-A.ST,2021-Q2,2021-07-16,2021-06-30,True
SHB-A.ST,2021-Q3,2021-10-19,2021-09-30,True
SHB-A.ST,2021-Q4,2022-02-09,2021-12-31,True
SHB-A.ST,2022-Q1,2022-04-27,2022-03-31,True
SHB-A.ST,2022-Q2,2022-07-15,2022-06-30,True
SHB-A.ST,2022-Q3,2022-10-19,2022-09-30,True
SHB-A.ST,2022-Q4,2023-02-24,2022-12-31,True
SHB-A.ST,2023-Q1,2023-04-26,2023-03-31,True
SHB-A.ST,2023-Q2,2023-07-19,2023-06-30,True
SHB-A.ST,2023-Q3,2023-10-18,2023-09-30,True
SHB-A.ST,2023-Q4,2024-02-07,2023-12-31,True
SHB-A.ST,2024-Q1,2024-04-24,2024-03-31,True
SHB-A.ST,2024-Q2,2024-07-17,2024-06-30,True
SHB-A.ST,2024-Q3,2024-10-23,2024-09-30,True
SHB-A.ST,2024-Q4,2025-02-05,2024-12-31,True
SHB-A.ST,2025-Q1,2025-04-30,2025-03-31,True
SHB-A.ST,2025-Q2,2025-07-16,2025-06-30,True
SHB-A.ST,2025-Q3,2025-10-22,2025-09-30,True
SHB-A.ST,2025-Q4,2026-02-04,2025-12-31,True
SHB-A.ST,2026-Q1,2026-04-22,2026-03-31,True
SHB-A.ST,2026-Q2,2026-07-15,2026-06-30,True
SHOT.ST,2018-Q3,2018-10-25,2018-09-30,True
SHOT.ST,2018-Q4,2019-02-19,2018-12-31,True
SHOT.ST,2019-Q1,2019-05-07,2019-03-31,True
SHOT.ST,2019-Q2,2019-07-19,2019-06-30,True
SHOT.ST,2019-Q3,2019-10-24,2019-09-30,True
SHOT.ST,2019-Q4,2020-02-18,2019-12-31,True
SHOT.ST,2020-Q1,2020-05-20,2020-03-31,True
SHOT.ST,2020-Q2,2020-07-17,2020-06-30,True
SHOT.ST,2020-Q3,2020-11-03,2020-09-30,True
SHOT.ST,2020-Q4,2021-02-17,2020-12-31,True
SHOT.ST,2021-Q1,2021-04-28,2021-03-31,True
SHOT.ST,2021-Q2,2021-07-16,2021-06-30,True
SHOT.ST,2021-Q3,2021-10-28,2021-09-30,True
SHOT.ST,2021-Q4,2022-02-10,2021-12-31,True
SHOT.ST,2022-Q1,2022-04-27,2022-03-31,True
SHOT.ST,2022-Q2,2022-07-15,2022-06-30,True
SHOT.ST,2022-Q3,2022-10-27,2022-09-30,True
SHOT.ST,2022-Q4,2023-02-16,2022-12-31,True
SHOT.ST,2023-Q1,2023-04-27,2023-03-31,True
SHOT.ST,2023-Q2,2023-07-14,2023-06-30,True
SHOT.ST,2023-Q3,2023-10-26,2023-09-30,True
SHOT.ST,2023-Q4,2024-02-14,2023-12-31,True
SHOT.ST,2024-Q1,2024-04-24,2024-03-31,True
SHOT.ST,2024-Q2,2024-07-17,2024-06-30,True
SHOT.ST,2024-Q3,2024-10-30,2024-09-30,True
SHOT.ST,2024-Q4,2025-02-19,2024-12-31,True
SHOT.ST,2025-Q1,2025-04-15,2025-03-31,True
SHOT.ST,2025-Q2,2025-07-15,2025-06-30,True
SHOT.ST,2025-Q3,2025-10-29,2025-09-30,True
SHOT.ST,2025-Q4,2026-02-18,2025-12-31,True
SHOT.ST,2026-Q1,2026-04-22,2026-03-31,True
SHOT.ST,2026-Q2,2026-07-15,2026-06-30,True
SINT.ST,2018-Q3,2018-11-14,2018-09-30,True
SINT.ST,2018-Q4,2019-02-20,2018-12-31,True
SINT.ST,2019-Q1,2019-04-24,2019-03-31,True
SINT.ST,2019-Q2,2019-08-22,2019-06-30,True
SINT.ST,2019-Q3,2019-11-13,2019-09-30,True
SINT.ST,2019-Q4,2020-02-19,2019-12-31,True
SINT.ST,2020-Q1,2020-04-21,2020-03-31,True
SINT.ST,2020-Q2,2020-08-19,2020-06-30,True
SINT.ST,2020-Q3,2020-10-28,2020-09-30,True
SINT.ST,2020-Q4,2021-02-10,2020-12-31,True
SINT.ST,2021-Q1,2021-04-21,2021-03-31,True
SINT.ST,2021-Q2,2021-08-18,2021-06-30,True
SINT.ST,2021-Q3,2021-11-03,2021-09-30,True
SINT.ST,2021-Q4,2022-02-08,2021-12-31,True
SINT.ST,2022-Q1,2022-04-27,2022-03-31,True
SINT.ST,2022-Q2,2022-08-17,2022-06-30,True
SINT.ST,2022-Q3,2022-11-04,2022-09-30,True
SINT.ST,2022-Q4,2023-02-08,2022-12-31,True
SINT.ST,2023-Q1,2023-04-26,2023-03-31,True
SINT.ST,2023-Q2,2023-08-16,2023-06-30,True
SINT.ST,2023-Q3,2023-11-08,2023-09-30,True
SINT.ST,2023-Q4,2024-02-28,2023-12-31,True
SINT.ST,2024-Q1,2024-04-24,2024-03-31,True
SINT.ST,2024-Q2,2024-08-21,2024-06-30,True
SINT.ST,2024-Q3,2024-11-06,2024-09-30,True
SINT.ST,2024-Q4,2025-02-19,2024-12-31,True
SINT.ST,2025-Q1,2025-04-30,2025-03-31,True
SINT.ST,2025-Q2,2025-08-20,2025-06-30,True
SINT.ST,2025-Q3,2025-11-05,2025-09-30,True
SINT.ST,2025-Q4,2026-02-17,2025-12-31,True
SINT.ST,2026-Q1,2026-04-29,2026-03-31,True
SINT.ST,2026-Q2,2026-08-19,2026-06-30,True
SOBI.ST,2018-Q3,2018-10-31,2018-09-30,True
SOBI.ST,2018-Q4,2019-02-20,2018-12-31,True
SOBI.ST,2019-Q1,2019-04-25,2019-03-31,True
SOBI.ST,2019-Q2,2019-07-17,2019-06-30,True
SOBI.ST,2019-Q3,2019-10-31,2019-09-30,True
SOBI.ST,2019-Q4,2020-02-13,2019-12-31,True
SOBI.ST,2020-Q1,2020-04-29,2020-03-31,True
SOBI.ST,2020-Q2,2020-07-16,2020-06-30,True
SOBI.ST,2020-Q3,2020-10-22,2020-09-30,True
SOBI.ST,2020-Q4,2021-02-18,2020-12-31,True
SOBI.ST,2021-Q1,2021-05-04,2021-03-31,True
SOBI.ST,2021-Q2,2021-07-21,2021-06-30,True
SOBI.ST,2021-Q3,2021-10-22,2021-09-30,True
SOBI.ST,2021-Q4,2022-02-10,2021-12-31,True
SOBI.ST,2022-Q1,2022-04-28,2022-03-31,True
SOBI.ST,2022-Q2,2022-07-19,2022-06-30,True
SOBI.ST,2022-Q3,2022-10-27,2022-09-30,True
SOBI.ST,2022-Q4,2023-02-08,2022-12-31,True
SOBI.ST,2023-Q1,2023-04-27,2023-03-31,True
SOBI.ST,2023-Q2,2023-07-18,2023-06-30,True
SOBI.ST,2023-Q3,2023-10-30,2023-09-30,True
SOBI.ST,2023-Q4,2024-02-08,2023-12-31,True
SOBI.ST,2024-Q1,2024-04-25,2024-03-31,True
SOBI.ST,2024-Q2,2024-07-16,2024-06-30,True
SOBI.ST,2024-Q3,2024-10-24,2024-09-30,True
SOBI.ST,2024-Q4,2025-02-05,2024-12-31,True
SOBI.ST,2025-Q1,2025-04-29,2025-03-31,True
SOBI.ST,2025-Q2,2025-07-16,2025-06-30,True
SOBI.ST,2025-Q3,2025-10-20,2025-09-30,True
SOBI.ST,2025-Q4,2026-02-05,2025-12-31,True
SOBI.ST,2026-Q1,2026-04-28,2026-03-31,True
SOBI.ST,2026-Q2,2026-07-16,2026-06-30,True
SVED-B.ST,2018-Q3,2018-10-24,2018-09-30,True
SVED-B.ST,2018-Q4,2019-02-05,2018-12-31,True
SVED-B.ST,2019-Q1,2019-04-25,2019-03-31,True
SVED-B.ST,2019-Q2,2019-07-16,2019-06-30,True
SVED-B.ST,2019-Q3,2019-10-25,2019-09-30,True
SVED-B.ST,2019-Q4,2020-02-04,2019-12-31,True
SVED-B.ST,2020-Q1,2020-04-24,2020-03-31,True
SVED-B.ST,2020-Q2,2020-07-15,2020-06-30,True
SVED-B.ST,2020-Q3,2020-10-22,2020-09-30,True
SVED-B.ST,2020-Q4,2021-02-05,2020-12-31,True
SVED-B.ST,2021-Q1,2021-04-23,2021-03-31,True
SVED-B.ST,2021-Q2,2021-07-16,2021-06-30,True
SVED-B.ST,2021-Q3,2021-10-21,2021-09-30,True
SVED-B.ST,2021-Q4,2022-02-04,2021-12-31,True
SVED-B.ST,2022-Q1,2022-04-22,2022-03-31,True
SVED-B.ST,2022-Q2,2022-07-15,2022-06-30,True
SVED-B.ST,2022-Q3,2022-10-21,2022-09-30,True
SVED-B.ST,2022-Q4,2023-02-08,2022-12-31,True
SVED-B.ST,2023-Q1,2023-04-21,2023-03-31,True
SVED-B.ST,2023-Q2,2023-07-18,2023-06-30,True
SVED-B.ST,2023-Q3,2023-10-27,2023-09-30,True
SVED-B.ST,2023-Q4,2024-02-29,2023-12-31,True
SVED-B.ST,2024-Q1,2024-04-24,2024-03-31,True
SVED-B.ST,2024-Q2,2024-07-18,2024-06-30,True
SVED-B.ST,2024-Q3,2024-10-25,2024-09-30,True
SVED-B.ST,2024-Q4,2025-02-11,2024-12-31,True
SVED-B.ST,2025-Q1,2025-04-29,2025-03-31,True
SVED-B.ST,2025-Q2,2025-07-18,2025-06-30,True
SVED-B.ST,2025-Q3,2025-10-29,2025-09-30,True
SVED-B.ST,2025-Q4,2026-02-04,2025-12-31,True
SVED-B.ST,2026-Q1,2026-04-23,2026-03-31,True
SVED-B.ST,2026-Q2,2026-07-15,2026-06-30,True
SWEC-A.ST,2018-Q3,2018-11-08,2018-09-30,True
SWEC-A.ST,2018-Q4,2019-02-06,2018-12-31,True
SWEC-A.ST,2019-Q1,2019-05-10,2019-03-31,True
SWEC-A.ST,2019-Q2,2019-07-16,2019-06-30,True
SWEC-A.ST,2019-Q3,2019-10-25,2019-09-30,True
SWEC-A.ST,2019-Q4,2020-02-12,2019-12-31,True
SWEC-A.ST,2020-Q1,2020-05-15,2020-03-31,True
SWEC-A.ST,2020-Q2,2020-07-16,2020-06-30,True
SWEC-A.ST,2020-Q3,2020-11-04,2020-09-30,True
SWEC-A.ST,2020-Q4,2021-02-11,2020-12-31,True
SWEC-A.ST,2021-Q1,2021-05-11,2021-03-31,True
SWEC-A.ST,2021-Q2,2021-07-16,2021-06-30,True
SWEC-A.ST,2021-Q3,2021-10-29,2021-09-30,True
SWEC-A.ST,2021-Q4,2022-02-11,2021-12-31,True
SWEC-A.ST,2022-Q1,2022-05-12,2022-03-31,True
SWEC-A.ST,2022-Q2,2022-07-15,2022-06-30,True
SWEC-A.ST,2022-Q3,2022-10-27,2022-09-30,True
SWEC-A.ST,2022-Q4,2023-02-09,2022-12-31,True
SWEC-A.ST,2023-Q1,2023-05-12,2023-03-31,True
SWEC-A.ST,2023-Q2,2023-07-18,2023-06-30,True
SWEC-A.ST,2023-Q3,2023-10-27,2023-09-30,True
SWEC-A.ST,2023-Q4,2024-02-09,2023-12-31,True
SWEC-A.ST,2024-Q1,2024-05-16,2024-03-31,True
SWEC-A.ST,2024-Q2,2024-07-16,2024-06-30,True
SWEC-A.ST,2024-Q3,2024-10-30,2024-09-30,True
SWEC-A.ST,2024-Q4,2025-02-07,2024-12-31,True
SWEC-A.ST,2025-Q1,2025-04-29,2025-03-31,True
SWEC-A.ST,2025-Q2,2025-07-16,2025-06-30,True
SWEC-A.ST,2025-Q3,2025-10-29,2025-09-30,True
SWEC-A.ST,2025-Q4,2026-02-11,2025-12-31,True
SWEC-A.ST,2026-Q1,2026-04-28,2026-03-31,True
SWEC-A.ST,2026-Q2,2026-07-17,2026-06-30,True
SWEC-B.ST,2018-Q3,2018-11-08,2018-09-30,True
SWEC-B.ST,2018-Q4,2019-02-06,2018-12-31,True
SWEC-B.ST,2019-Q1,2019-05-10,2019-03-31,True
SWEC-B.ST,2019-Q2,2019-07-16,2019-06-30,True
SWEC-B.ST,2019-Q3,2019-10-25,2019-09-30,True
SWEC-B.ST,2019-Q4,2020-02-12,2019-12-31,True
SWEC-B.ST,2020-Q1,2020-05-15,2020-03-31,True
SWEC-B.ST,2020-Q2,2020-07-16,2020-06-30,True
SWEC-B.ST,2020-Q3,2020-11-04,2020-09-30,True
SWEC-B.ST,2020-Q4,2021-02-11,2020-12-31,True
SWEC-B.ST,2021-Q1,2021-05-11,2021-03-31,True
SWEC-B.ST,2021-Q2,2021-07-16,2021-06-30,True
SWEC-B.ST,2021-Q3,2021-10-29,2021-09-30,True
SWEC-B.ST,2021-Q4,2022-02-11,2021-12-31,True
SWEC-B.ST,2022-Q1,2022-05-12,2022-03-31,True
SWEC-B.ST,2022-Q2,2022-07-15,2022-06-30,True
SWEC-B.ST,2022-Q3,2022-10-27,2022-09-30,True
SWEC-B.ST,2022-Q4,2023-02-09,2022-12-31,True
SWEC-B.ST,2023-Q1,2023-05-12,2023-03-31,True
SWEC-B.ST,2023-Q2,2023-07-18,2023-06-30,True
SWEC-B.ST,2023-Q3,2023-10-27,2023-09-30,True
SWEC-B.ST,2023-Q4,2024-02-09,2023-12-31,True
SWEC-B.ST,2024-Q1,2024-05-16,2024-03-31,True
SWEC-B.ST,2024-Q2,2024-07-16,2024-06-30,True
SWEC-B.ST,2024-Q3,2024-10-30,2024-09-30,True
SWEC-B.ST,2024-Q4,2025-02-07,2024-12-31,True
SWEC-B.ST,2025-Q1,2025-04-29,2025-03-31,True
SWEC-B.ST,2025-Q2,2025-07-16,2025-06-30,True
SWEC-B.ST,2025-Q3,2025-10-29,2025-09-30,True
SWEC-B.ST,2025-Q4,2026-02-11,2025-12-31,True
SWEC-B.ST,2026-Q1,2026-04-28,2026-03-31,True
SWEC-B.ST,2026-Q2,2026-07-17,2026-06-30,True
SWED-A.ST,2018-Q3,2018-10-23,2018-09-30,True
SWED-A.ST,2018-Q4,2019-01-29,2018-12-31,True
SWED-A.ST,2019-Q1,2019-04-25,2019-03-31,True
SWED-A.ST,2019-Q2,2019-07-17,2019-06-30,True
SWED-A.ST,2019-Q3,2019-10-23,2019-09-30,True
SWED-A.ST,2019-Q4,2020-01-28,2019-12-31,True
SWED-A.ST,2020-Q1,2020-04-23,2020-03-31,True
SWED-A.ST,2020-Q2,2020-07-17,2020-06-30,True
SWED-A.ST,2020-Q3,2020-10-20,2020-09-30,True
SWED-A.ST,2020-Q4,2021-02-01,2020-12-31,True
SWED-A.ST,2021-Q1,2021-04-27,2021-03-31,True
SWED-A.ST,2021-Q2,2021-07-16,2021-06-30,True
SWED-A.ST,2021-Q3,2021-10-21,2021-09-30,True
SWED-A.ST,2021-Q4,2022-02-02,2021-12-31,True
SWED-A.ST,2022-Q1,2022-04-28,2022-03-31,True
SWED-A.ST,2022-Q2,2022-07-19,2022-06-30,True
SWED-A.ST,2022-Q3,2022-10-27,2022-09-30,True
SWED-A.ST,2022-Q4,2023-01-31,2022-12-31,True
SWED-A.ST,2023-Q1,2023-04-27,2023-03-31,True
SWED-A.ST,2023-Q2,2023-07-18,2023-06-30,True
SWED-A.ST,2023-Q3,2023-10-26,2023-09-30,True
SWED-A.ST,2023-Q4,2024-01-24,2023-12-31,True
SWED-A.ST,2024-Q1,2024-04-25,2024-03-31,True
SWED-A.ST,2024-Q2,2024-07-16,2024-06-30,True
SWED-A.ST,2024-Q3,2024-10-23,2024-09-30,True
SWED-A.ST,2024-Q4,2025-01-23,2024-12-31,True
SWED-A.ST,2025-Q1,2025-04-29,2025-03-31,True
SWED-A.ST,2025-Q2,2025-07-17,2025-06-30,True
SWED-A.ST,2025-Q3,2025-10-23,2025-09-30,True
SWED-A.ST,2025-Q4,2026-01-29,2025-12-31,True
SWED-A.ST,2026-Q1,2026-04-29,2026-03-31,True
SWED-A.ST,2026-Q2,2026-07-17,2026-06-30,True
SYSR.ST,2018-Q4,2018-12-05,2018-12-31,True
SYSR.ST,2019-Q1,2019-03-13,2019-03-31,True
SYSR.ST,2019-Q2,2019-06-11,2019-06-30,True
SYSR.ST,2019-Q3,2019-08-29,2019-09-30,True
SYSR.ST,2019-Q4,2019-12-05,2019-12-31,True
SYSR.ST,2020-Q1,2020-03-11,2020-03-31,True
SYSR.ST,2020-Q2,2020-06-09,2020-06-30,True
SYSR.ST,2020-Q3,2020-08-26,2020-09-30,True
SYSR.ST,2020-Q4,2020-12-10,2020-12-31,True
SYSR.ST,2021-Q1,2021-03-11,2021-03-31,True
SYSR.ST,2021-Q2,2021-06-10,2021-06-30,True
SYSR.ST,2021-Q3,2021-08-26,2021-09-30,True
SYSR.ST,2021-Q4,2021-12-09,2021-12-31,True
SYSR.ST,2022-Q1,2022-03-10,2022-03-31,True
SYSR.ST,2022-Q2,2022-06-08,2022-06-30,True
SYSR.ST,2022-Q3,2022-08-25,2022-09-30,True
SYSR.ST,2022-Q4,2022-12-08,2022-12-31,True
SYSR.ST,2023-Q1,2023-03-09,2023-03-31,True
SYSR.ST,2023-Q2,2023-06-08,2023-06-30,True
SYSR.ST,2023-Q3,2023-08-31,2023-09-30,True
SYSR.ST,YAHOO-2023-10-31,2023-12-07,2023-10-31,True
SYSR.ST,2023-Q4,2023-12-07,2023-12-31,True
SYSR.ST,YAHOO-2024-01-31,2024-03-05,2024-01-31,True
SYSR.ST,2024-Q1,2024-03-05,2024-03-31,True
SYSR.ST,YAHOO-2024-04-30,2024-06-04,2024-04-30,True
SYSR.ST,2024-Q2,2024-06-04,2024-06-30,True
SYSR.ST,YAHOO-2024-07-31,2024-08-29,2024-07-31,True
SYSR.ST,2024-Q3,2024-08-29,2024-09-30,True
SYSR.ST,YAHOO-2024-10-31,2024-12-04,2024-10-31,True
SYSR.ST,2024-Q4,2024-12-04,2024-12-31,True
SYSR.ST,YAHOO-2025-01-31,2025-03-06,2025-01-31,True
SYSR.ST,2025-Q1,2025-03-06,2025-03-31,True
SYSR.ST,2025-Q2,2025-06-05,2025-06-30,True
SYSR.ST,YAHOO-2025-07-31,2025-08-28,2025-07-31,True
SYSR.ST,2025-Q3,2025-08-28,2025-09-30,True
SYSR.ST,YAHOO-2025-10-31,2025-12-04,2025-10-31,True
SYSR.ST,2025-Q4,2025-12-04,2025-12-31,True
SYSR.ST,YAHOO-2026-01-31,2026-03-05,2026-01-31,True
SYSR.ST,2026-Q1,2026-03-05,2026-03-31,True
SYSR.ST,YAHOO-2026-04-30,2026-06-10,2026-04-30,True
SYSR.ST,2026-Q2,2026-06-10,2026-06-30,True
SYSR.ST,YAHOO-2026-07-31,2026-08-27,2026-07-31,True
SYSR.ST,2026-Q3,2026-08-27,2026-09-30,True
TEL2-B.ST,2018-Q3,2018-10-18,2018-09-30,True
TEL2-B.ST,2018-Q4,2019-02-13,2018-12-31,True
TEL2-B.ST,2019-Q1,2019-04-24,2019-03-31,True
TEL2-B.ST,2019-Q2,2019-07-17,2019-06-30,True
TEL2-B.ST,2019-Q3,2019-10-17,2019-09-30,True
TEL2-B.ST,2019-Q4,2020-02-03,2019-12-31,True
TEL2-B.ST,2020-Q1,2020-04-21,2020-03-31,True
TEL2-B.ST,2020-Q2,2020-07-15,2020-06-30,True
TEL2-B.ST,2020-Q3,2020-10-20,2020-09-30,True
TEL2-B.ST,2020-Q4,2021-02-02,2020-12-31,True
TEL2-B.ST,2021-Q1,2021-04-22,2021-03-31,True
TEL2-B.ST,2021-Q2,2021-07-14,2021-06-30,True
TEL2-B.ST,2021-Q3,2021-10-19,2021-09-30,True
TEL2-B.ST,2021-Q4,2022-02-01,2021-12-31,True
TEL2-B.ST,2022-Q1,2022-04-21,2022-03-31,True
TEL2-B.ST,2022-Q2,2022-07-19,2022-06-30,True
TEL2-B.ST,2022-Q3,2022-10-20,2022-09-30,True
TEL2-B.ST,2022-Q4,2023-01-31,2022-12-31,True
TEL2-B.ST,2023-Q1,2023-04-21,2023-03-31,True
TEL2-B.ST,2023-Q2,2023-07-18,2023-06-30,True
TEL2-B.ST,2023-Q3,2023-10-18,2023-09-30,True
TEL2-B.ST,2023-Q4,2024-01-30,2023-12-31,True
TEL2-B.ST,2024-Q1,2024-04-18,2024-03-31,True
TEL2-B.ST,2024-Q2,2024-07-17,2024-06-30,True
TEL2-B.ST,2024-Q3,2024-10-22,2024-09-30,True
TEL2-B.ST,2024-Q4,2025-01-28,2024-12-31,True
TEL2-B.ST,2025-Q1,2025-04-23,2025-03-31,True
TEL2-B.ST,2025-Q2,2025-07-17,2025-06-30,True
TEL2-B.ST,2025-Q3,2025-10-21,2025-09-30,True
TEL2-B.ST,2025-Q4,2026-01-28,2025-12-31,True
TEL2-B.ST,2026-Q1,2026-04-22,2026-03-31,True
TEL2-B.ST,2026-Q2,2026-07-16,2026-06-30,True
THULE.ST,2018-Q3,2018-10-26,2018-09-30,True
THULE.ST,2018-Q4,2019-02-13,2018-12-31,True
THULE.ST,2019-Q1,2019-04-26,2019-03-31,True
THULE.ST,2019-Q2,2019-07-18,2019-06-30,True
THULE.ST,2019-Q3,2019-10-25,2019-09-30,True
THULE.ST,2019-Q4,2020-02-12,2019-12-31,True
THULE.ST,2020-Q1,2020-04-28,2020-03-31,True
THULE.ST,2020-Q2,2020-07-21,2020-06-30,True
THULE.ST,2020-Q3,2020-10-23,2020-09-30,True
THULE.ST,2020-Q4,2021-02-10,2020-12-31,True
THULE.ST,2021-Q1,2021-04-22,2021-03-31,True
THULE.ST,2021-Q2,2021-07-21,2021-06-30,True
THULE.ST,2021-Q3,2021-10-22,2021-09-30,True
THULE.ST,2021-Q4,2022-02-09,2021-12-31,True
THULE.ST,2022-Q1,2022-04-26,2022-03-31,True
THULE.ST,2022-Q2,2022-07-21,2022-06-30,True
THULE.ST,2022-Q3,2022-10-27,2022-09-30,True
THULE.ST,2022-Q4,2023-02-10,2022-12-31,True
THULE.ST,2023-Q1,2023-04-27,2023-03-31,True
THULE.ST,2023-Q2,2023-07-19,2023-06-30,True
THULE.ST,2023-Q3,2023-10-27,2023-09-30,True
THULE.ST,2023-Q4,2024-02-09,2023-12-31,True
THULE.ST,2024-Q1,2024-04-26,2024-03-31,True
THULE.ST,2024-Q2,2024-07-17,2024-06-30,True
THULE.ST,2024-Q3,2024-10-23,2024-09-30,True
THULE.ST,2024-Q4,2025-02-07,2024-12-31,True
THULE.ST,2025-Q1,2025-04-28,2025-03-31,True
THULE.ST,2025-Q2,2025-07-15,2025-06-30,True
THULE.ST,2025-Q3,2025-10-22,2025-09-30,True
THULE.ST,2025-Q4,2026-02-10,2025-12-31,True
THULE.ST,2026-Q1,2026-04-29,2026-03-31,True
THULE.ST,2026-Q2,2026-07-20,2026-06-30,True
TREL-B.ST,2018-Q3,2018-10-31,2018-09-30,True
TREL-B.ST,2018-Q4,2019-02-13,2018-12-31,True
TREL-B.ST,2019-Q1,2019-04-26,2019-03-31,True
TREL-B.ST,2019-Q2,2019-07-18,2019-06-30,True
TREL-B.ST,2019-Q3,2019-10-24,2019-09-30,True
TREL-B.ST,2019-Q4,2020-02-12,2019-12-31,True
TREL-B.ST,2020-Q1,2020-04-23,2020-03-31,True
TREL-B.ST,2020-Q2,2020-07-20,2020-06-30,True
TREL-B.ST,2020-Q3,2020-10-27,2020-09-30,True
TREL-B.ST,2020-Q4,2021-02-10,2020-12-31,True
TREL-B.ST,2021-Q1,2021-04-22,2021-03-31,True
TREL-B.ST,2021-Q2,2021-07-22,2021-06-30,True
TREL-B.ST,2021-Q3,2021-10-27,2021-09-30,True
TREL-B.ST,2021-Q4,2022-02-04,2021-12-31,True
TREL-B.ST,2022-Q1,2022-04-27,2022-03-31,True
TREL-B.ST,2022-Q2,2022-07-21,2022-06-30,True
TREL-B.ST,2022-Q3,2022-10-26,2022-09-30,True
TREL-B.ST,2022-Q4,2023-01-27,2022-12-31,True
TREL-B.ST,2023-Q1,2023-04-27,2023-03-31,True
TREL-B.ST,2023-Q2,2023-07-19,2023-06-30,True
TREL-B.ST,2023-Q3,2023-10-26,2023-09-30,True
TREL-B.ST,2023-Q4,2024-02-02,2023-12-31,True
TREL-B.ST,2024-Q1,2024-04-24,2024-03-31,True
TREL-B.ST,2024-Q2,2024-07-18,2024-06-30,True
TREL-B.ST,2024-Q3,2024-10-24,2024-09-30,True
TREL-B.ST,2024-Q4,2025-01-28,2024-12-31,True
TREL-B.ST,2025-Q1,2025-04-24,2025-03-31,True
TREL-B.ST,2025-Q2,2025-07-17,2025-06-30,True
TREL-B.ST,2025-Q3,2025-10-24,2025-09-30,True
TREL-B.ST,2025-Q4,2026-01-29,2025-12-31,True
TREL-B.ST,2026-Q1,2026-04-23,2026-03-31,True
TREL-B.ST,2026-Q2,2026-07-16,2026-06-30,True
VBG-B.ST,2018-Q3,2018-10-22,2018-09-30,True
VBG-B.ST,2018-Q4,2019-02-19,2018-12-31,True
VBG-B.ST,2019-Q1,2019-04-24,2019-03-31,True
VBG-B.ST,2019-Q2,2019-08-20,2019-06-30,True
VBG-B.ST,2019-Q3,2019-10-22,2019-09-30,True
VBG-B.ST,2019-Q4,2020-02-20,2019-12-31,True
VBG-B.ST,2020-Q1,2020-04-28,2020-03-31,True
VBG-B.ST,2020-Q2,2020-07-23,2020-06-30,True
VBG-B.ST,2020-Q3,2020-10-22,2020-09-30,True
VBG-B.ST,2020-Q4,2021-02-24,2020-12-31,True
VBG-B.ST,2021-Q1,2021-04-29,2021-03-31,True
VBG-B.ST,2021-Q2,2021-07-22,2021-06-30,True
VBG-B.ST,2021-Q3,2021-10-21,2021-09-30,True
VBG-B.ST,2021-Q4,2022-02-24,2021-12-31,True
VBG-B.ST,2022-Q1,2022-04-28,2022-03-31,True
VBG-B.ST,2022-Q2,2022-07-20,2022-06-30,True
VBG-B.ST,2022-Q3,2022-10-26,2022-09-30,True
VBG-B.ST,2022-Q4,2023-02-21,2022-12-31,True
VBG-B.ST,2023-Q1,2023-04-27,2023-03-31,True
VBG-B.ST,2023-Q2,2023-07-20,2023-06-30,True
VBG-B.ST,2023-Q3,2023-10-24,2023-09-30,True
VBG-B.ST,2023-Q4,2024-02-20,2023-12-31,True
VBG-B.ST,2024-Q1,2024-04-25,2024-03-31,True
VBG-B.ST,2024-Q2,2024-07-19,2024-06-30,True
VBG-B.ST,2024-Q3,2024-10-23,2024-09-30,True
VBG-B.ST,2024-Q4,2025-02-19,2024-12-31,True
VBG-B.ST,2025-Q1,2025-04-28,2025-03-31,True
VBG-B.ST,2025-Q2,2025-07-17,2025-06-30,True
VBG-B.ST,2025-Q3,2025-10-28,2025-09-30,True
VBG-B.ST,2025-Q4,2026-02-18,2025-12-31,True
VBG-B.ST,2026-Q1,2026-04-27,2026-03-31,True
VBG-B.ST,2026-Q2,2026-07-17,2026-06-30,True
VIT-B.ST,2018-Q3,2018-10-18,2018-09-30,True
VIT-B.ST,2018-Q4,2019-02-13,2018-12-31,True
VIT-B.ST,2019-Q1,2019-04-10,2019-03-31,True
VIT-B.ST,2019-Q2,2019-07-11,2019-06-30,True
VIT-B.ST,2019-Q3,2019-10-17,2019-09-30,True
VIT-B.ST,2019-Q4,2020-02-13,2019-12-31,True
VIT-B.ST,2020-Q1,2020-04-17,2020-03-31,True
VIT-B.ST,2020-Q2,2020-07-10,2020-06-30,True
VIT-B.ST,2020-Q3,2020-10-15,2020-09-30,True
VIT-B.ST,2020-Q4,2021-02-11,2020-12-31,True
VIT-B.ST,2021-Q1,2021-04-16,2021-03-31,True
VIT-B.ST,2021-Q2,2021-07-15,2021-06-30,True
VIT-B.ST,2021-Q3,2021-10-14,2021-09-30,True
VIT-B.ST,2021-Q4,2022-02-11,2021-12-31,True
VIT-B.ST,2022-Q1,2022-04-22,2022-03-31,True
VIT-B.ST,2022-Q2,2022-07-15,2022-06-30,True
VIT-B.ST,2022-Q3,2022-10-20,2022-09-30,True
VIT-B.ST,2022-Q4,2023-02-01,2022-12-31,True
VIT-B.ST,2023-Q1,2023-04-21,2023-03-31,True
VIT-B.ST,2023-Q2,2023-07-14,2023-06-30,True
VIT-B.ST,2023-Q3,2023-10-19,2023-09-30,True
VIT-B.ST,2023-Q4,2024-02-01,2023-12-31,True
VIT-B.ST,2024-Q1,2024-04-18,2024-03-31,True
VIT-B.ST,2024-Q2,2024-07-12,2024-06-30,True
VIT-B.ST,2024-Q3,2024-10-17,2024-09-30,True
VIT-B.ST,2024-Q4,2025-02-05,2024-12-31,True
VIT-B.ST,2025-Q1,2025-04-23,2025-03-31,True
VIT-B.ST,2025-Q2,2025-07-11,2025-06-30,True
VIT-B.ST,2025-Q3,2025-10-16,2025-09-30,True
VIT-B.ST,2025-Q4,2026-02-06,2025-12-31,True
VIT-B.ST,2026-Q1,2026-04-23,2026-03-31,True
VIT-B.ST,2026-Q2,2026-07-14,2026-06-30,True
VITR.ST,2018-Q3,2018-11-06,2018-09-30,True
VITR.ST,2018-Q4,2019-02-08,2018-12-31,True
VITR.ST,2019-Q1,2019-04-23,2019-03-31,True
VITR.ST,2019-Q2,2019-07-12,2019-06-30,True
VITR.ST,2019-Q3,2019-11-06,2019-09-30,True
VITR.ST,2019-Q4,2020-02-06,2019-12-31,True
VITR.ST,2020-Q1,2020-04-23,2020-03-31,True
VITR.ST,2020-Q2,2020-07-13,2020-06-30,True
VITR.ST,2020-Q3,2020-11-06,2020-09-30,True
VITR.ST,2020-Q4,2021-02-10,2020-12-31,True
VITR.ST,2021-Q1,2021-04-22,2021-03-31,True
VITR.ST,2021-Q2,2021-07-15,2021-06-30,True
VITR.ST,2021-Q3,2021-10-29,2021-09-30,True
VITR.ST,2021-Q4,2022-02-16,2021-12-31,True
VITR.ST,2022-Q1,2022-04-22,2022-03-31,True
VITR.ST,2022-Q2,2022-07-15,2022-06-30,True
VITR.ST,2022-Q3,2022-10-27,2022-09-30,True
VITR.ST,2022-Q4,2023-02-02,2022-12-31,True
VITR.ST,2023-Q1,2023-04-21,2023-03-31,True
VITR.ST,2023-Q2,2023-07-14,2023-06-30,True
VITR.ST,2023-Q3,2023-10-27,2023-09-30,True
VITR.ST,2023-Q4,2024-02-02,2023-12-31,True
VITR.ST,2024-Q1,2024-04-18,2024-03-31,True
VITR.ST,2024-Q2,2024-07-17,2024-06-30,True
VITR.ST,2024-Q3,2024-10-24,2024-09-30,True
VITR.ST,2024-Q4,2025-01-30,2024-12-31,True
VITR.ST,2025-Q1,2025-04-24,2025-03-31,True
VITR.ST,2025-Q2,2025-07-17,2025-06-30,True
VITR.ST,2025-Q3,2025-10-23,2025-09-30,True
VITR.ST,2025-Q4,2026-02-03,2025-12-31,True
VITR.ST,2026-Q1,2026-04-23,2026-03-31,True
VITR.ST,2026-Q2,2026-07-16,2026-06-30,True
VIVA.ST,2021-Q4,2022-02-24,2021-12-31,True
VIVA.ST,2022-Q1,2022-05-12,2022-03-31,True
VIVA.ST,2022-Q2,2022-08-25,2022-06-30,True
VIVA.ST,2022-Q3,2022-11-16,2022-09-30,True
VIVA.ST,2022-Q4,2023-02-23,2022-12-31,True
VIVA.ST,2023-Q1,2023-05-17,2023-03-31,True
VIVA.ST,2023-Q2,2023-08-29,2023-06-30,True
VIVA.ST,2023-Q3,2023-11-22,2023-09-30,True
VIVA.ST,2023-Q4,2024-02-22,2023-12-31,True
VIVA.ST,2024-Q1,2024-05-16,2024-03-31,True
VIVA.ST,2024-Q2,2024-08-28,2024-06-30,True
VIVA.ST,2024-Q3,2024-11-20,2024-09-30,True
VIVA.ST,2024-Q4,2025-02-20,2024-12-31,True
VIVA.ST,2025-Q1,2025-05-15,2025-03-31,True
VIVA.ST,2025-Q2,2025-08-28,2025-06-30,True
VIVA.ST,2025-Q3,2025-11-20,2025-09-30,True
VIVA.ST,2025-Q4,2026-02-19,2025-12-31,True
VIVA.ST,2026-Q1,2026-05-07,2026-03-31,True
VIVA.ST,2026-Q2,2026-08-20,2026-06-30,True
VOLV-A.ST,2018-Q3,2018-10-19,2018-09-30,True
VOLV-A.ST,2018-Q4,2019-01-30,2018-12-31,True
VOLV-A.ST,2019-Q1,2019-04-24,2019-03-31,True
VOLV-A.ST,2019-Q2,2019-07-18,2019-06-30,True
VOLV-A.ST,2019-Q3,2019-10-18,2019-09-30,True
VOLV-A.ST,2019-Q4,2020-01-30,2019-12-31,True
VOLV-A.ST,2020-Q1,2020-04-23,2020-03-31,True
VOLV-A.ST,2020-Q2,2020-07-17,2020-06-30,True
VOLV-A.ST,2020-Q3,2020-10-16,2020-09-30,True
VOLV-A.ST,2020-Q4,2021-02-03,2020-12-31,True
VOLV-A.ST,2021-Q1,2021-04-22,2021-03-31,True
VOLV-A.ST,2021-Q2,2021-07-20,2021-06-30,True
VOLV-A.ST,2021-Q3,2021-10-21,2021-09-30,True
VOLV-A.ST,2021-Q4,2022-01-28,2021-12-31,True
VOLV-A.ST,2022-Q1,2022-04-22,2022-03-31,True
VOLV-A.ST,2022-Q2,2022-07-19,2022-06-30,True
VOLV-A.ST,2022-Q3,2022-10-20,2022-09-30,True
VOLV-A.ST,2022-Q4,2023-01-26,2022-12-31,True
VOLV-A.ST,2023-Q1,2023-04-20,2023-03-31,True
VOLV-A.ST,2023-Q2,2023-07-19,2023-06-30,True
VOLV-A.ST,2023-Q3,2023-10-18,2023-09-30,True
VOLV-A.ST,2023-Q4,2024-01-26,2023-12-31,True
VOLV-A.ST,2024-Q1,2024-04-17,2024-03-31,True
VOLV-A.ST,2024-Q2,2024-07-18,2024-06-30,True
VOLV-A.ST,2024-Q3,2024-10-18,2024-09-30,True
VOLV-A.ST,2024-Q4,2025-01-29,2024-12-31,True
VOLV-A.ST,2025-Q1,2025-04-23,2025-03-31,True
VOLV-A.ST,2025-Q2,2025-07-17,2025-06-30,True
VOLV-A.ST,2025-Q3,2025-10-17,2025-09-30,True
VOLV-A.ST,2025-Q4,2026-01-28,2025-12-31,True
VOLV-A.ST,2026-Q1,2026-04-24,2026-03-31,True
VOLV-A.ST,2026-Q2,2026-07-17,2026-06-30,True
WALL-B.ST,2018-Q3,2018-10-25,2018-09-30,True
WALL-B.ST,2018-Q4,2019-02-06,2018-12-31,True
WALL-B.ST,2019-Q1,2019-05-02,2019-03-31,True
WALL-B.ST,2019-Q2,2019-07-17,2019-06-30,True
WALL-B.ST,2019-Q3,2019-10-22,2019-09-30,True
WALL-B.ST,2019-Q4,2020-02-05,2019-12-31,True
WALL-B.ST,2020-Q1,2020-04-28,2020-03-31,True
WALL-B.ST,2020-Q2,2020-07-17,2020-06-30,True
WALL-B.ST,2020-Q3,2020-10-22,2020-09-30,True
WALL-B.ST,2020-Q4,2021-02-09,2020-12-31,True
WALL-B.ST,2021-Q1,2021-04-27,2021-03-31,True
WALL-B.ST,2021-Q2,2021-07-08,2021-06-30,True
WALL-B.ST,2021-Q3,2021-10-22,2021-09-30,True
WALL-B.ST,2021-Q4,2022-02-08,2021-12-31,True
WALL-B.ST,2022-Q1,2022-04-26,2022-03-31,True
WALL-B.ST,2022-Q2,2022-07-14,2022-06-30,True
WALL-B.ST,2022-Q3,2022-10-25,2022-09-30,True
WALL-B.ST,2022-Q4,2023-02-08,2022-12-31,True
WALL-B.ST,2023-Q1,2023-05-03,2023-03-31,True
WALL-B.ST,2023-Q2,2023-07-14,2023-06-30,True
WALL-B.ST,2023-Q3,2023-10-20,2023-09-30,True
WALL-B.ST,2023-Q4,2024-02-08,2023-12-31,True
WALL-B.ST,2024-Q1,2024-04-24,2024-03-31,True
WALL-B.ST,2024-Q2,2024-07-08,2024-06-30,True
WALL-B.ST,2024-Q3,2024-10-22,2024-09-30,True
WALL-B.ST,2024-Q4,2025-02-06,2024-12-31,True
WALL-B.ST,2025-Q1,2025-04-28,2025-03-31,True
WALL-B.ST,2025-Q2,2025-07-07,2025-06-30,True
WALL-B.ST,2025-Q3,2025-10-21,2025-09-30,True
WALL-B.ST,2025-Q4,2026-02-05,2025-12-31,True
WALL-B.ST,2026-Q1,2026-04-21,2026-03-31,True
WALL-B.ST,2026-Q2,2026-07-06,2026-06-30,True
WIHL.ST,2018-Q3,2018-10-23,2018-09-30,True
WIHL.ST,2018-Q4,2019-02-12,2018-12-31,True
WIHL.ST,2019-Q1,2019-04-25,2019-03-31,True
WIHL.ST,2019-Q2,2019-07-08,2019-06-30,True
WIHL.ST,2019-Q3,2019-10-24,2019-09-30,True
WIHL.ST,2019-Q4,2020-02-11,2019-12-31,True
WIHL.ST,2020-Q1,2020-04-28,2020-03-31,True
WIHL.ST,2020-Q2,2020-07-06,2020-06-30,True
WIHL.ST,2020-Q3,2020-10-23,2020-09-30,True
WIHL.ST,2020-Q4,2021-02-16,2020-12-31,True
WIHL.ST,2021-Q1,2021-04-27,2021-03-31,True
WIHL.ST,2021-Q2,2021-07-12,2021-06-30,True
WIHL.ST,2021-Q3,2021-10-22,2021-09-30,True
WIHL.ST,2021-Q4,2022-02-15,2021-12-31,True
WIHL.ST,2022-Q1,2022-04-26,2022-03-31,True
WIHL.ST,2022-Q2,2022-07-11,2022-06-30,True
WIHL.ST,2022-Q3,2022-10-21,2022-09-30,True
WIHL.ST,2022-Q4,2023-02-14,2022-12-31,True
WIHL.ST,2023-Q1,2023-04-25,2023-03-31,True
WIHL.ST,2023-Q2,2023-07-10,2023-06-30,True
WIHL.ST,2023-Q3,2023-10-24,2023-09-30,True
WIHL.ST,2023-Q4,2024-02-13,2023-12-31,True
WIHL.ST,2024-Q1,2024-04-23,2024-03-31,True
WIHL.ST,2024-Q2,2024-07-08,2024-06-30,True
WIHL.ST,2024-Q3,2024-10-24,2024-09-30,True
WIHL.ST,2024-Q4,2025-02-11,2024-12-31,True
WIHL.ST,2025-Q1,2025-04-28,2025-03-31,True
WIHL.ST,2025-Q2,2025-07-07,2025-06-30,True
WIHL.ST,2025-Q3,2025-10-23,2025-09-30,True
WIHL.ST,2025-Q4,2026-02-10,2025-12-31,True
WIHL.ST,2026-Q1,2026-04-21,2026-03-31,True
WIHL.ST,2026-Q2,2026-07-06,2026-06-30,True
ZZ-B.ST,2018-Q3,2018-11-15,2018-09-30,True
ZZ-B.ST,2018-Q4,2019-02-28,2018-12-31,True
ZZ-B.ST,2019-Q1,2019-05-16,2019-03-31,True
ZZ-B.ST,2019-Q2,2019-08-30,2019-06-30,True
ZZ-B.ST,2019-Q3,2019-11-15,2019-09-30,True
ZZ-B.ST,2019-Q4,2020-02-28,2019-12-31,True
ZZ-B.ST,2020-Q1,2020-05-14,2020-03-31,True
ZZ-B.ST,2020-Q2,2020-08-28,2020-06-30,True
ZZ-B.ST,2020-Q3,2020-11-20,2020-09-30,True
ZZ-B.ST,2020-Q4,2021-02-26,2020-12-31,True
ZZ-B.ST,2021-Q1,2021-05-18,2021-03-31,True
ZZ-B.ST,2021-Q2,2021-08-27,2021-06-30,True
ZZ-B.ST,2021-Q3,2021-11-19,2021-09-30,True
ZZ-B.ST,2021-Q4,2022-02-28,2021-12-31,True
ZZ-B.ST,2022-Q1,2022-05-13,2022-03-31,True
ZZ-B.ST,2022-Q2,2022-08-26,2022-06-30,True
ZZ-B.ST,2022-Q3,2022-11-17,2022-09-30,True
ZZ-B.ST,2022-Q4,2023-02-28,2022-12-31,True
ZZ-B.ST,2023-Q1,2023-05-12,2023-03-31,True
ZZ-B.ST,2023-Q2,2023-08-31,2023-06-30,True
ZZ-B.ST,2023-Q3,2023-11-16,2023-09-30,True
ZZ-B.ST,2023-Q4,2024-02-27,2023-12-31,True
ZZ-B.ST,2024-Q1,2024-05-22,2024-03-31,True
ZZ-B.ST,2024-Q2,2024-08-30,2024-06-30,True
ZZ-B.ST,2024-Q3,2024-11-19,2024-09-30,True
ZZ-B.ST,2024-Q4,2025-02-27,2024-12-31,True
ZZ-B.ST,2025-Q1,2025-05-20,2025-03-31,True
ZZ-B.ST,2025-Q2,2025-08-29,2025-06-30,True
ZZ-B.ST,2025-Q3,2025-11-19,2025-09-30,True
ZZ-B.ST,2025-Q4,2026-02-25,2025-12-31,True
ZZ-B.ST,2026-Q1,2026-05-22,2026-03-31,True
ZZ-B.ST,2026-Q2,2026-08-26,2026-06-30,True
