ticker,report_period,period_end,report_date,eps_ttm,currency,eps_source,alignment_status
AAK.ST,2019-Q2,,2019-07-16,5.4952,SEK,User-supplied historical EPS TTM / all Yahoo overlaps <1%,strict_user_history_gap_fill
AAK.ST,2019-Q3,,2019-10-24,5.6252,SEK,User-supplied historical EPS TTM / all Yahoo overlaps <1%,strict_user_history_gap_fill
AAK.ST,2019-Q4,,2020-01-30,5.7618,SEK,User-supplied historical EPS TTM / all Yahoo overlaps <1%,strict_user_history_gap_fill
AAK.ST,2020-Q1,,2020-04-24,5.88,SEK,User-supplied historical EPS TTM / all Yahoo overlaps <1%,strict_user_history_gap_fill
AAK.ST,2020-Q2,,2020-07-17,5.73,SEK,User-supplied historical EPS TTM / all Yahoo overlaps <1%,strict_user_history_gap_fill
AAK.ST,2020-Q3,,2020-10-22,5.88,SEK,User-supplied historical EPS TTM / all Yahoo overlaps <1%,strict_user_history_gap_fill
AAK.ST,2020-Q4,,2021-01-28,6.03,SEK,User-supplied historical EPS TTM / all Yahoo overlaps <1%,strict_user_history_gap_fill
AAK.ST,2021-Q1,,2021-04-23,6.1,SEK,User-supplied historical EPS TTM / all Yahoo overlaps <1%,strict_user_history_gap_fill
AAK.ST,2021-Q2,,2021-07-16,5.2498,SEK,User-supplied historical EPS TTM / all Yahoo overlaps <1%,strict_user_history_gap_fill
AAK.ST,2021-Q3,,2021-10-29,5.3898,SEK,User-supplied historical EPS TTM / all Yahoo overlaps <1%,strict_user_history_gap_fill
AAK.ST,2021-Q4,,2022-02-04,5.5612,SEK,User-supplied historical EPS TTM / all Yahoo overlaps <1%,strict_user_history_gap_fill
AAK.ST,2022-Q1,,2022-04-27,5.9112,SEK,User-supplied historical EPS TTM / all Yahoo overlaps <1%,strict_user_history_gap_fill
AAK.ST,2022-Q2,,2022-07-19,6.1209,SEK,User-supplied historical EPS TTM / all Yahoo overlaps <1%,strict_user_history_gap_fill
AAK.ST,2022-Q3,,2022-10-25,6.681,SEK,User-supplied historical EPS TTM / all Yahoo overlaps <1%,strict_user_history_gap_fill
AAK.ST,2022-Q4,,2023-02-02,6.8238,SEK,User-supplied historical EPS TTM / all Yahoo overlaps <1%,strict_user_history_gap_fill
AAK.ST,2023-Q1,,2023-05-04,7.4804,SEK,User-supplied historical EPS TTM / all Yahoo overlaps <1%,strict_user_history_gap_fill
AAK.ST,2023-Q2,,2023-07-19,9.2464,SEK,User-supplied historical EPS TTM / all Yahoo overlaps <1%,strict_user_history_gap_fill
AAK.ST,2023-Q3,2023-09-30,2023-10-25,10.01,SEK,Yahoo Finance / trailingDilutedEPS historical timeseries,yahoo_trailing_diluted
AAK.ST,2023-Q4,2023-12-31,2024-02-07,11.35,SEK,Yahoo Finance / trailingDilutedEPS historical timeseries,yahoo_trailing_diluted
AAK.ST,2024-Q1,2024-03-31,2024-04-25,12.39,SEK,Yahoo Finance / trailingDilutedEPS historical timeseries,yahoo_trailing_diluted
AAK.ST,2024-Q2,2024-06-30,2024-07-18,13.13,SEK,Yahoo Finance / trailingDilutedEPS historical timeseries,yahoo_trailing_diluted
AAK.ST,2024-Q3,2024-09-30,2024-10-24,13.35,SEK,Yahoo Finance / trailingDilutedEPS historical timeseries,yahoo_trailing_diluted
AAK.ST,2024-Q4,2024-12-31,2025-02-05,13.57,SEK,Yahoo Finance / trailingDilutedEPS historical timeseries,yahoo_trailing_diluted
AAK.ST,2025-Q1,2025-03-31,2025-04-24,13.56,SEK,Yahoo Finance / trailingDilutedEPS historical timeseries,yahoo_trailing_diluted
AAK.ST,2025-Q2,2025-06-30,2025-07-17,12.92,SEK,Yahoo Finance / trailingDilutedEPS historical timeseries,yahoo_trailing_diluted
AAK.ST,2025-Q3,2025-09-30,2025-10-23,13.080000000000002,SEK,Yahoo Finance / trailingDilutedEPS reconstructed from quarterlyDilutedEPS,yahoo_reconstructed_diluted_ttm
AAK.ST,2025-Q4,2025-12-31,2026-02-05,13.16,SEK,Yahoo Finance / trailingDilutedEPS historical timeseries,yahoo_trailing_diluted
AAK.ST,2026-Q1,2026-03-31,2026-04-28,13.27,SEK,Yahoo Finance / trailingDilutedEPS historical timeseries,yahoo_trailing_diluted
AAK.ST,2026-Q2,2026-06-30,2026-07-17,13.87,SEK,Yahoo Finance / trailingDilutedEPS historical timeseries,yahoo_trailing_diluted
ABB.ST,2024-Q1,2024-03-31,2024-04-18,1.94,USD,Yahoo Finance / trailingDilutedEPS historical timeseries,yahoo_trailing_diluted
ABB.ST,2024-Q2,2024-06-30,2024-07-18,2.05,USD,Yahoo Finance / trailingDilutedEPS historical timeseries,yahoo_trailing_diluted
ABB.ST,2024-Q3,2024-09-30,2024-10-17,2.09,USD,Yahoo Finance / trailingDilutedEPS historical timeseries,yahoo_trailing_diluted
ABB.ST,2024-Q4,2024-12-31,2025-01-30,2.13,USD,Yahoo Finance / trailingDilutedEPS historical timeseries,yahoo_trailing_diluted
ABB.ST,2025-Q1,2025-03-31,2025-04-17,2.24,USD,Yahoo Finance / trailingDilutedEPS historical timeseries,yahoo_trailing_diluted
ABB.ST,2025-Q2,2025-06-30,2025-07-17,2.27,USD,Yahoo Finance / trailingDilutedEPS historical timeseries,yahoo_trailing_diluted
ABB.ST,2025-Q3,2025-09-30,2025-10-16,2.42,USD,Yahoo Finance / trailingDilutedEPS reconstructed from quarterlyDilutedEPS,yahoo_reconstructed_diluted_ttm
ABB.ST,2025-Q4,2025-12-31,2026-01-29,2.59,USD,Yahoo Finance / trailingDilutedEPS historical timeseries,yahoo_trailing_diluted
ABB.ST,2026-Q1,2026-03-31,2026-04-22,2.72,USD,Yahoo Finance / trailingDilutedEPS historical timeseries,yahoo_trailing_diluted
ABB.ST,2026-Q2,2026-06-30,2026-07-16,2.76,USD,Yahoo Finance / trailingDilutedEPS historical timeseries,yahoo_trailing_diluted
ADDT-B.ST,2018-Q3,,2018-10-25,2.1278,SEK,User-supplied historical EPS TTM / all Yahoo overlaps <1%,strict_user_history_gap_fill
ADDT-B.ST,2018-Q4,,2019-02-07,2.2826,SEK,User-supplied historical EPS TTM / all Yahoo overlaps <1%,strict_user_history_gap_fill
ADDT-B.ST,2019-Q1,,2019-05-15,2.4476,SEK,User-supplied historical EPS TTM / all Yahoo overlaps <1%,strict_user_history_gap_fill
ADDT-B.ST,2019-Q2,,2019-07-12,2.6892,SEK,User-supplied historical EPS TTM / all Yahoo overlaps <1%,strict_user_history_gap_fill
ADDT-B.ST,2019-Q3,,2019-10-24,2.9267,SEK,User-supplied historical EPS TTM / all Yahoo overlaps <1%,strict_user_history_gap_fill
ADDT-B.ST,2019-Q4,,2020-02-05,2.8719,SEK,User-supplied historical EPS TTM / all Yahoo overlaps <1%,strict_user_history_gap_fill
ADDT-B.ST,2020-Q1,,2020-05-13,3.1969,SEK,User-supplied historical EPS TTM / all Yahoo overlaps <1%,strict_user_history_gap_fill
ADDT-B.ST,2020-Q2,,2020-07-14,3.025,SEK,User-supplied historical EPS TTM / all Yahoo overlaps <1%,strict_user_history_gap_fill
ADDT-B.ST,2020-Q3,,2020-10-23,2.8042,SEK,User-supplied historical EPS TTM / all Yahoo overlaps <1%,strict_user_history_gap_fill
ADDT-B.ST,2020-Q4,,2021-02-04,2.9159,SEK,User-supplied historical EPS TTM / all Yahoo overlaps <1%,strict_user_history_gap_fill
ADDT-B.ST,2021-Q1,,2021-05-18,2.6206,SEK,User-supplied historical EPS TTM / all Yahoo overlaps <1%,strict_user_history_gap_fill
ADDT-B.ST,2021-Q2,,2021-07-16,2.8605,SEK,User-supplied historical EPS TTM / all Yahoo overlaps <1%,strict_user_history_gap_fill
ADDT-B.ST,2021-Q3,,2021-10-28,3.1456,SEK,User-supplied historical EPS TTM / all Yahoo overlaps <1%,strict_user_history_gap_fill
ADDT-B.ST,2021-Q4,,2022-02-08,3.5049,SEK,User-supplied historical EPS TTM / all Yahoo overlaps <1%,strict_user_history_gap_fill
ADDT-B.ST,2022-Q1,,2022-05-17,3.9752,SEK,User-supplied historical EPS TTM / all Yahoo overlaps <1%,strict_user_history_gap_fill
ADDT-B.ST,2022-Q2,,2022-07-15,4.2933,SEK,User-supplied historical EPS TTM / all Yahoo overlaps <1%,strict_user_history_gap_fill
ADDT-B.ST,2022-Q3,,2022-10-27,4.6523,SEK,User-supplied historical EPS TTM / all Yahoo overlaps <1%,strict_user_history_gap_fill
ADDT-B.ST,2022-Q4,,2023-02-02,5.0565,SEK,User-supplied historical EPS TTM / all Yahoo overlaps <1%,strict_user_history_gap_fill
ADDT-B.ST,2023-Q1,,2023-05-17,5.5462,SEK,User-supplied historical EPS TTM / all Yahoo overlaps <1%,strict_user_history_gap_fill
ADDT-B.ST,2023-Q2,,2023-07-14,5.7279,SEK,User-supplied historical EPS TTM / all Yahoo overlaps <1%,strict_user_history_gap_fill
ADDT-B.ST,2023-Q3,2023-09-30,2023-10-26,6.05,SEK,Yahoo Finance / trailingDilutedEPS historical timeseries,yahoo_trailing_diluted
ADDT-B.ST,2023-Q4,2023-12-31,2024-02-07,6.1,SEK,Yahoo Finance / trailingDilutedEPS historical timeseries,yahoo_trailing_diluted
ADDT-B.ST,2024-Q1,2024-03-31,2024-05-16,6.05,SEK,Yahoo Finance / trailingDilutedEPS historical timeseries,yahoo_trailing_diluted
ADDT-B.ST,2024-Q2,2024-06-30,2024-07-12,6.45,SEK,Yahoo Finance / trailingDilutedEPS historical timeseries,yahoo_trailing_diluted
ADDT-B.ST,2024-Q3,2024-09-30,2024-10-24,6.45,SEK,Yahoo Finance / trailingDilutedEPS historical timeseries,yahoo_trailing_diluted
ADDT-B.ST,2024-Q4,2024-12-31,2025-02-04,6.65,SEK,Yahoo Finance / trailingDilutedEPS historical timeseries,yahoo_trailing_diluted
ADDT-B.ST,2025-Q1,2025-03-31,2025-05-15,7.0,SEK,Yahoo Finance / trailingDilutedEPS historical timeseries,yahoo_trailing_diluted
ADDT-B.ST,2025-Q2,2025-06-30,2025-07-15,7.2,SEK,Yahoo Finance / trailingDilutedEPS historical timeseries,yahoo_trailing_diluted
ADDT-B.ST,2025-Q3,2025-09-30,2025-10-23,7.4,SEK,Yahoo Finance / trailingDilutedEPS reconstructed from quarterlyDilutedEPS,yahoo_reconstructed_diluted_ttm
ADDT-B.ST,2025-Q4,2025-12-31,2026-02-05,7.65,SEK,Yahoo Finance / trailingDilutedEPS historical timeseries,yahoo_trailing_diluted
ADDT-B.ST,2026-Q1,2026-03-31,2026-05-20,7.95,SEK,Yahoo Finance / trailingDilutedEPS historical timeseries,yahoo_trailing_diluted
ADDT-B.ST,2026-Q2,2026-06-30,2026-07-14,8.25,SEK,Yahoo Finance / trailingDilutedEPS historical timeseries,yahoo_trailing_diluted
ALIG.ST,2018-Q3,,2018-10-25,4.0016,SEK,User-supplied historical EPS TTM fallback,fallback_user_history
ALIG.ST,2018-Q4,,2019-02-22,4.7395,SEK,User-supplied historical EPS TTM fallback,fallback_user_history
ALIG.ST,2019-Q1,,2019-04-26,5.3756,SEK,User-supplied historical EPS TTM fallback,fallback_user_history
ALIG.ST,2019-Q2,,2019-08-21,5.7799,SEK,User-supplied historical EPS TTM fallback,fallback_user_history
ALIG.ST,2019-Q3,,2019-10-23,6.2184,SEK,User-supplied historical EPS TTM fallback,fallback_user_history
ALIG.ST,2019-Q4,,2020-02-21,5.4509,SEK,User-supplied historical EPS TTM fallback,fallback_user_history
ALIG.ST,2020-Q1,,2020-04-24,4.6644,SEK,User-supplied historical EPS TTM fallback,fallback_user_history
ALIG.ST,2020-Q2,,2020-07-23,3.8714,SEK,User-supplied historical EPS TTM fallback,fallback_user_history
ALIG.ST,2020-Q3,,2020-10-22,3.0592,SEK,User-supplied historical EPS TTM fallback,fallback_user_history
ALIG.ST,2020-Q4,,2021-02-11,2.5325,SEK,User-supplied historical EPS TTM fallback,fallback_user_history
ALIG.ST,2021-Q1,,2021-04-22,2.8249,SEK,User-supplied historical EPS TTM fallback,fallback_user_history
ALIG.ST,2021-Q2,,2021-07-20,3.2089,SEK,User-supplied historical EPS TTM fallback,fallback_user_history
ALIG.ST,2021-Q3,,2021-10-21,3.6746,SEK,User-supplied historical EPS TTM fallback,fallback_user_history
ALIG.ST,2021-Q4,,2022-02-10,4.2657,SEK,User-supplied historical EPS TTM fallback,fallback_user_history
ALIG.ST,2022-Q1,,2022-04-27,4.3722,SEK,User-supplied historical EPS TTM fallback,fallback_user_history
ALIG.ST,2022-Q2,,2022-07-19,4.6492,SEK,User-supplied historical EPS TTM fallback,fallback_user_history
ALIG.ST,2022-Q3,,2022-10-20,4.6869,SEK,User-supplied historical EPS TTM fallback,fallback_user_history
ALIG.ST,2022-Q4,,2023-02-17,5.2196,SEK,User-supplied historical EPS TTM fallback,fallback_user_history
ALIG.ST,2023-Q1,,2023-05-03,5.4016,SEK,User-supplied historical EPS TTM fallback,fallback_user_history
ALIG.ST,2023-Q2,,2023-07-20,5.2562,SEK,User-supplied historical EPS TTM fallback,fallback_user_history
ALIG.ST,2023-Q3,2023-09-30,2023-10-24,5.94589,SEK,Yahoo Finance / trailingDilutedEPS historical timeseries,yahoo_trailing_diluted
ALIG.ST,2023-Q4,2023-12-31,2024-02-12,5.25,SEK,Yahoo Finance / trailingDilutedEPS historical timeseries,yahoo_trailing_diluted
ALIG.ST,2024-Q1,2024-03-31,2024-04-25,4.77,SEK,Yahoo Finance / trailingDilutedEPS historical timeseries,yahoo_trailing_diluted
ALIG.ST,2024-Q2,2024-06-30,2024-07-18,4.89,SEK,Yahoo Finance / trailingDilutedEPS historical timeseries,yahoo_trailing_diluted
ALIG.ST,2024-Q3,2024-09-30,2024-10-29,5.15,SEK,Yahoo Finance / trailingDilutedEPS historical timeseries,yahoo_trailing_diluted
ALIG.ST,2024-Q4,2024-12-31,2025-02-13,5.87,SEK,Yahoo Finance / trailingDilutedEPS historical timeseries,yahoo_trailing_diluted
ALIG.ST,2025-Q1,2025-03-31,2025-04-24,6.36,SEK,Yahoo Finance / trailingDilutedEPS historical timeseries,yahoo_trailing_diluted
ALIG.ST,2025-Q2,2025-06-30,2025-07-18,6.75,SEK,Yahoo Finance / trailingDilutedEPS historical timeseries,yahoo_trailing_diluted
ALIG.ST,2025-Q3,2025-09-30,2025-10-23,6.510000000000001,SEK,Yahoo Finance / trailingDilutedEPS reconstructed from quarterlyDilutedEPS,yahoo_reconstructed_diluted_ttm
ALIG.ST,2025-Q4,2025-12-31,2026-02-10,5.65,SEK,Yahoo Finance / trailingDilutedEPS historical timeseries,yahoo_trailing_diluted
ALIG.ST,2026-Q1,2026-03-31,2026-04-28,5.3,SEK,Yahoo Finance / trailingDilutedEPS historical timeseries,yahoo_trailing_diluted
ALIG.ST,2026-Q2,2026-06-30,2026-07-17,5.14,SEK,Yahoo Finance / trailingDilutedEPS historical timeseries,yahoo_trailing_diluted
ALIV-SDB.ST,2024-Q1,2024-03-31,2024-04-26,6.38,USD,Yahoo Finance / trailingDilutedEPS historical timeseries,yahoo_trailing_diluted
ALIV-SDB.ST,2024-Q2,2024-06-30,2024-07-19,7.48,USD,Yahoo Finance / trailingDilutedEPS historical timeseries,yahoo_trailing_diluted
ALIV-SDB.ST,2024-Q3,2024-09-30,2024-10-18,7.66,USD,Yahoo Finance / trailingDilutedEPS historical timeseries,yahoo_trailing_diluted
ALIV-SDB.ST,2024-Q4,2024-12-31,2025-01-31,8.04,USD,Yahoo Finance / trailingDilutedEPS historical timeseries,yahoo_trailing_diluted
ALIV-SDB.ST,2025-Q1,2025-03-31,2025-04-16,8.66,USD,Yahoo Finance / trailingDilutedEPS historical timeseries,yahoo_trailing_diluted
ALIV-SDB.ST,2025-Q2,2025-06-30,2025-07-18,9.12,USD,Yahoo Finance / trailingDilutedEPS historical timeseries,yahoo_trailing_diluted
ALIV-SDB.ST,2025-Q3,2025-09-30,2025-10-17,9.67,USD,Yahoo Finance / trailingDilutedEPS reconstructed from quarterlyDilutedEPS,yahoo_reconstructed_diluted_ttm
ALIV-SDB.ST,2025-Q4,2025-12-31,2026-01-30,9.55,USD,Yahoo Finance / trailingDilutedEPS historical timeseries,yahoo_trailing_diluted
ALIV-SDB.ST,2026-Q1,2026-03-31,2026-04-17,9.29,USD,Yahoo Finance / trailingDilutedEPS historical timeseries,yahoo_trailing_diluted
ALIV-SDB.ST,2026-Q2,2026-06-30,2026-07-17,8.48,USD,Yahoo Finance / trailingDilutedEPS historical timeseries,yahoo_trailing_diluted
ALLEI.ST,2022-Q3,,2022-10-17,5.9272,SEK,User-supplied historical EPS TTM / all Yahoo overlaps <1%,strict_user_history_gap_fill
ALLEI.ST,2022-Q4,,2023-01-24,5.8634,SEK,User-supplied historical EPS TTM / all Yahoo overlaps <1%,strict_user_history_gap_fill
ALLEI.ST,2023-Q1,,2023-04-26,6.9476,SEK,User-supplied historical EPS TTM / all Yahoo overlaps <1%,strict_user_history_gap_fill
ALLEI.ST,2023-Q2,,2023-07-21,5.1499,SEK,User-supplied historical EPS TTM / all Yahoo overlaps <1%,strict_user_history_gap_fill
ALLEI.ST,2023-Q3,2023-09-30,2023-10-24,6.32,SEK,Yahoo Finance / trailingDilutedEPS historical timeseries,yahoo_trailing_diluted
ALLEI.ST,2023-Q4,,2024-01-23,6.27,SEK,User-supplied historical EPS TTM / all Yahoo overlaps <1%,strict_user_history_gap_fill
ALLEI.ST,2024-Q1,2024-03-31,2024-04-23,3.23,SEK,Yahoo Finance / trailingDilutedEPS historical timeseries,yahoo_trailing_diluted
ALLEI.ST,2024-Q2,2024-06-30,2024-07-19,4.89,SEK,Yahoo Finance / trailingDilutedEPS historical timeseries,yahoo_trailing_diluted
ALLEI.ST,2024-Q3,2024-09-30,2024-10-22,5.29,SEK,Yahoo Finance / trailingDilutedEPS historical timeseries,yahoo_trailing_diluted
ALLEI.ST,2024-Q4,2024-12-31,2025-01-24,4.87,SEK,Yahoo Finance / trailingDilutedEPS historical timeseries,yahoo_trailing_diluted
ALLEI.ST,2025-Q1,2025-03-31,2025-04-23,6.23,SEK,Yahoo Finance / trailingDilutedEPS historical timeseries,yahoo_trailing_diluted
ALLEI.ST,2025-Q2,2025-06-30,2025-07-18,4.51,SEK,Yahoo Finance / trailingDilutedEPS historical timeseries,yahoo_trailing_diluted
ALLEI.ST,2025-Q3,2025-09-30,2025-10-22,3.91,SEK,Yahoo Finance / trailingDilutedEPS reconstructed from quarterlyDilutedEPS,yahoo_reconstructed_diluted_ttm
ALLEI.ST,2025-Q4,2025-12-31,2026-01-27,2.68,SEK,Yahoo Finance / trailingDilutedEPS historical timeseries,yahoo_trailing_diluted
ALLEI.ST,2026-Q1,2026-03-31,2026-04-27,2.27,SEK,Yahoo Finance / trailingDilutedEPS historical timeseries,yahoo_trailing_diluted
ALLEI.ST,2026-Q2,2026-06-30,2026-07-17,3.65,SEK,Yahoo Finance / trailingDilutedEPS historical timeseries,yahoo_trailing_diluted
ANOD-B.ST,2018-Q3,,2018-10-25,1.1169,SEK,User-supplied historical EPS TTM / all Yahoo overlaps <1%,strict_user_history_gap_fill
ANOD-B.ST,2018-Q4,,2019-02-06,1.1755,SEK,User-supplied historical EPS TTM / all Yahoo overlaps <1%,strict_user_history_gap_fill
ANOD-B.ST,2019-Q1,,2019-04-25,1.3867,SEK,User-supplied historical EPS TTM / all Yahoo overlaps <1%,strict_user_history_gap_fill
ANOD-B.ST,2019-Q2,,2019-07-19,2.1465,SEK,User-supplied historical EPS TTM / all Yahoo overlaps <1%,strict_user_history_gap_fill
ANOD-B.ST,2019-Q3,,2019-10-25,2.8644,SEK,User-supplied historical EPS TTM / all Yahoo overlaps <1%,strict_user_history_gap_fill
ANOD-B.ST,2019-Q4,,2020-02-04,2.7373,SEK,User-supplied historical EPS TTM / all Yahoo overlaps <1%,strict_user_history_gap_fill
ANOD-B.ST,2020-Q1,,2020-04-24,2.7149,SEK,User-supplied historical EPS TTM / all Yahoo overlaps <1%,strict_user_history_gap_fill
ANOD-B.ST,2020-Q2,,2020-07-17,1.8323,SEK,User-supplied historical EPS TTM / all Yahoo overlaps <1%,strict_user_history_gap_fill
ANOD-B.ST,2020-Q3,,2020-10-23,1.1817,SEK,User-supplied historical EPS TTM / all Yahoo overlaps <1%,strict_user_history_gap_fill
ANOD-B.ST,2020-Q4,,2021-02-03,1.2191,SEK,User-supplied historical EPS TTM / all Yahoo overlaps <1%,strict_user_history_gap_fill
ANOD-B.ST,2021-Q1,,2021-04-29,1.1966,SEK,User-supplied historical EPS TTM / all Yahoo overlaps <1%,strict_user_history_gap_fill
ANOD-B.ST,2021-Q2,,2021-07-21,1.3893,SEK,User-supplied historical EPS TTM / all Yahoo overlaps <1%,strict_user_history_gap_fill
ANOD-B.ST,2021-Q3,,2021-10-29,1.4768,SEK,User-supplied historical EPS TTM / all Yahoo overlaps <1%,strict_user_history_gap_fill
ANOD-B.ST,2021-Q4,,2022-02-04,1.6637,SEK,User-supplied historical EPS TTM / all Yahoo overlaps <1%,strict_user_history_gap_fill
ANOD-B.ST,2022-Q1,,2022-04-29,2.0525,SEK,User-supplied historical EPS TTM / all Yahoo overlaps <1%,strict_user_history_gap_fill
ANOD-B.ST,2022-Q2,,2022-07-15,2.2785,SEK,User-supplied historical EPS TTM / all Yahoo overlaps <1%,strict_user_history_gap_fill
ANOD-B.ST,2022-Q3,,2022-10-28,2.6852,SEK,User-supplied historical EPS TTM / all Yahoo overlaps <1%,strict_user_history_gap_fill
ANOD-B.ST,2022-Q4,,2023-02-03,2.8585,SEK,User-supplied historical EPS TTM / all Yahoo overlaps <1%,strict_user_history_gap_fill
ANOD-B.ST,2023-Q1,,2023-04-28,2.844,SEK,User-supplied historical EPS TTM / all Yahoo overlaps <1%,strict_user_history_gap_fill
ANOD-B.ST,2023-Q2,,2023-07-14,2.5753,SEK,User-supplied historical EPS TTM / all Yahoo overlaps <1%,strict_user_history_gap_fill
ANOD-B.ST,2023-Q3,2023-09-30,2023-10-27,2.07,SEK,Yahoo Finance / trailingDilutedEPS historical timeseries,yahoo_trailing_diluted
ANOD-B.ST,2023-Q4,2023-12-31,2024-02-02,2.09,SEK,Yahoo Finance / trailingDilutedEPS historical timeseries,yahoo_trailing_diluted
ANOD-B.ST,2024-Q1,2024-03-31,2024-04-25,2.21,SEK,Yahoo Finance / trailingDilutedEPS historical timeseries,yahoo_trailing_diluted
ANOD-B.ST,2024-Q2,2024-06-30,2024-07-12,2.37,SEK,Yahoo Finance / trailingDilutedEPS historical timeseries,yahoo_trailing_diluted
ANOD-B.ST,2024-Q3,2024-09-30,2024-10-24,2.82,SEK,Yahoo Finance / trailingDilutedEPS historical timeseries,yahoo_trailing_diluted
ANOD-B.ST,2024-Q4,,2025-01-31,3.0125,SEK,User-supplied historical EPS TTM / all Yahoo overlaps <1%,strict_user_history_gap_fill
ANOD-B.ST,2025-Q1,2025-03-31,2025-04-25,2.79,SEK,Yahoo Finance / trailingDilutedEPS historical timeseries,yahoo_trailing_diluted
ANOD-B.ST,2025-Q2,2025-06-30,2025-07-14,3.16,SEK,Yahoo Finance / trailingDilutedEPS historical timeseries,yahoo_trailing_diluted
ANOD-B.ST,2025-Q3,2025-09-30,2025-10-24,2.84,SEK,Yahoo Finance / trailingDilutedEPS reconstructed from quarterlyDilutedEPS,yahoo_reconstructed_diluted_ttm
ANOD-B.ST,2025-Q4,2025-12-31,2026-02-03,2.87,SEK,Yahoo Finance / trailingDilutedEPS historical timeseries,yahoo_trailing_diluted
ANOD-B.ST,2026-Q1,2026-03-31,2026-04-28,3.03,SEK,Yahoo Finance / trailingDilutedEPS historical timeseries,yahoo_trailing_diluted
ANOD-B.ST,2026-Q2,2026-06-30,2026-07-15,2.4,SEK,Yahoo Finance / trailingDilutedEPS historical timeseries,yahoo_trailing_diluted
ARJO-B.ST,2018-Q3,,2018-10-22,0.4703,SEK,User-supplied historical EPS TTM fallback,fallback_user_history
ARJO-B.ST,2018-Q4,,2019-02-04,1.0761,SEK,User-supplied historical EPS TTM fallback,fallback_user_history
ARJO-B.ST,2019-Q1,,2019-05-07,1.2633,SEK,User-supplied historical EPS TTM fallback,fallback_user_history
ARJO-B.ST,2019-Q2,,2019-07-18,1.2968,SEK,User-supplied historical EPS TTM fallback,fallback_user_history
ARJO-B.ST,2019-Q3,,2019-10-22,1.252,SEK,User-supplied historical EPS TTM fallback,fallback_user_history
ARJO-B.ST,2019-Q4,,2020-02-04,1.4796,SEK,User-supplied historical EPS TTM fallback,fallback_user_history
ARJO-B.ST,2020-Q1,,2020-04-27,1.498,SEK,User-supplied historical EPS TTM fallback,fallback_user_history
ARJO-B.ST,2020-Q2,,2020-07-17,1.553,SEK,User-supplied historical EPS TTM fallback,fallback_user_history
ARJO-B.ST,2020-Q3,,2020-10-28,1.8725,SEK,User-supplied historical EPS TTM fallback,fallback_user_history
ARJO-B.ST,2020-Q4,,2021-02-03,1.9312,SEK,User-supplied historical EPS TTM fallback,fallback_user_history
ARJO-B.ST,2021-Q1,,2021-04-27,2.1809,SEK,User-supplied historical EPS TTM fallback,fallback_user_history
ARJO-B.ST,2021-Q2,,2021-07-15,2.4562,SEK,User-supplied historical EPS TTM fallback,fallback_user_history
ARJO-B.ST,2021-Q3,,2021-10-28,2.6655,SEK,User-supplied historical EPS TTM fallback,fallback_user_history
ARJO-B.ST,2021-Q4,,2022-02-03,2.7206,SEK,User-supplied historical EPS TTM fallback,fallback_user_history
ARJO-B.ST,2022-Q1,,2022-04-22,2.6875,SEK,User-supplied historical EPS TTM fallback,fallback_user_history
ARJO-B.ST,2022-Q2,,2022-07-14,2.3754,SEK,User-supplied historical EPS TTM fallback,fallback_user_history
ARJO-B.ST,2022-Q3,,2022-10-28,1.9973,SEK,User-supplied historical EPS TTM fallback,fallback_user_history
ARJO-B.ST,2022-Q4,,2023-01-25,1.6412,SEK,User-supplied historical EPS TTM fallback,fallback_user_history
ARJO-B.ST,2023-Q1,,2023-04-20,1.3878,SEK,User-supplied historical EPS TTM fallback,fallback_user_history
ARJO-B.ST,2023-Q2,,2023-07-14,1.3805,SEK,User-supplied historical EPS TTM fallback,fallback_user_history
ARJO-B.ST,2023-Q3,2023-09-30,2023-10-19,1.42,SEK,Yahoo Finance / trailingDilutedEPS historical timeseries,yahoo_trailing_diluted
ARJO-B.ST,2023-Q4,,2024-01-30,1.7476,SEK,User-supplied historical EPS TTM fallback,fallback_user_history
ARJO-B.ST,2024-Q1,2024-03-31,2024-04-18,1.82,SEK,Yahoo Finance / trailingDilutedEPS historical timeseries,yahoo_trailing_diluted
ARJO-B.ST,2024-Q2,2024-06-30,2024-07-12,1.88,SEK,Yahoo Finance / trailingDilutedEPS historical timeseries,yahoo_trailing_diluted
ARJO-B.ST,2024-Q3,2024-09-30,2024-10-17,1.85,SEK,Yahoo Finance / trailingDilutedEPS historical timeseries,yahoo_trailing_diluted
ARJO-B.ST,2024-Q4,,2025-01-30,1.8321,SEK,User-supplied historical EPS TTM fallback,fallback_user_history
ARJO-B.ST,2025-Q1,2025-03-31,2025-04-29,1.69,SEK,Yahoo Finance / trailingDilutedEPS historical timeseries,yahoo_trailing_diluted
ARJO-B.ST,2025-Q2,2025-06-30,2025-07-11,1.58,SEK,Yahoo Finance / trailingDilutedEPS historical timeseries,yahoo_trailing_diluted
ARJO-B.ST,2025-Q3,2025-09-30,2025-10-22,1.61,SEK,Yahoo Finance / trailingDilutedEPS reconstructed from quarterlyDilutedEPS,yahoo_reconstructed_diluted_ttm
ARJO-B.ST,2025-Q4,2025-12-31,2026-01-30,1.23,SEK,Yahoo Finance / trailingDilutedEPS historical timeseries,yahoo_trailing_diluted
ARJO-B.ST,2026-Q1,2026-03-31,2026-04-22,1.29,SEK,Yahoo Finance / trailingDilutedEPS historical timeseries,yahoo_trailing_diluted
ARJO-B.ST,2026-Q2,2026-06-30,2026-07-14,1.42,SEK,Yahoo Finance / trailingDilutedEPS historical timeseries,yahoo_trailing_diluted
ASSA-B.ST,2018-Q3,,2018-10-19,3.1656,SEK,User-supplied historical EPS TTM / all Yahoo overlaps <1%,strict_user_history_gap_fill
ASSA-B.ST,2018-Q4,,2019-02-05,2.4803,SEK,User-supplied historical EPS TTM / all Yahoo overlaps <1%,strict_user_history_gap_fill
ASSA-B.ST,2019-Q1,,2019-04-25,2.708,SEK,User-supplied historical EPS TTM / all Yahoo overlaps <1%,strict_user_history_gap_fill
ASSA-B.ST,2019-Q2,,2019-07-17,7.9143,SEK,User-supplied historical EPS TTM / all Yahoo overlaps <1%,strict_user_history_gap_fill
ASSA-B.ST,2019-Q3,,2019-10-18,8.1952,SEK,User-supplied historical EPS TTM / all Yahoo overlaps <1%,strict_user_history_gap_fill
ASSA-B.ST,2019-Q4,,2020-02-06,8.9964,SEK,User-supplied historical EPS TTM / all Yahoo overlaps <1%,strict_user_history_gap_fill
ASSA-B.ST,2020-Q1,,2020-04-29,8.6768,SEK,User-supplied historical EPS TTM / all Yahoo overlaps <1%,strict_user_history_gap_fill
ASSA-B.ST,2020-Q2,,2020-07-17,7.6307,SEK,User-supplied historical EPS TTM / all Yahoo overlaps <1%,strict_user_history_gap_fill
ASSA-B.ST,2020-Q3,,2020-10-21,9.1981,SEK,User-supplied historical EPS TTM / all Yahoo overlaps <1%,strict_user_history_gap_fill
ASSA-B.ST,2020-Q4,,2021-02-05,8.2564,SEK,User-supplied historical EPS TTM / all Yahoo overlaps <1%,strict_user_history_gap_fill
ASSA-B.ST,2021-Q1,,2021-04-28,8.6066,SEK,User-supplied historical EPS TTM / all Yahoo overlaps <1%,strict_user_history_gap_fill
ASSA-B.ST,2021-Q2,,2021-07-19,10.2388,SEK,User-supplied historical EPS TTM / all Yahoo overlaps <1%,strict_user_history_gap_fill
ASSA-B.ST,2021-Q3,,2021-10-27,8.3986,SEK,User-supplied historical EPS TTM / all Yahoo overlaps <1%,strict_user_history_gap_fill
ASSA-B.ST,2021-Q4,,2022-02-04,9.813,SEK,User-supplied historical EPS TTM / all Yahoo overlaps <1%,strict_user_history_gap_fill
ASSA-B.ST,2022-Q1,,2022-04-27,10.3576,SEK,User-supplied historical EPS TTM / all Yahoo overlaps <1%,strict_user_history_gap_fill
ASSA-B.ST,2022-Q2,,2022-07-19,10.3045,SEK,User-supplied historical EPS TTM / all Yahoo overlaps <1%,strict_user_history_gap_fill
ASSA-B.ST,2022-Q3,,2022-10-26,11.347,SEK,User-supplied historical EPS TTM / all Yahoo overlaps <1%,strict_user_history_gap_fill
ASSA-B.ST,2022-Q4,,2023-02-03,11.9646,SEK,User-supplied historical EPS TTM / all Yahoo overlaps <1%,strict_user_history_gap_fill
ASSA-B.ST,2023-Q1,,2023-04-26,11.8341,SEK,User-supplied historical EPS TTM / all Yahoo overlaps <1%,strict_user_history_gap_fill
ASSA-B.ST,2023-Q2,,2023-07-19,12.2131,SEK,User-supplied historical EPS TTM / all Yahoo overlaps <1%,strict_user_history_gap_fill
ASSA-B.ST,2023-Q3,2023-09-30,2023-10-25,12.07,SEK,Yahoo Finance / trailingDilutedEPS historical timeseries,yahoo_trailing_diluted
ASSA-B.ST,2023-Q4,2023-12-31,2024-02-07,12.27,SEK,Yahoo Finance / trailingDilutedEPS historical timeseries,yahoo_trailing_diluted
ASSA-B.ST,2024-Q1,2024-03-31,2024-04-24,12.94,SEK,Yahoo Finance / trailingDilutedEPS historical timeseries,yahoo_trailing_diluted
ASSA-B.ST,2024-Q2,2024-06-30,2024-07-17,13.24,SEK,Yahoo Finance / trailingDilutedEPS historical timeseries,yahoo_trailing_diluted
ASSA-B.ST,2024-Q3,2024-09-30,2024-10-23,13.79,SEK,Yahoo Finance / trailingDilutedEPS historical timeseries,yahoo_trailing_diluted
ASSA-B.ST,2024-Q4,2024-12-31,2025-02-05,14.08,SEK,Yahoo Finance / trailingDilutedEPS historical timeseries,yahoo_trailing_diluted
ASSA-B.ST,2025-Q1,2025-03-31,2025-04-23,13.18,SEK,Yahoo Finance / trailingDilutedEPS historical timeseries,yahoo_trailing_diluted
ASSA-B.ST,2025-Q2,2025-06-30,2025-07-17,13.09,SEK,Yahoo Finance / trailingDilutedEPS historical timeseries,yahoo_trailing_diluted
ASSA-B.ST,2025-Q3,,2025-10-21,13.2178,SEK,User-supplied historical EPS TTM / all Yahoo overlaps <1%,strict_user_history_gap_fill
ASSA-B.ST,2025-Q4,2025-12-31,2026-02-05,13.23,SEK,Yahoo Finance / trailingDilutedEPS historical timeseries,yahoo_trailing_diluted
ASSA-B.ST,2026-Q1,2026-03-31,2026-04-28,14.2,SEK,Yahoo Finance / trailingDilutedEPS historical timeseries,yahoo_trailing_diluted
ASSA-B.ST,2026-Q2,2026-06-30,2026-07-17,14.75,SEK,Yahoo Finance / trailingDilutedEPS historical timeseries,yahoo_trailing_diluted
ATCO-A.ST,2018-Q3,,2018-10-19,3.7321,SEK,User-supplied historical EPS TTM / all Yahoo overlaps <1%,strict_user_history_gap_fill
ATCO-A.ST,2018-Q4,,2019-01-28,3.9436,SEK,User-supplied historical EPS TTM / all Yahoo overlaps <1%,strict_user_history_gap_fill
ATCO-A.ST,2019-Q1,,2019-04-25,3.7981,SEK,User-supplied historical EPS TTM / all Yahoo overlaps <1%,strict_user_history_gap_fill
ATCO-A.ST,2019-Q2,,2019-07-15,3.4715,SEK,User-supplied historical EPS TTM / all Yahoo overlaps <1%,strict_user_history_gap_fill
ATCO-A.ST,2019-Q3,,2019-10-21,3.5805,SEK,User-supplied historical EPS TTM / all Yahoo overlaps <1%,strict_user_history_gap_fill
ATCO-A.ST,2019-Q4,,2020-01-28,3.397,SEK,User-supplied historical EPS TTM / all Yahoo overlaps <1%,strict_user_history_gap_fill
ATCO-A.ST,2020-Q1,,2020-04-23,3.4232,SEK,User-supplied historical EPS TTM / all Yahoo overlaps <1%,strict_user_history_gap_fill
ATCO-A.ST,2020-Q2,,2020-07-16,3.2272,SEK,User-supplied historical EPS TTM / all Yahoo overlaps <1%,strict_user_history_gap_fill
ATCO-A.ST,2020-Q3,,2020-10-22,3.0626,SEK,User-supplied historical EPS TTM / all Yahoo overlaps <1%,strict_user_history_gap_fill
ATCO-A.ST,2020-Q4,,2021-01-29,3.0364,SEK,User-supplied historical EPS TTM / all Yahoo overlaps <1%,strict_user_history_gap_fill
ATCO-A.ST,2021-Q1,,2021-04-27,3.0923,SEK,User-supplied historical EPS TTM / all Yahoo overlaps <1%,strict_user_history_gap_fill
ATCO-A.ST,2021-Q2,,2021-07-16,3.3852,SEK,User-supplied historical EPS TTM / all Yahoo overlaps <1%,strict_user_history_gap_fill
ATCO-A.ST,2021-Q3,,2021-10-21,3.5746,SEK,User-supplied historical EPS TTM / all Yahoo overlaps <1%,strict_user_history_gap_fill
ATCO-A.ST,2021-Q4,,2022-01-25,3.7142,SEK,User-supplied historical EPS TTM / all Yahoo overlaps <1%,strict_user_history_gap_fill
ATCO-A.ST,2022-Q1,,2022-04-26,3.9382,SEK,User-supplied historical EPS TTM / all Yahoo overlaps <1%,strict_user_history_gap_fill
ATCO-A.ST,2022-Q2,,2022-07-19,4.1667,SEK,User-supplied historical EPS TTM / all Yahoo overlaps <1%,strict_user_history_gap_fill
ATCO-A.ST,2022-Q3,,2022-10-19,4.5745,SEK,User-supplied historical EPS TTM / all Yahoo overlaps <1%,strict_user_history_gap_fill
ATCO-A.ST,2022-Q4,,2023-01-26,4.8152,SEK,User-supplied historical EPS TTM / all Yahoo overlaps <1%,strict_user_history_gap_fill
ATCO-A.ST,2023-Q1,,2023-04-27,5.085,SEK,User-supplied historical EPS TTM / all Yahoo overlaps <1%,strict_user_history_gap_fill
ATCO-A.ST,2023-Q2,,2023-07-19,5.3427,SEK,User-supplied historical EPS TTM / all Yahoo overlaps <1%,strict_user_history_gap_fill
ATCO-A.ST,2023-Q3,2023-09-30,2023-10-25,5.6,SEK,Yahoo Finance / trailingDilutedEPS historical timeseries,yahoo_trailing_diluted
ATCO-A.ST,2023-Q4,,2024-01-25,5.7473,SEK,User-supplied historical EPS TTM / all Yahoo overlaps <1%,strict_user_history_gap_fill
ATCO-A.ST,2024-Q1,2024-03-31,2024-04-24,5.88,SEK,Yahoo Finance / trailingDilutedEPS historical timeseries,yahoo_trailing_diluted
ATCO-A.ST,2024-Q2,2024-06-30,2024-07-18,6.03,SEK,Yahoo Finance / trailingDilutedEPS historical timeseries,yahoo_trailing_diluted
ATCO-A.ST,2024-Q3,2024-09-30,2024-10-23,5.89,SEK,Yahoo Finance / trailingDilutedEPS historical timeseries,yahoo_trailing_diluted
ATCO-A.ST,2024-Q4,2024-12-31,2025-01-28,6.1,SEK,Yahoo Finance / trailingDilutedEPS historical timeseries,yahoo_trailing_diluted
ATCO-A.ST,2025-Q1,2025-03-31,2025-04-29,5.98,SEK,Yahoo Finance / trailingDilutedEPS historical timeseries,yahoo_trailing_diluted
ATCO-A.ST,2025-Q2,2025-06-30,2025-07-18,5.75,SEK,Yahoo Finance / trailingDilutedEPS historical timeseries,yahoo_trailing_diluted
ATCO-A.ST,2025-Q3,2025-09-30,2025-10-23,5.66,SEK,Yahoo Finance / trailingDilutedEPS reconstructed from quarterlyDilutedEPS,yahoo_reconstructed_diluted_ttm
ATCO-A.ST,2025-Q4,2025-12-31,2026-01-27,5.42,SEK,Yahoo Finance / trailingDilutedEPS historical timeseries,yahoo_trailing_diluted
ATCO-A.ST,2026-Q1,2026-03-31,2026-04-28,5.35,SEK,Yahoo Finance / trailingDilutedEPS historical timeseries,yahoo_trailing_diluted
ATCO-A.ST,2026-Q2,2026-06-30,2026-07-16,5.46,SEK,Yahoo Finance / trailingDilutedEPS historical timeseries,yahoo_trailing_diluted
ATCO-B.ST,2018-Q3,,2018-10-19,3.7321,SEK,User-supplied historical EPS TTM / all Yahoo overlaps <1%,strict_user_history_gap_fill
ATCO-B.ST,2018-Q4,,2019-01-28,3.9436,SEK,User-supplied historical EPS TTM / all Yahoo overlaps <1%,strict_user_history_gap_fill
ATCO-B.ST,2019-Q1,,2019-04-25,3.7981,SEK,User-supplied historical EPS TTM / all Yahoo overlaps <1%,strict_user_history_gap_fill
ATCO-B.ST,2019-Q2,,2019-07-15,3.4715,SEK,User-supplied historical EPS TTM / all Yahoo overlaps <1%,strict_user_history_gap_fill
ATCO-B.ST,2019-Q3,,2019-10-21,3.5805,SEK,User-supplied historical EPS TTM / all Yahoo overlaps <1%,strict_user_history_gap_fill
ATCO-B.ST,2019-Q4,,2020-01-28,3.397,SEK,User-supplied historical EPS TTM / all Yahoo overlaps <1%,strict_user_history_gap_fill
ATCO-B.ST,2020-Q1,,2020-04-23,3.4232,SEK,User-supplied historical EPS TTM / all Yahoo overlaps <1%,strict_user_history_gap_fill
ATCO-B.ST,2020-Q2,,2020-07-16,3.2272,SEK,User-supplied historical EPS TTM / all Yahoo overlaps <1%,strict_user_history_gap_fill
ATCO-B.ST,2020-Q3,,2020-10-22,3.0626,SEK,User-supplied historical EPS TTM / all Yahoo overlaps <1%,strict_user_history_gap_fill
ATCO-B.ST,2020-Q4,,2021-01-29,3.0364,SEK,User-supplied historical EPS TTM / all Yahoo overlaps <1%,strict_user_history_gap_fill
ATCO-B.ST,2021-Q1,,2021-04-27,3.0923,SEK,User-supplied historical EPS TTM / all Yahoo overlaps <1%,strict_user_history_gap_fill
ATCO-B.ST,2021-Q2,,2021-07-16,3.3852,SEK,User-supplied historical EPS TTM / all Yahoo overlaps <1%,strict_user_history_gap_fill
ATCO-B.ST,2021-Q3,,2021-10-21,3.5746,SEK,User-supplied historical EPS TTM / all Yahoo overlaps <1%,strict_user_history_gap_fill
ATCO-B.ST,2021-Q4,,2022-01-25,3.7142,SEK,User-supplied historical EPS TTM / all Yahoo overlaps <1%,strict_user_history_gap_fill
ATCO-B.ST,2022-Q1,,2022-04-26,3.9382,SEK,User-supplied historical EPS TTM / all Yahoo overlaps <1%,strict_user_history_gap_fill
ATCO-B.ST,2022-Q2,,2022-07-19,4.1667,SEK,User-supplied historical EPS TTM / all Yahoo overlaps <1%,strict_user_history_gap_fill
ATCO-B.ST,2022-Q3,,2022-10-19,4.5745,SEK,User-supplied historical EPS TTM / all Yahoo overlaps <1%,strict_user_history_gap_fill
ATCO-B.ST,2022-Q4,,2023-01-26,4.8152,SEK,User-supplied historical EPS TTM / all Yahoo overlaps <1%,strict_user_history_gap_fill
ATCO-B.ST,2023-Q1,,2023-04-27,5.085,SEK,User-supplied historical EPS TTM / all Yahoo overlaps <1%,strict_user_history_gap_fill
ATCO-B.ST,2023-Q2,,2023-07-19,5.3427,SEK,User-supplied historical EPS TTM / all Yahoo overlaps <1%,strict_user_history_gap_fill
ATCO-B.ST,2023-Q3,2023-09-30,2023-10-25,5.6,SEK,Yahoo Finance / trailingDilutedEPS historical timeseries,yahoo_trailing_diluted
ATCO-B.ST,2023-Q4,2023-12-31,2024-01-25,5.75,SEK,Yahoo Finance / trailingDilutedEPS historical timeseries,yahoo_trailing_diluted
ATCO-B.ST,2024-Q1,2024-03-31,2024-04-24,5.88,SEK,Yahoo Finance / trailingDilutedEPS historical timeseries,yahoo_trailing_diluted
ATCO-B.ST,2024-Q2,2024-06-30,2024-07-18,6.03,SEK,Yahoo Finance / trailingDilutedEPS historical timeseries,yahoo_trailing_diluted
ATCO-B.ST,2024-Q3,2024-09-30,2024-10-23,5.89,SEK,Yahoo Finance / trailingDilutedEPS historical timeseries,yahoo_trailing_diluted
ATCO-B.ST,2024-Q4,2024-12-31,2025-01-28,6.1,SEK,Yahoo Finance / trailingDilutedEPS historical timeseries,yahoo_trailing_diluted
ATCO-B.ST,2025-Q1,2025-03-31,2025-04-29,5.98,SEK,Yahoo Finance / trailingDilutedEPS historical timeseries,yahoo_trailing_diluted
ATCO-B.ST,2025-Q2,2025-06-30,2025-07-18,5.75,SEK,Yahoo Finance / trailingDilutedEPS historical timeseries,yahoo_trailing_diluted
ATCO-B.ST,2025-Q3,2025-09-30,2025-10-23,5.66,SEK,Yahoo Finance / trailingDilutedEPS reconstructed from quarterlyDilutedEPS,yahoo_reconstructed_diluted_ttm
ATCO-B.ST,2025-Q4,2025-12-31,2026-01-27,5.42,SEK,Yahoo Finance / trailingDilutedEPS historical timeseries,yahoo_trailing_diluted
ATCO-B.ST,2026-Q1,2026-03-31,2026-04-28,5.35,SEK,Yahoo Finance / trailingDilutedEPS historical timeseries,yahoo_trailing_diluted
ATCO-B.ST,2026-Q2,2026-06-30,2026-07-16,5.46,SEK,Yahoo Finance / trailingDilutedEPS historical timeseries,yahoo_trailing_diluted
ATRLJ-B.ST,2018-Q3,,2018-10-19,3.846,SEK,User-supplied historical EPS TTM fallback,fallback_user_history
ATRLJ-B.ST,2018-Q4,,2019-02-15,3.846,SEK,User-supplied historical EPS TTM fallback,fallback_user_history
ATRLJ-B.ST,2019-Q1,,2019-04-12,3.846,SEK,User-supplied historical EPS TTM fallback,fallback_user_history
ATRLJ-B.ST,2019-Q2,,2019-07-09,3.846,SEK,User-supplied historical EPS TTM fallback,fallback_user_history
ATRLJ-B.ST,2019-Q3,,2019-10-18,3.846,SEK,User-supplied historical EPS TTM fallback,fallback_user_history
ATRLJ-B.ST,2019-Q4,,2020-02-07,3.846,SEK,User-supplied historical EPS TTM fallback,fallback_user_history
ATRLJ-B.ST,2020-Q1,,2020-04-16,3.846,SEK,User-supplied historical EPS TTM fallback,fallback_user_history
ATRLJ-B.ST,2020-Q2,,2020-07-10,3.846,SEK,User-supplied historical EPS TTM fallback,fallback_user_history
ATRLJ-B.ST,2020-Q3,,2020-10-15,3.846,SEK,User-supplied historical EPS TTM fallback,fallback_user_history
ATRLJ-B.ST,2020-Q4,,2021-02-09,1.3515,SEK,User-supplied historical EPS TTM fallback,fallback_user_history
ATRLJ-B.ST,2021-Q1,,2021-04-16,3.9656,SEK,User-supplied historical EPS TTM fallback,fallback_user_history
ATRLJ-B.ST,2021-Q2,,2021-07-07,4.8945,SEK,User-supplied historical EPS TTM fallback,fallback_user_history
ATRLJ-B.ST,2021-Q3,,2021-10-15,4.7374,SEK,User-supplied historical EPS TTM fallback,fallback_user_history
ATRLJ-B.ST,2021-Q4,,2022-02-10,5.9337,SEK,User-supplied historical EPS TTM fallback,fallback_user_history
ATRLJ-B.ST,2022-Q1,,2022-04-13,8.0277,SEK,User-supplied historical EPS TTM fallback,fallback_user_history
ATRLJ-B.ST,2022-Q2,,2022-07-08,10.9846,SEK,User-supplied historical EPS TTM fallback,fallback_user_history
ATRLJ-B.ST,2022-Q3,,2022-10-14,10.6774,SEK,User-supplied historical EPS TTM fallback,fallback_user_history
ATRLJ-B.ST,2022-Q4,,2023-02-02,6.7918,SEK,User-supplied historical EPS TTM fallback,fallback_user_history
ATRLJ-B.ST,2023-Q1,,2023-04-14,3.3675,SEK,User-supplied historical EPS TTM fallback,fallback_user_history
ATRLJ-B.ST,2023-Q2,,2023-07-06,-1.6225,SEK,User-supplied historical EPS TTM fallback,fallback_user_history
ATRLJ-B.ST,2023-Q3,2023-09-30,2023-10-12,-11.25,SEK,Yahoo Finance / trailingDilutedEPS historical timeseries,yahoo_trailing_diluted
ATRLJ-B.ST,2023-Q4,2023-12-31,2024-01-31,-7.56,SEK,Yahoo Finance / trailingDilutedEPS historical timeseries,yahoo_trailing_diluted
ATRLJ-B.ST,2024-Q1,2024-03-31,2024-04-12,-2.02,SEK,Yahoo Finance / trailingDilutedEPS historical timeseries,yahoo_trailing_diluted
ATRLJ-B.ST,2024-Q2,2024-06-30,2024-07-09,1.18,SEK,Yahoo Finance / trailingDilutedEPS historical timeseries,yahoo_trailing_diluted
ATRLJ-B.ST,2024-Q3,2024-09-30,2024-10-11,0.51,SEK,Yahoo Finance / trailingDilutedEPS historical timeseries,yahoo_trailing_diluted
ATRLJ-B.ST,2024-Q4,2024-12-31,2025-01-31,6.74,SEK,Yahoo Finance / trailingDilutedEPS historical timeseries,yahoo_trailing_diluted
ATRLJ-B.ST,2025-Q1,2025-03-31,2025-04-11,1.422,SEK,Yahoo Finance / trailingDilutedEPS historical timeseries,yahoo_trailing_diluted
ATRLJ-B.ST,2025-Q2,2025-06-30,2025-07-04,1.118,SEK,Yahoo Finance / trailingDilutedEPS historical timeseries,yahoo_trailing_diluted
ATRLJ-B.ST,2025-Q3,2025-09-30,2025-10-10,1.71,SEK,Yahoo Finance / trailingDilutedEPS reconstructed from quarterlyDilutedEPS,yahoo_reconstructed_diluted_ttm
ATRLJ-B.ST,2025-Q4,2025-12-31,2026-01-30,1.31,SEK,Yahoo Finance / trailingDilutedEPS historical timeseries,yahoo_trailing_diluted
ATRLJ-B.ST,2026-Q1,2026-03-31,2026-04-10,0.72,SEK,Yahoo Finance / trailingDilutedEPS historical timeseries,yahoo_trailing_diluted
ATRLJ-B.ST,2026-Q2,2026-06-30,2026-07-03,0.91,SEK,Yahoo Finance / trailingDilutedEPS historical timeseries,yahoo_trailing_diluted
ATT.ST,2018-Q3,,2018-11-09,3.3844,SEK,User-supplied historical EPS TTM / all Yahoo overlaps <1%,strict_user_history_gap_fill
ATT.ST,2018-Q4,,2019-02-14,2.8169,SEK,User-supplied historical EPS TTM / all Yahoo overlaps <1%,strict_user_history_gap_fill
ATT.ST,2019-Q1,,2019-05-03,2.4271,SEK,User-supplied historical EPS TTM / all Yahoo overlaps <1%,strict_user_history_gap_fill
ATT.ST,2019-Q2,,2019-07-19,1.743,SEK,User-supplied historical EPS TTM / all Yahoo overlaps <1%,strict_user_history_gap_fill
ATT.ST,2019-Q3,,2019-10-24,1.0257,SEK,User-supplied historical EPS TTM / all Yahoo overlaps <1%,strict_user_history_gap_fill
ATT.ST,2019-Q4,,2020-02-13,0.5033,SEK,User-supplied historical EPS TTM / all Yahoo overlaps <1%,strict_user_history_gap_fill
ATT.ST,2020-Q1,,2020-05-06,0.1118,SEK,User-supplied historical EPS TTM / all Yahoo overlaps <1%,strict_user_history_gap_fill
ATT.ST,2020-Q2,,2020-07-23,-5.7116,SEK,User-supplied historical EPS TTM / all Yahoo overlaps <1%,strict_user_history_gap_fill
ATT.ST,2020-Q3,,2020-10-23,-5.8981,SEK,User-supplied historical EPS TTM / all Yahoo overlaps <1%,strict_user_history_gap_fill
ATT.ST,2020-Q4,,2021-02-10,-5.6308,SEK,User-supplied historical EPS TTM / all Yahoo overlaps <1%,strict_user_history_gap_fill
ATT.ST,2021-Q1,,2021-05-06,-5.7116,SEK,User-supplied historical EPS TTM / all Yahoo overlaps <1%,strict_user_history_gap_fill
ATT.ST,2021-Q2,,2021-07-22,0.2361,SEK,User-supplied historical EPS TTM / all Yahoo overlaps <1%,strict_user_history_gap_fill
ATT.ST,2021-Q3,,2021-10-26,0.4225,SEK,User-supplied historical EPS TTM / all Yahoo overlaps <1%,strict_user_history_gap_fill
ATT.ST,2021-Q4,,2022-02-10,0.348,SEK,User-supplied historical EPS TTM / all Yahoo overlaps <1%,strict_user_history_gap_fill
ATT.ST,2022-Q1,,2022-05-06,0.205,SEK,User-supplied historical EPS TTM / all Yahoo overlaps <1%,strict_user_history_gap_fill
ATT.ST,2022-Q2,,2022-07-21,-0.0684,SEK,User-supplied historical EPS TTM / all Yahoo overlaps <1%,strict_user_history_gap_fill
ATT.ST,2022-Q3,,2022-10-26,-0.0622,SEK,User-supplied historical EPS TTM / all Yahoo overlaps <1%,strict_user_history_gap_fill
ATT.ST,2022-Q4,,2023-02-10,-0.2797,SEK,User-supplied historical EPS TTM / all Yahoo overlaps <1%,strict_user_history_gap_fill
ATT.ST,2023-Q1,,2023-04-26,0.0994,SEK,User-supplied historical EPS TTM / all Yahoo overlaps <1%,strict_user_history_gap_fill
ATT.ST,2023-Q2,,2023-07-20,0.8637,SEK,User-supplied historical EPS TTM / all Yahoo overlaps <1%,strict_user_history_gap_fill
ATT.ST,2023-Q3,2023-09-30,2023-10-24,1.696214,SEK,Yahoo Finance / trailingDilutedEPS historical timeseries,yahoo_trailing_diluted
ATT.ST,2023-Q4,2023-12-31,2024-02-08,2.33,SEK,Yahoo Finance / trailingDilutedEPS historical timeseries,yahoo_trailing_diluted
ATT.ST,2024-Q1,2024-03-31,2024-04-24,2.55,SEK,Yahoo Finance / trailingDilutedEPS historical timeseries,yahoo_trailing_diluted
ATT.ST,2024-Q2,2024-06-30,2024-07-19,2.45,SEK,Yahoo Finance / trailingDilutedEPS historical timeseries,yahoo_trailing_diluted
ATT.ST,2024-Q3,2024-09-30,2024-10-24,2.51,SEK,Yahoo Finance / trailingDilutedEPS historical timeseries,yahoo_trailing_diluted
ATT.ST,2024-Q4,2024-12-31,2025-02-06,2.85,SEK,Yahoo Finance / trailingDilutedEPS historical timeseries,yahoo_trailing_diluted
ATT.ST,2025-Q1,2025-03-31,2025-05-07,3.33,SEK,Yahoo Finance / trailingDilutedEPS historical timeseries,yahoo_trailing_diluted
ATT.ST,2025-Q2,2025-06-30,2025-07-18,3.64,SEK,Yahoo Finance / trailingDilutedEPS historical timeseries,yahoo_trailing_diluted
ATT.ST,2025-Q3,2025-09-30,2025-10-24,4.37,SEK,Yahoo Finance / trailingDilutedEPS reconstructed from quarterlyDilutedEPS,yahoo_reconstructed_diluted_ttm
ATT.ST,2025-Q4,2025-12-31,2026-02-05,5.42,SEK,Yahoo Finance / trailingDilutedEPS historical timeseries,yahoo_trailing_diluted
ATT.ST,2026-Q1,2026-03-31,2026-05-06,5.88,SEK,Yahoo Finance / trailingDilutedEPS historical timeseries,yahoo_trailing_diluted
ATT.ST,2026-Q2,2026-06-30,2026-08-20,6.61,SEK,Yahoo Finance / trailingDilutedEPS historical timeseries,yahoo_trailing_diluted
AXFO.ST,2018-Q3,,2018-10-24,7.2681,SEK,User-supplied historical EPS TTM / all Yahoo overlaps <1%,strict_user_history_gap_fill
AXFO.ST,2018-Q4,,2019-02-05,7.3465,SEK,User-supplied historical EPS TTM / all Yahoo overlaps <1%,strict_user_history_gap_fill
AXFO.ST,2019-Q1,,2019-04-25,7.4159,SEK,User-supplied historical EPS TTM / all Yahoo overlaps <1%,strict_user_history_gap_fill
AXFO.ST,2019-Q2,,2019-07-15,7.4016,SEK,User-supplied historical EPS TTM / all Yahoo overlaps <1%,strict_user_history_gap_fill
AXFO.ST,2019-Q3,,2019-10-24,7.646,SEK,User-supplied historical EPS TTM / all Yahoo overlaps <1%,strict_user_history_gap_fill
AXFO.ST,2019-Q4,,2020-02-06,7.7876,SEK,User-supplied historical EPS TTM / all Yahoo overlaps <1%,strict_user_history_gap_fill
AXFO.ST,2020-Q1,,2020-04-22,8.0238,SEK,User-supplied historical EPS TTM / all Yahoo overlaps <1%,strict_user_history_gap_fill
AXFO.ST,2020-Q2,,2020-07-15,8.232,SEK,User-supplied historical EPS TTM / all Yahoo overlaps <1%,strict_user_history_gap_fill
AXFO.ST,2020-Q3,,2020-10-22,8.6782,SEK,User-supplied historical EPS TTM / all Yahoo overlaps <1%,strict_user_history_gap_fill
AXFO.ST,2020-Q4,,2021-02-04,9.0037,SEK,User-supplied historical EPS TTM / all Yahoo overlaps <1%,strict_user_history_gap_fill
AXFO.ST,2021-Q1,,2021-04-22,9.242,SEK,User-supplied historical EPS TTM / all Yahoo overlaps <1%,strict_user_history_gap_fill
AXFO.ST,2021-Q2,,2021-07-15,9.3078,SEK,User-supplied historical EPS TTM / all Yahoo overlaps <1%,strict_user_history_gap_fill
AXFO.ST,2021-Q3,,2021-10-21,9.2947,SEK,User-supplied historical EPS TTM / all Yahoo overlaps <1%,strict_user_history_gap_fill
AXFO.ST,2021-Q4,,2022-02-03,10.1871,SEK,User-supplied historical EPS TTM / all Yahoo overlaps <1%,strict_user_history_gap_fill
AXFO.ST,2022-Q1,,2022-04-21,11.3047,SEK,User-supplied historical EPS TTM / all Yahoo overlaps <1%,strict_user_history_gap_fill
AXFO.ST,2022-Q2,,2022-07-15,11.7876,SEK,User-supplied historical EPS TTM / all Yahoo overlaps <1%,strict_user_history_gap_fill
AXFO.ST,2022-Q3,,2022-10-20,12.2755,SEK,User-supplied historical EPS TTM / all Yahoo overlaps <1%,strict_user_history_gap_fill
AXFO.ST,2022-Q4,,2023-02-01,11.0,SEK,User-supplied historical EPS TTM / all Yahoo overlaps <1%,strict_user_history_gap_fill
AXFO.ST,2023-Q1,,2023-04-26,9.9305,SEK,User-supplied historical EPS TTM / all Yahoo overlaps <1%,strict_user_history_gap_fill
AXFO.ST,2023-Q2,,2023-07-14,10.1005,SEK,User-supplied historical EPS TTM / all Yahoo overlaps <1%,strict_user_history_gap_fill
AXFO.ST,2023-Q3,2023-09-30,2023-10-25,10.06,SEK,Yahoo Finance / trailingDilutedEPS historical timeseries,yahoo_trailing_diluted
AXFO.ST,2023-Q4,,2024-02-01,10.8705,SEK,User-supplied historical EPS TTM / all Yahoo overlaps <1%,strict_user_history_gap_fill
AXFO.ST,2024-Q1,2024-03-31,2024-04-25,11.27,SEK,Yahoo Finance / trailingDilutedEPS historical timeseries,yahoo_trailing_diluted
AXFO.ST,2024-Q2,2024-06-30,2024-07-12,11.02,SEK,Yahoo Finance / trailingDilutedEPS historical timeseries,yahoo_trailing_diluted
AXFO.ST,2024-Q3,2024-09-30,2024-10-24,10.91,SEK,Yahoo Finance / trailingDilutedEPS historical timeseries,yahoo_trailing_diluted
AXFO.ST,2024-Q4,2024-12-31,2025-01-30,10.11,SEK,Yahoo Finance / trailingDilutedEPS historical timeseries,yahoo_trailing_diluted
AXFO.ST,2025-Q1,2025-03-31,2025-04-24,9.6,SEK,Yahoo Finance / trailingDilutedEPS historical timeseries,yahoo_trailing_diluted
AXFO.ST,2025-Q2,2025-06-30,2025-07-11,9.77,SEK,Yahoo Finance / trailingDilutedEPS historical timeseries,yahoo_trailing_diluted
AXFO.ST,2025-Q3,2025-09-30,2025-10-23,9.81,SEK,Yahoo Finance / trailingDilutedEPS reconstructed from quarterlyDilutedEPS,yahoo_reconstructed_diluted_ttm
AXFO.ST,2025-Q4,2025-12-31,2026-01-29,10.79,SEK,Yahoo Finance / trailingDilutedEPS historical timeseries,yahoo_trailing_diluted
AXFO.ST,2026-Q1,2026-03-31,2026-04-23,11.12,SEK,Yahoo Finance / trailingDilutedEPS historical timeseries,yahoo_trailing_diluted
AXFO.ST,2026-Q2,2026-06-30,2026-07-15,11.22,SEK,Yahoo Finance / trailingDilutedEPS historical timeseries,yahoo_trailing_diluted
AZA.ST,2018-Q3,,2018-10-18,2.573,SEK,User-supplied historical EPS TTM / all Yahoo overlaps <1%,strict_user_history_gap_fill
AZA.ST,2018-Q4,,2019-01-17,2.5437,SEK,User-supplied historical EPS TTM / all Yahoo overlaps <1%,strict_user_history_gap_fill
AZA.ST,2019-Q1,,2019-04-16,2.4274,SEK,User-supplied historical EPS TTM / all Yahoo overlaps <1%,strict_user_history_gap_fill
AZA.ST,2019-Q2,,2019-07-11,2.5701,SEK,User-supplied historical EPS TTM / all Yahoo overlaps <1%,strict_user_history_gap_fill
AZA.ST,2019-Q3,,2019-10-17,2.7746,SEK,User-supplied historical EPS TTM / all Yahoo overlaps <1%,strict_user_history_gap_fill
AZA.ST,2019-Q4,,2020-01-21,2.9367,SEK,User-supplied historical EPS TTM / all Yahoo overlaps <1%,strict_user_history_gap_fill
AZA.ST,2020-Q1,,2020-04-21,4.3431,SEK,User-supplied historical EPS TTM / all Yahoo overlaps <1%,strict_user_history_gap_fill
AZA.ST,2020-Q2,,2020-07-14,5.4845,SEK,User-supplied historical EPS TTM / all Yahoo overlaps <1%,strict_user_history_gap_fill
AZA.ST,2020-Q3,,2020-10-19,6.6995,SEK,User-supplied historical EPS TTM / all Yahoo overlaps <1%,strict_user_history_gap_fill
AZA.ST,2020-Q4,,2021-01-21,8.5729,SEK,User-supplied historical EPS TTM / all Yahoo overlaps <1%,strict_user_history_gap_fill
AZA.ST,2021-Q1,,2021-04-20,10.5839,SEK,User-supplied historical EPS TTM / all Yahoo overlaps <1%,strict_user_history_gap_fill
AZA.ST,2021-Q2,,2021-07-14,11.6185,SEK,User-supplied historical EPS TTM / all Yahoo overlaps <1%,strict_user_history_gap_fill
AZA.ST,2021-Q3,,2021-10-18,12.5496,SEK,User-supplied historical EPS TTM / all Yahoo overlaps <1%,strict_user_history_gap_fill
AZA.ST,2021-Q4,,2022-01-20,12.9438,SEK,User-supplied historical EPS TTM / all Yahoo overlaps <1%,strict_user_history_gap_fill
AZA.ST,2022-Q1,,2022-04-25,11.7623,SEK,User-supplied historical EPS TTM / all Yahoo overlaps <1%,strict_user_history_gap_fill
AZA.ST,2022-Q2,,2022-07-14,10.8032,SEK,User-supplied historical EPS TTM / all Yahoo overlaps <1%,strict_user_history_gap_fill
AZA.ST,2022-Q3,,2022-10-18,10.5264,SEK,User-supplied historical EPS TTM / all Yahoo overlaps <1%,strict_user_history_gap_fill
AZA.ST,2022-Q4,,2023-01-20,10.6227,SEK,User-supplied historical EPS TTM / all Yahoo overlaps <1%,strict_user_history_gap_fill
AZA.ST,2023-Q1,,2023-04-24,10.9978,SEK,User-supplied historical EPS TTM / all Yahoo overlaps <1%,strict_user_history_gap_fill
AZA.ST,2023-Q2,,2023-07-14,12.1195,SEK,User-supplied historical EPS TTM / all Yahoo overlaps <1%,strict_user_history_gap_fill
AZA.ST,2023-Q3,2023-09-30,2023-10-20,12.6,SEK,Yahoo Finance / trailingDilutedEPS historical timeseries,yahoo_trailing_diluted
AZA.ST,2023-Q4,2023-12-31,2024-01-19,12.64,SEK,Yahoo Finance / trailingDilutedEPS historical timeseries,yahoo_trailing_diluted
AZA.ST,2024-Q1,2024-03-31,2024-04-19,12.97,SEK,Yahoo Finance / trailingDilutedEPS historical timeseries,yahoo_trailing_diluted
AZA.ST,2024-Q2,2024-06-30,2024-07-12,13.18,SEK,Yahoo Finance / trailingDilutedEPS historical timeseries,yahoo_trailing_diluted
AZA.ST,2024-Q3,2024-09-30,2024-10-18,13.53,SEK,Yahoo Finance / trailingDilutedEPS historical timeseries,yahoo_trailing_diluted
AZA.ST,2024-Q4,2024-12-31,2025-01-21,14.32,SEK,Yahoo Finance / trailingDilutedEPS historical timeseries,yahoo_trailing_diluted
AZA.ST,2025-Q1,2025-03-31,2025-04-15,15.27,SEK,Yahoo Finance / trailingDilutedEPS historical timeseries,yahoo_trailing_diluted
AZA.ST,2025-Q2,2025-06-30,2025-07-11,15.85,SEK,Yahoo Finance / trailingDilutedEPS historical timeseries,yahoo_trailing_diluted
AZA.ST,2025-Q3,2025-09-30,2025-10-17,16.62,SEK,Yahoo Finance / trailingDilutedEPS reconstructed from quarterlyDilutedEPS,yahoo_reconstructed_diluted_ttm
AZA.ST,2025-Q4,2025-12-31,2026-01-21,16.53,SEK,Yahoo Finance / trailingDilutedEPS historical timeseries,yahoo_trailing_diluted
AZA.ST,2026-Q1,2026-03-31,2026-04-21,16.75,SEK,Yahoo Finance / trailingDilutedEPS reconstructed from quarterlyDilutedEPS,yahoo_reconstructed_diluted_ttm
AZA.ST,2026-Q2,2026-06-30,2026-07-14,17.91,SEK,Yahoo Finance / trailingDilutedEPS historical timeseries,yahoo_trailing_diluted
AZN.ST,2024-Q1,2024-03-31,2024-04-25,4.05,USD,Yahoo Finance / trailingDilutedEPS historical timeseries,yahoo_trailing_diluted
AZN.ST,2024-Q2,2024-06-30,2024-07-25,4.12,USD,Yahoo Finance / trailingDilutedEPS historical timeseries,yahoo_trailing_diluted
AZN.ST,2024-Q3,2024-09-30,2024-11-12,4.15,USD,Yahoo Finance / trailingDilutedEPS historical timeseries,yahoo_trailing_diluted
AZN.ST,2024-Q4,,2025-02-06,4.5387,USD,User-supplied historical EPS TTM / all Yahoo overlaps <1%,strict_user_history_gap_fill
AZN.ST,2025-Q1,2025-03-31,2025-04-29,4.97,USD,Yahoo Finance / trailingDilutedEPS historical timeseries,yahoo_trailing_diluted
AZN.ST,2025-Q2,2025-06-30,2025-07-29,5.31,USD,Yahoo Finance / trailingDilutedEPS historical timeseries,yahoo_trailing_diluted
AZN.ST,2025-Q3,2025-09-30,2025-11-06,6.01,USD,Yahoo Finance / trailingDilutedEPS reconstructed from quarterlyDilutedEPS,yahoo_reconstructed_diluted_ttm
AZN.ST,2025-Q4,2025-12-31,2026-02-10,6.54,USD,Yahoo Finance / trailingDilutedEPS historical timeseries,yahoo_trailing_diluted
AZN.ST,2026-Q1,2026-03-31,2026-04-29,6.64,USD,Yahoo Finance / trailingDilutedEPS historical timeseries,yahoo_trailing_diluted
AZN.ST,2026-Q2,2026-06-30,2026-07-27,6.68,USD,Yahoo Finance / trailingDilutedEPS historical timeseries,yahoo_trailing_diluted
BAHN-B.ST,2018-Q3,,2018-10-23,0.8589,SEK,User-supplied historical EPS TTM fallback,fallback_user_history
BAHN-B.ST,2018-Q4,,2019-02-19,0.908,SEK,User-supplied historical EPS TTM fallback,fallback_user_history
BAHN-B.ST,2019-Q1,,2019-05-07,0.9924,SEK,User-supplied historical EPS TTM fallback,fallback_user_history
BAHN-B.ST,2019-Q2,,2019-08-20,1.0,SEK,User-supplied historical EPS TTM fallback,fallback_user_history
BAHN-B.ST,2019-Q3,,2019-11-12,0.995,SEK,User-supplied historical EPS TTM fallback,fallback_user_history
BAHN-B.ST,2019-Q4,,2020-02-18,1.016,SEK,User-supplied historical EPS TTM fallback,fallback_user_history
BAHN-B.ST,2020-Q1,,2020-05-05,1.0857,SEK,User-supplied historical EPS TTM fallback,fallback_user_history
BAHN-B.ST,2020-Q2,,2020-08-18,1.1722,SEK,User-supplied historical EPS TTM fallback,fallback_user_history
BAHN-B.ST,2020-Q3,,2020-11-10,1.1981,SEK,User-supplied historical EPS TTM fallback,fallback_user_history
BAHN-B.ST,2020-Q4,,2021-02-16,1.2653,SEK,User-supplied historical EPS TTM fallback,fallback_user_history
BAHN-B.ST,2021-Q1,,2021-05-04,1.2859,SEK,User-supplied historical EPS TTM fallback,fallback_user_history
BAHN-B.ST,2021-Q2,,2021-08-19,1.3139,SEK,User-supplied historical EPS TTM fallback,fallback_user_history
BAHN-B.ST,2021-Q3,,2021-11-09,1.3611,SEK,User-supplied historical EPS TTM fallback,fallback_user_history
BAHN-B.ST,2021-Q4,,2022-02-15,1.3607,SEK,User-supplied historical EPS TTM fallback,fallback_user_history
BAHN-B.ST,2022-Q1,,2022-05-04,1.4304,SEK,User-supplied historical EPS TTM fallback,fallback_user_history
BAHN-B.ST,2022-Q2,,2022-08-18,1.5147,SEK,User-supplied historical EPS TTM fallback,fallback_user_history
BAHN-B.ST,2022-Q3,,2022-11-08,1.5147,SEK,User-supplied historical EPS TTM fallback,fallback_user_history
BAHN-B.ST,2022-Q4,,2023-02-14,1.5147,SEK,User-supplied historical EPS TTM fallback,fallback_user_history
BAHN-B.ST,2023-Q1,,2023-05-04,1.5147,SEK,User-supplied historical EPS TTM fallback,fallback_user_history
BAHN-B.ST,2023-Q2,,2023-08-22,1.5147,SEK,User-supplied historical EPS TTM fallback,fallback_user_history
BAHN-B.ST,2023-Q3,2023-09-30,2023-11-07,1.86,SEK,Yahoo Finance / trailingDilutedEPS historical timeseries,yahoo_trailing_diluted
BAHN-B.ST,2023-Q4,2023-12-31,2024-02-13,2.0,SEK,Yahoo Finance / trailingDilutedEPS historical timeseries,yahoo_trailing_diluted
BAHN-B.ST,2024-Q1,2024-03-31,2024-05-07,2.05,SEK,Yahoo Finance / trailingDilutedEPS historical timeseries,yahoo_trailing_diluted
BAHN-B.ST,2024-Q2,2024-06-30,2024-08-20,2.12,SEK,Yahoo Finance / trailingDilutedEPS historical timeseries,yahoo_trailing_diluted
BAHN-B.ST,2024-Q3,2024-09-30,2024-11-12,2.14,SEK,Yahoo Finance / trailingDilutedEPS historical timeseries,yahoo_trailing_diluted
BAHN-B.ST,2024-Q4,2024-12-31,2025-02-18,2.05,SEK,Yahoo Finance / trailingDilutedEPS historical timeseries,yahoo_trailing_diluted
BAHN-B.ST,2025-Q1,2025-03-31,2025-05-06,2.07,SEK,Yahoo Finance / trailingDilutedEPS historical timeseries,yahoo_trailing_diluted
BAHN-B.ST,2025-Q2,2025-06-30,2025-08-19,2.09,SEK,Yahoo Finance / trailingDilutedEPS historical timeseries,yahoo_trailing_diluted
BAHN-B.ST,2025-Q3,2025-09-30,2025-11-11,2.06,SEK,Yahoo Finance / trailingDilutedEPS historical timeseries,yahoo_trailing_diluted
BAHN-B.ST,2025-Q4,2025-12-31,2026-02-17,1.7,SEK,Yahoo Finance / trailingDilutedEPS historical timeseries,yahoo_trailing_diluted
BAHN-B.ST,2026-Q1,2026-03-31,2026-05-05,1.74,SEK,Yahoo Finance / trailingDilutedEPS historical timeseries,yahoo_trailing_diluted
BAHN-B.ST,2026-Q2,,2026-08-18,1.7206,SEK,User-supplied historical EPS TTM fallback,fallback_user_history
BALD-B.ST,2018-Q3,,2018-11-06,8.7189,SEK,User-supplied historical EPS TTM fallback,fallback_user_history
BALD-B.ST,2018-Q4,,2019-02-27,8.6185,SEK,User-supplied historical EPS TTM fallback,fallback_user_history
BALD-B.ST,2019-Q1,,2019-05-08,7.8528,SEK,User-supplied historical EPS TTM fallback,fallback_user_history
BALD-B.ST,2019-Q2,,2019-07-17,7.463,SEK,User-supplied historical EPS TTM fallback,fallback_user_history
BALD-B.ST,2019-Q3,,2019-10-25,6.0296,SEK,User-supplied historical EPS TTM fallback,fallback_user_history
BALD-B.ST,2019-Q4,,2020-02-27,8.2945,SEK,User-supplied historical EPS TTM fallback,fallback_user_history
BALD-B.ST,2020-Q1,,2020-05-08,8.1787,SEK,User-supplied historical EPS TTM fallback,fallback_user_history
BALD-B.ST,2020-Q2,,2020-07-16,7.6028,SEK,User-supplied historical EPS TTM fallback,fallback_user_history
BALD-B.ST,2020-Q3,,2020-11-05,6.9889,SEK,User-supplied historical EPS TTM fallback,fallback_user_history
BALD-B.ST,2020-Q4,,2021-02-11,6.1114,SEK,User-supplied historical EPS TTM fallback,fallback_user_history
BALD-B.ST,2021-Q1,,2021-05-12,7.5087,SEK,User-supplied historical EPS TTM fallback,fallback_user_history
BALD-B.ST,2021-Q2,,2021-07-16,8.7355,SEK,User-supplied historical EPS TTM fallback,fallback_user_history
BALD-B.ST,2021-Q3,,2021-11-11,13.2136,SEK,User-supplied historical EPS TTM fallback,fallback_user_history
BALD-B.ST,2021-Q4,,2022-02-11,16.5407,SEK,User-supplied historical EPS TTM fallback,fallback_user_history
BALD-B.ST,2022-Q1,,2022-05-12,18.8606,SEK,User-supplied historical EPS TTM fallback,fallback_user_history
BALD-B.ST,2022-Q2,,2022-07-15,19.9714,SEK,User-supplied historical EPS TTM fallback,fallback_user_history
BALD-B.ST,2022-Q3,,2022-10-28,14.9401,SEK,User-supplied historical EPS TTM fallback,fallback_user_history
BALD-B.ST,2022-Q4,,2023-02-10,14.9401,SEK,User-supplied historical EPS TTM fallback,fallback_user_history
BALD-B.ST,2023-Q1,,2023-05-11,14.9401,SEK,User-supplied historical EPS TTM fallback,fallback_user_history
BALD-B.ST,2023-Q2,,2023-07-18,14.9401,SEK,User-supplied historical EPS TTM fallback,fallback_user_history
BALD-B.ST,2023-Q3,2023-09-30,2023-10-27,-0.96,SEK,Yahoo Finance / trailingDilutedEPS historical timeseries,yahoo_trailing_diluted
BALD-B.ST,2023-Q4,2023-12-31,2024-02-09,-6.03,SEK,Yahoo Finance / trailingDilutedEPS historical timeseries,yahoo_trailing_diluted
BALD-B.ST,2024-Q1,2024-03-31,2024-05-03,-6.5,SEK,Yahoo Finance / trailingDilutedEPS historical timeseries,yahoo_trailing_diluted
BALD-B.ST,2024-Q2,2024-06-30,2024-07-16,-5.08,SEK,Yahoo Finance / trailingDilutedEPS historical timeseries,yahoo_trailing_diluted
BALD-B.ST,2024-Q3,2024-09-30,2024-10-25,-4.42,SEK,Yahoo Finance / trailingDilutedEPS historical timeseries,yahoo_trailing_diluted
BALD-B.ST,2024-Q4,2024-12-31,2025-02-07,2.82,SEK,Yahoo Finance / trailingDilutedEPS historical timeseries,yahoo_trailing_diluted
BALD-B.ST,2025-Q1,2025-03-31,2025-05-08,5.12,SEK,Yahoo Finance / trailingDilutedEPS historical timeseries,yahoo_trailing_diluted
BALD-B.ST,2025-Q2,2025-06-30,2025-07-15,5.24,SEK,Yahoo Finance / trailingDilutedEPS historical timeseries,yahoo_trailing_diluted
BALD-B.ST,2025-Q3,2025-09-30,2025-10-28,6.5200000000000005,SEK,Yahoo Finance / trailingDilutedEPS reconstructed from quarterlyDilutedEPS,yahoo_reconstructed_diluted_ttm
BALD-B.ST,2025-Q4,2025-12-31,2026-02-06,5.86,SEK,Yahoo Finance / trailingDilutedEPS historical timeseries,yahoo_trailing_diluted
BALD-B.ST,2026-Q1,2026-03-31,2026-05-08,5.37,SEK,Yahoo Finance / trailingDilutedEPS historical timeseries,yahoo_trailing_diluted
BALD-B.ST,2026-Q2,2026-06-30,2026-07-14,5.18,SEK,Yahoo Finance / trailingDilutedEPS historical timeseries,yahoo_trailing_diluted
BEIA-B.ST,2018-Q3,,2018-10-25,7.592,SEK,User-supplied historical EPS TTM fallback,fallback_user_history
BEIA-B.ST,2018-Q4,,2019-02-13,7.7794,SEK,User-supplied historical EPS TTM fallback,fallback_user_history
BEIA-B.ST,2019-Q1,,2019-05-06,7.8424,SEK,User-supplied historical EPS TTM fallback,fallback_user_history
BEIA-B.ST,2019-Q2,,2019-08-15,7.6018,SEK,User-supplied historical EPS TTM fallback,fallback_user_history
BEIA-B.ST,2019-Q3,,2019-10-24,7.3296,SEK,User-supplied historical EPS TTM fallback,fallback_user_history
BEIA-B.ST,2019-Q4,,2020-02-14,7.1488,SEK,User-supplied historical EPS TTM fallback,fallback_user_history
BEIA-B.ST,2020-Q1,,2020-04-27,6.9347,SEK,User-supplied historical EPS TTM fallback,fallback_user_history
BEIA-B.ST,2020-Q2,,2020-08-21,5.8826,SEK,User-supplied historical EPS TTM fallback,fallback_user_history
BEIA-B.ST,2020-Q3,,2020-10-28,5.9042,SEK,User-supplied historical EPS TTM fallback,fallback_user_history
BEIA-B.ST,2020-Q4,,2021-02-15,6.5812,SEK,User-supplied historical EPS TTM fallback,fallback_user_history
BEIA-B.ST,2021-Q1,,2021-04-26,7.5338,SEK,User-supplied historical EPS TTM fallback,fallback_user_history
BEIA-B.ST,2021-Q2,,2021-08-20,9.004,SEK,User-supplied historical EPS TTM fallback,fallback_user_history
BEIA-B.ST,2021-Q3,,2021-10-27,9.5416,SEK,User-supplied historical EPS TTM fallback,fallback_user_history
BEIA-B.ST,2021-Q4,,2022-02-16,9.4305,SEK,User-supplied historical EPS TTM fallback,fallback_user_history
BEIA-B.ST,2022-Q1,,2022-04-26,9.6727,SEK,User-supplied historical EPS TTM fallback,fallback_user_history
BEIA-B.ST,2022-Q2,,2022-08-19,10.1241,SEK,User-supplied historical EPS TTM fallback,fallback_user_history
BEIA-B.ST,2022-Q3,,2022-10-27,10.6916,SEK,User-supplied historical EPS TTM fallback,fallback_user_history
BEIA-B.ST,2022-Q4,,2023-02-15,10.0295,SEK,User-supplied historical EPS TTM fallback,fallback_user_history
BEIA-B.ST,2023-Q1,,2023-04-27,9.462,SEK,User-supplied historical EPS TTM fallback,fallback_user_history
BEIA-B.ST,2023-Q2,,2023-07-21,8.614,SEK,User-supplied historical EPS TTM fallback,fallback_user_history
BEIA-B.ST,2023-Q3,2023-09-30,2023-10-26,14.37,SEK,Yahoo Finance / trailingDilutedEPS historical timeseries,yahoo_trailing_diluted
BEIA-B.ST,2023-Q4,2023-12-31,2024-02-15,8.61,SEK,Yahoo Finance / trailingDilutedEPS historical timeseries,yahoo_trailing_diluted
BEIA-B.ST,2024-Q1,2024-03-31,2024-04-26,8.643188,SEK,Yahoo Finance / trailingDilutedEPS historical timeseries,yahoo_trailing_diluted
BEIA-B.ST,2024-Q2,2024-06-30,2024-07-19,8.945709,SEK,Yahoo Finance / trailingDilutedEPS historical timeseries,yahoo_trailing_diluted
BEIA-B.ST,2024-Q3,2024-09-30,2024-10-25,11.74,SEK,Yahoo Finance / trailingDilutedEPS historical timeseries,yahoo_trailing_diluted
BEIA-B.ST,2024-Q4,2024-12-31,2025-02-06,11.848223,SEK,Yahoo Finance / trailingDilutedEPS historical timeseries,yahoo_trailing_diluted
BEIA-B.ST,2025-Q1,2025-03-31,2025-04-25,12.0,SEK,Yahoo Finance / trailingDilutedEPS historical timeseries,yahoo_trailing_diluted
BEIA-B.ST,2025-Q2,2025-06-30,2025-07-18,11.01,SEK,Yahoo Finance / trailingDilutedEPS historical timeseries,yahoo_trailing_diluted
BEIA-B.ST,2025-Q3,2025-09-30,2025-10-24,8.91,SEK,Yahoo Finance / trailingDilutedEPS reconstructed from quarterlyDilutedEPS,yahoo_reconstructed_diluted_ttm
BEIA-B.ST,2025-Q4,2025-12-31,2026-02-06,9.43,SEK,Yahoo Finance / trailingDilutedEPS historical timeseries,yahoo_trailing_diluted
BEIA-B.ST,2026-Q1,2026-03-31,2026-04-24,10.23,SEK,Yahoo Finance / trailingDilutedEPS historical timeseries,yahoo_trailing_diluted
BEIA-B.ST,2026-Q2,2026-06-30,2026-07-17,12.456137,SEK,Yahoo Finance / trailingDilutedEPS historical timeseries,yahoo_trailing_diluted
BEIJ-B.ST,2018-Q3,,2018-10-22,1.807,SEK,User-supplied historical EPS TTM fallback,fallback_user_history
BEIJ-B.ST,2018-Q4,,2019-01-30,1.8487,SEK,User-supplied historical EPS TTM fallback,fallback_user_history
BEIJ-B.ST,2019-Q1,,2019-04-16,1.9708,SEK,User-supplied historical EPS TTM fallback,fallback_user_history
BEIJ-B.ST,2019-Q2,,2019-07-12,1.9952,SEK,User-supplied historical EPS TTM fallback,fallback_user_history
BEIJ-B.ST,2019-Q3,,2019-10-22,2.0267,SEK,User-supplied historical EPS TTM fallback,fallback_user_history
BEIJ-B.ST,2019-Q4,,2020-01-30,2.0694,SEK,User-supplied historical EPS TTM fallback,fallback_user_history
BEIJ-B.ST,2020-Q1,,2020-04-21,1.9873,SEK,User-supplied historical EPS TTM fallback,fallback_user_history
BEIJ-B.ST,2020-Q2,,2020-07-15,1.7554,SEK,User-supplied historical EPS TTM fallback,fallback_user_history
BEIJ-B.ST,2020-Q3,,2020-10-20,1.7309,SEK,User-supplied historical EPS TTM fallback,fallback_user_history
BEIJ-B.ST,2020-Q4,,2021-01-28,1.7309,SEK,User-supplied historical EPS TTM fallback,fallback_user_history
BEIJ-B.ST,2021-Q1,,2021-04-22,1.8405,SEK,User-supplied historical EPS TTM fallback,fallback_user_history
BEIJ-B.ST,2021-Q2,,2021-07-15,2.1705,SEK,User-supplied historical EPS TTM fallback,fallback_user_history
BEIJ-B.ST,2021-Q3,,2021-10-19,2.182,SEK,User-supplied historical EPS TTM fallback,fallback_user_history
BEIJ-B.ST,2021-Q4,,2022-01-27,2.3468,SEK,User-supplied historical EPS TTM fallback,fallback_user_history
BEIJ-B.ST,2022-Q1,,2022-04-21,2.5663,SEK,User-supplied historical EPS TTM fallback,fallback_user_history
BEIJ-B.ST,2022-Q2,,2022-07-15,2.8238,SEK,User-supplied historical EPS TTM fallback,fallback_user_history
BEIJ-B.ST,2022-Q3,,2022-10-20,3.2521,SEK,User-supplied historical EPS TTM fallback,fallback_user_history
BEIJ-B.ST,2022-Q4,,2023-01-31,3.006,SEK,User-supplied historical EPS TTM fallback,fallback_user_history
BEIJ-B.ST,2023-Q1,,2023-04-25,3.181,SEK,User-supplied historical EPS TTM fallback,fallback_user_history
BEIJ-B.ST,2023-Q2,,2023-07-20,3.5869,SEK,User-supplied historical EPS TTM fallback,fallback_user_history
BEIJ-B.ST,2023-Q3,2023-09-30,2023-10-24,3.713373,SEK,Yahoo Finance / trailingDilutedEPS historical timeseries,yahoo_trailing_diluted
BEIJ-B.ST,2023-Q4,2023-12-31,2024-01-31,4.88,SEK,Yahoo Finance / trailingDilutedEPS historical timeseries,yahoo_trailing_diluted
BEIJ-B.ST,2024-Q1,2024-03-31,2024-04-23,4.85,SEK,Yahoo Finance / trailingDilutedEPS historical timeseries,yahoo_trailing_diluted
BEIJ-B.ST,2024-Q2,2024-06-30,2024-07-19,4.83,SEK,Yahoo Finance / trailingDilutedEPS historical timeseries,yahoo_trailing_diluted
BEIJ-B.ST,2024-Q3,2024-09-30,2024-10-24,5.01,SEK,Yahoo Finance / trailingDilutedEPS historical timeseries,yahoo_trailing_diluted
BEIJ-B.ST,2024-Q4,2024-12-31,2025-01-31,4.88,SEK,Yahoo Finance / trailingDilutedEPS historical timeseries,yahoo_trailing_diluted
BEIJ-B.ST,2025-Q1,2025-03-31,2025-04-24,4.54,SEK,Yahoo Finance / trailingDilutedEPS historical timeseries,yahoo_trailing_diluted
BEIJ-B.ST,2025-Q2,2025-06-30,2025-07-18,4.68,SEK,Yahoo Finance / trailingDilutedEPS historical timeseries,yahoo_trailing_diluted
BEIJ-B.ST,2025-Q3,2025-09-30,2025-10-24,4.84,SEK,Yahoo Finance / trailingDilutedEPS reconstructed from quarterlyDilutedEPS,yahoo_reconstructed_diluted_ttm
BEIJ-B.ST,2025-Q4,2025-12-31,2026-01-30,4.59,SEK,Yahoo Finance / trailingDilutedEPS historical timeseries,yahoo_trailing_diluted
BEIJ-B.ST,2026-Q1,2026-03-31,2026-04-23,4.59,SEK,Yahoo Finance / trailingDilutedEPS historical timeseries,yahoo_trailing_diluted
BEIJ-B.ST,2026-Q2,2026-06-30,2026-07-17,4.67,SEK,Yahoo Finance / trailingDilutedEPS historical timeseries,yahoo_trailing_diluted
BERG-B.ST,2018-Q3,,2018-10-26,6.139,SEK,User-supplied historical EPS TTM fallback,fallback_user_history
BERG-B.ST,2018-Q4,,2019-02-08,6.3251,SEK,User-supplied historical EPS TTM fallback,fallback_user_history
BERG-B.ST,2019-Q1,,2019-05-16,6.252,SEK,User-supplied historical EPS TTM fallback,fallback_user_history
BERG-B.ST,2019-Q2,,2019-07-17,6.1089,SEK,User-supplied historical EPS TTM fallback,fallback_user_history
BERG-B.ST,2019-Q3,,2019-10-25,5.5906,SEK,User-supplied historical EPS TTM fallback,fallback_user_history
BERG-B.ST,2019-Q4,,2020-02-07,4.5956,SEK,User-supplied historical EPS TTM fallback,fallback_user_history
BERG-B.ST,2020-Q1,,2020-05-15,4.312,SEK,User-supplied historical EPS TTM fallback,fallback_user_history
BERG-B.ST,2020-Q2,,2020-07-15,4.4029,SEK,User-supplied historical EPS TTM fallback,fallback_user_history
BERG-B.ST,2020-Q3,,2020-10-22,4.7525,SEK,User-supplied historical EPS TTM fallback,fallback_user_history
BERG-B.ST,2020-Q4,,2021-02-05,5.6626,SEK,User-supplied historical EPS TTM fallback,fallback_user_history
BERG-B.ST,2021-Q1,,2021-05-12,6.1604,SEK,User-supplied historical EPS TTM fallback,fallback_user_history
BERG-B.ST,2021-Q2,,2021-07-14,6.4651,SEK,User-supplied historical EPS TTM fallback,fallback_user_history
BERG-B.ST,2021-Q3,,2021-10-20,6.8905,SEK,User-supplied historical EPS TTM fallback,fallback_user_history
BERG-B.ST,2021-Q4,,2022-02-09,7.1811,SEK,User-supplied historical EPS TTM fallback,fallback_user_history
BERG-B.ST,2022-Q1,,2022-05-13,7.5483,SEK,User-supplied historical EPS TTM fallback,fallback_user_history
BERG-B.ST,2022-Q2,,2022-07-13,7.7743,SEK,User-supplied historical EPS TTM fallback,fallback_user_history
BERG-B.ST,2022-Q3,,2022-10-20,7.6953,SEK,User-supplied historical EPS TTM fallback,fallback_user_history
BERG-B.ST,2022-Q4,,2023-02-03,7.8936,SEK,User-supplied historical EPS TTM fallback,fallback_user_history
BERG-B.ST,2023-Q1,,2023-05-12,7.7813,SEK,User-supplied historical EPS TTM fallback,fallback_user_history
BERG-B.ST,2023-Q2,,2023-07-14,7.4317,SEK,User-supplied historical EPS TTM fallback,fallback_user_history
BERG-B.ST,2023-Q3,2023-09-30,2023-10-19,7.4,SEK,Yahoo Finance / trailingDilutedEPS historical timeseries,yahoo_trailing_diluted
BERG-B.ST,2023-Q4,2023-12-31,2024-02-09,7.3,SEK,Yahoo Finance / trailingDilutedEPS historical timeseries,yahoo_trailing_diluted
BERG-B.ST,2024-Q1,2024-03-31,2024-05-15,7.15,SEK,Yahoo Finance / trailingDilutedEPS historical timeseries,yahoo_trailing_diluted
BERG-B.ST,2024-Q2,2024-06-30,2024-07-16,7.4,SEK,Yahoo Finance / trailingDilutedEPS historical timeseries,yahoo_trailing_diluted
BERG-B.ST,2024-Q3,2024-09-30,2024-10-23,7.55,SEK,Yahoo Finance / trailingDilutedEPS historical timeseries,yahoo_trailing_diluted
BERG-B.ST,2024-Q4,2024-12-31,2025-02-05,7.55,SEK,Yahoo Finance / trailingDilutedEPS historical timeseries,yahoo_trailing_diluted
BERG-B.ST,2025-Q1,2025-03-31,2025-05-09,-1.95,SEK,Yahoo Finance / trailingDilutedEPS historical timeseries,yahoo_trailing_diluted
BERG-B.ST,2025-Q2,2025-06-30,2025-07-16,-1.85,SEK,Yahoo Finance / trailingDilutedEPS historical timeseries,yahoo_trailing_diluted
BERG-B.ST,2025-Q3,2025-09-30,2025-10-22,-2.749999999999999,SEK,Yahoo Finance / trailingDilutedEPS reconstructed from quarterlyDilutedEPS,yahoo_reconstructed_diluted_ttm
BERG-B.ST,2025-Q4,2025-12-31,2026-02-04,-2.55,SEK,Yahoo Finance / trailingDilutedEPS historical timeseries,yahoo_trailing_diluted
BERG-B.ST,2026-Q1,2026-03-31,2026-05-13,8.5,SEK,Yahoo Finance / trailingDilutedEPS historical timeseries,yahoo_trailing_diluted
BERG-B.ST,2026-Q2,2026-06-30,2026-07-16,8.55,SEK,Yahoo Finance / trailingDilutedEPS historical timeseries,yahoo_trailing_diluted
BETS-B.ST,2024-Q1,2024-03-31,2024-04-26,1.315574,EUR,Yahoo Finance / trailingDilutedEPS historical timeseries,yahoo_trailing_diluted
BETS-B.ST,2024-Q2,2024-06-30,2024-07-19,1.280476,EUR,Yahoo Finance / trailingDilutedEPS historical timeseries,yahoo_trailing_diluted
BETS-B.ST,2024-Q3,2024-09-30,2024-10-24,1.24,EUR,Yahoo Finance / trailingDilutedEPS historical timeseries,yahoo_trailing_diluted
BETS-B.ST,2024-Q4,2024-12-31,2025-02-06,1.32,EUR,Yahoo Finance / trailingDilutedEPS historical timeseries,yahoo_trailing_diluted
BETS-B.ST,2025-Q1,2025-03-31,2025-04-29,1.34,EUR,Yahoo Finance / trailingDilutedEPS historical timeseries,yahoo_trailing_diluted
BETS-B.ST,2025-Q2,2025-06-30,2025-07-18,1.38,EUR,Yahoo Finance / trailingDilutedEPS historical timeseries,yahoo_trailing_diluted
BETS-B.ST,2025-Q3,2025-09-30,2025-10-24,1.4,EUR,Yahoo Finance / trailingDilutedEPS reconstructed from quarterlyDilutedEPS,yahoo_reconstructed_diluted_ttm
BETS-B.ST,2025-Q4,2025-12-31,2026-02-05,1.27,EUR,Yahoo Finance / trailingDilutedEPS historical timeseries,yahoo_trailing_diluted
BETS-B.ST,2026-Q1,2026-03-31,2026-04-24,1.11,EUR,Yahoo Finance / trailingDilutedEPS historical timeseries,yahoo_trailing_diluted
BETS-B.ST,2026-Q2,2026-06-30,2026-07-17,0.96,EUR,Yahoo Finance / trailingDilutedEPS historical timeseries,yahoo_trailing_diluted
BILI-A.ST,2018-Q3,,2018-10-26,6.9724,SEK,User-supplied historical EPS TTM / all Yahoo overlaps <1%,strict_user_history_gap_fill
BILI-A.ST,2018-Q4,,2019-02-08,7.27,SEK,User-supplied historical EPS TTM / all Yahoo overlaps <1%,strict_user_history_gap_fill
BILI-A.ST,2019-Q1,,2019-04-29,7.3439,SEK,User-supplied historical EPS TTM / all Yahoo overlaps <1%,strict_user_history_gap_fill
BILI-A.ST,2019-Q2,,2019-07-25,7.2138,SEK,User-supplied historical EPS TTM / all Yahoo overlaps <1%,strict_user_history_gap_fill
BILI-A.ST,2019-Q3,,2019-10-25,7.5108,SEK,User-supplied historical EPS TTM / all Yahoo overlaps <1%,strict_user_history_gap_fill
BILI-A.ST,2019-Q4,,2020-02-12,7.9954,SEK,User-supplied historical EPS TTM / all Yahoo overlaps <1%,strict_user_history_gap_fill
BILI-A.ST,2020-Q1,,2020-04-29,8.1376,SEK,User-supplied historical EPS TTM / all Yahoo overlaps <1%,strict_user_history_gap_fill
BILI-A.ST,2020-Q2,,2020-07-29,8.2538,SEK,User-supplied historical EPS TTM / all Yahoo overlaps <1%,strict_user_history_gap_fill
BILI-A.ST,2020-Q3,,2020-10-28,9.1969,SEK,User-supplied historical EPS TTM / all Yahoo overlaps <1%,strict_user_history_gap_fill
BILI-A.ST,2020-Q4,,2021-02-11,9.8226,SEK,User-supplied historical EPS TTM / all Yahoo overlaps <1%,strict_user_history_gap_fill
BILI-A.ST,2021-Q1,,2021-04-27,11.9831,SEK,User-supplied historical EPS TTM / all Yahoo overlaps <1%,strict_user_history_gap_fill
BILI-A.ST,2021-Q2,,2021-07-23,13.9935,SEK,User-supplied historical EPS TTM / all Yahoo overlaps <1%,strict_user_history_gap_fill
BILI-A.ST,2021-Q3,,2021-10-26,14.5176,SEK,User-supplied historical EPS TTM / all Yahoo overlaps <1%,strict_user_history_gap_fill
BILI-A.ST,2021-Q4,,2022-02-09,14.8872,SEK,User-supplied historical EPS TTM / all Yahoo overlaps <1%,strict_user_history_gap_fill
BILI-A.ST,2022-Q1,,2022-04-28,17.2944,SEK,User-supplied historical EPS TTM / all Yahoo overlaps <1%,strict_user_history_gap_fill
BILI-A.ST,2022-Q2,,2022-07-22,17.295,SEK,User-supplied historical EPS TTM / all Yahoo overlaps <1%,strict_user_history_gap_fill
BILI-A.ST,2022-Q3,,2022-10-26,17.0621,SEK,User-supplied historical EPS TTM / all Yahoo overlaps <1%,strict_user_history_gap_fill
BILI-A.ST,2022-Q4,,2023-02-08,17.3521,SEK,User-supplied historical EPS TTM / all Yahoo overlaps <1%,strict_user_history_gap_fill
BILI-A.ST,2023-Q1,,2023-04-26,13.8441,SEK,User-supplied historical EPS TTM / all Yahoo overlaps <1%,strict_user_history_gap_fill
BILI-A.ST,2023-Q2,,2023-07-21,12.5503,SEK,User-supplied historical EPS TTM / all Yahoo overlaps <1%,strict_user_history_gap_fill
BILI-A.ST,2023-Q3,2023-09-30,2023-10-24,11.29,SEK,Yahoo Finance / trailingDilutedEPS historical timeseries,yahoo_trailing_diluted
BILI-A.ST,2023-Q4,2023-12-31,2024-02-07,10.1,SEK,Yahoo Finance / trailingDilutedEPS historical timeseries,yahoo_trailing_diluted
BILI-A.ST,2024-Q1,2024-03-31,2024-04-24,9.07,SEK,Yahoo Finance / trailingDilutedEPS historical timeseries,yahoo_trailing_diluted
BILI-A.ST,2024-Q2,2024-06-30,2024-07-18,8.46,SEK,Yahoo Finance / trailingDilutedEPS historical timeseries,yahoo_trailing_diluted
BILI-A.ST,2024-Q3,2024-09-30,2024-10-23,7.77,SEK,Yahoo Finance / trailingDilutedEPS historical timeseries,yahoo_trailing_diluted
BILI-A.ST,2024-Q4,2024-12-31,2025-02-05,7.16,SEK,Yahoo Finance / trailingDilutedEPS historical timeseries,yahoo_trailing_diluted
BILI-A.ST,2025-Q1,2025-03-31,2025-04-25,7.07,SEK,Yahoo Finance / trailingDilutedEPS historical timeseries,yahoo_trailing_diluted
BILI-A.ST,2025-Q2,2025-06-30,2025-07-18,6.9,SEK,Yahoo Finance / trailingDilutedEPS historical timeseries,yahoo_trailing_diluted
BILI-A.ST,2025-Q3,2025-09-30,2025-10-23,7.82,SEK,Yahoo Finance / trailingDilutedEPS reconstructed from quarterlyDilutedEPS,yahoo_reconstructed_diluted_ttm
BILI-A.ST,2025-Q4,2025-12-31,2026-02-05,8.17,SEK,Yahoo Finance / trailingDilutedEPS historical timeseries,yahoo_trailing_diluted
BILI-A.ST,2026-Q1,2026-03-31,2026-04-29,8.66,SEK,Yahoo Finance / trailingDilutedEPS historical timeseries,yahoo_trailing_diluted
BILI-A.ST,2026-Q2,2026-06-30,2026-07-17,9.08,SEK,Yahoo Finance / trailingDilutedEPS historical timeseries,yahoo_trailing_diluted
BIOG-B.ST,2018-Q3,,2018-10-24,2.3735,SEK,User-supplied historical EPS TTM / all Yahoo overlaps <1%,strict_user_history_gap_fill
BIOG-B.ST,2018-Q4,,2019-02-07,2.4736,SEK,User-supplied historical EPS TTM / all Yahoo overlaps <1%,strict_user_history_gap_fill
BIOG-B.ST,2019-Q1,,2019-05-08,2.3875,SEK,User-supplied historical EPS TTM / all Yahoo overlaps <1%,strict_user_history_gap_fill
BIOG-B.ST,2019-Q2,,2019-08-08,2.3679,SEK,User-supplied historical EPS TTM / all Yahoo overlaps <1%,strict_user_history_gap_fill
BIOG-B.ST,2019-Q3,,2019-10-23,2.2132,SEK,User-supplied historical EPS TTM / all Yahoo overlaps <1%,strict_user_history_gap_fill
BIOG-B.ST,2019-Q4,,2020-02-06,2.1425,SEK,User-supplied historical EPS TTM / all Yahoo overlaps <1%,strict_user_history_gap_fill
BIOG-B.ST,2020-Q1,,2020-05-07,2.2123,SEK,User-supplied historical EPS TTM / all Yahoo overlaps <1%,strict_user_history_gap_fill
BIOG-B.ST,2020-Q2,,2020-08-13,2.4196,SEK,User-supplied historical EPS TTM / all Yahoo overlaps <1%,strict_user_history_gap_fill
BIOG-B.ST,2020-Q3,,2020-10-23,2.2171,SEK,User-supplied historical EPS TTM / all Yahoo overlaps <1%,strict_user_history_gap_fill
BIOG-B.ST,2020-Q4,,2021-02-04,2.0346,SEK,User-supplied historical EPS TTM / all Yahoo overlaps <1%,strict_user_history_gap_fill
BIOG-B.ST,2021-Q1,,2021-05-06,2.0525,SEK,User-supplied historical EPS TTM / all Yahoo overlaps <1%,strict_user_history_gap_fill
BIOG-B.ST,2021-Q2,,2021-08-12,1.6826,SEK,User-supplied historical EPS TTM / all Yahoo overlaps <1%,strict_user_history_gap_fill
BIOG-B.ST,2021-Q3,,2021-10-21,1.9696,SEK,User-supplied historical EPS TTM / all Yahoo overlaps <1%,strict_user_history_gap_fill
BIOG-B.ST,2021-Q4,,2022-02-04,1.9436,SEK,User-supplied historical EPS TTM / all Yahoo overlaps <1%,strict_user_history_gap_fill
BIOG-B.ST,2022-Q1,,2022-05-06,2.1997,SEK,User-supplied historical EPS TTM / all Yahoo overlaps <1%,strict_user_history_gap_fill
BIOG-B.ST,2022-Q2,,2022-07-22,2.4357,SEK,User-supplied historical EPS TTM / all Yahoo overlaps <1%,strict_user_history_gap_fill
BIOG-B.ST,2022-Q3,,2022-10-21,2.6997,SEK,User-supplied historical EPS TTM / all Yahoo overlaps <1%,strict_user_history_gap_fill
BIOG-B.ST,2022-Q4,,2023-02-03,3.6995,SEK,User-supplied historical EPS TTM / all Yahoo overlaps <1%,strict_user_history_gap_fill
BIOG-B.ST,2023-Q1,,2023-05-05,4.0921,SEK,User-supplied historical EPS TTM / all Yahoo overlaps <1%,strict_user_history_gap_fill
BIOG-B.ST,2023-Q2,,2023-07-21,4.1119,SEK,User-supplied historical EPS TTM / all Yahoo overlaps <1%,strict_user_history_gap_fill
BIOG-B.ST,2023-Q3,2023-09-30,2023-10-20,4.33,SEK,Yahoo Finance / trailingDilutedEPS historical timeseries,yahoo_trailing_diluted
BIOG-B.ST,2023-Q4,2023-12-31,2024-02-07,3.62,SEK,Yahoo Finance / trailingDilutedEPS historical timeseries,yahoo_trailing_diluted
BIOG-B.ST,2024-Q1,2024-03-31,2024-05-07,3.68,SEK,Yahoo Finance / trailingDilutedEPS historical timeseries,yahoo_trailing_diluted
BIOG-B.ST,2024-Q2,2024-06-30,2024-07-23,3.98,SEK,Yahoo Finance / trailingDilutedEPS historical timeseries,yahoo_trailing_diluted
BIOG-B.ST,2024-Q3,2024-09-30,2024-10-22,3.34,SEK,Yahoo Finance / trailingDilutedEPS historical timeseries,yahoo_trailing_diluted
BIOG-B.ST,2024-Q4,2024-12-31,2025-02-12,3.48,SEK,Yahoo Finance / trailingDilutedEPS historical timeseries,yahoo_trailing_diluted
BIOG-B.ST,2025-Q1,2025-03-31,2025-05-07,3.06,SEK,Yahoo Finance / trailingDilutedEPS historical timeseries,yahoo_trailing_diluted
BIOG-B.ST,2025-Q2,2025-06-30,2025-07-18,2.83,SEK,Yahoo Finance / trailingDilutedEPS historical timeseries,yahoo_trailing_diluted
BIOG-B.ST,2025-Q3,2025-09-30,2025-10-22,3.12,SEK,Yahoo Finance / trailingDilutedEPS reconstructed from quarterlyDilutedEPS,yahoo_reconstructed_diluted_ttm
BIOG-B.ST,2025-Q4,2025-12-31,2026-02-12,3.29,SEK,Yahoo Finance / trailingDilutedEPS historical timeseries,yahoo_trailing_diluted
BIOG-B.ST,2026-Q1,2026-03-31,2026-05-07,3.28,SEK,Yahoo Finance / trailingDilutedEPS historical timeseries,yahoo_trailing_diluted
BIOG-B.ST,2026-Q2,2026-06-30,2026-07-17,3.43,SEK,Yahoo Finance / trailingDilutedEPS historical timeseries,yahoo_trailing_diluted
BOL.ST,2018-Q3,,2018-10-24,27.7137,SEK,User-supplied historical EPS TTM / all Yahoo overlaps <1%,strict_user_history_gap_fill
BOL.ST,2018-Q4,,2019-02-13,26.317,SEK,User-supplied historical EPS TTM / all Yahoo overlaps <1%,strict_user_history_gap_fill
BOL.ST,2019-Q1,,2019-05-03,25.8783,SEK,User-supplied historical EPS TTM / all Yahoo overlaps <1%,strict_user_history_gap_fill
BOL.ST,2019-Q2,,2019-07-19,22.5658,SEK,User-supplied historical EPS TTM / all Yahoo overlaps <1%,strict_user_history_gap_fill
BOL.ST,2019-Q3,,2019-10-24,23.0082,SEK,User-supplied historical EPS TTM / all Yahoo overlaps <1%,strict_user_history_gap_fill
BOL.ST,2019-Q4,,2020-02-13,21.1582,SEK,User-supplied historical EPS TTM / all Yahoo overlaps <1%,strict_user_history_gap_fill
BOL.ST,2020-Q1,,2020-04-28,18.1455,SEK,User-supplied historical EPS TTM / all Yahoo overlaps <1%,strict_user_history_gap_fill
BOL.ST,2020-Q2,,2020-07-22,18.9316,SEK,User-supplied historical EPS TTM / all Yahoo overlaps <1%,strict_user_history_gap_fill
BOL.ST,2020-Q3,,2020-10-28,21.2313,SEK,User-supplied historical EPS TTM / all Yahoo overlaps <1%,strict_user_history_gap_fill
BOL.ST,2020-Q4,,2021-02-12,24.8582,SEK,User-supplied historical EPS TTM / all Yahoo overlaps <1%,strict_user_history_gap_fill
BOL.ST,2021-Q1,,2021-04-27,28.9166,SEK,User-supplied historical EPS TTM / all Yahoo overlaps <1%,strict_user_history_gap_fill
BOL.ST,2021-Q2,,2021-07-21,31.9987,SEK,User-supplied historical EPS TTM / all Yahoo overlaps <1%,strict_user_history_gap_fill
BOL.ST,2021-Q3,,2021-10-22,31.1358,SEK,User-supplied historical EPS TTM / all Yahoo overlaps <1%,strict_user_history_gap_fill
BOL.ST,2021-Q4,,2022-02-11,31.8086,SEK,User-supplied historical EPS TTM / all Yahoo overlaps <1%,strict_user_history_gap_fill
BOL.ST,2022-Q1,,2022-04-28,38.3604,SEK,User-supplied historical EPS TTM / all Yahoo overlaps <1%,strict_user_history_gap_fill
BOL.ST,2022-Q2,,2022-07-21,41.8959,SEK,User-supplied historical EPS TTM / all Yahoo overlaps <1%,strict_user_history_gap_fill
BOL.ST,2022-Q3,,2022-10-20,45.2194,SEK,User-supplied historical EPS TTM / all Yahoo overlaps <1%,strict_user_history_gap_fill
BOL.ST,2022-Q4,,2023-02-14,45.3729,SEK,User-supplied historical EPS TTM / all Yahoo overlaps <1%,strict_user_history_gap_fill
BOL.ST,2023-Q1,,2023-04-25,40.1519,SEK,User-supplied historical EPS TTM / all Yahoo overlaps <1%,strict_user_history_gap_fill
BOL.ST,2023-Q2,,2023-07-20,30.5143,SEK,User-supplied historical EPS TTM / all Yahoo overlaps <1%,strict_user_history_gap_fill
BOL.ST,2023-Q3,2023-09-30,2023-10-20,25.57,SEK,Yahoo Finance / trailingDilutedEPS historical timeseries,yahoo_trailing_diluted
BOL.ST,2023-Q4,2023-12-31,2024-02-08,22.21,SEK,Yahoo Finance / trailingDilutedEPS historical timeseries,yahoo_trailing_diluted
BOL.ST,2024-Q1,2024-03-31,2024-04-23,17.08,SEK,Yahoo Finance / trailingDilutedEPS historical timeseries,yahoo_trailing_diluted
BOL.ST,2024-Q2,2024-06-30,2024-07-19,28.38,SEK,Yahoo Finance / trailingDilutedEPS historical timeseries,yahoo_trailing_diluted
BOL.ST,2024-Q3,2024-09-30,2024-10-22,31.76,SEK,Yahoo Finance / trailingDilutedEPS historical timeseries,yahoo_trailing_diluted
BOL.ST,2024-Q4,2024-12-31,2025-02-06,36.65,SEK,Yahoo Finance / trailingDilutedEPS historical timeseries,yahoo_trailing_diluted
BOL.ST,2025-Q1,2025-03-31,2025-04-23,40.48,SEK,Yahoo Finance / trailingDilutedEPS historical timeseries,yahoo_trailing_diluted
BOL.ST,2025-Q2,2025-06-30,2025-07-18,29.19,SEK,Yahoo Finance / trailingDilutedEPS historical timeseries,yahoo_trailing_diluted
BOL.ST,2025-Q3,2025-09-30,2025-10-22,29.03,SEK,Yahoo Finance / trailingDilutedEPS reconstructed from quarterlyDilutedEPS,yahoo_reconstructed_diluted_ttm
BOL.ST,2025-Q4,2025-12-31,2026-02-03,33.39,SEK,Yahoo Finance / trailingDilutedEPS historical timeseries,yahoo_trailing_diluted
BOL.ST,2026-Q1,2026-03-31,2026-04-28,38.85,SEK,Yahoo Finance / trailingDilutedEPS historical timeseries,yahoo_trailing_diluted
BOL.ST,2026-Q2,2026-06-30,2026-07-21,44.74,SEK,Yahoo Finance / trailingDilutedEPS historical timeseries,yahoo_trailing_diluted
BORG.ST,2018-Q3,,2018-11-16,2.2418,SEK,User-supplied historical EPS TTM / all Yahoo overlaps <1%,strict_user_history_gap_fill
BORG.ST,2018-Q4,,2019-02-22,2.3928,SEK,User-supplied historical EPS TTM / all Yahoo overlaps <1%,strict_user_history_gap_fill
BORG.ST,2019-Q1,,2019-05-14,2.464,SEK,User-supplied historical EPS TTM / all Yahoo overlaps <1%,strict_user_history_gap_fill
BORG.ST,2019-Q2,,2019-08-16,2.3141,SEK,User-supplied historical EPS TTM / all Yahoo overlaps <1%,strict_user_history_gap_fill
BORG.ST,2019-Q3,,2019-11-15,2.2362,SEK,User-supplied historical EPS TTM / all Yahoo overlaps <1%,strict_user_history_gap_fill
BORG.ST,2019-Q4,,2020-02-21,1.5487,SEK,User-supplied historical EPS TTM / all Yahoo overlaps <1%,strict_user_history_gap_fill
BORG.ST,2020-Q1,,2020-05-14,1.3003,SEK,User-supplied historical EPS TTM / all Yahoo overlaps <1%,strict_user_history_gap_fill
BORG.ST,2020-Q2,,2020-08-18,0.6419,SEK,User-supplied historical EPS TTM / all Yahoo overlaps <1%,strict_user_history_gap_fill
BORG.ST,2020-Q3,,2020-11-20,0.5924,SEK,User-supplied historical EPS TTM / all Yahoo overlaps <1%,strict_user_history_gap_fill
BORG.ST,2020-Q4,,2021-02-26,0.7488,SEK,User-supplied historical EPS TTM / all Yahoo overlaps <1%,strict_user_history_gap_fill
BORG.ST,2021-Q1,,2021-05-18,1.1735,SEK,User-supplied historical EPS TTM / all Yahoo overlaps <1%,strict_user_history_gap_fill
BORG.ST,2021-Q2,,2021-08-20,2.4604,SEK,User-supplied historical EPS TTM / all Yahoo overlaps <1%,strict_user_history_gap_fill
BORG.ST,2021-Q3,,2021-11-19,3.0306,SEK,User-supplied historical EPS TTM / all Yahoo overlaps <1%,strict_user_history_gap_fill
BORG.ST,2021-Q4,,2022-02-25,3.421,SEK,User-supplied historical EPS TTM / all Yahoo overlaps <1%,strict_user_history_gap_fill
BORG.ST,2022-Q1,,2022-05-19,3.4933,SEK,User-supplied historical EPS TTM / all Yahoo overlaps <1%,strict_user_history_gap_fill
BORG.ST,2022-Q2,,2022-08-19,2.9652,SEK,User-supplied historical EPS TTM / all Yahoo overlaps <1%,strict_user_history_gap_fill
BORG.ST,2022-Q3,,2022-11-18,2.2529,SEK,User-supplied historical EPS TTM / all Yahoo overlaps <1%,strict_user_history_gap_fill
BORG.ST,2022-Q4,,2023-02-23,2.0229,SEK,User-supplied historical EPS TTM / all Yahoo overlaps <1%,strict_user_history_gap_fill
BORG.ST,2023-Q1,,2023-05-17,2.0887,SEK,User-supplied historical EPS TTM / all Yahoo overlaps <1%,strict_user_history_gap_fill
BORG.ST,2023-Q2,,2023-08-18,2.2448,SEK,User-supplied historical EPS TTM / all Yahoo overlaps <1%,strict_user_history_gap_fill
BORG.ST,2023-Q3,2023-09-30,2023-11-17,2.64,SEK,Yahoo Finance / trailingDilutedEPS historical timeseries,yahoo_trailing_diluted
BORG.ST,2023-Q4,2023-12-31,2024-02-23,3.02,SEK,Yahoo Finance / trailingDilutedEPS historical timeseries,yahoo_trailing_diluted
BORG.ST,2024-Q1,2024-03-31,2024-05-16,2.87,SEK,Yahoo Finance / trailingDilutedEPS historical timeseries,yahoo_trailing_diluted
BORG.ST,2024-Q2,2024-06-30,2024-08-16,2.97,SEK,Yahoo Finance / trailingDilutedEPS historical timeseries,yahoo_trailing_diluted
BORG.ST,2024-Q3,2024-09-30,2024-11-15,3.08,SEK,Yahoo Finance / trailingDilutedEPS historical timeseries,yahoo_trailing_diluted
BORG.ST,2024-Q4,2024-12-31,2025-02-20,2.89,SEK,Yahoo Finance / trailingDilutedEPS historical timeseries,yahoo_trailing_diluted
BORG.ST,2025-Q1,2025-03-31,2025-05-15,3.48,SEK,Yahoo Finance / trailingDilutedEPS historical timeseries,yahoo_trailing_diluted
BORG.ST,2025-Q2,2025-06-30,2025-08-15,3.38,SEK,Yahoo Finance / trailingDilutedEPS historical timeseries,yahoo_trailing_diluted
BORG.ST,2025-Q3,2025-09-30,2025-11-14,3.45,SEK,Yahoo Finance / trailingDilutedEPS historical timeseries,yahoo_trailing_diluted
BORG.ST,2025-Q4,2025-12-31,2026-02-13,3.66,SEK,Yahoo Finance / trailingDilutedEPS historical timeseries,yahoo_trailing_diluted
BORG.ST,2026-Q1,2026-03-31,2026-04-29,3.7,SEK,Yahoo Finance / trailingDilutedEPS historical timeseries,yahoo_trailing_diluted
BORG.ST,2026-Q2,,2026-08-14,3.884,SEK,User-supplied historical EPS TTM / all Yahoo overlaps <1%,strict_user_history_gap_fill
BRAV.ST,2018-Q3,,2018-11-06,4.438,SEK,User-supplied historical EPS TTM / all Yahoo overlaps <1%,strict_user_history_gap_fill
BRAV.ST,2018-Q4,,2019-02-15,4.6984,SEK,User-supplied historical EPS TTM / all Yahoo overlaps <1%,strict_user_history_gap_fill
BRAV.ST,2019-Q1,,2019-05-07,4.7491,SEK,User-supplied historical EPS TTM / all Yahoo overlaps <1%,strict_user_history_gap_fill
BRAV.ST,2019-Q2,,2019-07-19,4.6976,SEK,User-supplied historical EPS TTM / all Yahoo overlaps <1%,strict_user_history_gap_fill
BRAV.ST,2019-Q3,,2019-11-06,4.7004,SEK,User-supplied historical EPS TTM / all Yahoo overlaps <1%,strict_user_history_gap_fill
BRAV.ST,2019-Q4,,2020-02-13,4.3606,SEK,User-supplied historical EPS TTM / all Yahoo overlaps <1%,strict_user_history_gap_fill
BRAV.ST,2020-Q1,,2020-05-08,4.44,SEK,User-supplied historical EPS TTM / all Yahoo overlaps <1%,strict_user_history_gap_fill
BRAV.ST,2020-Q2,,2020-07-17,4.6255,SEK,User-supplied historical EPS TTM / all Yahoo overlaps <1%,strict_user_history_gap_fill
BRAV.ST,2020-Q3,,2020-11-06,4.7026,SEK,User-supplied historical EPS TTM / all Yahoo overlaps <1%,strict_user_history_gap_fill
BRAV.ST,2020-Q4,,2021-02-12,4.9316,SEK,User-supplied historical EPS TTM / all Yahoo overlaps <1%,strict_user_history_gap_fill
BRAV.ST,2021-Q1,,2021-04-26,4.9916,SEK,User-supplied historical EPS TTM / all Yahoo overlaps <1%,strict_user_history_gap_fill
BRAV.ST,2021-Q2,,2021-07-16,5.0436,SEK,User-supplied historical EPS TTM / all Yahoo overlaps <1%,strict_user_history_gap_fill
BRAV.ST,2021-Q3,,2021-10-26,5.0614,SEK,User-supplied historical EPS TTM / all Yahoo overlaps <1%,strict_user_history_gap_fill
BRAV.ST,2021-Q4,,2022-02-15,5.6419,SEK,User-supplied historical EPS TTM / all Yahoo overlaps <1%,strict_user_history_gap_fill
BRAV.ST,2022-Q1,,2022-04-29,5.7319,SEK,User-supplied historical EPS TTM / all Yahoo overlaps <1%,strict_user_history_gap_fill
BRAV.ST,2022-Q2,,2022-07-15,5.8871,SEK,User-supplied historical EPS TTM / all Yahoo overlaps <1%,strict_user_history_gap_fill
BRAV.ST,2022-Q3,,2022-10-26,6.0912,SEK,User-supplied historical EPS TTM / all Yahoo overlaps <1%,strict_user_history_gap_fill
BRAV.ST,2022-Q4,,2023-02-14,6.2117,SEK,User-supplied historical EPS TTM / all Yahoo overlaps <1%,strict_user_history_gap_fill
BRAV.ST,2023-Q1,,2023-05-03,6.4225,SEK,User-supplied historical EPS TTM / all Yahoo overlaps <1%,strict_user_history_gap_fill
BRAV.ST,2023-Q2,,2023-07-14,6.4931,SEK,User-supplied historical EPS TTM / all Yahoo overlaps <1%,strict_user_history_gap_fill
BRAV.ST,2023-Q3,2023-09-30,2023-10-25,6.4,SEK,Yahoo Finance / trailingDilutedEPS historical timeseries,yahoo_trailing_diluted
BRAV.ST,2023-Q4,2023-12-31,2024-02-15,6.0,SEK,Yahoo Finance / trailingDilutedEPS historical timeseries,yahoo_trailing_diluted
BRAV.ST,2024-Q1,2024-03-31,2024-05-07,5.66,SEK,Yahoo Finance / trailingDilutedEPS historical timeseries,yahoo_trailing_diluted
BRAV.ST,2024-Q2,2024-06-30,2024-07-12,5.37,SEK,Yahoo Finance / trailingDilutedEPS historical timeseries,yahoo_trailing_diluted
BRAV.ST,2024-Q3,2024-09-30,2024-10-22,5.12,SEK,Yahoo Finance / trailingDilutedEPS historical timeseries,yahoo_trailing_diluted
BRAV.ST,2024-Q4,2024-12-31,2025-02-11,5.16,SEK,Yahoo Finance / trailingDilutedEPS historical timeseries,yahoo_trailing_diluted
BRAV.ST,2025-Q1,2025-03-31,2025-05-06,5.29,SEK,Yahoo Finance / trailingDilutedEPS historical timeseries,yahoo_trailing_diluted
BRAV.ST,2025-Q2,2025-06-30,2025-07-11,5.44,SEK,Yahoo Finance / trailingDilutedEPS historical timeseries,yahoo_trailing_diluted
BRAV.ST,2025-Q3,2025-09-30,2025-10-24,5.66,SEK,Yahoo Finance / trailingDilutedEPS reconstructed from quarterlyDilutedEPS,yahoo_reconstructed_diluted_ttm
BRAV.ST,2025-Q4,2025-12-31,2026-02-18,6.01,SEK,Yahoo Finance / trailingDilutedEPS historical timeseries,yahoo_trailing_diluted
BRAV.ST,2026-Q1,2026-03-31,2026-05-05,6.07,SEK,Yahoo Finance / trailingDilutedEPS historical timeseries,yahoo_trailing_diluted
BRAV.ST,2026-Q2,2026-06-30,2026-07-13,6.85,SEK,Yahoo Finance / trailingDilutedEPS historical timeseries,yahoo_trailing_diluted
BTS-B.ST,2018-Q3,,2018-11-14,6.1001,SEK,User-supplied historical EPS TTM / all Yahoo overlaps <1%,strict_user_history_gap_fill
BTS-B.ST,2018-Q4,,2019-02-21,6.5327,SEK,User-supplied historical EPS TTM / all Yahoo overlaps <1%,strict_user_history_gap_fill
BTS-B.ST,2019-Q1,,2019-05-15,6.8313,SEK,User-supplied historical EPS TTM / all Yahoo overlaps <1%,strict_user_history_gap_fill
BTS-B.ST,2019-Q2,,2019-08-23,7.1471,SEK,User-supplied historical EPS TTM / all Yahoo overlaps <1%,strict_user_history_gap_fill
BTS-B.ST,2019-Q3,,2019-11-13,7.4972,SEK,User-supplied historical EPS TTM / all Yahoo overlaps <1%,strict_user_history_gap_fill
BTS-B.ST,2019-Q4,,2020-02-18,7.8214,SEK,User-supplied historical EPS TTM / all Yahoo overlaps <1%,strict_user_history_gap_fill
BTS-B.ST,2020-Q1,,2020-05-14,7.1359,SEK,User-supplied historical EPS TTM / all Yahoo overlaps <1%,strict_user_history_gap_fill
BTS-B.ST,2020-Q2,,2020-08-18,4.7322,SEK,User-supplied historical EPS TTM / all Yahoo overlaps <1%,strict_user_history_gap_fill
BTS-B.ST,2020-Q3,,2020-11-11,3.4613,SEK,User-supplied historical EPS TTM / all Yahoo overlaps <1%,strict_user_history_gap_fill
BTS-B.ST,2020-Q4,,2021-02-24,1.8235,SEK,User-supplied historical EPS TTM / all Yahoo overlaps <1%,strict_user_history_gap_fill
BTS-B.ST,2021-Q1,,2021-05-19,2.7509,SEK,User-supplied historical EPS TTM / all Yahoo overlaps <1%,strict_user_history_gap_fill
BTS-B.ST,2021-Q2,,2021-08-18,5.278,SEK,User-supplied historical EPS TTM / all Yahoo overlaps <1%,strict_user_history_gap_fill
BTS-B.ST,2021-Q3,,2021-11-10,9.3007,SEK,User-supplied historical EPS TTM / all Yahoo overlaps <1%,strict_user_history_gap_fill
BTS-B.ST,2021-Q4,,2022-02-23,11.1074,SEK,User-supplied historical EPS TTM / all Yahoo overlaps <1%,strict_user_history_gap_fill
BTS-B.ST,2022-Q1,,2022-05-13,11.5189,SEK,User-supplied historical EPS TTM / all Yahoo overlaps <1%,strict_user_history_gap_fill
BTS-B.ST,2022-Q2,,2022-08-18,12.425,SEK,User-supplied historical EPS TTM / all Yahoo overlaps <1%,strict_user_history_gap_fill
BTS-B.ST,2022-Q3,,2022-11-11,9.7825,SEK,User-supplied historical EPS TTM / all Yahoo overlaps <1%,strict_user_history_gap_fill
BTS-B.ST,2022-Q4,,2023-02-24,10.2442,SEK,User-supplied historical EPS TTM / all Yahoo overlaps <1%,strict_user_history_gap_fill
BTS-B.ST,2023-Q1,,2023-05-12,9.921,SEK,User-supplied historical EPS TTM / all Yahoo overlaps <1%,strict_user_history_gap_fill
BTS-B.ST,2023-Q2,,2023-08-18,9.5712,SEK,User-supplied historical EPS TTM / all Yahoo overlaps <1%,strict_user_history_gap_fill
BTS-B.ST,2023-Q3,2023-09-30,2023-11-10,8.91,SEK,Yahoo Finance / trailingDilutedEPS historical timeseries,yahoo_trailing_diluted
BTS-B.ST,2023-Q4,2023-12-31,2024-02-22,11.08,SEK,Yahoo Finance / trailingDilutedEPS historical timeseries,yahoo_trailing_diluted
BTS-B.ST,2024-Q1,2024-03-31,2024-05-03,12.66,SEK,Yahoo Finance / trailingDilutedEPS historical timeseries,yahoo_trailing_diluted
BTS-B.ST,2024-Q2,2024-06-30,2024-08-15,12.64,SEK,Yahoo Finance / trailingDilutedEPS historical timeseries,yahoo_trailing_diluted
BTS-B.ST,2024-Q3,2024-09-30,2024-11-08,21.3,SEK,Yahoo Finance / trailingDilutedEPS historical timeseries,yahoo_trailing_diluted
BTS-B.ST,2024-Q4,2024-12-31,2025-02-26,19.93,SEK,Yahoo Finance / trailingDilutedEPS historical timeseries,yahoo_trailing_diluted
BTS-B.ST,2025-Q1,2025-03-31,2025-05-16,18.51,SEK,Yahoo Finance / trailingDilutedEPS historical timeseries,yahoo_trailing_diluted
BTS-B.ST,2025-Q2,2025-06-30,2025-08-22,17.42,SEK,Yahoo Finance / trailingDilutedEPS historical timeseries,yahoo_trailing_diluted
BTS-B.ST,2025-Q3,2025-09-30,2025-11-12,8.34,SEK,Yahoo Finance / trailingDilutedEPS historical timeseries,yahoo_trailing_diluted
BTS-B.ST,2025-Q4,2025-12-31,2026-02-20,6.89,SEK,Yahoo Finance / trailingDilutedEPS historical timeseries,yahoo_trailing_diluted
BTS-B.ST,2026-Q1,2026-03-31,2026-05-21,6.98,SEK,Yahoo Finance / trailingDilutedEPS historical timeseries,yahoo_trailing_diluted
BTS-B.ST,2026-Q2,,2026-08-14,4.9017,SEK,User-supplied historical EPS TTM / all Yahoo overlaps <1%,strict_user_history_gap_fill
CAST.ST,2018-Q3,,2018-10-17,23.076,SEK,User-supplied historical EPS TTM fallback,fallback_user_history
CAST.ST,2018-Q4,,2019-01-23,22.9182,SEK,User-supplied historical EPS TTM fallback,fallback_user_history
CAST.ST,2019-Q1,,2019-04-24,24.6894,SEK,User-supplied historical EPS TTM fallback,fallback_user_history
CAST.ST,2019-Q2,,2019-07-12,23.41,SEK,User-supplied historical EPS TTM fallback,fallback_user_history
CAST.ST,2019-Q3,,2019-10-18,18.5689,SEK,User-supplied historical EPS TTM fallback,fallback_user_history
CAST.ST,2019-Q4,,2020-01-24,17.3728,SEK,User-supplied historical EPS TTM fallback,fallback_user_history
CAST.ST,2020-Q1,,2020-04-24,14.7315,SEK,User-supplied historical EPS TTM fallback,fallback_user_history
CAST.ST,2020-Q2,,2020-07-15,14.1391,SEK,User-supplied historical EPS TTM fallback,fallback_user_history
CAST.ST,2020-Q3,,2020-10-15,14.0303,SEK,User-supplied historical EPS TTM fallback,fallback_user_history
CAST.ST,2020-Q4,,2021-01-22,17.1998,SEK,User-supplied historical EPS TTM fallback,fallback_user_history
CAST.ST,2021-Q1,,2021-04-21,27.398,SEK,User-supplied historical EPS TTM fallback,fallback_user_history
CAST.ST,2021-Q2,,2021-07-15,29.4162,SEK,User-supplied historical EPS TTM fallback,fallback_user_history
CAST.ST,2021-Q3,,2021-10-19,30.9679,SEK,User-supplied historical EPS TTM fallback,fallback_user_history
CAST.ST,2021-Q4,,2022-02-16,34.5148,SEK,User-supplied historical EPS TTM fallback,fallback_user_history
CAST.ST,2022-Q1,,2022-04-25,31.8025,SEK,User-supplied historical EPS TTM fallback,fallback_user_history
CAST.ST,2022-Q2,,2022-07-15,35.041,SEK,User-supplied historical EPS TTM fallback,fallback_user_history
CAST.ST,2022-Q3,,2022-10-20,29.3458,SEK,User-supplied historical EPS TTM fallback,fallback_user_history
CAST.ST,2022-Q4,,2023-02-13,4.2025,SEK,User-supplied historical EPS TTM fallback,fallback_user_history
CAST.ST,2023-Q1,,2023-04-26,-15.7751,SEK,User-supplied historical EPS TTM fallback,fallback_user_history
CAST.ST,2023-Q2,,2023-07-14,-23.1952,SEK,User-supplied historical EPS TTM fallback,fallback_user_history
CAST.ST,2023-Q3,2023-09-30,2023-10-27,-23.756163,SEK,Yahoo Finance / trailingDilutedEPS historical timeseries,yahoo_trailing_diluted
CAST.ST,2023-Q4,2023-12-31,2024-02-14,-25.68,SEK,Yahoo Finance / trailingDilutedEPS historical timeseries,yahoo_trailing_diluted
CAST.ST,2024-Q1,2024-03-31,2024-05-03,-15.04,SEK,Yahoo Finance / trailingDilutedEPS historical timeseries,yahoo_trailing_diluted
CAST.ST,2024-Q2,2024-06-30,2024-07-16,-16.56,SEK,Yahoo Finance / trailingDilutedEPS historical timeseries,yahoo_trailing_diluted
CAST.ST,2024-Q3,2024-09-30,2024-10-25,-12.86,SEK,Yahoo Finance / trailingDilutedEPS historical timeseries,yahoo_trailing_diluted
CAST.ST,2024-Q4,2024-12-31,2025-02-19,4.79,SEK,Yahoo Finance / trailingDilutedEPS historical timeseries,yahoo_trailing_diluted
CAST.ST,2025-Q1,2025-03-31,2025-05-05,5.16,SEK,Yahoo Finance / trailingDilutedEPS historical timeseries,yahoo_trailing_diluted
CAST.ST,2025-Q2,2025-06-30,2025-07-14,5.39,SEK,Yahoo Finance / trailingDilutedEPS historical timeseries,yahoo_trailing_diluted
CAST.ST,2025-Q3,2025-09-30,2025-10-23,6.18,SEK,Yahoo Finance / trailingDilutedEPS reconstructed from quarterlyDilutedEPS,yahoo_reconstructed_diluted_ttm
CAST.ST,2025-Q4,2025-12-31,2026-02-18,1.91,SEK,Yahoo Finance / trailingDilutedEPS historical timeseries,yahoo_trailing_diluted
CAST.ST,2026-Q1,2026-03-31,2026-04-24,4.57,SEK,Yahoo Finance / trailingDilutedEPS historical timeseries,yahoo_trailing_diluted
CAST.ST,2026-Q2,2026-06-30,2026-07-15,5.59,SEK,Yahoo Finance / trailingDilutedEPS historical timeseries,yahoo_trailing_diluted
CATE.ST,2018-Q3,,2018-10-26,20.62,SEK,User-supplied historical EPS TTM fallback,fallback_user_history
CATE.ST,2018-Q4,,2019-02-15,21.9238,SEK,User-supplied historical EPS TTM fallback,fallback_user_history
CATE.ST,2019-Q1,,2019-04-25,23.7238,SEK,User-supplied historical EPS TTM fallback,fallback_user_history
CATE.ST,2019-Q2,,2019-07-08,25.4657,SEK,User-supplied historical EPS TTM fallback,fallback_user_history
CATE.ST,2019-Q3,,2019-10-25,26.7886,SEK,User-supplied historical EPS TTM fallback,fallback_user_history
CATE.ST,2019-Q4,,2020-02-20,32.4622,SEK,User-supplied historical EPS TTM fallback,fallback_user_history
CATE.ST,2020-Q1,,2020-04-29,29.7564,SEK,User-supplied historical EPS TTM fallback,fallback_user_history
CATE.ST,2020-Q2,,2020-07-07,27.5812,SEK,User-supplied historical EPS TTM fallback,fallback_user_history
CATE.ST,2020-Q3,,2020-10-28,31.2228,SEK,User-supplied historical EPS TTM fallback,fallback_user_history
CATE.ST,2020-Q4,,2021-02-19,40.5066,SEK,User-supplied historical EPS TTM fallback,fallback_user_history
CATE.ST,2021-Q1,,2021-04-29,55.0515,SEK,User-supplied historical EPS TTM fallback,fallback_user_history
CATE.ST,2021-Q2,,2021-07-06,58.6879,SEK,User-supplied historical EPS TTM fallback,fallback_user_history
CATE.ST,2021-Q3,,2021-10-28,58.3429,SEK,User-supplied historical EPS TTM fallback,fallback_user_history
CATE.ST,2021-Q4,,2022-02-22,65.3349,SEK,User-supplied historical EPS TTM fallback,fallback_user_history
CATE.ST,2022-Q1,,2022-04-28,69.0388,SEK,User-supplied historical EPS TTM fallback,fallback_user_history
CATE.ST,2022-Q2,,2022-07-07,81.6293,SEK,User-supplied historical EPS TTM fallback,fallback_user_history
CATE.ST,2022-Q3,,2022-10-28,75.2262,SEK,User-supplied historical EPS TTM fallback,fallback_user_history
CATE.ST,2022-Q4,,2023-02-22,46.2974,SEK,User-supplied historical EPS TTM fallback,fallback_user_history
CATE.ST,2023-Q1,,2023-04-27,15.3365,SEK,User-supplied historical EPS TTM fallback,fallback_user_history
CATE.ST,2023-Q2,,2023-07-07,2.5395,SEK,User-supplied historical EPS TTM fallback,fallback_user_history
CATE.ST,2023-Q3,2023-09-30,2023-10-27,-0.46,SEK,Yahoo Finance / trailingDilutedEPS historical timeseries,yahoo_trailing_diluted
CATE.ST,2023-Q4,,2024-02-22,19.6419,SEK,User-supplied historical EPS TTM fallback,fallback_user_history
CATE.ST,2024-Q1,2024-03-31,2024-04-25,30.99,SEK,Yahoo Finance / trailingDilutedEPS historical timeseries,yahoo_trailing_diluted
CATE.ST,2024-Q2,2024-06-30,2024-07-05,27.33,SEK,Yahoo Finance / trailingDilutedEPS historical timeseries,yahoo_trailing_diluted
CATE.ST,2024-Q3,2024-09-30,2024-10-25,27.31,SEK,Yahoo Finance / trailingDilutedEPS historical timeseries,yahoo_trailing_diluted
CATE.ST,2024-Q4,2024-12-31,2025-02-20,19.36,SEK,Yahoo Finance / trailingDilutedEPS historical timeseries,yahoo_trailing_diluted
CATE.ST,2025-Q1,2025-03-31,2025-04-28,24.07,SEK,Yahoo Finance / trailingDilutedEPS historical timeseries,yahoo_trailing_diluted
CATE.ST,2025-Q2,2025-06-30,2025-07-04,23.58,SEK,Yahoo Finance / trailingDilutedEPS historical timeseries,yahoo_trailing_diluted
CATE.ST,2025-Q3,2025-09-30,2025-10-24,26.71,SEK,Yahoo Finance / trailingDilutedEPS reconstructed from quarterlyDilutedEPS,yahoo_reconstructed_diluted_ttm
CATE.ST,2025-Q4,2025-12-31,2026-02-20,27.24,SEK,Yahoo Finance / trailingDilutedEPS historical timeseries,yahoo_trailing_diluted
CATE.ST,2026-Q1,2026-03-31,2026-04-23,27.33,SEK,Yahoo Finance / trailingDilutedEPS historical timeseries,yahoo_trailing_diluted
CATE.ST,2026-Q2,2026-06-30,2026-07-06,34.05,SEK,Yahoo Finance / trailingDilutedEPS historical timeseries,yahoo_trailing_diluted
CIBUS.ST,2024-Q1,2024-03-31,2024-04-23,-0.52,EUR,Yahoo Finance / trailingDilutedEPS historical timeseries,yahoo_trailing_diluted
CIBUS.ST,2024-Q2,2024-06-30,2024-07-17,-0.55,EUR,Yahoo Finance / trailingDilutedEPS historical timeseries,yahoo_trailing_diluted
CIBUS.ST,2024-Q3,2024-09-30,2024-11-05,-0.8,EUR,Yahoo Finance / trailingDilutedEPS historical timeseries,yahoo_trailing_diluted
CIBUS.ST,2024-Q4,2024-12-31,2025-02-19,-0.12,EUR,Yahoo Finance / trailingDilutedEPS historical timeseries,yahoo_trailing_diluted
CIBUS.ST,2025-Q1,2025-03-31,2025-04-23,0.38,EUR,Yahoo Finance / trailingDilutedEPS historical timeseries,yahoo_trailing_diluted
CIBUS.ST,2025-Q2,2025-06-30,2025-07-17,0.51,EUR,Yahoo Finance / trailingDilutedEPS historical timeseries,yahoo_trailing_diluted
CIBUS.ST,2025-Q3,2025-09-30,2025-11-04,0.8399999999999999,EUR,Yahoo Finance / trailingDilutedEPS reconstructed from quarterlyDilutedEPS,yahoo_reconstructed_diluted_ttm
CIBUS.ST,2025-Q4,2025-12-31,2026-03-19,1.14,EUR,Yahoo Finance / trailingDilutedEPS historical timeseries,yahoo_trailing_diluted
CIBUS.ST,2026-Q1,2026-03-31,2026-04-29,1.02,EUR,Yahoo Finance / trailingDilutedEPS historical timeseries,yahoo_trailing_diluted
CIBUS.ST,2026-Q2,2026-06-30,2026-07-16,1.03,EUR,Yahoo Finance / trailingDilutedEPS historical timeseries,yahoo_trailing_diluted
CLA-B.ST,2018-Q3,,2018-10-26,1.2,SEK,User-supplied historical EPS TTM / all Yahoo overlaps <1%,strict_user_history_gap_fill
CLA-B.ST,2018-Q4,,2019-01-25,1.6844,SEK,User-supplied historical EPS TTM / all Yahoo overlaps <1%,strict_user_history_gap_fill
CLA-B.ST,2019-Q1,,2019-04-26,1.6996,SEK,User-supplied historical EPS TTM / all Yahoo overlaps <1%,strict_user_history_gap_fill
CLA-B.ST,2019-Q2,,2019-07-12,1.6977,SEK,User-supplied historical EPS TTM / all Yahoo overlaps <1%,strict_user_history_gap_fill
CLA-B.ST,2019-Q3,,2019-10-25,1.6912,SEK,User-supplied historical EPS TTM / all Yahoo overlaps <1%,strict_user_history_gap_fill
CLA-B.ST,2019-Q4,,2020-01-29,1.7366,SEK,User-supplied historical EPS TTM / all Yahoo overlaps <1%,strict_user_history_gap_fill
CLA-B.ST,2020-Q1,,2020-04-24,1.5449,SEK,User-supplied historical EPS TTM / all Yahoo overlaps <1%,strict_user_history_gap_fill
CLA-B.ST,2020-Q2,,2020-07-14,1.5833,SEK,User-supplied historical EPS TTM / all Yahoo overlaps <1%,strict_user_history_gap_fill
CLA-B.ST,2020-Q3,,2020-10-22,1.2902,SEK,User-supplied historical EPS TTM / all Yahoo overlaps <1%,strict_user_history_gap_fill
CLA-B.ST,2020-Q4,,2021-01-28,0.978,SEK,User-supplied historical EPS TTM / all Yahoo overlaps <1%,strict_user_history_gap_fill
CLA-B.ST,2021-Q1,,2021-04-23,1.194,SEK,User-supplied historical EPS TTM / all Yahoo overlaps <1%,strict_user_history_gap_fill
CLA-B.ST,2021-Q2,,2021-07-16,1.1518,SEK,User-supplied historical EPS TTM / all Yahoo overlaps <1%,strict_user_history_gap_fill
CLA-B.ST,2021-Q3,,2021-10-29,1.4903,SEK,User-supplied historical EPS TTM / all Yahoo overlaps <1%,strict_user_history_gap_fill
CLA-B.ST,2021-Q4,,2022-01-28,1.7136,SEK,User-supplied historical EPS TTM / all Yahoo overlaps <1%,strict_user_history_gap_fill
CLA-B.ST,2022-Q1,,2022-04-26,1.8004,SEK,User-supplied historical EPS TTM / all Yahoo overlaps <1%,strict_user_history_gap_fill
CLA-B.ST,2022-Q2,,2022-07-15,1.1386,SEK,User-supplied historical EPS TTM / all Yahoo overlaps <1%,strict_user_history_gap_fill
CLA-B.ST,2022-Q3,,2022-10-27,1.0925,SEK,User-supplied historical EPS TTM / all Yahoo overlaps <1%,strict_user_history_gap_fill
CLA-B.ST,2022-Q4,,2023-01-27,0.9589,SEK,User-supplied historical EPS TTM / all Yahoo overlaps <1%,strict_user_history_gap_fill
CLA-B.ST,2023-Q1,,2023-04-26,0.7302,SEK,User-supplied historical EPS TTM / all Yahoo overlaps <1%,strict_user_history_gap_fill
CLA-B.ST,2023-Q2,,2023-07-14,1.3132,SEK,User-supplied historical EPS TTM / all Yahoo overlaps <1%,strict_user_history_gap_fill
CLA-B.ST,2023-Q3,2023-09-30,2023-10-27,1.43,SEK,Yahoo Finance / trailingDilutedEPS historical timeseries,yahoo_trailing_diluted
CLA-B.ST,2023-Q4,2023-12-31,2024-01-26,1.53,SEK,Yahoo Finance / trailingDilutedEPS historical timeseries,yahoo_trailing_diluted
CLA-B.ST,2024-Q1,2024-03-31,2024-04-26,1.67,SEK,Yahoo Finance / trailingDilutedEPS historical timeseries,yahoo_trailing_diluted
CLA-B.ST,2024-Q2,2024-06-30,2024-07-12,1.71,SEK,Yahoo Finance / trailingDilutedEPS historical timeseries,yahoo_trailing_diluted
CLA-B.ST,2024-Q3,2024-09-30,2024-10-25,1.6,SEK,Yahoo Finance / trailingDilutedEPS historical timeseries,yahoo_trailing_diluted
CLA-B.ST,2024-Q4,2024-12-31,2025-01-29,1.67,SEK,Yahoo Finance / trailingDilutedEPS historical timeseries,yahoo_trailing_diluted
CLA-B.ST,2025-Q1,2025-03-31,2025-05-07,2.19,SEK,Yahoo Finance / trailingDilutedEPS historical timeseries,yahoo_trailing_diluted
CLA-B.ST,2025-Q2,2025-06-30,2025-07-17,2.31,SEK,Yahoo Finance / trailingDilutedEPS historical timeseries,yahoo_trailing_diluted
CLA-B.ST,2025-Q3,2025-09-30,2025-11-05,2.51,SEK,Yahoo Finance / trailingDilutedEPS reconstructed from quarterlyDilutedEPS,yahoo_reconstructed_diluted_ttm
CLA-B.ST,2025-Q4,2025-12-31,2026-02-04,2.78,SEK,Yahoo Finance / trailingDilutedEPS historical timeseries,yahoo_trailing_diluted
CLA-B.ST,2026-Q1,2026-03-31,2026-05-06,2.63,SEK,Yahoo Finance / trailingDilutedEPS historical timeseries,yahoo_trailing_diluted
CLA-B.ST,2026-Q2,2026-06-30,2026-07-15,2.98,SEK,Yahoo Finance / trailingDilutedEPS historical timeseries,yahoo_trailing_diluted
CLAS-B.ST,2018-Q3,,2018-09-05,4.89,SEK,User-supplied historical EPS TTM / all Yahoo overlaps <1%,strict_user_history_gap_fill
CLAS-B.ST,2018-Q4,,2018-12-05,3.7754,SEK,User-supplied historical EPS TTM / all Yahoo overlaps <1%,strict_user_history_gap_fill
CLAS-B.ST,2019-Q1,,2019-03-13,0.7438,SEK,User-supplied historical EPS TTM / all Yahoo overlaps <1%,strict_user_history_gap_fill
CLAS-B.ST,2019-Q2,,2019-06-05,1.1452,SEK,User-supplied historical EPS TTM / all Yahoo overlaps <1%,strict_user_history_gap_fill
CLAS-B.ST,2019-Q3,,2019-09-04,1.45,SEK,User-supplied historical EPS TTM / all Yahoo overlaps <1%,strict_user_history_gap_fill
CLAS-B.ST,2019-Q4,,2019-12-04,2.4856,SEK,User-supplied historical EPS TTM / all Yahoo overlaps <1%,strict_user_history_gap_fill
CLAS-B.ST,2020-Q1,,2020-03-11,5.7155,SEK,User-supplied historical EPS TTM / all Yahoo overlaps <1%,strict_user_history_gap_fill
CLAS-B.ST,2020-Q2,,2020-06-03,5.9447,SEK,User-supplied historical EPS TTM / all Yahoo overlaps <1%,strict_user_history_gap_fill
CLAS-B.ST,2020-Q3,,2020-09-09,7.0112,SEK,User-supplied historical EPS TTM / all Yahoo overlaps <1%,strict_user_history_gap_fill
CLAS-B.ST,2020-Q4,,2020-12-02,7.2266,SEK,User-supplied historical EPS TTM / all Yahoo overlaps <1%,strict_user_history_gap_fill
CLAS-B.ST,2021-Q1,,2021-03-10,6.9386,SEK,User-supplied historical EPS TTM / all Yahoo overlaps <1%,strict_user_history_gap_fill
CLAS-B.ST,2021-Q2,,2021-06-02,6.6514,SEK,User-supplied historical EPS TTM / all Yahoo overlaps <1%,strict_user_history_gap_fill
CLAS-B.ST,2021-Q3,,2021-09-08,6.4405,SEK,User-supplied historical EPS TTM / all Yahoo overlaps <1%,strict_user_history_gap_fill
CLAS-B.ST,2021-Q4,,2021-12-08,7.1296,SEK,User-supplied historical EPS TTM / all Yahoo overlaps <1%,strict_user_history_gap_fill
CLAS-B.ST,2022-Q1,,2022-03-09,7.4743,SEK,User-supplied historical EPS TTM / all Yahoo overlaps <1%,strict_user_history_gap_fill
CLAS-B.ST,2022-Q2,,2022-06-08,8.2448,SEK,User-supplied historical EPS TTM / all Yahoo overlaps <1%,strict_user_history_gap_fill
CLAS-B.ST,2022-Q3,,2022-09-07,6.2339,SEK,User-supplied historical EPS TTM / all Yahoo overlaps <1%,strict_user_history_gap_fill
CLAS-B.ST,2022-Q4,,2022-12-07,4.9954,SEK,User-supplied historical EPS TTM / all Yahoo overlaps <1%,strict_user_history_gap_fill
CLAS-B.ST,2023-Q1,,2023-03-08,2.9689,SEK,User-supplied historical EPS TTM / all Yahoo overlaps <1%,strict_user_history_gap_fill
CLAS-B.ST,2023-Q2,,2023-06-07,2.8505,SEK,User-supplied historical EPS TTM / all Yahoo overlaps <1%,strict_user_history_gap_fill
CLAS-B.ST,2023-Q3,,2023-09-06,2.8142,SEK,User-supplied historical EPS TTM / all Yahoo overlaps <1%,strict_user_history_gap_fill
CLAS-B.ST,2023-Q4,2023-10-31,2023-12-06,4.45,SEK,Yahoo Finance / trailingDilutedEPS historical timeseries,yahoo_trailing_diluted
CLAS-B.ST,2024-Q1,2024-01-31,2024-03-06,7.01,SEK,Yahoo Finance / trailingDilutedEPS historical timeseries,yahoo_trailing_diluted
CLAS-B.ST,2024-Q2,2024-04-30,2024-06-05,8.01,SEK,Yahoo Finance / trailingDilutedEPS historical timeseries,yahoo_trailing_diluted
CLAS-B.ST,2024-Q3,2024-07-31,2024-09-04,10.73,SEK,Yahoo Finance / trailingDilutedEPS historical timeseries,yahoo_trailing_diluted
CLAS-B.ST,2024-Q4,2024-10-31,2024-12-04,11.61,SEK,Yahoo Finance / trailingDilutedEPS historical timeseries,yahoo_trailing_diluted
CLAS-B.ST,2025-Q1,2025-01-31,2025-03-12,13.22,SEK,Yahoo Finance / trailingDilutedEPS historical timeseries,yahoo_trailing_diluted
CLAS-B.ST,2025-Q2,2025-04-30,2025-06-12,13.82,SEK,Yahoo Finance / trailingDilutedEPS historical timeseries,yahoo_trailing_diluted
CLAS-B.ST,2025-Q3,2025-07-31,2025-09-10,14.77,SEK,Yahoo Finance / trailingDilutedEPS historical timeseries,yahoo_trailing_diluted
CLAS-B.ST,2025-Q4,2025-10-31,2025-12-10,15.98,SEK,Yahoo Finance / trailingDilutedEPS historical timeseries,yahoo_trailing_diluted
CLAS-B.ST,2026-Q1,2026-01-31,2026-03-11,17.36,SEK,Yahoo Finance / trailingDilutedEPS historical timeseries,yahoo_trailing_diluted
CLAS-B.ST,2026-Q2,2026-04-30,2026-06-03,18.29,SEK,Yahoo Finance / trailingDilutedEPS historical timeseries,yahoo_trailing_diluted
COOR.ST,2018-Q3,,2018-10-24,1.1,SEK,User-supplied historical EPS TTM fallback,fallback_user_history
COOR.ST,2018-Q4,,2019-02-21,1.0384,SEK,User-supplied historical EPS TTM fallback,fallback_user_history
COOR.ST,2019-Q1,,2019-05-02,1.2872,SEK,User-supplied historical EPS TTM fallback,fallback_user_history
COOR.ST,2019-Q2,,2019-07-18,1.5465,SEK,User-supplied historical EPS TTM fallback,fallback_user_history
COOR.ST,2019-Q3,,2019-11-07,1.765,SEK,User-supplied historical EPS TTM fallback,fallback_user_history
COOR.ST,2019-Q4,,2020-02-12,1.7666,SEK,User-supplied historical EPS TTM fallback,fallback_user_history
COOR.ST,2020-Q1,,2020-04-28,1.6425,SEK,User-supplied historical EPS TTM fallback,fallback_user_history
COOR.ST,2020-Q2,,2020-07-17,1.7278,SEK,User-supplied historical EPS TTM fallback,fallback_user_history
COOR.ST,2020-Q3,,2020-11-04,1.9168,SEK,User-supplied historical EPS TTM fallback,fallback_user_history
COOR.ST,2020-Q4,,2021-02-11,1.9901,SEK,User-supplied historical EPS TTM fallback,fallback_user_history
COOR.ST,2021-Q1,,2021-04-26,2.2205,SEK,User-supplied historical EPS TTM fallback,fallback_user_history
COOR.ST,2021-Q2,,2021-07-15,2.5259,SEK,User-supplied historical EPS TTM fallback,fallback_user_history
COOR.ST,2021-Q3,,2021-11-09,2.6442,SEK,User-supplied historical EPS TTM fallback,fallback_user_history
COOR.ST,2021-Q4,,2022-02-10,2.7831,SEK,User-supplied historical EPS TTM fallback,fallback_user_history
COOR.ST,2022-Q1,,2022-04-29,3.1115,SEK,User-supplied historical EPS TTM fallback,fallback_user_history
COOR.ST,2022-Q2,,2022-07-15,3.0914,SEK,User-supplied historical EPS TTM fallback,fallback_user_history
COOR.ST,2022-Q3,,2022-10-27,2.7749,SEK,User-supplied historical EPS TTM fallback,fallback_user_history
COOR.ST,2022-Q4,,2023-02-09,2.6906,SEK,User-supplied historical EPS TTM fallback,fallback_user_history
COOR.ST,2023-Q1,,2023-04-26,2.3861,SEK,User-supplied historical EPS TTM fallback,fallback_user_history
COOR.ST,2023-Q2,,2023-07-14,1.9984,SEK,User-supplied historical EPS TTM fallback,fallback_user_history
COOR.ST,2023-Q3,2023-09-30,2023-10-25,1.89,SEK,Yahoo Finance / trailingDilutedEPS historical timeseries,yahoo_trailing_diluted
COOR.ST,2023-Q4,2023-12-31,2024-02-08,1.64,SEK,Yahoo Finance / trailingDilutedEPS historical timeseries,yahoo_trailing_diluted
COOR.ST,2024-Q1,2024-03-31,2024-04-24,1.74,SEK,Yahoo Finance / trailingDilutedEPS historical timeseries,yahoo_trailing_diluted
COOR.ST,2024-Q2,2024-06-30,2024-07-12,1.94,SEK,Yahoo Finance / trailingDilutedEPS historical timeseries,yahoo_trailing_diluted
COOR.ST,2024-Q3,2024-09-30,2024-10-24,1.78,SEK,Yahoo Finance / trailingDilutedEPS historical timeseries,yahoo_trailing_diluted
COOR.ST,2024-Q4,2024-12-31,2025-02-06,1.3,SEK,Yahoo Finance / trailingDilutedEPS historical timeseries,yahoo_trailing_diluted
COOR.ST,2025-Q1,2025-03-31,2025-04-23,1.13,SEK,Yahoo Finance / trailingDilutedEPS historical timeseries,yahoo_trailing_diluted
COOR.ST,2025-Q2,2025-06-30,2025-07-14,1.26,SEK,Yahoo Finance / trailingDilutedEPS historical timeseries,yahoo_trailing_diluted
COOR.ST,2025-Q3,2025-09-30,2025-10-23,1.5999999999999996,SEK,Yahoo Finance / trailingDilutedEPS reconstructed from quarterlyDilutedEPS,yahoo_reconstructed_diluted_ttm
COOR.ST,2025-Q4,2025-12-31,2026-02-11,2.3,SEK,Yahoo Finance / trailingDilutedEPS historical timeseries,yahoo_trailing_diluted
COOR.ST,2026-Q1,2026-03-31,2026-04-22,2.5,SEK,Yahoo Finance / trailingDilutedEPS historical timeseries,yahoo_trailing_diluted
COOR.ST,2026-Q2,2026-06-30,2026-07-15,2.8,SEK,Yahoo Finance / trailingDilutedEPS historical timeseries,yahoo_trailing_diluted
CTT.ST,2018-Q3,,2018-10-31,4.8401,SEK,User-supplied historical EPS TTM fallback,fallback_user_history
CTT.ST,2018-Q4,,2019-02-06,5.5666,SEK,User-supplied historical EPS TTM fallback,fallback_user_history
CTT.ST,2019-Q1,,2019-04-30,6.1972,SEK,User-supplied historical EPS TTM fallback,fallback_user_history
CTT.ST,2019-Q2,,2019-07-19,6.7683,SEK,User-supplied historical EPS TTM fallback,fallback_user_history
CTT.ST,2019-Q3,,2019-10-25,7.3589,SEK,User-supplied historical EPS TTM fallback,fallback_user_history
CTT.ST,2019-Q4,,2020-02-07,7.3909,SEK,User-supplied historical EPS TTM fallback,fallback_user_history
CTT.ST,2020-Q1,,2020-04-29,7.4068,SEK,User-supplied historical EPS TTM fallback,fallback_user_history
CTT.ST,2020-Q2,,2020-07-21,5.7946,SEK,User-supplied historical EPS TTM fallback,fallback_user_history
CTT.ST,2020-Q3,,2020-10-23,3.879,SEK,User-supplied historical EPS TTM fallback,fallback_user_history
CTT.ST,2020-Q4,,2021-02-09,2.4822,SEK,User-supplied historical EPS TTM fallback,fallback_user_history
CTT.ST,2021-Q1,,2021-04-30,0.7742,SEK,User-supplied historical EPS TTM fallback,fallback_user_history
CTT.ST,2021-Q2,,2021-07-22,0.7822,SEK,User-supplied historical EPS TTM fallback,fallback_user_history
CTT.ST,2021-Q3,,2021-10-28,0.9418,SEK,User-supplied historical EPS TTM fallback,fallback_user_history
CTT.ST,2021-Q4,,2022-02-08,1.1334,SEK,User-supplied historical EPS TTM fallback,fallback_user_history
CTT.ST,2022-Q1,,2022-04-29,2.155,SEK,User-supplied historical EPS TTM fallback,fallback_user_history
CTT.ST,2022-Q2,,2022-07-22,2.8733,SEK,User-supplied historical EPS TTM fallback,fallback_user_history
CTT.ST,2022-Q3,,2022-10-28,4.2222,SEK,User-supplied historical EPS TTM fallback,fallback_user_history
CTT.ST,2022-Q4,,2023-02-07,5.2997,SEK,User-supplied historical EPS TTM fallback,fallback_user_history
CTT.ST,2023-Q1,,2023-04-28,5.9701,SEK,User-supplied historical EPS TTM fallback,fallback_user_history
CTT.ST,2023-Q2,,2023-07-21,6.7444,SEK,User-supplied historical EPS TTM fallback,fallback_user_history
CTT.ST,2023-Q3,2023-09-30,2023-10-27,6.85,SEK,Yahoo Finance / trailingDilutedEPS historical timeseries,yahoo_trailing_diluted
CTT.ST,2023-Q4,,2024-02-06,7.6303,SEK,User-supplied historical EPS TTM fallback,fallback_user_history
CTT.ST,2024-Q1,2024-03-31,2024-04-26,8.15,SEK,Yahoo Finance / trailingDilutedEPS historical timeseries,yahoo_trailing_diluted
CTT.ST,2024-Q2,2024-06-30,2024-07-19,8.13,SEK,Yahoo Finance / trailingDilutedEPS historical timeseries,yahoo_trailing_diluted
CTT.ST,2024-Q3,2024-09-30,2024-10-25,7.08,SEK,Yahoo Finance / trailingDilutedEPS historical timeseries,yahoo_trailing_diluted
CTT.ST,2024-Q4,2024-12-31,2025-02-07,6.82,SEK,Yahoo Finance / trailingDilutedEPS historical timeseries,yahoo_trailing_diluted
CTT.ST,2025-Q1,2025-03-31,2025-04-25,5.16,SEK,Yahoo Finance / trailingDilutedEPS historical timeseries,yahoo_trailing_diluted
CTT.ST,2025-Q2,2025-06-30,2025-07-18,4.38,SEK,Yahoo Finance / trailingDilutedEPS historical timeseries,yahoo_trailing_diluted
CTT.ST,2025-Q3,2025-09-30,2025-10-24,4.56,SEK,Yahoo Finance / trailingDilutedEPS reconstructed from quarterlyDilutedEPS,yahoo_reconstructed_diluted_ttm
CTT.ST,2025-Q4,2025-12-31,2026-02-06,3.08,SEK,Yahoo Finance / trailingDilutedEPS historical timeseries,yahoo_trailing_diluted
CTT.ST,2026-Q1,2026-03-31,2026-04-28,3.31,SEK,Yahoo Finance / trailingDilutedEPS historical timeseries,yahoo_trailing_diluted
CTT.ST,2026-Q2,2026-06-30,2026-07-21,2.92,SEK,Yahoo Finance / trailingDilutedEPS historical timeseries,yahoo_trailing_diluted
DIOS.ST,2018-Q3,,2018-10-25,8.5,SEK,User-supplied historical EPS TTM / all Yahoo overlaps <1%,strict_user_history_gap_fill
DIOS.ST,2018-Q4,,2019-02-14,9.9429,SEK,User-supplied historical EPS TTM / all Yahoo overlaps <1%,strict_user_history_gap_fill
DIOS.ST,2019-Q1,,2019-04-23,9.9453,SEK,User-supplied historical EPS TTM / all Yahoo overlaps <1%,strict_user_history_gap_fill
DIOS.ST,2019-Q2,,2019-07-05,9.2382,SEK,User-supplied historical EPS TTM / all Yahoo overlaps <1%,strict_user_history_gap_fill
DIOS.ST,2019-Q3,,2019-10-25,9.1813,SEK,User-supplied historical EPS TTM / all Yahoo overlaps <1%,strict_user_history_gap_fill
DIOS.ST,2019-Q4,,2020-02-11,7.7391,SEK,User-supplied historical EPS TTM / all Yahoo overlaps <1%,strict_user_history_gap_fill
DIOS.ST,2020-Q1,,2020-04-23,7.4498,SEK,User-supplied historical EPS TTM / all Yahoo overlaps <1%,strict_user_history_gap_fill
DIOS.ST,2020-Q2,,2020-07-03,5.9346,SEK,User-supplied historical EPS TTM / all Yahoo overlaps <1%,strict_user_history_gap_fill
DIOS.ST,2020-Q3,,2020-10-23,5.457,SEK,User-supplied historical EPS TTM / all Yahoo overlaps <1%,strict_user_history_gap_fill
DIOS.ST,2020-Q4,,2021-02-12,6.8133,SEK,User-supplied historical EPS TTM / all Yahoo overlaps <1%,strict_user_history_gap_fill
DIOS.ST,2021-Q1,,2021-04-23,9.2563,SEK,User-supplied historical EPS TTM / all Yahoo overlaps <1%,strict_user_history_gap_fill
DIOS.ST,2021-Q2,,2021-07-05,12.0533,SEK,User-supplied historical EPS TTM / all Yahoo overlaps <1%,strict_user_history_gap_fill
DIOS.ST,2021-Q3,,2021-10-22,13.3213,SEK,User-supplied historical EPS TTM / all Yahoo overlaps <1%,strict_user_history_gap_fill
DIOS.ST,2021-Q4,,2022-02-11,17.083,SEK,User-supplied historical EPS TTM / all Yahoo overlaps <1%,strict_user_history_gap_fill
DIOS.ST,2022-Q1,,2022-04-28,18.2333,SEK,User-supplied historical EPS TTM / all Yahoo overlaps <1%,strict_user_history_gap_fill
DIOS.ST,2022-Q2,,2022-07-07,17.5357,SEK,User-supplied historical EPS TTM / all Yahoo overlaps <1%,strict_user_history_gap_fill
DIOS.ST,2022-Q3,,2022-10-21,13.7037,SEK,User-supplied historical EPS TTM / all Yahoo overlaps <1%,strict_user_history_gap_fill
DIOS.ST,2022-Q4,,2023-02-14,5.8761,SEK,User-supplied historical EPS TTM / all Yahoo overlaps <1%,strict_user_history_gap_fill
DIOS.ST,2023-Q1,,2023-04-28,-1.4848,SEK,User-supplied historical EPS TTM / all Yahoo overlaps <1%,strict_user_history_gap_fill
DIOS.ST,2023-Q2,,2023-07-07,-3.4151,SEK,User-supplied historical EPS TTM / all Yahoo overlaps <1%,strict_user_history_gap_fill
DIOS.ST,2023-Q3,2023-09-30,2023-10-27,-1.95,SEK,Yahoo Finance / trailingDilutedEPS historical timeseries,yahoo_trailing_diluted
DIOS.ST,2023-Q4,2023-12-31,2024-02-16,-6.01,SEK,Yahoo Finance / trailingDilutedEPS historical timeseries,yahoo_trailing_diluted
DIOS.ST,2024-Q1,2024-03-31,2024-04-26,-1.82,SEK,Yahoo Finance / trailingDilutedEPS historical timeseries,yahoo_trailing_diluted
DIOS.ST,2024-Q2,2024-06-30,2024-07-05,-1.57,SEK,Yahoo Finance / trailingDilutedEPS historical timeseries,yahoo_trailing_diluted
DIOS.ST,2024-Q3,2024-09-30,2024-10-25,-2.28,SEK,Yahoo Finance / trailingDilutedEPS historical timeseries,yahoo_trailing_diluted
DIOS.ST,2024-Q4,,2025-02-14,4.8928,SEK,User-supplied historical EPS TTM / all Yahoo overlaps <1%,strict_user_history_gap_fill
DIOS.ST,2025-Q1,2025-03-31,2025-04-29,4.19,SEK,Yahoo Finance / trailingDilutedEPS historical timeseries,yahoo_trailing_diluted
DIOS.ST,2025-Q2,2025-06-30,2025-07-04,3.42,SEK,Yahoo Finance / trailingDilutedEPS historical timeseries,yahoo_trailing_diluted
DIOS.ST,2025-Q3,2025-09-30,2025-10-24,5.63,SEK,Yahoo Finance / trailingDilutedEPS reconstructed from quarterlyDilutedEPS,yahoo_reconstructed_diluted_ttm
DIOS.ST,2025-Q4,2025-12-31,2026-02-13,5.7,SEK,Yahoo Finance / trailingDilutedEPS historical timeseries,yahoo_trailing_diluted
DIOS.ST,2026-Q1,2026-03-31,2026-04-29,6.33,SEK,Yahoo Finance / trailingDilutedEPS historical timeseries,yahoo_trailing_diluted
DIOS.ST,2026-Q2,2026-06-30,2026-07-06,7.97,SEK,Yahoo Finance / trailingDilutedEPS historical timeseries,yahoo_trailing_diluted
DOM.ST,2018-Q3,,2018-10-25,5.81,SEK,User-supplied historical EPS TTM / all Yahoo overlaps <1%,strict_user_history_gap_fill
DOM.ST,2018-Q4,,2019-02-08,5.3298,SEK,User-supplied historical EPS TTM / all Yahoo overlaps <1%,strict_user_history_gap_fill
DOM.ST,2019-Q1,,2019-04-26,5.2227,SEK,User-supplied historical EPS TTM / all Yahoo overlaps <1%,strict_user_history_gap_fill
DOM.ST,2019-Q2,,2019-07-17,4.9926,SEK,User-supplied historical EPS TTM / all Yahoo overlaps <1%,strict_user_history_gap_fill
DOM.ST,2019-Q3,,2019-10-24,4.7803,SEK,User-supplied historical EPS TTM / all Yahoo overlaps <1%,strict_user_history_gap_fill
DOM.ST,2019-Q4,,2020-01-31,4.4794,SEK,User-supplied historical EPS TTM / all Yahoo overlaps <1%,strict_user_history_gap_fill
DOM.ST,2020-Q1,,2020-04-24,4.0061,SEK,User-supplied historical EPS TTM / all Yahoo overlaps <1%,strict_user_history_gap_fill
DOM.ST,2020-Q2,,2020-07-16,2.5287,SEK,User-supplied historical EPS TTM / all Yahoo overlaps <1%,strict_user_history_gap_fill
DOM.ST,2020-Q3,,2020-10-23,2.2211,SEK,User-supplied historical EPS TTM / all Yahoo overlaps <1%,strict_user_history_gap_fill
DOM.ST,2020-Q4,,2021-02-03,1.5213,SEK,User-supplied historical EPS TTM / all Yahoo overlaps <1%,strict_user_history_gap_fill
DOM.ST,2021-Q1,,2021-04-23,2.4882,SEK,User-supplied historical EPS TTM / all Yahoo overlaps <1%,strict_user_history_gap_fill
DOM.ST,2021-Q2,,2021-07-16,3.9113,SEK,User-supplied historical EPS TTM / all Yahoo overlaps <1%,strict_user_history_gap_fill
DOM.ST,2021-Q3,,2021-10-22,4.4637,SEK,User-supplied historical EPS TTM / all Yahoo overlaps <1%,strict_user_history_gap_fill
DOM.ST,2021-Q4,,2022-01-27,5.6212,SEK,User-supplied historical EPS TTM / all Yahoo overlaps <1%,strict_user_history_gap_fill
DOM.ST,2022-Q1,,2022-04-28,5.5109,SEK,User-supplied historical EPS TTM / all Yahoo overlaps <1%,strict_user_history_gap_fill
DOM.ST,2022-Q2,,2022-07-15,6.2535,SEK,User-supplied historical EPS TTM / all Yahoo overlaps <1%,strict_user_history_gap_fill
DOM.ST,2022-Q3,,2022-10-26,6.1158,SEK,User-supplied historical EPS TTM / all Yahoo overlaps <1%,strict_user_history_gap_fill
DOM.ST,2022-Q4,,2023-01-27,5.5837,SEK,User-supplied historical EPS TTM / all Yahoo overlaps <1%,strict_user_history_gap_fill
DOM.ST,2023-Q1,,2023-04-26,5.0829,SEK,User-supplied historical EPS TTM / all Yahoo overlaps <1%,strict_user_history_gap_fill
DOM.ST,2023-Q2,,2023-07-18,4.1659,SEK,User-supplied historical EPS TTM / all Yahoo overlaps <1%,strict_user_history_gap_fill
DOM.ST,2023-Q3,2023-09-30,2023-10-26,4.09,SEK,Yahoo Finance / trailingDilutedEPS historical timeseries,yahoo_trailing_diluted
DOM.ST,2023-Q4,2023-12-31,2024-01-31,4.17,SEK,Yahoo Finance / trailingDilutedEPS historical timeseries,yahoo_trailing_diluted
DOM.ST,2024-Q1,2024-03-31,2024-04-19,3.98,SEK,Yahoo Finance / trailingDilutedEPS historical timeseries,yahoo_trailing_diluted
DOM.ST,2024-Q2,2024-06-30,2024-07-18,3.69,SEK,Yahoo Finance / trailingDilutedEPS historical timeseries,yahoo_trailing_diluted
DOM.ST,2024-Q3,2024-09-30,2024-10-23,-3.61,SEK,Yahoo Finance / trailingDilutedEPS historical timeseries,yahoo_trailing_diluted
DOM.ST,2024-Q4,2024-12-31,2025-01-29,-7.21,SEK,Yahoo Finance / trailingDilutedEPS historical timeseries,yahoo_trailing_diluted
DOM.ST,2025-Q1,2025-03-31,2025-04-24,-7.49,SEK,Yahoo Finance / trailingDilutedEPS historical timeseries,yahoo_trailing_diluted
DOM.ST,2025-Q2,2025-06-30,2025-07-15,-7.79,SEK,Yahoo Finance / trailingDilutedEPS historical timeseries,yahoo_trailing_diluted
DOM.ST,2025-Q3,2025-09-30,2025-10-23,-1.4299999999999995,SEK,Yahoo Finance / trailingDilutedEPS reconstructed from quarterlyDilutedEPS,yahoo_reconstructed_diluted_ttm
DOM.ST,2025-Q4,2025-12-31,2026-01-28,1.34,SEK,Yahoo Finance / trailingDilutedEPS historical timeseries,yahoo_trailing_diluted
DOM.ST,2026-Q1,2026-03-31,2026-04-23,1.3,SEK,Yahoo Finance / trailingDilutedEPS historical timeseries,yahoo_trailing_diluted
DOM.ST,2026-Q2,2026-06-30,2026-07-14,0.96,SEK,Yahoo Finance / trailingDilutedEPS historical timeseries,yahoo_trailing_diluted
DUNI.ST,2018-Q3,,2018-10-18,6.5288,SEK,User-supplied historical EPS TTM / all Yahoo overlaps <1%,strict_user_history_gap_fill
DUNI.ST,2018-Q4,,2019-02-14,5.1916,SEK,User-supplied historical EPS TTM / all Yahoo overlaps <1%,strict_user_history_gap_fill
DUNI.ST,2019-Q1,,2019-04-24,5.0639,SEK,User-supplied historical EPS TTM / all Yahoo overlaps <1%,strict_user_history_gap_fill
DUNI.ST,2019-Q2,,2019-07-12,5.0852,SEK,User-supplied historical EPS TTM / all Yahoo overlaps <1%,strict_user_history_gap_fill
DUNI.ST,2019-Q3,,2019-10-18,5.4044,SEK,User-supplied historical EPS TTM / all Yahoo overlaps <1%,strict_user_history_gap_fill
DUNI.ST,2019-Q4,,2020-02-07,5.7235,SEK,User-supplied historical EPS TTM / all Yahoo overlaps <1%,strict_user_history_gap_fill
DUNI.ST,2020-Q1,,2020-04-24,5.0639,SEK,User-supplied historical EPS TTM / all Yahoo overlaps <1%,strict_user_history_gap_fill
DUNI.ST,2020-Q2,,2020-07-15,1.8086,SEK,User-supplied historical EPS TTM / all Yahoo overlaps <1%,strict_user_history_gap_fill
DUNI.ST,2020-Q3,,2020-10-22,1.1277,SEK,User-supplied historical EPS TTM / all Yahoo overlaps <1%,strict_user_history_gap_fill
DUNI.ST,2020-Q4,,2021-02-12,0.3404,SEK,User-supplied historical EPS TTM / all Yahoo overlaps <1%,strict_user_history_gap_fill
DUNI.ST,2021-Q1,,2021-04-22,-1.1915,SEK,User-supplied historical EPS TTM / all Yahoo overlaps <1%,strict_user_history_gap_fill
DUNI.ST,2021-Q2,,2021-07-15,1.0426,SEK,User-supplied historical EPS TTM / all Yahoo overlaps <1%,strict_user_history_gap_fill
DUNI.ST,2021-Q3,,2021-10-21,2.1915,SEK,User-supplied historical EPS TTM / all Yahoo overlaps <1%,strict_user_history_gap_fill
DUNI.ST,2021-Q4,,2022-02-17,1.6383,SEK,User-supplied historical EPS TTM / all Yahoo overlaps <1%,strict_user_history_gap_fill
DUNI.ST,2022-Q1,,2022-04-22,2.8511,SEK,User-supplied historical EPS TTM / all Yahoo overlaps <1%,strict_user_history_gap_fill
DUNI.ST,2022-Q2,,2022-07-15,3.4894,SEK,User-supplied historical EPS TTM / all Yahoo overlaps <1%,strict_user_history_gap_fill
DUNI.ST,2022-Q3,2022-09-30,2022-10-27,3.16,SEK,Yahoo Finance / trailingDilutedEPS historical timeseries,yahoo_trailing_diluted
DUNI.ST,2022-Q4,,2023-02-14,4.2341,SEK,User-supplied historical EPS TTM / all Yahoo overlaps <1%,strict_user_history_gap_fill
DUNI.ST,2023-Q1,,2023-04-21,5.7874,SEK,User-supplied historical EPS TTM / all Yahoo overlaps <1%,strict_user_history_gap_fill
DUNI.ST,2023-Q2,,2023-07-14,6.9789,SEK,User-supplied historical EPS TTM / all Yahoo overlaps <1%,strict_user_history_gap_fill
DUNI.ST,2023-Q3,2023-09-30,2023-10-24,7.93,SEK,Yahoo Finance / trailingDilutedEPS historical timeseries,yahoo_trailing_diluted
DUNI.ST,2023-Q4,2023-12-31,2024-02-09,8.3,SEK,Yahoo Finance / trailingDilutedEPS historical timeseries,yahoo_trailing_diluted
DUNI.ST,2024-Q1,2024-03-31,2024-04-24,8.31,SEK,Yahoo Finance / trailingDilutedEPS historical timeseries,yahoo_trailing_diluted
DUNI.ST,2024-Q2,2024-06-30,2024-07-12,7.82,SEK,Yahoo Finance / trailingDilutedEPS historical timeseries,yahoo_trailing_diluted
DUNI.ST,2024-Q3,2024-09-30,2024-10-24,4.99,SEK,Yahoo Finance / trailingDilutedEPS historical timeseries,yahoo_trailing_diluted
DUNI.ST,2024-Q4,2024-12-31,2025-02-11,5.48,SEK,Yahoo Finance / trailingDilutedEPS historical timeseries,yahoo_trailing_diluted
DUNI.ST,2025-Q1,2025-03-31,2025-04-25,5.17,SEK,Yahoo Finance / trailingDilutedEPS historical timeseries,yahoo_trailing_diluted
DUNI.ST,2025-Q2,2025-06-30,2025-07-11,4.7,SEK,Yahoo Finance / trailingDilutedEPS historical timeseries,yahoo_trailing_diluted
DUNI.ST,2025-Q3,2025-09-30,2025-10-24,6.959999999999999,SEK,Yahoo Finance / trailingDilutedEPS reconstructed from quarterlyDilutedEPS,yahoo_reconstructed_diluted_ttm
DUNI.ST,2025-Q4,2025-12-31,2026-02-06,6.64,SEK,Yahoo Finance / trailingDilutedEPS historical timeseries,yahoo_trailing_diluted
DUNI.ST,2026-Q1,2026-03-31,2026-04-24,6.02,SEK,Yahoo Finance / trailingDilutedEPS historical timeseries,yahoo_trailing_diluted
DUNI.ST,2026-Q2,2026-06-30,2026-07-14,4.33,SEK,Yahoo Finance / trailingDilutedEPS historical timeseries,yahoo_trailing_diluted
DYVOX.ST,2021-Q4,,2022-02-08,0.2946,SEK,User-supplied historical EPS TTM / all Yahoo overlaps <1%,strict_user_history_gap_fill
DYVOX.ST,2022-Q1,,2022-04-27,0.2304,SEK,User-supplied historical EPS TTM / all Yahoo overlaps <1%,strict_user_history_gap_fill
DYVOX.ST,2022-Q2,,2022-07-21,0.4181,SEK,User-supplied historical EPS TTM / all Yahoo overlaps <1%,strict_user_history_gap_fill
DYVOX.ST,2022-Q3,,2022-10-28,0.3549,SEK,User-supplied historical EPS TTM / all Yahoo overlaps <1%,strict_user_history_gap_fill
DYVOX.ST,2022-Q4,,2023-02-08,0.4635,SEK,User-supplied historical EPS TTM / all Yahoo overlaps <1%,strict_user_history_gap_fill
DYVOX.ST,2023-Q1,,2023-04-26,0.4357,SEK,User-supplied historical EPS TTM / all Yahoo overlaps <1%,strict_user_history_gap_fill
DYVOX.ST,2023-Q2,,2023-07-20,0.5396,SEK,User-supplied historical EPS TTM / all Yahoo overlaps <1%,strict_user_history_gap_fill
DYVOX.ST,2023-Q3,2023-09-30,2023-10-27,0.71,SEK,Yahoo Finance / trailingDilutedEPS historical timeseries,yahoo_trailing_diluted
DYVOX.ST,2023-Q4,,2024-02-08,0.9772,SEK,User-supplied historical EPS TTM / all Yahoo overlaps <1%,strict_user_history_gap_fill
DYVOX.ST,2024-Q1,2024-03-31,2024-04-23,1.01,SEK,Yahoo Finance / trailingDilutedEPS historical timeseries,yahoo_trailing_diluted
DYVOX.ST,2024-Q2,2024-06-30,2024-07-18,1.19,SEK,Yahoo Finance / trailingDilutedEPS historical timeseries,yahoo_trailing_diluted
DYVOX.ST,2024-Q3,2024-09-30,2024-10-23,1.3,SEK,Yahoo Finance / trailingDilutedEPS historical timeseries,yahoo_trailing_diluted
DYVOX.ST,2024-Q4,2024-12-31,2025-02-05,1.37,SEK,Yahoo Finance / trailingDilutedEPS historical timeseries,yahoo_trailing_diluted
DYVOX.ST,2025-Q1,2025-03-31,2025-04-25,1.49,SEK,Yahoo Finance / trailingDilutedEPS historical timeseries,yahoo_trailing_diluted
DYVOX.ST,2025-Q2,2025-06-30,2025-07-18,1.42,SEK,Yahoo Finance / trailingDilutedEPS historical timeseries,yahoo_trailing_diluted
DYVOX.ST,2025-Q3,2025-09-30,2025-10-23,1.36,SEK,Yahoo Finance / trailingDilutedEPS reconstructed from quarterlyDilutedEPS,yahoo_reconstructed_diluted_ttm
DYVOX.ST,2025-Q4,2025-12-31,2026-02-05,1.56,SEK,Yahoo Finance / trailingDilutedEPS historical timeseries,yahoo_trailing_diluted
DYVOX.ST,2026-Q1,2026-03-31,2026-04-24,1.69,SEK,Yahoo Finance / trailingDilutedEPS historical timeseries,yahoo_trailing_diluted
DYVOX.ST,2026-Q2,2026-06-30,2026-07-22,2.12,SEK,Yahoo Finance / trailingDilutedEPS historical timeseries,yahoo_trailing_diluted
EAST.ST,2024-Q1,2024-03-31,2024-04-24,-0.62,EUR,Yahoo Finance / trailingDilutedEPS historical timeseries,yahoo_trailing_diluted
EAST.ST,2024-Q2,2024-06-30,2024-07-04,-0.23,EUR,Yahoo Finance / trailingDilutedEPS historical timeseries,yahoo_trailing_diluted
EAST.ST,2024-Q3,2024-09-30,2024-10-24,0.07,EUR,Yahoo Finance / trailingDilutedEPS historical timeseries,yahoo_trailing_diluted
EAST.ST,2024-Q4,2024-12-31,2025-02-05,0.07,EUR,Yahoo Finance / trailingDilutedEPS historical timeseries,yahoo_trailing_diluted
EAST.ST,2025-Q1,2025-03-31,2025-04-28,0.24,EUR,Yahoo Finance / trailingDilutedEPS historical timeseries,yahoo_trailing_diluted
EAST.ST,2025-Q2,2025-06-30,2025-07-07,0.29,EUR,Yahoo Finance / trailingDilutedEPS historical timeseries,yahoo_trailing_diluted
EAST.ST,2025-Q3,2025-09-30,2025-10-23,0.38,EUR,Yahoo Finance / trailingDilutedEPS reconstructed from quarterlyDilutedEPS,yahoo_reconstructed_diluted_ttm
EAST.ST,2025-Q4,2025-12-31,2026-02-05,0.43,EUR,Yahoo Finance / trailingDilutedEPS historical timeseries,yahoo_trailing_diluted
EAST.ST,2026-Q1,2026-03-31,2026-04-28,0.28,EUR,Yahoo Finance / trailingDilutedEPS historical timeseries,yahoo_trailing_diluted
EAST.ST,2026-Q2,2026-06-30,2026-07-07,0.28,EUR,Yahoo Finance / trailingDilutedEPS historical timeseries,yahoo_trailing_diluted
EKTA-B.ST,2018-Q4,,2018-11-29,3.4081,SEK,User-supplied historical EPS TTM fallback,fallback_user_history
EKTA-B.ST,2019-Q1,,2019-02-22,3.1542,SEK,User-supplied historical EPS TTM fallback,fallback_user_history
EKTA-B.ST,2019-Q2,,2019-05-29,3.1333,SEK,User-supplied historical EPS TTM fallback,fallback_user_history
EKTA-B.ST,2019-Q3,,2019-08-22,3.0835,SEK,User-supplied historical EPS TTM fallback,fallback_user_history
EKTA-B.ST,2019-Q4,,2019-11-28,2.9186,SEK,User-supplied historical EPS TTM fallback,fallback_user_history
EKTA-B.ST,2020-Q1,,2020-02-20,3.1723,SEK,User-supplied historical EPS TTM fallback,fallback_user_history
EKTA-B.ST,2020-Q2,,2020-05-29,2.8371,SEK,User-supplied historical EPS TTM fallback,fallback_user_history
EKTA-B.ST,2020-Q3,,2020-08-26,3.0177,SEK,User-supplied historical EPS TTM fallback,fallback_user_history
EKTA-B.ST,2020-Q4,,2020-11-26,3.4207,SEK,User-supplied historical EPS TTM fallback,fallback_user_history
EKTA-B.ST,2021-Q1,,2021-02-25,3.4574,SEK,User-supplied historical EPS TTM fallback,fallback_user_history
EKTA-B.ST,2021-Q2,,2021-05-28,3.282,SEK,User-supplied historical EPS TTM fallback,fallback_user_history
EKTA-B.ST,2021-Q3,,2021-08-25,3.0491,SEK,User-supplied historical EPS TTM fallback,fallback_user_history
EKTA-B.ST,2021-Q4,,2021-11-25,3.07,SEK,User-supplied historical EPS TTM fallback,fallback_user_history
EKTA-B.ST,2022-Q1,,2022-02-24,2.8266,SEK,User-supplied historical EPS TTM fallback,fallback_user_history
EKTA-B.ST,2022-Q2,,2022-05-25,3.0203,SEK,User-supplied historical EPS TTM fallback,fallback_user_history
EKTA-B.ST,2022-Q3,,2022-08-25,2.8449,SEK,User-supplied historical EPS TTM fallback,fallback_user_history
EKTA-B.ST,2022-Q4,,2022-11-24,2.1618,SEK,User-supplied historical EPS TTM fallback,fallback_user_history
EKTA-B.ST,2023-Q1,,2023-02-24,2.1278,SEK,User-supplied historical EPS TTM fallback,fallback_user_history
EKTA-B.ST,2023-Q2,,2023-05-25,2.4672,SEK,User-supplied historical EPS TTM fallback,fallback_user_history
EKTA-B.ST,2023-Q3,,2023-08-24,2.9323,SEK,User-supplied historical EPS TTM fallback,fallback_user_history
EKTA-B.ST,2023-Q4,2023-10-31,2023-11-30,3.52,SEK,Yahoo Finance / trailingDilutedEPS historical timeseries,yahoo_trailing_diluted
EKTA-B.ST,2024-Q1,2024-01-31,2024-02-29,3.75,SEK,Yahoo Finance / trailingDilutedEPS historical timeseries,yahoo_trailing_diluted
EKTA-B.ST,2024-Q2,2024-04-30,2024-06-05,3.41,SEK,Yahoo Finance / trailingDilutedEPS historical timeseries,yahoo_trailing_diluted
EKTA-B.ST,2024-Q3,2024-07-31,2024-08-28,2.97,SEK,Yahoo Finance / trailingDilutedEPS historical timeseries,yahoo_trailing_diluted
EKTA-B.ST,2024-Q4,2024-10-31,2024-11-27,2.63,SEK,Yahoo Finance / trailingDilutedEPS historical timeseries,yahoo_trailing_diluted
EKTA-B.ST,2025-Q1,2025-01-31,2025-02-20,2.72,SEK,Yahoo Finance / trailingDilutedEPS historical timeseries,yahoo_trailing_diluted
EKTA-B.ST,2025-Q2,,2025-05-28,0.6203,SEK,User-supplied historical EPS TTM fallback,fallback_user_history
EKTA-B.ST,2025-Q3,2025-07-31,2025-08-27,0.72,SEK,Yahoo Finance / trailingDilutedEPS historical timeseries,yahoo_trailing_diluted
EKTA-B.ST,2025-Q4,2025-10-31,2025-11-26,0.76,SEK,Yahoo Finance / trailingDilutedEPS historical timeseries,yahoo_trailing_diluted
EKTA-B.ST,2026-Q1,2026-01-31,2026-03-05,-0.1,SEK,Yahoo Finance / trailingDilutedEPS historical timeseries,yahoo_trailing_diluted
EKTA-B.ST,2026-Q2,2026-04-30,2026-05-28,-1.36,SEK,Yahoo Finance / trailingDilutedEPS historical timeseries,yahoo_trailing_diluted
EKTA-B.ST,2026-Q3,2026-07-31,2026-08-26,-0.95,SEK,Yahoo Finance / trailingDilutedEPS historical timeseries,yahoo_trailing_diluted
EMBRAC-B.ST,2018-Q3,,2018-11-14,2.3439,SEK,User-supplied historical EPS TTM fallback,fallback_user_history
EMBRAC-B.ST,2018-Q4,,2019-02-13,3.4101,SEK,User-supplied historical EPS TTM fallback,fallback_user_history
EMBRAC-B.ST,2019-Q1,,2019-05-22,3.5771,SEK,User-supplied historical EPS TTM fallback,fallback_user_history
EMBRAC-B.ST,2019-Q2,,2019-08-14,3.6794,SEK,User-supplied historical EPS TTM fallback,fallback_user_history
EMBRAC-B.ST,2019-Q3,,2019-11-14,3.5714,SEK,User-supplied historical EPS TTM fallback,fallback_user_history
EMBRAC-B.ST,2019-Q4,,2020-02-19,2.5732,SEK,User-supplied historical EPS TTM fallback,fallback_user_history
EMBRAC-B.ST,2020-Q1,,2020-05-20,2.7509,SEK,User-supplied historical EPS TTM fallback,fallback_user_history
EMBRAC-B.ST,2020-Q2,,2020-08-13,2.9741,SEK,User-supplied historical EPS TTM fallback,fallback_user_history
EMBRAC-B.ST,2020-Q3,,2020-11-18,4.1557,SEK,User-supplied historical EPS TTM fallback,fallback_user_history
EMBRAC-B.ST,2020-Q4,,2021-02-18,2.4628,SEK,User-supplied historical EPS TTM fallback,fallback_user_history
EMBRAC-B.ST,2021-Q1,,2021-05-20,2.3019,SEK,User-supplied historical EPS TTM fallback,fallback_user_history
EMBRAC-B.ST,2021-Q2,,2021-08-18,-2.1124,SEK,User-supplied historical EPS TTM fallback,fallback_user_history
EMBRAC-B.ST,2021-Q3,,2021-11-17,-8.2205,SEK,User-supplied historical EPS TTM fallback,fallback_user_history
EMBRAC-B.ST,2021-Q4,,2022-02-17,-14.3896,SEK,User-supplied historical EPS TTM fallback,fallback_user_history
EMBRAC-B.ST,2022-Q1,,2022-05-19,-24.546,SEK,User-supplied historical EPS TTM fallback,fallback_user_history
EMBRAC-B.ST,2022-Q2,,2022-08-18,-21.7397,SEK,User-supplied historical EPS TTM fallback,fallback_user_history
EMBRAC-B.ST,2022-Q3,,2022-11-17,-6.8194,SEK,User-supplied historical EPS TTM fallback,fallback_user_history
EMBRAC-B.ST,2022-Q4,,2023-02-16,7.3789,SEK,User-supplied historical EPS TTM fallback,fallback_user_history
EMBRAC-B.ST,2023-Q1,,2023-05-24,20.4305,SEK,User-supplied historical EPS TTM fallback,fallback_user_history
EMBRAC-B.ST,2023-Q2,,2023-08-17,33.2435,SEK,User-supplied historical EPS TTM fallback,fallback_user_history
EMBRAC-B.ST,2023-Q3,2023-09-30,2023-11-16,3.49,SEK,Yahoo Finance / trailingDilutedEPS historical timeseries,yahoo_trailing_diluted
EMBRAC-B.ST,2023-Q4,2023-12-31,2024-02-15,0.61,SEK,Yahoo Finance / trailingDilutedEPS historical timeseries,yahoo_trailing_diluted
EMBRAC-B.ST,2024-Q1,2024-03-31,2024-05-23,-15.28,SEK,Yahoo Finance / trailingDilutedEPS historical timeseries,yahoo_trailing_diluted
EMBRAC-B.ST,2024-Q2,2024-06-30,2024-08-15,-19.07,SEK,Yahoo Finance / trailingDilutedEPS historical timeseries,yahoo_trailing_diluted
EMBRAC-B.ST,2024-Q3,2024-09-30,2024-11-14,-18.82,SEK,Yahoo Finance / trailingDilutedEPS historical timeseries,yahoo_trailing_diluted
EMBRAC-B.ST,2024-Q4,2024-12-31,2025-02-13,-91.8,SEK,Yahoo Finance / trailingDilutedEPS historical timeseries,yahoo_trailing_diluted
EMBRAC-B.ST,2025-Q1,,2025-05-22,25.708,SEK,User-supplied historical EPS TTM fallback,fallback_user_history
EMBRAC-B.ST,2025-Q2,2025-06-30,2025-08-14,37.66,SEK,Yahoo Finance / trailingDilutedEPS historical timeseries,yahoo_trailing_diluted
EMBRAC-B.ST,2025-Q3,2025-09-30,2025-11-13,38.05,SEK,Yahoo Finance / trailingDilutedEPS historical timeseries,yahoo_trailing_diluted
EMBRAC-B.ST,2025-Q4,2025-12-31,2026-02-12,41.33,SEK,Yahoo Finance / trailingDilutedEPS historical timeseries,yahoo_trailing_diluted
EMBRAC-B.ST,2026-Q1,2026-03-31,2026-05-20,-27.67,SEK,Yahoo Finance / trailingDilutedEPS historical timeseries,yahoo_trailing_diluted
EMBRAC-B.ST,2026-Q2,,2026-08-13,-23.6958,SEK,User-supplied historical EPS TTM fallback,fallback_user_history
EPI-A.ST,2018-Q3,,2018-10-25,4.0614,SEK,User-supplied historical EPS TTM / all Yahoo overlaps <1%,strict_user_history_gap_fill
EPI-A.ST,2018-Q4,,2019-02-05,4.489,SEK,User-supplied historical EPS TTM / all Yahoo overlaps <1%,strict_user_history_gap_fill
EPI-A.ST,2019-Q1,,2019-04-30,4.7429,SEK,User-supplied historical EPS TTM / all Yahoo overlaps <1%,strict_user_history_gap_fill
EPI-A.ST,2019-Q2,,2019-07-18,5.0543,SEK,User-supplied historical EPS TTM / all Yahoo overlaps <1%,strict_user_history_gap_fill
EPI-A.ST,2019-Q3,,2019-10-25,5.0066,SEK,User-supplied historical EPS TTM / all Yahoo overlaps <1%,strict_user_history_gap_fill
EPI-A.ST,2019-Q4,,2020-01-31,4.8895,SEK,User-supplied historical EPS TTM / all Yahoo overlaps <1%,strict_user_history_gap_fill
EPI-A.ST,2020-Q1,,2020-04-22,4.9249,SEK,User-supplied historical EPS TTM / all Yahoo overlaps <1%,strict_user_history_gap_fill
EPI-A.ST,2020-Q2,,2020-07-23,4.3782,SEK,User-supplied historical EPS TTM / all Yahoo overlaps <1%,strict_user_history_gap_fill
EPI-A.ST,2020-Q3,,2020-10-22,4.3588,SEK,User-supplied historical EPS TTM / all Yahoo overlaps <1%,strict_user_history_gap_fill
EPI-A.ST,2020-Q4,,2021-01-26,4.4783,SEK,User-supplied historical EPS TTM / all Yahoo overlaps <1%,strict_user_history_gap_fill
EPI-A.ST,2021-Q1,,2021-04-28,4.4471,SEK,User-supplied historical EPS TTM / all Yahoo overlaps <1%,strict_user_history_gap_fill
EPI-A.ST,2021-Q2,,2021-07-20,4.9955,SEK,User-supplied historical EPS TTM / all Yahoo overlaps <1%,strict_user_history_gap_fill
EPI-A.ST,2021-Q3,,2021-10-21,5.4953,SEK,User-supplied historical EPS TTM / all Yahoo overlaps <1%,strict_user_history_gap_fill
EPI-A.ST,2021-Q4,,2022-01-26,5.8427,SEK,User-supplied historical EPS TTM / all Yahoo overlaps <1%,strict_user_history_gap_fill
EPI-A.ST,2022-Q1,,2022-04-25,6.3477,SEK,User-supplied historical EPS TTM / all Yahoo overlaps <1%,strict_user_history_gap_fill
EPI-A.ST,2022-Q2,,2022-07-20,6.4131,SEK,User-supplied historical EPS TTM / all Yahoo overlaps <1%,strict_user_history_gap_fill
EPI-A.ST,2022-Q3,,2022-10-26,6.6722,SEK,User-supplied historical EPS TTM / all Yahoo overlaps <1%,strict_user_history_gap_fill
EPI-A.ST,2022-Q4,,2023-01-31,6.9528,SEK,User-supplied historical EPS TTM / all Yahoo overlaps <1%,strict_user_history_gap_fill
EPI-A.ST,2023-Q1,,2023-04-28,7.1969,SEK,User-supplied historical EPS TTM / all Yahoo overlaps <1%,strict_user_history_gap_fill
EPI-A.ST,2023-Q2,,2023-07-18,7.9231,SEK,User-supplied historical EPS TTM / all Yahoo overlaps <1%,strict_user_history_gap_fill
EPI-A.ST,2023-Q3,2023-09-30,2023-10-27,7.92,SEK,Yahoo Finance / trailingDilutedEPS historical timeseries,yahoo_trailing_diluted
EPI-A.ST,2023-Q4,,2024-01-24,7.8105,SEK,User-supplied historical EPS TTM / all Yahoo overlaps <1%,strict_user_history_gap_fill
EPI-A.ST,2024-Q1,2024-03-31,2024-04-23,7.57,SEK,Yahoo Finance / trailingDilutedEPS historical timeseries,yahoo_trailing_diluted
EPI-A.ST,2024-Q2,2024-06-30,2024-07-19,7.07,SEK,Yahoo Finance / trailingDilutedEPS historical timeseries,yahoo_trailing_diluted
EPI-A.ST,2024-Q3,2024-09-30,2024-10-25,7.14,SEK,Yahoo Finance / trailingDilutedEPS historical timeseries,yahoo_trailing_diluted
EPI-A.ST,2024-Q4,2024-12-31,2025-01-30,7.23,SEK,Yahoo Finance / trailingDilutedEPS historical timeseries,yahoo_trailing_diluted
EPI-A.ST,2025-Q1,2025-03-31,2025-04-29,7.39,SEK,Yahoo Finance / trailingDilutedEPS historical timeseries,yahoo_trailing_diluted
EPI-A.ST,2025-Q2,2025-06-30,2025-07-18,7.44,SEK,Yahoo Finance / trailingDilutedEPS historical timeseries,yahoo_trailing_diluted
EPI-A.ST,2025-Q3,2025-09-30,2025-10-29,7.14,SEK,Yahoo Finance / trailingDilutedEPS reconstructed from quarterlyDilutedEPS,yahoo_reconstructed_diluted_ttm
EPI-A.ST,2025-Q4,2025-12-31,2026-01-26,7.12,SEK,Yahoo Finance / trailingDilutedEPS historical timeseries,yahoo_trailing_diluted
EPI-A.ST,2026-Q1,2026-03-31,2026-04-29,7.04,SEK,Yahoo Finance / trailingDilutedEPS historical timeseries,yahoo_trailing_diluted
EPI-A.ST,2026-Q2,2026-06-30,2026-07-17,7.31,SEK,Yahoo Finance / trailingDilutedEPS historical timeseries,yahoo_trailing_diluted
EPI-B.ST,2018-Q3,,2018-10-25,4.0614,SEK,User-supplied historical EPS TTM / all Yahoo overlaps <1%,strict_user_history_gap_fill
EPI-B.ST,2018-Q4,,2019-02-05,4.489,SEK,User-supplied historical EPS TTM / all Yahoo overlaps <1%,strict_user_history_gap_fill
EPI-B.ST,2019-Q1,,2019-04-30,4.7429,SEK,User-supplied historical EPS TTM / all Yahoo overlaps <1%,strict_user_history_gap_fill
EPI-B.ST,2019-Q2,,2019-07-18,5.0543,SEK,User-supplied historical EPS TTM / all Yahoo overlaps <1%,strict_user_history_gap_fill
EPI-B.ST,2019-Q3,,2019-10-25,5.0066,SEK,User-supplied historical EPS TTM / all Yahoo overlaps <1%,strict_user_history_gap_fill
EPI-B.ST,2019-Q4,,2020-01-31,4.8895,SEK,User-supplied historical EPS TTM / all Yahoo overlaps <1%,strict_user_history_gap_fill
EPI-B.ST,2020-Q1,,2020-04-22,4.9249,SEK,User-supplied historical EPS TTM / all Yahoo overlaps <1%,strict_user_history_gap_fill
EPI-B.ST,2020-Q2,,2020-07-23,4.3782,SEK,User-supplied historical EPS TTM / all Yahoo overlaps <1%,strict_user_history_gap_fill
EPI-B.ST,2020-Q3,,2020-10-22,4.3588,SEK,User-supplied historical EPS TTM / all Yahoo overlaps <1%,strict_user_history_gap_fill
EPI-B.ST,2020-Q4,,2021-01-26,4.4783,SEK,User-supplied historical EPS TTM / all Yahoo overlaps <1%,strict_user_history_gap_fill
EPI-B.ST,2021-Q1,,2021-04-28,4.4471,SEK,User-supplied historical EPS TTM / all Yahoo overlaps <1%,strict_user_history_gap_fill
EPI-B.ST,2021-Q2,,2021-07-20,4.9955,SEK,User-supplied historical EPS TTM / all Yahoo overlaps <1%,strict_user_history_gap_fill
EPI-B.ST,2021-Q3,,2021-10-21,5.4953,SEK,User-supplied historical EPS TTM / all Yahoo overlaps <1%,strict_user_history_gap_fill
EPI-B.ST,2021-Q4,,2022-01-26,5.8427,SEK,User-supplied historical EPS TTM / all Yahoo overlaps <1%,strict_user_history_gap_fill
EPI-B.ST,2022-Q1,,2022-04-25,6.3477,SEK,User-supplied historical EPS TTM / all Yahoo overlaps <1%,strict_user_history_gap_fill
EPI-B.ST,2022-Q2,,2022-07-20,6.4131,SEK,User-supplied historical EPS TTM / all Yahoo overlaps <1%,strict_user_history_gap_fill
EPI-B.ST,2022-Q3,,2022-10-26,6.6722,SEK,User-supplied historical EPS TTM / all Yahoo overlaps <1%,strict_user_history_gap_fill
EPI-B.ST,2022-Q4,,2023-01-31,6.9528,SEK,User-supplied historical EPS TTM / all Yahoo overlaps <1%,strict_user_history_gap_fill
EPI-B.ST,2023-Q1,,2023-04-28,7.1969,SEK,User-supplied historical EPS TTM / all Yahoo overlaps <1%,strict_user_history_gap_fill
EPI-B.ST,2023-Q2,,2023-07-18,7.9231,SEK,User-supplied historical EPS TTM / all Yahoo overlaps <1%,strict_user_history_gap_fill
EPI-B.ST,2023-Q3,2023-09-30,2023-10-27,7.92,SEK,Yahoo Finance / trailingDilutedEPS historical timeseries,yahoo_trailing_diluted
EPI-B.ST,2023-Q4,2023-12-31,2024-01-24,7.81,SEK,Yahoo Finance / trailingDilutedEPS historical timeseries,yahoo_trailing_diluted
EPI-B.ST,2024-Q1,2024-03-31,2024-04-23,7.57,SEK,Yahoo Finance / trailingDilutedEPS historical timeseries,yahoo_trailing_diluted
EPI-B.ST,2024-Q2,2024-06-30,2024-07-19,7.07,SEK,Yahoo Finance / trailingDilutedEPS historical timeseries,yahoo_trailing_diluted
EPI-B.ST,2024-Q3,2024-09-30,2024-10-25,7.14,SEK,Yahoo Finance / trailingDilutedEPS historical timeseries,yahoo_trailing_diluted
EPI-B.ST,2024-Q4,2024-12-31,2025-01-30,7.23,SEK,Yahoo Finance / trailingDilutedEPS historical timeseries,yahoo_trailing_diluted
EPI-B.ST,2025-Q1,2025-03-31,2025-04-29,7.39,SEK,Yahoo Finance / trailingDilutedEPS historical timeseries,yahoo_trailing_diluted
EPI-B.ST,2025-Q2,2025-06-30,2025-07-18,7.44,SEK,Yahoo Finance / trailingDilutedEPS historical timeseries,yahoo_trailing_diluted
EPI-B.ST,2025-Q3,2025-09-30,2025-10-29,7.14,SEK,Yahoo Finance / trailingDilutedEPS reconstructed from quarterlyDilutedEPS,yahoo_reconstructed_diluted_ttm
EPI-B.ST,2025-Q4,2025-12-31,2026-01-26,7.12,SEK,Yahoo Finance / trailingDilutedEPS historical timeseries,yahoo_trailing_diluted
EPI-B.ST,2026-Q1,2026-03-31,2026-04-29,7.04,SEK,Yahoo Finance / trailingDilutedEPS historical timeseries,yahoo_trailing_diluted
EPI-B.ST,2026-Q2,2026-06-30,2026-07-17,7.31,SEK,Yahoo Finance / trailingDilutedEPS historical timeseries,yahoo_trailing_diluted
EQL.ST,2019-Q3,,2019-11-11,-0.0603,SEK,User-supplied historical EPS TTM fallback,fallback_user_history
EQL.ST,2019-Q4,,2020-02-05,0.0539,SEK,User-supplied historical EPS TTM fallback,fallback_user_history
EQL.ST,2020-Q1,,2020-05-04,0.095,SEK,User-supplied historical EPS TTM fallback,fallback_user_history
EQL.ST,2020-Q2,,2020-08-27,0.4802,SEK,User-supplied historical EPS TTM fallback,fallback_user_history
EQL.ST,2020-Q3,,2020-11-06,0.5543,SEK,User-supplied historical EPS TTM fallback,fallback_user_history
EQL.ST,2020-Q4,,2021-02-18,0.5774,SEK,User-supplied historical EPS TTM fallback,fallback_user_history
EQL.ST,2021-Q1,,2021-05-06,0.3574,SEK,User-supplied historical EPS TTM fallback,fallback_user_history
EQL.ST,2021-Q2,,2021-08-16,0.0577,SEK,User-supplied historical EPS TTM fallback,fallback_user_history
EQL.ST,2021-Q3,,2021-11-10,0.1303,SEK,User-supplied historical EPS TTM fallback,fallback_user_history
EQL.ST,2021-Q4,,2022-02-16,0.6472,SEK,User-supplied historical EPS TTM fallback,fallback_user_history
EQL.ST,2022-Q1,,2022-05-13,0.6472,SEK,User-supplied historical EPS TTM fallback,fallback_user_history
EQL.ST,2022-Q2,,2022-08-16,0.6472,SEK,User-supplied historical EPS TTM fallback,fallback_user_history
EQL.ST,2022-Q3,,2022-11-11,0.6472,SEK,User-supplied historical EPS TTM fallback,fallback_user_history
EQL.ST,2022-Q4,,2023-02-14,0.6472,SEK,User-supplied historical EPS TTM fallback,fallback_user_history
EQL.ST,2023-Q1,,2023-05-11,1.0472,SEK,User-supplied historical EPS TTM fallback,fallback_user_history
EQL.ST,2023-Q2,,2023-08-16,1.0241,SEK,User-supplied historical EPS TTM fallback,fallback_user_history
EQL.ST,2023-Q3,,2023-11-17,0.9285,SEK,User-supplied historical EPS TTM fallback,fallback_user_history
EQL.ST,2023-Q4,,2024-02-13,0.7374,SEK,User-supplied historical EPS TTM fallback,fallback_user_history
EQL.ST,2024-Q1,2024-03-31,2024-05-14,0.76,SEK,Yahoo Finance / trailingDilutedEPS historical timeseries,yahoo_trailing_diluted
EQL.ST,2024-Q2,2024-06-30,2024-08-08,0.89,SEK,Yahoo Finance / trailingDilutedEPS historical timeseries,yahoo_trailing_diluted
EQL.ST,2024-Q3,2024-09-30,2024-11-06,1.06,SEK,Yahoo Finance / trailingDilutedEPS historical timeseries,yahoo_trailing_diluted
EQL.ST,2024-Q4,2024-12-31,2025-02-05,1.16,SEK,Yahoo Finance / trailingDilutedEPS historical timeseries,yahoo_trailing_diluted
EQL.ST,2025-Q1,2025-03-31,2025-05-08,1.44,SEK,Yahoo Finance / trailingDilutedEPS historical timeseries,yahoo_trailing_diluted
EQL.ST,2025-Q2,2025-06-30,2025-08-08,1.41,SEK,Yahoo Finance / trailingDilutedEPS historical timeseries,yahoo_trailing_diluted
EQL.ST,2025-Q3,2025-09-30,2025-11-05,0.99,SEK,Yahoo Finance / trailingDilutedEPS reconstructed from quarterlyDilutedEPS,yahoo_reconstructed_diluted_ttm
EQL.ST,2025-Q4,2025-12-31,2026-02-03,0.98,SEK,Yahoo Finance / trailingDilutedEPS historical timeseries,yahoo_trailing_diluted
EQL.ST,2026-Q1,2026-03-31,2026-05-08,0.42,SEK,Yahoo Finance / trailingDilutedEPS historical timeseries,yahoo_trailing_diluted
EQL.ST,2026-Q2,2026-06-30,2026-08-07,-0.49,SEK,Yahoo Finance / trailingDilutedEPS historical timeseries,yahoo_trailing_diluted
EQT.ST,2021-Q4,,2022-01-19,0.9288,EUR,User-supplied historical EPS TTM fallback,fallback_user_history
EQT.ST,2022-Q2,,2022-07-14,0.7881,EUR,User-supplied historical EPS TTM fallback,fallback_user_history
EQT.ST,2022-Q4,,2023-01-18,0.1706,EUR,User-supplied historical EPS TTM fallback,fallback_user_history
EQT.ST,2023-Q2,2023-06-30,2023-07-14,-0.055,EUR,Yahoo Finance / trailingDilutedEPS historical timeseries,yahoo_trailing_diluted
EQT.ST,2023-Q4,2023-12-31,2024-01-18,0.109,EUR,Yahoo Finance / trailingDilutedEPS historical timeseries,yahoo_trailing_diluted
EQT.ST,2024-Q2,,2024-07-18,0.3385,EUR,User-supplied historical EPS TTM fallback,fallback_user_history
EQT.ST,2024-Q4,2024-12-31,2025-01-23,0.656,EUR,Yahoo Finance / trailingDilutedEPS historical timeseries,yahoo_trailing_diluted
EQT.ST,2025-Q2,2025-06-30,2025-07-17,0.711,EUR,Yahoo Finance / trailingDilutedEPS historical timeseries,yahoo_trailing_diluted
EQT.ST,2025-Q4,2025-12-31,2026-01-22,0.618,EUR,Yahoo Finance / trailingDilutedEPS historical timeseries,yahoo_trailing_diluted
EQT.ST,2026-Q2,,2026-07-17,0.8922,EUR,User-supplied historical EPS TTM fallback,fallback_user_history
ERIC-B.ST,2018-Q3,,2018-10-18,-5.733,SEK,User-supplied historical EPS TTM fallback,fallback_user_history
ERIC-B.ST,2018-Q4,,2019-01-25,-1.9811,SEK,User-supplied historical EPS TTM fallback,fallback_user_history
ERIC-B.ST,2019-Q1,,2019-04-17,-1.029,SEK,User-supplied historical EPS TTM fallback,fallback_user_history
ERIC-B.ST,2019-Q2,,2019-07-17,0.0567,SEK,User-supplied historical EPS TTM fallback,fallback_user_history
ERIC-B.ST,2019-Q3,,2019-10-17,-2.6563,SEK,User-supplied historical EPS TTM fallback,fallback_user_history
ERIC-B.ST,2019-Q4,,2020-01-24,0.6638,SEK,User-supplied historical EPS TTM fallback,fallback_user_history
ERIC-B.ST,2020-Q1,,2020-04-22,0.6095,SEK,User-supplied historical EPS TTM fallback,fallback_user_history
ERIC-B.ST,2020-Q2,,2020-07-17,0.8333,SEK,User-supplied historical EPS TTM fallback,fallback_user_history
ERIC-B.ST,2020-Q3,,2020-10-21,4.3243,SEK,User-supplied historical EPS TTM fallback,fallback_user_history
ERIC-B.ST,2020-Q4,,2021-01-29,5.2506,SEK,User-supplied historical EPS TTM fallback,fallback_user_history
ERIC-B.ST,2021-Q1,,2021-04-21,5.5604,SEK,User-supplied historical EPS TTM fallback,fallback_user_history
ERIC-B.ST,2021-Q2,,2021-07-16,5.928,SEK,User-supplied historical EPS TTM fallback,fallback_user_history
ERIC-B.ST,2021-Q3,,2021-10-19,6.0457,SEK,User-supplied historical EPS TTM fallback,fallback_user_history
ERIC-B.ST,2021-Q4,,2022-01-25,6.8107,SEK,User-supplied historical EPS TTM fallback,fallback_user_history
ERIC-B.ST,2022-Q1,,2022-04-14,6.7359,SEK,User-supplied historical EPS TTM fallback,fallback_user_history
ERIC-B.ST,2022-Q2,,2022-07-14,6.9826,SEK,User-supplied historical EPS TTM fallback,fallback_user_history
ERIC-B.ST,2022-Q3,,2022-10-20,6.8208,SEK,User-supplied historical EPS TTM fallback,fallback_user_history
ERIC-B.ST,2022-Q4,,2023-01-20,5.6171,SEK,User-supplied historical EPS TTM fallback,fallback_user_history
ERIC-B.ST,2023-Q1,,2023-04-18,5.189,SEK,User-supplied historical EPS TTM fallback,fallback_user_history
ERIC-B.ST,2023-Q2,,2023-07-14,3.632,SEK,User-supplied historical EPS TTM fallback,fallback_user_history
ERIC-B.ST,2023-Q3,2023-09-30,2023-10-17,-7.14,SEK,Yahoo Finance / trailingDilutedEPS historical timeseries,yahoo_trailing_diluted
ERIC-B.ST,2023-Q4,2023-12-31,2024-01-23,-7.94,SEK,Yahoo Finance / trailingDilutedEPS historical timeseries,yahoo_trailing_diluted
ERIC-B.ST,2024-Q1,2024-03-31,2024-04-16,-7.63,SEK,Yahoo Finance / trailingDilutedEPS historical timeseries,yahoo_trailing_diluted
ERIC-B.ST,2024-Q2,2024-06-30,2024-07-12,-10.76,SEK,Yahoo Finance / trailingDilutedEPS historical timeseries,yahoo_trailing_diluted
ERIC-B.ST,2024-Q3,2024-09-30,2024-10-15,-0.41,SEK,Yahoo Finance / trailingDilutedEPS historical timeseries,yahoo_trailing_diluted
ERIC-B.ST,2024-Q4,2024-12-31,2025-01-24,0.01,SEK,Yahoo Finance / trailingDilutedEPS historical timeseries,yahoo_trailing_diluted
ERIC-B.ST,2025-Q1,2025-03-31,2025-04-15,0.48,SEK,Yahoo Finance / trailingDilutedEPS historical timeseries,yahoo_trailing_diluted
ERIC-B.ST,2025-Q2,2025-06-30,2025-07-15,5.19,SEK,Yahoo Finance / trailingDilutedEPS historical timeseries,yahoo_trailing_diluted
ERIC-B.ST,2025-Q3,2025-09-30,2025-10-14,7.379999999999999,SEK,Yahoo Finance / trailingDilutedEPS reconstructed from quarterlyDilutedEPS,yahoo_reconstructed_diluted_ttm
ERIC-B.ST,2025-Q4,2025-12-31,2026-01-23,8.51,SEK,Yahoo Finance / trailingDilutedEPS historical timeseries,yahoo_trailing_diluted
ERIC-B.ST,2026-Q1,2026-03-31,2026-04-17,7.54,SEK,Yahoo Finance / trailingDilutedEPS historical timeseries,yahoo_trailing_diluted
ERIC-B.ST,2026-Q2,2026-06-30,2026-07-14,7.38,SEK,Yahoo Finance / trailingDilutedEPS historical timeseries,yahoo_trailing_diluted
ESSITY-B.ST,2018-Q3,,2018-10-29,10.4942,SEK,User-supplied historical EPS TTM / all Yahoo overlaps <1%,strict_user_history_gap_fill
ESSITY-B.ST,2018-Q4,,2019-01-31,11.2294,SEK,User-supplied historical EPS TTM / all Yahoo overlaps <1%,strict_user_history_gap_fill
ESSITY-B.ST,2019-Q1,,2019-04-25,11.6396,SEK,User-supplied historical EPS TTM / all Yahoo overlaps <1%,strict_user_history_gap_fill
ESSITY-B.ST,2019-Q2,,2019-07-18,11.9799,SEK,User-supplied historical EPS TTM / all Yahoo overlaps <1%,strict_user_history_gap_fill
ESSITY-B.ST,2019-Q3,,2019-10-25,14.1,SEK,User-supplied historical EPS TTM / all Yahoo overlaps <1%,strict_user_history_gap_fill
ESSITY-B.ST,2019-Q4,,2020-01-22,13.1218,SEK,User-supplied historical EPS TTM / all Yahoo overlaps <1%,strict_user_history_gap_fill
ESSITY-B.ST,2020-Q1,,2020-04-23,15.2379,SEK,User-supplied historical EPS TTM / all Yahoo overlaps <1%,strict_user_history_gap_fill
ESSITY-B.ST,2020-Q2,,2020-07-13,14.973,SEK,User-supplied historical EPS TTM / all Yahoo overlaps <1%,strict_user_history_gap_fill
ESSITY-B.ST,2020-Q3,,2020-10-22,14.6712,SEK,User-supplied historical EPS TTM / all Yahoo overlaps <1%,strict_user_history_gap_fill
ESSITY-B.ST,2020-Q4,,2021-01-27,14.563,SEK,User-supplied historical EPS TTM / all Yahoo overlaps <1%,strict_user_history_gap_fill
ESSITY-B.ST,2021-Q1,,2021-04-23,12.9922,SEK,User-supplied historical EPS TTM / all Yahoo overlaps <1%,strict_user_history_gap_fill
ESSITY-B.ST,2021-Q2,,2021-07-16,12.5395,SEK,User-supplied historical EPS TTM / all Yahoo overlaps <1%,strict_user_history_gap_fill
ESSITY-B.ST,2021-Q3,,2021-10-22,13.2101,SEK,User-supplied historical EPS TTM / all Yahoo overlaps <1%,strict_user_history_gap_fill
ESSITY-B.ST,2021-Q4,,2022-01-26,12.2732,SEK,User-supplied historical EPS TTM / all Yahoo overlaps <1%,strict_user_history_gap_fill
ESSITY-B.ST,2022-Q1,,2022-04-22,9.6733,SEK,User-supplied historical EPS TTM / all Yahoo overlaps <1%,strict_user_history_gap_fill
ESSITY-B.ST,2022-Q2,,2022-07-21,9.2676,SEK,User-supplied historical EPS TTM / all Yahoo overlaps <1%,strict_user_history_gap_fill
ESSITY-B.ST,2022-Q3,,2022-10-27,7.6031,SEK,User-supplied historical EPS TTM / all Yahoo overlaps <1%,strict_user_history_gap_fill
ESSITY-B.ST,2022-Q4,,2023-01-26,7.9263,SEK,User-supplied historical EPS TTM / all Yahoo overlaps <1%,strict_user_history_gap_fill
ESSITY-B.ST,2023-Q1,,2023-04-27,11.2822,SEK,User-supplied historical EPS TTM / all Yahoo overlaps <1%,strict_user_history_gap_fill
ESSITY-B.ST,2023-Q2,,2023-07-20,12.6975,SEK,User-supplied historical EPS TTM / all Yahoo overlaps <1%,strict_user_history_gap_fill
ESSITY-B.ST,2023-Q3,2023-09-30,2023-10-26,12.73,SEK,Yahoo Finance / trailingDilutedEPS historical timeseries,yahoo_trailing_diluted
ESSITY-B.ST,2023-Q4,2023-12-31,2024-01-25,13.6,SEK,Yahoo Finance / trailingDilutedEPS historical timeseries,yahoo_trailing_diluted
ESSITY-B.ST,2024-Q1,2024-03-31,2024-04-25,26.02,SEK,Yahoo Finance / trailingDilutedEPS historical timeseries,yahoo_trailing_diluted
ESSITY-B.ST,2024-Q2,2024-06-30,2024-07-18,27.21,SEK,Yahoo Finance / trailingDilutedEPS historical timeseries,yahoo_trailing_diluted
ESSITY-B.ST,2024-Q3,2024-09-30,2024-10-23,29.7,SEK,Yahoo Finance / trailingDilutedEPS historical timeseries,yahoo_trailing_diluted
ESSITY-B.ST,2024-Q4,2024-12-31,2025-01-23,29.83,SEK,Yahoo Finance / trailingDilutedEPS historical timeseries,yahoo_trailing_diluted
ESSITY-B.ST,2025-Q1,2025-03-31,2025-04-24,18.05,SEK,Yahoo Finance / trailingDilutedEPS historical timeseries,yahoo_trailing_diluted
ESSITY-B.ST,2025-Q2,2025-06-30,2025-07-17,17.72,SEK,Yahoo Finance / trailingDilutedEPS historical timeseries,yahoo_trailing_diluted
ESSITY-B.ST,2025-Q3,2025-09-30,2025-10-23,17.81,SEK,Yahoo Finance / trailingDilutedEPS reconstructed from quarterlyDilutedEPS,yahoo_reconstructed_diluted_ttm
ESSITY-B.ST,2025-Q4,2025-12-31,2026-01-22,18.37,SEK,Yahoo Finance / trailingDilutedEPS historical timeseries,yahoo_trailing_diluted
ESSITY-B.ST,2026-Q1,2026-03-31,2026-04-23,18.17,SEK,Yahoo Finance / trailingDilutedEPS historical timeseries,yahoo_trailing_diluted
ESSITY-B.ST,2026-Q2,2026-06-30,2026-07-16,17.73,SEK,Yahoo Finance / trailingDilutedEPS historical timeseries,yahoo_trailing_diluted
EVO.ST,2024-Q1,2024-03-31,2024-04-24,5.04,EUR,Yahoo Finance / trailingDilutedEPS historical timeseries,yahoo_trailing_diluted
EVO.ST,2024-Q2,2024-06-30,2024-07-19,5.1,EUR,Yahoo Finance / trailingDilutedEPS historical timeseries,yahoo_trailing_diluted
EVO.ST,2024-Q3,2024-09-30,2024-10-24,5.4,EUR,Yahoo Finance / trailingDilutedEPS historical timeseries,yahoo_trailing_diluted
EVO.ST,2024-Q4,2024-12-31,2025-01-30,5.91,EUR,Yahoo Finance / trailingDilutedEPS historical timeseries,yahoo_trailing_diluted
EVO.ST,2025-Q1,,2025-04-30,6.01,EUR,User-supplied historical EPS TTM fallback,fallback_user_history
EVO.ST,2025-Q2,2025-06-30,2025-07-17,5.84,EUR,Yahoo Finance / trailingDilutedEPS historical timeseries,yahoo_trailing_diluted
EVO.ST,2025-Q3,2025-09-30,2025-10-23,5.5200000000000005,EUR,Yahoo Finance / trailingDilutedEPS reconstructed from quarterlyDilutedEPS,yahoo_reconstructed_diluted_ttm
EVO.ST,2025-Q4,2025-12-31,2026-02-05,5.23,EUR,Yahoo Finance / trailingDilutedEPS historical timeseries,yahoo_trailing_diluted
EVO.ST,2026-Q1,2026-03-31,2026-04-22,5.25,EUR,Yahoo Finance / trailingDilutedEPS historical timeseries,yahoo_trailing_diluted
EVO.ST,2026-Q2,2026-06-30,2026-07-17,5.31,EUR,Yahoo Finance / trailingDilutedEPS historical timeseries,yahoo_trailing_diluted
FABG.ST,2018-Q3,,2018-10-18,23.2659,SEK,User-supplied historical EPS TTM / all Yahoo overlaps <1%,strict_user_history_gap_fill
FABG.ST,2018-Q4,,2019-02-05,23.2791,SEK,User-supplied historical EPS TTM / all Yahoo overlaps <1%,strict_user_history_gap_fill
FABG.ST,2019-Q1,,2019-04-12,19.0044,SEK,User-supplied historical EPS TTM / all Yahoo overlaps <1%,strict_user_history_gap_fill
FABG.ST,2019-Q2,,2019-07-05,15.9984,SEK,User-supplied historical EPS TTM / all Yahoo overlaps <1%,strict_user_history_gap_fill
FABG.ST,2019-Q3,,2019-10-21,14.8617,SEK,User-supplied historical EPS TTM / all Yahoo overlaps <1%,strict_user_history_gap_fill
FABG.ST,2019-Q4,,2020-02-05,18.0572,SEK,User-supplied historical EPS TTM / all Yahoo overlaps <1%,strict_user_history_gap_fill
FABG.ST,2020-Q1,,2020-04-21,19.4326,SEK,User-supplied historical EPS TTM / all Yahoo overlaps <1%,strict_user_history_gap_fill
FABG.ST,2020-Q2,,2020-07-06,14.4231,SEK,User-supplied historical EPS TTM / all Yahoo overlaps <1%,strict_user_history_gap_fill
FABG.ST,2020-Q3,,2020-10-20,14.0082,SEK,User-supplied historical EPS TTM / all Yahoo overlaps <1%,strict_user_history_gap_fill
FABG.ST,2020-Q4,,2021-02-04,9.6154,SEK,User-supplied historical EPS TTM / all Yahoo overlaps <1%,strict_user_history_gap_fill
FABG.ST,2021-Q1,,2021-04-26,7.4772,SEK,User-supplied historical EPS TTM / all Yahoo overlaps <1%,strict_user_history_gap_fill
FABG.ST,2021-Q2,,2021-07-09,11.1897,SEK,User-supplied historical EPS TTM / all Yahoo overlaps <1%,strict_user_history_gap_fill
FABG.ST,2021-Q3,,2021-10-20,12.8499,SEK,User-supplied historical EPS TTM / all Yahoo overlaps <1%,strict_user_history_gap_fill
FABG.ST,2021-Q4,,2022-02-07,16.7288,SEK,User-supplied historical EPS TTM / all Yahoo overlaps <1%,strict_user_history_gap_fill
FABG.ST,2022-Q1,,2022-04-26,22.7798,SEK,User-supplied historical EPS TTM / all Yahoo overlaps <1%,strict_user_history_gap_fill
FABG.ST,2022-Q2,,2022-07-08,24.1257,SEK,User-supplied historical EPS TTM / all Yahoo overlaps <1%,strict_user_history_gap_fill
FABG.ST,2022-Q3,,2022-10-20,23.026,SEK,User-supplied historical EPS TTM / all Yahoo overlaps <1%,strict_user_history_gap_fill
FABG.ST,2022-Q4,,2023-02-06,7.3311,SEK,User-supplied historical EPS TTM / all Yahoo overlaps <1%,strict_user_history_gap_fill
FABG.ST,2023-Q1,,2023-04-26,-6.3935,SEK,User-supplied historical EPS TTM / all Yahoo overlaps <1%,strict_user_history_gap_fill
FABG.ST,2023-Q2,,2023-07-07,-14.4327,SEK,User-supplied historical EPS TTM / all Yahoo overlaps <1%,strict_user_history_gap_fill
FABG.ST,2023-Q3,2023-09-30,2023-10-19,-19.77,SEK,Yahoo Finance / trailingDilutedEPS historical timeseries,yahoo_trailing_diluted
FABG.ST,2023-Q4,,2024-02-07,-17.5442,SEK,User-supplied historical EPS TTM / all Yahoo overlaps <1%,strict_user_history_gap_fill
FABG.ST,2024-Q1,2024-03-31,2024-04-25,-14.72,SEK,Yahoo Finance / trailingDilutedEPS historical timeseries,yahoo_trailing_diluted
FABG.ST,2024-Q2,2024-06-30,2024-07-05,-11.65,SEK,Yahoo Finance / trailingDilutedEPS historical timeseries,yahoo_trailing_diluted
FABG.ST,2024-Q3,2024-09-30,2024-10-22,-8.45,SEK,Yahoo Finance / trailingDilutedEPS historical timeseries,yahoo_trailing_diluted
FABG.ST,2024-Q4,2024-12-31,2025-02-06,-0.68,SEK,Yahoo Finance / trailingDilutedEPS historical timeseries,yahoo_trailing_diluted
FABG.ST,2025-Q1,2025-03-31,2025-04-14,1.06,SEK,Yahoo Finance / trailingDilutedEPS historical timeseries,yahoo_trailing_diluted
FABG.ST,2025-Q2,2025-06-30,2025-07-07,0.64,SEK,Yahoo Finance / trailingDilutedEPS historical timeseries,yahoo_trailing_diluted
FABG.ST,2025-Q3,2025-09-30,2025-10-21,0.9099999999999998,SEK,Yahoo Finance / trailingDilutedEPS reconstructed from quarterlyDilutedEPS,yahoo_reconstructed_diluted_ttm
FABG.ST,2025-Q4,2025-12-31,2026-02-05,-1.11,SEK,Yahoo Finance / trailingDilutedEPS historical timeseries,yahoo_trailing_diluted
FABG.ST,2026-Q1,2026-03-31,2026-04-23,-0.23,SEK,Yahoo Finance / trailingDilutedEPS historical timeseries,yahoo_trailing_diluted
FABG.ST,2026-Q2,2026-06-30,2026-07-06,1.37,SEK,Yahoo Finance / trailingDilutedEPS historical timeseries,yahoo_trailing_diluted
FOI-B.ST,2024-Q1,2024-03-31,2024-05-02,0.623925,EUR,Yahoo Finance / trailingDilutedEPS historical timeseries,yahoo_trailing_diluted
FOI-B.ST,2024-Q2,2024-06-30,2024-07-22,0.571859,EUR,Yahoo Finance / trailingDilutedEPS historical timeseries,yahoo_trailing_diluted
FOI-B.ST,2024-Q3,2024-09-30,2024-10-25,-0.666075,EUR,Yahoo Finance / trailingDilutedEPS historical timeseries,yahoo_trailing_diluted
FOI-B.ST,2024-Q4,2024-12-31,2025-02-11,0.417357,EUR,Yahoo Finance / trailingDilutedEPS historical timeseries,yahoo_trailing_diluted
FOI-B.ST,2025-Q1,2025-03-31,2025-05-05,0.058,EUR,Yahoo Finance / trailingDilutedEPS historical timeseries,yahoo_trailing_diluted
FOI-B.ST,2025-Q2,2025-06-30,2025-07-22,-0.542,EUR,Yahoo Finance / trailingDilutedEPS historical timeseries,yahoo_trailing_diluted
FOI-B.ST,2025-Q3,2025-09-30,2025-10-31,0.269,EUR,Yahoo Finance / trailingDilutedEPS reconstructed from quarterlyDilutedEPS,yahoo_reconstructed_diluted_ttm
FOI-B.ST,2025-Q4,2025-12-31,2026-02-05,0.039,EUR,Yahoo Finance / trailingDilutedEPS historical timeseries,yahoo_trailing_diluted
FOI-B.ST,2026-Q1,2026-03-31,2026-04-27,0.399,EUR,Yahoo Finance / trailingDilutedEPS historical timeseries,yahoo_trailing_diluted
FOI-B.ST,2026-Q2,2026-06-30,2026-07-21,0.179,EUR,Yahoo Finance / trailingDilutedEPS historical timeseries,yahoo_trailing_diluted
GENO.ST,2018-Q3,,2018-11-23,-0.0641,SEK,User-supplied historical EPS TTM fallback,fallback_user_history
GENO.ST,2018-Q4,,2019-02-22,-0.0234,SEK,User-supplied historical EPS TTM fallback,fallback_user_history
GENO.ST,2019-Q1,,2019-05-24,0.0214,SEK,User-supplied historical EPS TTM fallback,fallback_user_history
GENO.ST,2019-Q2,,2019-08-23,0.0729,SEK,User-supplied historical EPS TTM fallback,fallback_user_history
GENO.ST,2019-Q3,,2019-11-22,0.1824,SEK,User-supplied historical EPS TTM fallback,fallback_user_history
GENO.ST,2019-Q4,,2020-02-14,0.1514,SEK,User-supplied historical EPS TTM fallback,fallback_user_history
GENO.ST,2020-Q1,,2020-04-24,0.0952,SEK,User-supplied historical EPS TTM fallback,fallback_user_history
GENO.ST,2020-Q2,,2020-08-31,0.0505,SEK,User-supplied historical EPS TTM fallback,fallback_user_history
GENO.ST,2020-Q3,,2020-11-13,-0.045,SEK,User-supplied historical EPS TTM fallback,fallback_user_history
GENO.ST,2020-Q4,,2021-02-24,0.0977,SEK,User-supplied historical EPS TTM fallback,fallback_user_history
GENO.ST,2021-Q1,,2021-05-07,0.1393,SEK,User-supplied historical EPS TTM fallback,fallback_user_history
GENO.ST,2021-Q2,,2021-08-16,0.1785,SEK,User-supplied historical EPS TTM fallback,fallback_user_history
GENO.ST,2021-Q3,,2021-10-29,0.1717,SEK,User-supplied historical EPS TTM fallback,fallback_user_history
GENO.ST,2021-Q4,,2022-02-23,0.3785,SEK,User-supplied historical EPS TTM fallback,fallback_user_history
GENO.ST,2022-Q1,,2022-05-04,0.5564,SEK,User-supplied historical EPS TTM fallback,fallback_user_history
GENO.ST,2022-Q2,,2022-08-17,0.5507,SEK,User-supplied historical EPS TTM fallback,fallback_user_history
GENO.ST,2022-Q3,,2022-10-27,0.6248,SEK,User-supplied historical EPS TTM fallback,fallback_user_history
GENO.ST,2022-Q4,,2023-02-15,0.1709,SEK,User-supplied historical EPS TTM fallback,fallback_user_history
GENO.ST,2023-Q1,,2023-05-16,0.6482,SEK,User-supplied historical EPS TTM fallback,fallback_user_history
GENO.ST,2023-Q2,,2023-08-16,0.8704,SEK,User-supplied historical EPS TTM fallback,fallback_user_history
GENO.ST,2023-Q3,2023-09-30,2023-11-15,0.83,SEK,Yahoo Finance / trailingDilutedEPS historical timeseries,yahoo_trailing_diluted
GENO.ST,2023-Q4,2023-12-31,2024-02-15,0.94,SEK,Yahoo Finance / trailingDilutedEPS historical timeseries,yahoo_trailing_diluted
GENO.ST,2024-Q1,2024-03-31,2024-05-15,0.46,SEK,Yahoo Finance / trailingDilutedEPS historical timeseries,yahoo_trailing_diluted
GENO.ST,2024-Q2,2024-06-30,2024-08-20,0.26,SEK,Yahoo Finance / trailingDilutedEPS historical timeseries,yahoo_trailing_diluted
GENO.ST,2024-Q3,2024-09-30,2024-11-08,0.42,SEK,Yahoo Finance / trailingDilutedEPS historical timeseries,yahoo_trailing_diluted
GENO.ST,2024-Q4,2024-12-31,2025-02-14,0.5,SEK,Yahoo Finance / trailingDilutedEPS historical timeseries,yahoo_trailing_diluted
GENO.ST,2025-Q1,2025-03-31,2025-05-21,0.36,SEK,Yahoo Finance / trailingDilutedEPS historical timeseries,yahoo_trailing_diluted
GENO.ST,2025-Q2,2025-06-30,2025-08-12,0.41,SEK,Yahoo Finance / trailingDilutedEPS historical timeseries,yahoo_trailing_diluted
GENO.ST,2025-Q3,2025-09-30,2025-11-07,0.32,SEK,Yahoo Finance / trailingDilutedEPS historical timeseries,yahoo_trailing_diluted
GENO.ST,2025-Q4,2025-12-31,2026-02-12,0.36,SEK,Yahoo Finance / trailingDilutedEPS historical timeseries,yahoo_trailing_diluted
GENO.ST,2026-Q1,2026-03-31,2026-04-28,0.37,SEK,Yahoo Finance / trailingDilutedEPS historical timeseries,yahoo_trailing_diluted
GENO.ST,2026-Q2,2026-06-30,2026-08-14,0.31,SEK,Yahoo Finance / trailingDilutedEPS historical timeseries,yahoo_trailing_diluted
GETI-B.ST,2018-Q3,,2018-10-18,-2.3283,SEK,User-supplied historical EPS TTM / all Yahoo overlaps <1%,strict_user_history_gap_fill
GETI-B.ST,2018-Q4,,2019-01-30,-3.5506,SEK,User-supplied historical EPS TTM / all Yahoo overlaps <1%,strict_user_history_gap_fill
GETI-B.ST,2019-Q1,,2019-04-23,-2.3985,SEK,User-supplied historical EPS TTM / all Yahoo overlaps <1%,strict_user_history_gap_fill
GETI-B.ST,2019-Q2,,2019-07-17,-2.3204,SEK,User-supplied historical EPS TTM / all Yahoo overlaps <1%,strict_user_history_gap_fill
GETI-B.ST,2019-Q3,,2019-10-18,3.7816,SEK,User-supplied historical EPS TTM / all Yahoo overlaps <1%,strict_user_history_gap_fill
GETI-B.ST,2019-Q4,,2020-01-30,4.4866,SEK,User-supplied historical EPS TTM / all Yahoo overlaps <1%,strict_user_history_gap_fill
GETI-B.ST,2020-Q1,,2020-04-22,5.4595,SEK,User-supplied historical EPS TTM / all Yahoo overlaps <1%,strict_user_history_gap_fill
GETI-B.ST,2020-Q2,,2020-07-16,6.895,SEK,User-supplied historical EPS TTM / all Yahoo overlaps <1%,strict_user_history_gap_fill
GETI-B.ST,2020-Q3,,2020-10-16,11.198,SEK,User-supplied historical EPS TTM / all Yahoo overlaps <1%,strict_user_history_gap_fill
GETI-B.ST,2020-Q4,,2021-01-28,11.8919,SEK,User-supplied historical EPS TTM / all Yahoo overlaps <1%,strict_user_history_gap_fill
GETI-B.ST,2021-Q1,,2021-04-20,13.2614,SEK,User-supplied historical EPS TTM / all Yahoo overlaps <1%,strict_user_history_gap_fill
GETI-B.ST,2021-Q2,,2021-07-16,14.3775,SEK,User-supplied historical EPS TTM / all Yahoo overlaps <1%,strict_user_history_gap_fill
GETI-B.ST,2021-Q3,,2021-10-20,12.0902,SEK,User-supplied historical EPS TTM / all Yahoo overlaps <1%,strict_user_history_gap_fill
GETI-B.ST,2021-Q4,,2022-01-28,10.9043,SEK,User-supplied historical EPS TTM / all Yahoo overlaps <1%,strict_user_history_gap_fill
GETI-B.ST,2022-Q1,,2022-04-26,10.5004,SEK,User-supplied historical EPS TTM / all Yahoo overlaps <1%,strict_user_history_gap_fill
GETI-B.ST,2022-Q2,,2022-07-19,9.7845,SEK,User-supplied historical EPS TTM / all Yahoo overlaps <1%,strict_user_history_gap_fill
GETI-B.ST,2022-Q3,,2022-10-19,9.935,SEK,User-supplied historical EPS TTM / all Yahoo overlaps <1%,strict_user_history_gap_fill
GETI-B.ST,2022-Q4,,2023-02-01,9.1457,SEK,User-supplied historical EPS TTM / all Yahoo overlaps <1%,strict_user_history_gap_fill
GETI-B.ST,2023-Q1,,2023-04-26,9.3366,SEK,User-supplied historical EPS TTM / all Yahoo overlaps <1%,strict_user_history_gap_fill
GETI-B.ST,2023-Q2,,2023-07-18,7.9084,SEK,User-supplied historical EPS TTM / all Yahoo overlaps <1%,strict_user_history_gap_fill
GETI-B.ST,2023-Q3,2023-09-30,2023-10-23,8.27,SEK,Yahoo Finance / trailingDilutedEPS historical timeseries,yahoo_trailing_diluted
GETI-B.ST,2023-Q4,2023-12-31,2024-02-01,8.86,SEK,Yahoo Finance / trailingDilutedEPS historical timeseries,yahoo_trailing_diluted
GETI-B.ST,2024-Q1,2024-03-31,2024-04-22,8.4,SEK,Yahoo Finance / trailingDilutedEPS historical timeseries,yahoo_trailing_diluted
GETI-B.ST,2024-Q2,2024-06-30,2024-07-18,9.49,SEK,Yahoo Finance / trailingDilutedEPS historical timeseries,yahoo_trailing_diluted
GETI-B.ST,2024-Q3,2024-09-30,2024-10-18,6.22,SEK,Yahoo Finance / trailingDilutedEPS historical timeseries,yahoo_trailing_diluted
GETI-B.ST,2024-Q4,2024-12-31,2025-01-28,6.01,SEK,Yahoo Finance / trailingDilutedEPS historical timeseries,yahoo_trailing_diluted
GETI-B.ST,2025-Q1,2025-03-31,2025-04-22,5.42,SEK,Yahoo Finance / trailingDilutedEPS historical timeseries,yahoo_trailing_diluted
GETI-B.ST,2025-Q2,2025-06-30,2025-07-18,5.46,SEK,Yahoo Finance / trailingDilutedEPS historical timeseries,yahoo_trailing_diluted
GETI-B.ST,2025-Q3,2025-09-30,2025-10-21,7.539999999999999,SEK,Yahoo Finance / trailingDilutedEPS reconstructed from quarterlyDilutedEPS,yahoo_reconstructed_diluted_ttm
GETI-B.ST,2025-Q4,2025-12-31,2026-01-27,8.29,SEK,Yahoo Finance / trailingDilutedEPS historical timeseries,yahoo_trailing_diluted
GETI-B.ST,2026-Q1,2026-03-31,2026-04-21,8.66,SEK,Yahoo Finance / trailingDilutedEPS historical timeseries,yahoo_trailing_diluted
GETI-B.ST,2026-Q2,2026-06-30,2026-07-17,9.83,SEK,Yahoo Finance / trailingDilutedEPS historical timeseries,yahoo_trailing_diluted
HANZA.ST,2018-Q3,,2018-11-12,1.1604,SEK,User-supplied historical EPS TTM / all Yahoo overlaps <1%,strict_user_history_gap_fill
HANZA.ST,2018-Q4,,2019-02-14,0.7726,SEK,User-supplied historical EPS TTM / all Yahoo overlaps <1%,strict_user_history_gap_fill
HANZA.ST,2019-Q1,,2019-04-29,0.711,SEK,User-supplied historical EPS TTM / all Yahoo overlaps <1%,strict_user_history_gap_fill
HANZA.ST,2019-Q2,,2019-07-30,0.5925,SEK,User-supplied historical EPS TTM / all Yahoo overlaps <1%,strict_user_history_gap_fill
HANZA.ST,2019-Q3,,2019-11-05,0.2548,SEK,User-supplied historical EPS TTM / all Yahoo overlaps <1%,strict_user_history_gap_fill
HANZA.ST,2019-Q4,,2020-02-18,0.749,SEK,User-supplied historical EPS TTM / all Yahoo overlaps <1%,strict_user_history_gap_fill
HANZA.ST,2020-Q1,,2020-04-27,0.6389,SEK,User-supplied historical EPS TTM / all Yahoo overlaps <1%,strict_user_history_gap_fill
HANZA.ST,2020-Q2,,2020-07-28,-0.1993,SEK,User-supplied historical EPS TTM / all Yahoo overlaps <1%,strict_user_history_gap_fill
HANZA.ST,2020-Q3,,2020-11-03,-0.0324,SEK,User-supplied historical EPS TTM / all Yahoo overlaps <1%,strict_user_history_gap_fill
HANZA.ST,2020-Q4,,2021-02-16,-0.0412,SEK,User-supplied historical EPS TTM / all Yahoo overlaps <1%,strict_user_history_gap_fill
HANZA.ST,2021-Q1,,2021-04-27,0.0383,SEK,User-supplied historical EPS TTM / all Yahoo overlaps <1%,strict_user_history_gap_fill
HANZA.ST,2021-Q2,,2021-07-27,1.3417,SEK,User-supplied historical EPS TTM / all Yahoo overlaps <1%,strict_user_history_gap_fill
HANZA.ST,2021-Q3,,2021-11-09,1.7001,SEK,User-supplied historical EPS TTM / all Yahoo overlaps <1%,strict_user_history_gap_fill
HANZA.ST,2021-Q4,,2022-02-15,2.2429,SEK,User-supplied historical EPS TTM / all Yahoo overlaps <1%,strict_user_history_gap_fill
HANZA.ST,2022-Q1,,2022-05-03,2.5046,SEK,User-supplied historical EPS TTM / all Yahoo overlaps <1%,strict_user_history_gap_fill
HANZA.ST,2022-Q2,,2022-07-26,2.7776,SEK,User-supplied historical EPS TTM / all Yahoo overlaps <1%,strict_user_history_gap_fill
HANZA.ST,2022-Q3,,2022-11-08,2.9446,SEK,User-supplied historical EPS TTM / all Yahoo overlaps <1%,strict_user_history_gap_fill
HANZA.ST,2022-Q4,,2023-02-14,3.2915,SEK,User-supplied historical EPS TTM / all Yahoo overlaps <1%,strict_user_history_gap_fill
HANZA.ST,2023-Q1,,2023-05-03,4.2414,SEK,User-supplied historical EPS TTM / all Yahoo overlaps <1%,strict_user_history_gap_fill
HANZA.ST,2023-Q2,,2023-07-25,4.7417,SEK,User-supplied historical EPS TTM / all Yahoo overlaps <1%,strict_user_history_gap_fill
HANZA.ST,2023-Q3,2023-09-30,2023-11-07,5.24,SEK,Yahoo Finance / trailingDilutedEPS historical timeseries,yahoo_trailing_diluted
HANZA.ST,2023-Q4,2023-12-31,2024-02-13,5.31,SEK,Yahoo Finance / trailingDilutedEPS historical timeseries,yahoo_trailing_diluted
HANZA.ST,2024-Q1,2024-03-31,2024-05-07,4.61,SEK,Yahoo Finance / trailingDilutedEPS historical timeseries,yahoo_trailing_diluted
HANZA.ST,2024-Q2,2024-06-30,2024-07-23,3.27,SEK,Yahoo Finance / trailingDilutedEPS historical timeseries,yahoo_trailing_diluted
HANZA.ST,2024-Q3,2024-09-30,2024-10-29,2.95,SEK,Yahoo Finance / trailingDilutedEPS historical timeseries,yahoo_trailing_diluted
HANZA.ST,2024-Q4,2024-12-31,2025-02-11,2.54,SEK,Yahoo Finance / trailingDilutedEPS historical timeseries,yahoo_trailing_diluted
HANZA.ST,2025-Q1,2025-03-31,2025-05-06,2.67,SEK,Yahoo Finance / trailingDilutedEPS historical timeseries,yahoo_trailing_diluted
HANZA.ST,2025-Q2,2025-06-30,2025-07-22,3.65,SEK,Yahoo Finance / trailingDilutedEPS historical timeseries,yahoo_trailing_diluted
HANZA.ST,2025-Q3,2025-09-30,2025-10-28,4.44,SEK,Yahoo Finance / trailingDilutedEPS reconstructed from quarterlyDilutedEPS,yahoo_reconstructed_diluted_ttm
HANZA.ST,2025-Q4,2025-12-31,2026-02-24,5.38,SEK,Yahoo Finance / trailingDilutedEPS historical timeseries,yahoo_trailing_diluted
HANZA.ST,2026-Q1,2026-03-31,2026-05-05,6.56,SEK,Yahoo Finance / trailingDilutedEPS historical timeseries,yahoo_trailing_diluted
HANZA.ST,2026-Q2,2026-06-30,2026-07-21,6.26,SEK,Yahoo Finance / trailingDilutedEPS historical timeseries,yahoo_trailing_diluted
HEXA-B.ST,2024-Q1,2024-03-31,2024-04-26,0.315,EUR,Yahoo Finance / trailingDilutedEPS historical timeseries,yahoo_trailing_diluted
HEXA-B.ST,2024-Q2,2024-06-30,2024-07-26,0.316,EUR,Yahoo Finance / trailingDilutedEPS historical timeseries,yahoo_trailing_diluted
HEXA-B.ST,2024-Q3,2024-09-30,2024-10-25,0.372,EUR,Yahoo Finance / trailingDilutedEPS historical timeseries,yahoo_trailing_diluted
HEXA-B.ST,2024-Q4,2024-12-31,2025-01-31,0.378,EUR,Yahoo Finance / trailingDilutedEPS historical timeseries,yahoo_trailing_diluted
HEXA-B.ST,2025-Q1,,2025-04-30,0.36,EUR,User-supplied historical EPS TTM fallback,fallback_user_history
HEXA-B.ST,2025-Q2,2025-06-30,2025-07-25,0.348,EUR,Yahoo Finance / trailingDilutedEPS historical timeseries,yahoo_trailing_diluted
HEXA-B.ST,2025-Q3,2025-09-30,2025-10-24,0.248,EUR,Yahoo Finance / trailingDilutedEPS reconstructed from quarterlyDilutedEPS,yahoo_reconstructed_diluted_ttm
HEXA-B.ST,2025-Q4,2025-12-31,2026-01-30,0.228,EUR,Yahoo Finance / trailingDilutedEPS historical timeseries,yahoo_trailing_diluted
HEXA-B.ST,2026-Q1,2026-03-31,2026-04-23,0.752,EUR,Yahoo Finance / trailingDilutedEPS historical timeseries,yahoo_trailing_diluted
HEXA-B.ST,2026-Q2,2026-06-30,2026-07-29,0.788,EUR,Yahoo Finance / trailingDilutedEPS historical timeseries,yahoo_trailing_diluted
HMS.ST,2018-Q3,,2018-10-24,3.19,SEK,User-supplied historical EPS TTM / all Yahoo overlaps <1%,strict_user_history_gap_fill
HMS.ST,2018-Q4,,2019-02-12,3.65,SEK,User-supplied historical EPS TTM / all Yahoo overlaps <1%,strict_user_history_gap_fill
HMS.ST,2019-Q1,,2019-04-26,3.73,SEK,User-supplied historical EPS TTM / all Yahoo overlaps <1%,strict_user_history_gap_fill
HMS.ST,2019-Q2,,2019-07-16,3.93,SEK,User-supplied historical EPS TTM / all Yahoo overlaps <1%,strict_user_history_gap_fill
HMS.ST,2019-Q3,,2019-10-22,3.8368,SEK,User-supplied historical EPS TTM / all Yahoo overlaps <1%,strict_user_history_gap_fill
HMS.ST,2019-Q4,,2020-02-03,4.4055,SEK,User-supplied historical EPS TTM / all Yahoo overlaps <1%,strict_user_history_gap_fill
HMS.ST,2020-Q1,,2020-04-23,4.5432,SEK,User-supplied historical EPS TTM / all Yahoo overlaps <1%,strict_user_history_gap_fill
HMS.ST,2020-Q2,,2020-07-15,4.6962,SEK,User-supplied historical EPS TTM / all Yahoo overlaps <1%,strict_user_history_gap_fill
HMS.ST,2020-Q3,,2020-10-23,5.0294,SEK,User-supplied historical EPS TTM / all Yahoo overlaps <1%,strict_user_history_gap_fill
HMS.ST,2020-Q4,,2021-02-03,4.7706,SEK,User-supplied historical EPS TTM / all Yahoo overlaps <1%,strict_user_history_gap_fill
HMS.ST,2021-Q1,,2021-04-23,5.6829,SEK,User-supplied historical EPS TTM / all Yahoo overlaps <1%,strict_user_history_gap_fill
HMS.ST,2021-Q2,,2021-07-14,6.45,SEK,User-supplied historical EPS TTM / all Yahoo overlaps <1%,strict_user_history_gap_fill
HMS.ST,2021-Q3,,2021-10-22,6.93,SEK,User-supplied historical EPS TTM / all Yahoo overlaps <1%,strict_user_history_gap_fill
HMS.ST,2021-Q4,,2022-01-26,7.57,SEK,User-supplied historical EPS TTM / all Yahoo overlaps <1%,strict_user_history_gap_fill
HMS.ST,2022-Q1,,2022-04-14,8.05,SEK,User-supplied historical EPS TTM / all Yahoo overlaps <1%,strict_user_history_gap_fill
HMS.ST,2022-Q2,,2022-07-14,8.386,SEK,User-supplied historical EPS TTM / all Yahoo overlaps <1%,strict_user_history_gap_fill
HMS.ST,2022-Q3,,2022-10-19,9.476,SEK,User-supplied historical EPS TTM / all Yahoo overlaps <1%,strict_user_history_gap_fill
HMS.ST,2022-Q4,,2023-01-26,10.8733,SEK,User-supplied historical EPS TTM / all Yahoo overlaps <1%,strict_user_history_gap_fill
HMS.ST,2023-Q1,,2023-04-18,12.1604,SEK,User-supplied historical EPS TTM / all Yahoo overlaps <1%,strict_user_history_gap_fill
HMS.ST,2023-Q2,,2023-07-14,12.2845,SEK,User-supplied historical EPS TTM / all Yahoo overlaps <1%,strict_user_history_gap_fill
HMS.ST,2023-Q3,2023-09-30,2023-10-18,13.07,SEK,Yahoo Finance / trailingDilutedEPS historical timeseries,yahoo_trailing_diluted
HMS.ST,2023-Q4,,2024-01-26,12.1871,SEK,User-supplied historical EPS TTM / all Yahoo overlaps <1%,strict_user_history_gap_fill
HMS.ST,2024-Q1,2024-03-31,2024-04-16,10.78,SEK,Yahoo Finance / trailingDilutedEPS historical timeseries,yahoo_trailing_diluted
HMS.ST,2024-Q2,2024-06-30,2024-07-12,8.96,SEK,Yahoo Finance / trailingDilutedEPS historical timeseries,yahoo_trailing_diluted
HMS.ST,2024-Q3,2024-09-30,2024-10-18,7.2,SEK,Yahoo Finance / trailingDilutedEPS historical timeseries,yahoo_trailing_diluted
HMS.ST,2024-Q4,2024-12-31,2025-01-28,6.34,SEK,Yahoo Finance / trailingDilutedEPS historical timeseries,yahoo_trailing_diluted
HMS.ST,2025-Q1,2025-03-31,2025-04-23,6.35,SEK,Yahoo Finance / trailingDilutedEPS historical timeseries,yahoo_trailing_diluted
HMS.ST,2025-Q2,2025-06-30,2025-07-11,7.37,SEK,Yahoo Finance / trailingDilutedEPS historical timeseries,yahoo_trailing_diluted
HMS.ST,2025-Q3,2025-09-30,2025-10-21,8.700000000000001,SEK,Yahoo Finance / trailingDilutedEPS reconstructed from quarterlyDilutedEPS,yahoo_reconstructed_diluted_ttm
HMS.ST,2025-Q4,2025-12-31,2026-01-27,8.65,SEK,Yahoo Finance / trailingDilutedEPS historical timeseries,yahoo_trailing_diluted
HMS.ST,2026-Q1,2026-03-31,2026-04-23,9.59,SEK,Yahoo Finance / trailingDilutedEPS historical timeseries,yahoo_trailing_diluted
HMS.ST,2026-Q2,2026-06-30,2026-07-14,11.01,SEK,Yahoo Finance / trailingDilutedEPS historical timeseries,yahoo_trailing_diluted
HOLM-A.ST,2018-Q3,,2018-10-24,12.2444,SEK,User-supplied historical EPS TTM / all Yahoo overlaps <1%,strict_user_history_gap_fill
HOLM-A.ST,2018-Q4,,2019-01-31,13.4767,SEK,User-supplied historical EPS TTM / all Yahoo overlaps <1%,strict_user_history_gap_fill
HOLM-A.ST,2019-Q1,,2019-05-08,13.4708,SEK,User-supplied historical EPS TTM / all Yahoo overlaps <1%,strict_user_history_gap_fill
HOLM-A.ST,2019-Q2,,2019-08-15,11.6347,SEK,User-supplied historical EPS TTM / all Yahoo overlaps <1%,strict_user_history_gap_fill
HOLM-A.ST,2019-Q3,,2019-10-18,11.4084,SEK,User-supplied historical EPS TTM / all Yahoo overlaps <1%,strict_user_history_gap_fill
HOLM-A.ST,2019-Q4,,2020-01-30,53.6785,SEK,User-supplied historical EPS TTM / all Yahoo overlaps <1%,strict_user_history_gap_fill
HOLM-A.ST,2020-Q1,,2020-04-29,53.7166,SEK,User-supplied historical EPS TTM / all Yahoo overlaps <1%,strict_user_history_gap_fill
HOLM-A.ST,2020-Q2,,2020-08-13,53.5728,SEK,User-supplied historical EPS TTM / all Yahoo overlaps <1%,strict_user_history_gap_fill
HOLM-A.ST,2020-Q3,,2020-10-21,54.5621,SEK,User-supplied historical EPS TTM / all Yahoo overlaps <1%,strict_user_history_gap_fill
HOLM-A.ST,2020-Q4,,2021-02-05,12.2216,SEK,User-supplied historical EPS TTM / all Yahoo overlaps <1%,strict_user_history_gap_fill
HOLM-A.ST,2021-Q1,,2021-04-29,13.358,SEK,User-supplied historical EPS TTM / all Yahoo overlaps <1%,strict_user_history_gap_fill
HOLM-A.ST,2021-Q2,,2021-08-19,15.1304,SEK,User-supplied historical EPS TTM / all Yahoo overlaps <1%,strict_user_history_gap_fill
HOLM-A.ST,2021-Q3,,2021-10-22,16.3532,SEK,User-supplied historical EPS TTM / all Yahoo overlaps <1%,strict_user_history_gap_fill
HOLM-A.ST,2021-Q4,,2022-01-28,18.5517,SEK,User-supplied historical EPS TTM / all Yahoo overlaps <1%,strict_user_history_gap_fill
HOLM-A.ST,2022-Q1,,2022-04-28,23.5417,SEK,User-supplied historical EPS TTM / all Yahoo overlaps <1%,strict_user_history_gap_fill
HOLM-A.ST,2022-Q2,,2022-08-19,29.3667,SEK,User-supplied historical EPS TTM / all Yahoo overlaps <1%,strict_user_history_gap_fill
HOLM-A.ST,2022-Q3,,2022-10-20,33.8027,SEK,User-supplied historical EPS TTM / all Yahoo overlaps <1%,strict_user_history_gap_fill
HOLM-A.ST,2022-Q4,,2023-01-31,36.2694,SEK,User-supplied historical EPS TTM / all Yahoo overlaps <1%,strict_user_history_gap_fill
HOLM-A.ST,2023-Q1,,2023-04-28,35.5737,SEK,User-supplied historical EPS TTM / all Yahoo overlaps <1%,strict_user_history_gap_fill
HOLM-A.ST,2023-Q2,,2023-08-17,30.938,SEK,User-supplied historical EPS TTM / all Yahoo overlaps <1%,strict_user_history_gap_fill
HOLM-A.ST,2023-Q3,2023-09-30,2023-10-25,27.4,SEK,Yahoo Finance / trailingDilutedEPS historical timeseries,yahoo_trailing_diluted
HOLM-A.ST,2023-Q4,2023-12-31,2024-01-31,23.0,SEK,Yahoo Finance / trailingDilutedEPS historical timeseries,yahoo_trailing_diluted
HOLM-A.ST,2024-Q1,2024-03-31,2024-04-26,19.2,SEK,Yahoo Finance / trailingDilutedEPS historical timeseries,yahoo_trailing_diluted
HOLM-A.ST,2024-Q2,2024-06-30,2024-08-15,18.3,SEK,Yahoo Finance / trailingDilutedEPS historical timeseries,yahoo_trailing_diluted
HOLM-A.ST,2024-Q3,2024-09-30,2024-10-24,17.9,SEK,Yahoo Finance / trailingDilutedEPS historical timeseries,yahoo_trailing_diluted
HOLM-A.ST,2024-Q4,2024-12-31,2025-01-31,18.0,SEK,Yahoo Finance / trailingDilutedEPS historical timeseries,yahoo_trailing_diluted
HOLM-A.ST,2025-Q1,2025-03-31,2025-05-08,18.1,SEK,Yahoo Finance / trailingDilutedEPS historical timeseries,yahoo_trailing_diluted
HOLM-A.ST,2025-Q2,2025-06-30,2025-08-14,17.3,SEK,Yahoo Finance / trailingDilutedEPS historical timeseries,yahoo_trailing_diluted
HOLM-A.ST,2025-Q3,2025-09-30,2025-10-23,18.2,SEK,Yahoo Finance / trailingDilutedEPS reconstructed from quarterlyDilutedEPS,yahoo_reconstructed_diluted_ttm
HOLM-A.ST,2025-Q4,2025-12-31,2026-01-30,18.5,SEK,Yahoo Finance / trailingDilutedEPS historical timeseries,yahoo_trailing_diluted
HOLM-A.ST,2026-Q1,2026-03-31,2026-04-28,17.7,SEK,Yahoo Finance / trailingDilutedEPS historical timeseries,yahoo_trailing_diluted
HOLM-A.ST,2026-Q2,2026-06-30,2026-08-20,17.3,SEK,Yahoo Finance / trailingDilutedEPS historical timeseries,yahoo_trailing_diluted
HPOL-B.ST,2018-Q3,,2018-10-25,4.9054,SEK,User-supplied historical EPS TTM / all Yahoo overlaps <1%,strict_user_history_gap_fill
HPOL-B.ST,2018-Q4,,2019-02-01,4.7821,SEK,User-supplied historical EPS TTM / all Yahoo overlaps <1%,strict_user_history_gap_fill
HPOL-B.ST,2019-Q1,,2019-04-26,4.8605,SEK,User-supplied historical EPS TTM / all Yahoo overlaps <1%,strict_user_history_gap_fill
HPOL-B.ST,2019-Q2,,2019-07-18,4.8228,SEK,User-supplied historical EPS TTM / all Yahoo overlaps <1%,strict_user_history_gap_fill
HPOL-B.ST,2019-Q3,,2019-10-24,4.6804,SEK,User-supplied historical EPS TTM / all Yahoo overlaps <1%,strict_user_history_gap_fill
HPOL-B.ST,2019-Q4,,2020-01-30,4.4799,SEK,User-supplied historical EPS TTM / all Yahoo overlaps <1%,strict_user_history_gap_fill
HPOL-B.ST,2020-Q1,,2020-04-28,4.3841,SEK,User-supplied historical EPS TTM / all Yahoo overlaps <1%,strict_user_history_gap_fill
HPOL-B.ST,2020-Q2,,2020-07-17,3.5386,SEK,User-supplied historical EPS TTM / all Yahoo overlaps <1%,strict_user_history_gap_fill
HPOL-B.ST,2020-Q3,,2020-10-23,3.7449,SEK,User-supplied historical EPS TTM / all Yahoo overlaps <1%,strict_user_history_gap_fill
HPOL-B.ST,2020-Q4,,2021-01-29,4.0935,SEK,User-supplied historical EPS TTM / all Yahoo overlaps <1%,strict_user_history_gap_fill
HPOL-B.ST,2021-Q1,,2021-04-28,4.4673,SEK,User-supplied historical EPS TTM / all Yahoo overlaps <1%,strict_user_history_gap_fill
HPOL-B.ST,2021-Q2,,2021-07-16,5.6719,SEK,User-supplied historical EPS TTM / all Yahoo overlaps <1%,strict_user_history_gap_fill
HPOL-B.ST,2021-Q3,,2021-10-22,6.8759,SEK,User-supplied historical EPS TTM / all Yahoo overlaps <1%,strict_user_history_gap_fill
HPOL-B.ST,2021-Q4,,2022-01-28,6.846,SEK,User-supplied historical EPS TTM / all Yahoo overlaps <1%,strict_user_history_gap_fill
HPOL-B.ST,2022-Q1,,2022-04-28,7.0376,SEK,User-supplied historical EPS TTM / all Yahoo overlaps <1%,strict_user_history_gap_fill
HPOL-B.ST,2022-Q2,,2022-07-15,7.3482,SEK,User-supplied historical EPS TTM / all Yahoo overlaps <1%,strict_user_history_gap_fill
HPOL-B.ST,2022-Q3,,2022-10-21,6.6921,SEK,User-supplied historical EPS TTM / all Yahoo overlaps <1%,strict_user_history_gap_fill
HPOL-B.ST,2022-Q4,,2023-01-27,7.2089,SEK,User-supplied historical EPS TTM / all Yahoo overlaps <1%,strict_user_history_gap_fill
HPOL-B.ST,2023-Q1,,2023-04-28,7.4063,SEK,User-supplied historical EPS TTM / all Yahoo overlaps <1%,strict_user_history_gap_fill
HPOL-B.ST,2023-Q2,,2023-07-19,7.5079,SEK,User-supplied historical EPS TTM / all Yahoo overlaps <1%,strict_user_history_gap_fill
HPOL-B.ST,2023-Q3,2023-09-30,2023-10-27,7.67,SEK,Yahoo Finance / trailingDilutedEPS historical timeseries,yahoo_trailing_diluted
HPOL-B.ST,2023-Q4,,2024-01-26,7.3279,SEK,User-supplied historical EPS TTM / all Yahoo overlaps <1%,strict_user_history_gap_fill
HPOL-B.ST,2024-Q1,2024-03-31,2024-04-26,7.29,SEK,Yahoo Finance / trailingDilutedEPS historical timeseries,yahoo_trailing_diluted
HPOL-B.ST,2024-Q2,2024-06-30,2024-07-17,7.22,SEK,Yahoo Finance / trailingDilutedEPS historical timeseries,yahoo_trailing_diluted
HPOL-B.ST,2024-Q3,2024-09-30,2024-10-25,6.89,SEK,Yahoo Finance / trailingDilutedEPS historical timeseries,yahoo_trailing_diluted
HPOL-B.ST,2024-Q4,2024-12-31,2025-01-28,6.45,SEK,Yahoo Finance / trailingDilutedEPS historical timeseries,yahoo_trailing_diluted
HPOL-B.ST,2025-Q1,2025-03-31,2025-04-25,6.3,SEK,Yahoo Finance / trailingDilutedEPS historical timeseries,yahoo_trailing_diluted
HPOL-B.ST,2025-Q2,2025-06-30,2025-07-18,5.96,SEK,Yahoo Finance / trailingDilutedEPS historical timeseries,yahoo_trailing_diluted
HPOL-B.ST,2025-Q3,2025-09-30,2025-10-24,5.68,SEK,Yahoo Finance / trailingDilutedEPS reconstructed from quarterlyDilutedEPS,yahoo_reconstructed_diluted_ttm
HPOL-B.ST,2025-Q4,2025-12-31,2026-01-29,5.64,SEK,Yahoo Finance / trailingDilutedEPS historical timeseries,yahoo_trailing_diluted
HPOL-B.ST,2026-Q1,2026-03-31,2026-05-04,5.36,SEK,Yahoo Finance / trailingDilutedEPS historical timeseries,yahoo_trailing_diluted
HPOL-B.ST,2026-Q2,2026-06-30,2026-07-20,5.3,SEK,Yahoo Finance / trailingDilutedEPS historical timeseries,yahoo_trailing_diluted
HTRO.ST,2018-Q3,,2018-11-07,0.5199,SEK,User-supplied historical EPS TTM fallback,fallback_user_history
HTRO.ST,2018-Q4,,2019-02-22,0.3142,SEK,User-supplied historical EPS TTM fallback,fallback_user_history
HTRO.ST,2019-Q1,,2019-05-03,0.2823,SEK,User-supplied historical EPS TTM fallback,fallback_user_history
HTRO.ST,2019-Q2,,2019-08-16,0.286,SEK,User-supplied historical EPS TTM fallback,fallback_user_history
HTRO.ST,2019-Q3,,2019-11-06,0.3171,SEK,User-supplied historical EPS TTM fallback,fallback_user_history
HTRO.ST,2019-Q4,,2020-02-21,0.3605,SEK,User-supplied historical EPS TTM fallback,fallback_user_history
HTRO.ST,2020-Q1,,2020-04-29,0.3802,SEK,User-supplied historical EPS TTM fallback,fallback_user_history
HTRO.ST,2020-Q2,,2020-08-14,0.4483,SEK,User-supplied historical EPS TTM fallback,fallback_user_history
HTRO.ST,2020-Q3,,2020-11-05,0.5103,SEK,User-supplied historical EPS TTM fallback,fallback_user_history
HTRO.ST,2020-Q4,,2021-02-24,0.6736,SEK,User-supplied historical EPS TTM fallback,fallback_user_history
HTRO.ST,2021-Q1,,2021-04-29,0.8324,SEK,User-supplied historical EPS TTM fallback,fallback_user_history
HTRO.ST,2021-Q2,,2021-08-12,1.0127,SEK,User-supplied historical EPS TTM fallback,fallback_user_history
HTRO.ST,2021-Q3,,2021-11-02,1.1755,SEK,User-supplied historical EPS TTM fallback,fallback_user_history
HTRO.ST,2021-Q4,,2022-02-24,1.2969,SEK,User-supplied historical EPS TTM fallback,fallback_user_history
HTRO.ST,2022-Q1,,2022-04-29,1.6858,SEK,User-supplied historical EPS TTM fallback,fallback_user_history
HTRO.ST,2022-Q2,,2022-08-11,2.2582,SEK,User-supplied historical EPS TTM fallback,fallback_user_history
HTRO.ST,2022-Q3,,2022-10-28,3.1897,SEK,User-supplied historical EPS TTM fallback,fallback_user_history
HTRO.ST,2022-Q4,,2023-02-09,3.8895,SEK,User-supplied historical EPS TTM fallback,fallback_user_history
HTRO.ST,2023-Q1,,2023-04-27,4.3841,SEK,User-supplied historical EPS TTM fallback,fallback_user_history
HTRO.ST,2023-Q2,,2023-08-15,4.7207,SEK,User-supplied historical EPS TTM fallback,fallback_user_history
HTRO.ST,2023-Q3,2023-09-30,2023-10-27,4.28,SEK,Yahoo Finance / trailingDilutedEPS historical timeseries,yahoo_trailing_diluted
HTRO.ST,2023-Q4,2023-12-31,2024-02-09,4.17,SEK,Yahoo Finance / trailingDilutedEPS historical timeseries,yahoo_trailing_diluted
HTRO.ST,2024-Q1,2024-03-31,2024-04-26,3.39,SEK,Yahoo Finance / trailingDilutedEPS historical timeseries,yahoo_trailing_diluted
HTRO.ST,2024-Q2,2024-06-30,2024-07-16,2.55,SEK,Yahoo Finance / trailingDilutedEPS historical timeseries,yahoo_trailing_diluted
HTRO.ST,2024-Q3,2024-09-30,2024-10-25,2.22,SEK,Yahoo Finance / trailingDilutedEPS historical timeseries,yahoo_trailing_diluted
HTRO.ST,2024-Q4,2024-12-31,2025-02-07,1.69,SEK,Yahoo Finance / trailingDilutedEPS historical timeseries,yahoo_trailing_diluted
HTRO.ST,2025-Q1,2025-03-31,2025-04-29,1.8,SEK,Yahoo Finance / trailingDilutedEPS historical timeseries,yahoo_trailing_diluted
HTRO.ST,2025-Q2,2025-06-30,2025-07-14,1.74,SEK,Yahoo Finance / trailingDilutedEPS historical timeseries,yahoo_trailing_diluted
HTRO.ST,2025-Q3,2025-09-30,2025-10-24,0.62,SEK,Yahoo Finance / trailingDilutedEPS reconstructed from quarterlyDilutedEPS,yahoo_reconstructed_diluted_ttm
HTRO.ST,2025-Q4,2025-12-31,2026-02-05,-0.07,SEK,Yahoo Finance / trailingDilutedEPS historical timeseries,yahoo_trailing_diluted
HTRO.ST,2026-Q1,2026-03-31,2026-04-29,-0.09,SEK,Yahoo Finance / trailingDilutedEPS historical timeseries,yahoo_trailing_diluted
HTRO.ST,2026-Q2,2026-06-30,2026-07-15,0.19,SEK,Yahoo Finance / trailingDilutedEPS historical timeseries,yahoo_trailing_diluted
HUFV-A.ST,2018-Q3,,2018-11-09,19.5905,SEK,User-supplied historical EPS TTM / all Yahoo overlaps <1%,strict_user_history_gap_fill
HUFV-A.ST,2018-Q4,,2019-02-14,20.9424,SEK,User-supplied historical EPS TTM / all Yahoo overlaps <1%,strict_user_history_gap_fill
HUFV-A.ST,2019-Q1,,2019-05-09,20.0111,SEK,User-supplied historical EPS TTM / all Yahoo overlaps <1%,strict_user_history_gap_fill
HUFV-A.ST,2019-Q2,,2019-08-21,15.639,SEK,User-supplied historical EPS TTM / all Yahoo overlaps <1%,strict_user_history_gap_fill
HUFV-A.ST,2019-Q3,,2019-11-07,15.6448,SEK,User-supplied historical EPS TTM / all Yahoo overlaps <1%,strict_user_history_gap_fill
HUFV-A.ST,2019-Q4,,2020-02-13,15.2541,SEK,User-supplied historical EPS TTM / all Yahoo overlaps <1%,strict_user_history_gap_fill
HUFV-A.ST,2020-Q1,,2020-05-07,10.4157,SEK,User-supplied historical EPS TTM / all Yahoo overlaps <1%,strict_user_history_gap_fill
HUFV-A.ST,2020-Q2,,2020-08-26,2.8298,SEK,User-supplied historical EPS TTM / all Yahoo overlaps <1%,strict_user_history_gap_fill
HUFV-A.ST,2020-Q3,,2020-11-05,0.4805,SEK,User-supplied historical EPS TTM / all Yahoo overlaps <1%,strict_user_history_gap_fill
HUFV-A.ST,2020-Q4,,2021-02-18,-7.129,SEK,User-supplied historical EPS TTM / all Yahoo overlaps <1%,strict_user_history_gap_fill
HUFV-A.ST,2021-Q1,,2021-05-06,-4.6445,SEK,User-supplied historical EPS TTM / all Yahoo overlaps <1%,strict_user_history_gap_fill
HUFV-A.ST,2021-Q2,,2021-08-23,1.9174,SEK,User-supplied historical EPS TTM / all Yahoo overlaps <1%,strict_user_history_gap_fill
HUFV-A.ST,2021-Q3,,2021-11-11,4.0147,SEK,User-supplied historical EPS TTM / all Yahoo overlaps <1%,strict_user_history_gap_fill
HUFV-A.ST,2021-Q4,,2022-02-17,14.608,SEK,User-supplied historical EPS TTM / all Yahoo overlaps <1%,strict_user_history_gap_fill
HUFV-A.ST,2022-Q1,,2022-05-05,16.4186,SEK,User-supplied historical EPS TTM / all Yahoo overlaps <1%,strict_user_history_gap_fill
HUFV-A.ST,2022-Q2,,2022-08-24,14.5423,SEK,User-supplied historical EPS TTM / all Yahoo overlaps <1%,strict_user_history_gap_fill
HUFV-A.ST,2022-Q3,,2022-11-10,13.528,SEK,User-supplied historical EPS TTM / all Yahoo overlaps <1%,strict_user_history_gap_fill
HUFV-A.ST,2022-Q4,,2023-02-16,3.5688,SEK,User-supplied historical EPS TTM / all Yahoo overlaps <1%,strict_user_history_gap_fill
HUFV-A.ST,2023-Q1,,2023-05-11,-0.778,SEK,User-supplied historical EPS TTM / all Yahoo overlaps <1%,strict_user_history_gap_fill
HUFV-A.ST,2023-Q2,,2023-08-24,-6.9528,SEK,User-supplied historical EPS TTM / all Yahoo overlaps <1%,strict_user_history_gap_fill
HUFV-A.ST,2023-Q3,2023-09-30,2023-11-09,-9.46,SEK,Yahoo Finance / trailingDilutedEPS historical timeseries,yahoo_trailing_diluted
HUFV-A.ST,2023-Q4,,2024-02-15,-9.5261,SEK,User-supplied historical EPS TTM / all Yahoo overlaps <1%,strict_user_history_gap_fill
HUFV-A.ST,2024-Q1,2024-03-31,2024-05-08,-9.02,SEK,Yahoo Finance / trailingDilutedEPS historical timeseries,yahoo_trailing_diluted
HUFV-A.ST,2024-Q2,2024-06-30,2024-08-22,-4.5,SEK,Yahoo Finance / trailingDilutedEPS historical timeseries,yahoo_trailing_diluted
HUFV-A.ST,2024-Q3,2024-09-30,2024-11-07,-2.74,SEK,Yahoo Finance / trailingDilutedEPS historical timeseries,yahoo_trailing_diluted
HUFV-A.ST,2024-Q4,2024-12-31,2025-02-13,1.8,SEK,Yahoo Finance / trailingDilutedEPS historical timeseries,yahoo_trailing_diluted
HUFV-A.ST,2025-Q1,2025-03-31,2025-05-08,4.16,SEK,Yahoo Finance / trailingDilutedEPS historical timeseries,yahoo_trailing_diluted
HUFV-A.ST,2025-Q2,2025-06-30,2025-08-20,4.86,SEK,Yahoo Finance / trailingDilutedEPS historical timeseries,yahoo_trailing_diluted
HUFV-A.ST,2025-Q3,2025-09-30,2025-11-06,5.43,SEK,Yahoo Finance / trailingDilutedEPS reconstructed from quarterlyDilutedEPS,yahoo_reconstructed_diluted_ttm
HUFV-A.ST,2025-Q4,2025-12-31,2026-02-12,4.18,SEK,Yahoo Finance / trailingDilutedEPS historical timeseries,yahoo_trailing_diluted
HUFV-A.ST,2026-Q1,2026-03-31,2026-05-08,5.29,SEK,Yahoo Finance / trailingDilutedEPS historical timeseries,yahoo_trailing_diluted
HUFV-A.ST,2026-Q2,2026-06-30,2026-08-20,5.92,SEK,Yahoo Finance / trailingDilutedEPS historical timeseries,yahoo_trailing_diluted
INDT.ST,2018-Q3,,2018-11-08,3.2266,SEK,User-supplied historical EPS TTM / all Yahoo overlaps <1%,strict_user_history_gap_fill
INDT.ST,2018-Q4,,2019-02-13,3.771,SEK,User-supplied historical EPS TTM / all Yahoo overlaps <1%,strict_user_history_gap_fill
INDT.ST,2019-Q1,,2019-04-25,3.9297,SEK,User-supplied historical EPS TTM / all Yahoo overlaps <1%,strict_user_history_gap_fill
INDT.ST,2019-Q2,,2019-07-18,3.9325,SEK,User-supplied historical EPS TTM / all Yahoo overlaps <1%,strict_user_history_gap_fill
INDT.ST,2019-Q3,,2019-10-25,4.0064,SEK,User-supplied historical EPS TTM / all Yahoo overlaps <1%,strict_user_history_gap_fill
INDT.ST,2019-Q4,,2020-02-05,4.0854,SEK,User-supplied historical EPS TTM / all Yahoo overlaps <1%,strict_user_history_gap_fill
INDT.ST,2020-Q1,,2020-04-27,4.1918,SEK,User-supplied historical EPS TTM / all Yahoo overlaps <1%,strict_user_history_gap_fill
INDT.ST,2020-Q2,,2020-07-17,4.2022,SEK,User-supplied historical EPS TTM / all Yahoo overlaps <1%,strict_user_history_gap_fill
INDT.ST,2020-Q3,,2020-10-20,4.4482,SEK,User-supplied historical EPS TTM / all Yahoo overlaps <1%,strict_user_history_gap_fill
INDT.ST,2020-Q4,,2021-02-02,4.5942,SEK,User-supplied historical EPS TTM / all Yahoo overlaps <1%,strict_user_history_gap_fill
INDT.ST,2021-Q1,,2021-04-29,4.7888,SEK,User-supplied historical EPS TTM / all Yahoo overlaps <1%,strict_user_history_gap_fill
INDT.ST,2021-Q2,,2021-07-19,5.3158,SEK,User-supplied historical EPS TTM / all Yahoo overlaps <1%,strict_user_history_gap_fill
INDT.ST,2021-Q3,,2021-10-28,5.5598,SEK,User-supplied historical EPS TTM / all Yahoo overlaps <1%,strict_user_history_gap_fill
INDT.ST,2021-Q4,,2022-02-02,5.7528,SEK,User-supplied historical EPS TTM / all Yahoo overlaps <1%,strict_user_history_gap_fill
INDT.ST,2022-Q1,,2022-04-29,6.2351,SEK,User-supplied historical EPS TTM / all Yahoo overlaps <1%,strict_user_history_gap_fill
INDT.ST,2022-Q2,,2022-07-19,6.5444,SEK,User-supplied historical EPS TTM / all Yahoo overlaps <1%,strict_user_history_gap_fill
INDT.ST,2022-Q3,,2022-10-28,6.9339,SEK,User-supplied historical EPS TTM / all Yahoo overlaps <1%,strict_user_history_gap_fill
INDT.ST,2022-Q4,,2023-02-02,7.3618,SEK,User-supplied historical EPS TTM / all Yahoo overlaps <1%,strict_user_history_gap_fill
INDT.ST,2023-Q1,,2023-04-27,7.6746,SEK,User-supplied historical EPS TTM / all Yahoo overlaps <1%,strict_user_history_gap_fill
INDT.ST,2023-Q2,,2023-07-20,7.8091,SEK,User-supplied historical EPS TTM / all Yahoo overlaps <1%,strict_user_history_gap_fill
INDT.ST,2023-Q3,2023-09-30,2023-10-27,7.78,SEK,Yahoo Finance / trailingDilutedEPS historical timeseries,yahoo_trailing_diluted
INDT.ST,2023-Q4,2023-12-31,2024-02-01,7.86,SEK,Yahoo Finance / trailingDilutedEPS historical timeseries,yahoo_trailing_diluted
INDT.ST,2024-Q1,2024-03-31,2024-04-25,7.41,SEK,Yahoo Finance / trailingDilutedEPS historical timeseries,yahoo_trailing_diluted
INDT.ST,2024-Q2,2024-06-30,2024-07-18,7.42,SEK,Yahoo Finance / trailingDilutedEPS historical timeseries,yahoo_trailing_diluted
INDT.ST,2024-Q3,2024-09-30,2024-10-25,7.47,SEK,Yahoo Finance / trailingDilutedEPS historical timeseries,yahoo_trailing_diluted
INDT.ST,2024-Q4,2024-12-31,2025-01-30,7.54,SEK,Yahoo Finance / trailingDilutedEPS historical timeseries,yahoo_trailing_diluted
INDT.ST,2025-Q1,2025-03-31,2025-04-25,7.64,SEK,Yahoo Finance / trailingDilutedEPS historical timeseries,yahoo_trailing_diluted
INDT.ST,2025-Q2,2025-06-30,2025-07-15,7.39,SEK,Yahoo Finance / trailingDilutedEPS historical timeseries,yahoo_trailing_diluted
INDT.ST,2025-Q3,2025-09-30,2025-10-21,7.32,SEK,Yahoo Finance / trailingDilutedEPS reconstructed from quarterlyDilutedEPS,yahoo_reconstructed_diluted_ttm
INDT.ST,2025-Q4,2025-12-31,2026-01-29,7.03,SEK,Yahoo Finance / trailingDilutedEPS historical timeseries,yahoo_trailing_diluted
INDT.ST,2026-Q1,2026-03-31,2026-04-24,6.96,SEK,Yahoo Finance / trailingDilutedEPS historical timeseries,yahoo_trailing_diluted
INDT.ST,2026-Q2,2026-06-30,2026-07-16,7.36,SEK,Yahoo Finance / trailingDilutedEPS historical timeseries,yahoo_trailing_diluted
INDU-A.ST,2020-Q1,,2020-04-07,-9.1381,SEK,User-supplied historical EPS TTM fallback,fallback_user_history
INDU-A.ST,2020-Q2,,2020-07-07,5.8546,SEK,User-supplied historical EPS TTM fallback,fallback_user_history
INDU-A.ST,2020-Q3,,2020-10-06,26.231,SEK,User-supplied historical EPS TTM fallback,fallback_user_history
INDU-A.ST,2020-Q4,,2021-02-09,19.393,SEK,User-supplied historical EPS TTM fallback,fallback_user_history
INDU-A.ST,2021-Q1,,2021-04-09,103.9108,SEK,User-supplied historical EPS TTM fallback,fallback_user_history
INDU-A.ST,2021-Q2,,2021-07-06,73.576,SEK,User-supplied historical EPS TTM fallback,fallback_user_history
INDU-A.ST,2021-Q3,,2021-10-11,45.3528,SEK,User-supplied historical EPS TTM fallback,fallback_user_history
INDU-A.ST,2021-Q4,,2022-02-10,61.3831,SEK,User-supplied historical EPS TTM fallback,fallback_user_history
INDU-A.ST,2022-Q1,,2022-04-07,-26.4272,SEK,User-supplied historical EPS TTM fallback,fallback_user_history
INDU-A.ST,2022-Q2,,2022-07-07,-41.0914,SEK,User-supplied historical EPS TTM fallback,fallback_user_history
INDU-A.ST,2022-Q3,,2022-10-06,-39.7639,SEK,User-supplied historical EPS TTM fallback,fallback_user_history
INDU-A.ST,2022-Q4,,2023-02-03,-32.3386,SEK,User-supplied historical EPS TTM fallback,fallback_user_history
INDU-A.ST,2023-Q1,2022-12-31,2023-04-05,-32.34,SEK,Yahoo Finance / trailingDilutedEPS historical timeseries,yahoo_trailing_diluted
INDU-A.ST,2023-Q2,,2023-07-06,60.5419,SEK,User-supplied historical EPS TTM fallback,fallback_user_history
INDU-A.ST,2023-Q3,2023-09-30,2023-10-06,69.93,SEK,Yahoo Finance / trailingDilutedEPS historical timeseries,yahoo_trailing_diluted
INDU-A.ST,2023-Q4,2023-12-31,2024-02-02,62.15,SEK,Yahoo Finance / trailingDilutedEPS historical timeseries,yahoo_trailing_diluted
INDU-A.ST,2024-Q1,2024-03-31,2024-04-08,73.05,SEK,Yahoo Finance / trailingDilutedEPS historical timeseries,yahoo_trailing_diluted
INDU-A.ST,2024-Q2,2024-06-30,2024-07-08,52.33,SEK,Yahoo Finance / trailingDilutedEPS historical timeseries,yahoo_trailing_diluted
INDU-A.ST,2024-Q3,2024-09-30,2024-10-17,72.73,SEK,Yahoo Finance / trailingDilutedEPS historical timeseries,yahoo_trailing_diluted
INDU-A.ST,2024-Q4,2024-12-31,2025-02-10,29.3,SEK,Yahoo Finance / trailingDilutedEPS historical timeseries,yahoo_trailing_diluted
INDU-A.ST,2025-Q1,2025-03-31,2025-04-08,9.01,SEK,Yahoo Finance / trailingDilutedEPS historical timeseries,yahoo_trailing_diluted
INDU-A.ST,2025-Q2,2025-06-30,2025-07-08,30.37,SEK,Yahoo Finance / trailingDilutedEPS historical timeseries,yahoo_trailing_diluted
INDU-A.ST,2025-Q3,2025-09-30,2025-10-16,31.95,SEK,Yahoo Finance / trailingDilutedEPS reconstructed from quarterlyDilutedEPS,yahoo_reconstructed_diluted_ttm
INDU-A.ST,2025-Q4,2025-12-31,2026-02-06,81.97,SEK,Yahoo Finance / trailingDilutedEPS historical timeseries,yahoo_trailing_diluted
INDU-A.ST,2026-Q1,2026-03-31,2026-04-10,92.78,SEK,Yahoo Finance / trailingDilutedEPS historical timeseries,yahoo_trailing_diluted
INDU-A.ST,2026-Q2,2026-06-30,2026-07-08,145.54,SEK,Yahoo Finance / trailingDilutedEPS historical timeseries,yahoo_trailing_diluted
INTRUM.ST,2018-Q3,,2018-10-26,3.0972,SEK,User-supplied historical EPS TTM fallback,fallback_user_history
INTRUM.ST,2018-Q4,,2019-01-30,3.1458,SEK,User-supplied historical EPS TTM fallback,fallback_user_history
INTRUM.ST,2019-Q1,,2019-04-26,3.5076,SEK,User-supplied historical EPS TTM fallback,fallback_user_history
INTRUM.ST,2019-Q2,,2019-07-18,3.6939,SEK,User-supplied historical EPS TTM fallback,fallback_user_history
INTRUM.ST,2019-Q3,,2019-10-23,3.942,SEK,User-supplied historical EPS TTM fallback,fallback_user_history
INTRUM.ST,2019-Q4,,2020-02-04,-0.5587,SEK,User-supplied historical EPS TTM fallback,fallback_user_history
INTRUM.ST,2020-Q1,,2020-05-06,-1.7087,SEK,User-supplied historical EPS TTM fallback,fallback_user_history
INTRUM.ST,2020-Q2,,2020-07-23,-1.8842,SEK,User-supplied historical EPS TTM fallback,fallback_user_history
INTRUM.ST,2020-Q3,,2020-10-23,-1.3416,SEK,User-supplied historical EPS TTM fallback,fallback_user_history
INTRUM.ST,2020-Q4,,2021-01-28,3.1166,SEK,User-supplied historical EPS TTM fallback,fallback_user_history
INTRUM.ST,2021-Q1,,2021-04-29,4.3721,SEK,User-supplied historical EPS TTM fallback,fallback_user_history
INTRUM.ST,2021-Q2,,2021-07-22,4.5906,SEK,User-supplied historical EPS TTM fallback,fallback_user_history
INTRUM.ST,2021-Q3,,2021-10-21,4.0633,SEK,User-supplied historical EPS TTM fallback,fallback_user_history
INTRUM.ST,2021-Q4,,2022-01-27,5.1827,SEK,User-supplied historical EPS TTM fallback,fallback_user_history
INTRUM.ST,2022-Q1,,2022-04-29,4.8859,SEK,User-supplied historical EPS TTM fallback,fallback_user_history
INTRUM.ST,2022-Q2,,2022-07-21,4.6889,SEK,User-supplied historical EPS TTM fallback,fallback_user_history
INTRUM.ST,2022-Q3,,2022-10-27,0.4015,SEK,User-supplied historical EPS TTM fallback,fallback_user_history
INTRUM.ST,2022-Q4,,2023-01-26,-7.4412,SEK,User-supplied historical EPS TTM fallback,fallback_user_history
INTRUM.ST,2023-Q1,,2023-04-27,-8.3202,SEK,User-supplied historical EPS TTM fallback,fallback_user_history
INTRUM.ST,2023-Q2,,2023-07-20,-9.3984,SEK,User-supplied historical EPS TTM fallback,fallback_user_history
INTRUM.ST,2023-Q3,2023-09-30,2023-10-25,-33.23,SEK,Yahoo Finance / trailingDilutedEPS historical timeseries,yahoo_trailing_diluted
INTRUM.ST,2023-Q4,,2024-01-25,-0.1214,SEK,User-supplied historical EPS TTM fallback,fallback_user_history
INTRUM.ST,2024-Q1,2024-03-31,2024-04-24,-3.73,SEK,Yahoo Finance / trailingDilutedEPS historical timeseries,yahoo_trailing_diluted
INTRUM.ST,2024-Q2,2024-06-30,2024-07-18,-14.9,SEK,Yahoo Finance / trailingDilutedEPS historical timeseries,yahoo_trailing_diluted
INTRUM.ST,2024-Q3,2024-09-30,2024-10-23,-21.53,SEK,Yahoo Finance / trailingDilutedEPS historical timeseries,yahoo_trailing_diluted
INTRUM.ST,2024-Q4,,2025-01-30,-6.1444,SEK,User-supplied historical EPS TTM fallback,fallback_user_history
INTRUM.ST,2025-Q1,2025-03-31,2025-05-07,-27.86,SEK,Yahoo Finance / trailingDilutedEPS historical timeseries,yahoo_trailing_diluted
INTRUM.ST,2025-Q2,2025-06-30,2025-07-25,-14.11,SEK,Yahoo Finance / trailingDilutedEPS historical timeseries,yahoo_trailing_diluted
INTRUM.ST,2025-Q3,2025-09-30,2025-10-30,-9.425729,SEK,Yahoo Finance / trailingDilutedEPS reconstructed from quarterlyDilutedEPS,yahoo_reconstructed_diluted_ttm
INTRUM.ST,2025-Q4,2025-12-31,2026-01-29,-11.25,SEK,Yahoo Finance / trailingDilutedEPS historical timeseries,yahoo_trailing_diluted
INTRUM.ST,2026-Q1,2026-03-31,2026-05-07,-2.97296,SEK,Yahoo Finance / trailingDilutedEPS historical timeseries,yahoo_trailing_diluted
INTRUM.ST,2026-Q2,,2026-08-28,-3.0284,SEK,User-supplied historical EPS TTM fallback,fallback_user_history
INVE-A.ST,2018-Q3,,2018-10-18,13.6575,SEK,User-supplied historical EPS TTM / all Yahoo overlaps <1%,strict_user_history_gap_fill
INVE-A.ST,2018-Q4,,2019-01-25,-0.7478,SEK,User-supplied historical EPS TTM / all Yahoo overlaps <1%,strict_user_history_gap_fill
INVE-A.ST,2019-Q1,,2019-04-24,7.2222,SEK,User-supplied historical EPS TTM / all Yahoo overlaps <1%,strict_user_history_gap_fill
INVE-A.ST,2019-Q2,,2019-07-17,8.9347,SEK,User-supplied historical EPS TTM / all Yahoo overlaps <1%,strict_user_history_gap_fill
INVE-A.ST,2019-Q3,,2019-10-23,7.3047,SEK,User-supplied historical EPS TTM / all Yahoo overlaps <1%,strict_user_history_gap_fill
INVE-A.ST,2019-Q4,,2020-01-23,33.05,SEK,User-supplied historical EPS TTM / all Yahoo overlaps <1%,strict_user_history_gap_fill
INVE-A.ST,2020-Q1,,2020-04-23,8.4794,SEK,User-supplied historical EPS TTM / all Yahoo overlaps <1%,strict_user_history_gap_fill
INVE-A.ST,2020-Q2,,2020-07-17,23.5895,SEK,User-supplied historical EPS TTM / all Yahoo overlaps <1%,strict_user_history_gap_fill
INVE-A.ST,2020-Q3,,2020-10-22,25.7319,SEK,User-supplied historical EPS TTM / all Yahoo overlaps <1%,strict_user_history_gap_fill
INVE-A.ST,2020-Q4,,2021-01-22,17.2203,SEK,User-supplied historical EPS TTM / all Yahoo overlaps <1%,strict_user_history_gap_fill
INVE-A.ST,2021-Q1,,2021-04-22,61.1658,SEK,User-supplied historical EPS TTM / all Yahoo overlaps <1%,strict_user_history_gap_fill
INVE-A.ST,2021-Q2,,2021-07-16,57.3058,SEK,User-supplied historical EPS TTM / all Yahoo overlaps <1%,strict_user_history_gap_fill
INVE-A.ST,2021-Q3,,2021-10-21,57.2366,SEK,User-supplied historical EPS TTM / all Yahoo overlaps <1%,strict_user_history_gap_fill
INVE-A.ST,2021-Q4,,2022-01-21,81.1983,SEK,User-supplied historical EPS TTM / all Yahoo overlaps <1%,strict_user_history_gap_fill
INVE-A.ST,2022-Q1,,2022-04-21,29.8606,SEK,User-supplied historical EPS TTM / all Yahoo overlaps <1%,strict_user_history_gap_fill
INVE-A.ST,2022-Q2,,2022-07-15,-8.6694,SEK,User-supplied historical EPS TTM / all Yahoo overlaps <1%,strict_user_history_gap_fill
INVE-A.ST,2022-Q3,,2022-10-21,-14.7393,SEK,User-supplied historical EPS TTM / all Yahoo overlaps <1%,strict_user_history_gap_fill
INVE-A.ST,2022-Q4,,2023-01-20,-24.3893,SEK,User-supplied historical EPS TTM / all Yahoo overlaps <1%,strict_user_history_gap_fill
INVE-A.ST,2023-Q1,,2023-04-20,8.8871,SEK,User-supplied historical EPS TTM / all Yahoo overlaps <1%,strict_user_history_gap_fill
INVE-A.ST,2023-Q2,,2023-07-17,45.0729,SEK,User-supplied historical EPS TTM / all Yahoo overlaps <1%,strict_user_history_gap_fill
INVE-A.ST,2023-Q3,2023-09-30,2023-10-19,38.72,SEK,Yahoo Finance / trailingDilutedEPS historical timeseries,yahoo_trailing_diluted
INVE-A.ST,2023-Q4,2023-12-31,2024-01-19,41.46,SEK,Yahoo Finance / trailingDilutedEPS historical timeseries,yahoo_trailing_diluted
INVE-A.ST,2024-Q1,2024-03-31,2024-04-18,52.61,SEK,Yahoo Finance / trailingDilutedEPS historical timeseries,yahoo_trailing_diluted
INVE-A.ST,2024-Q2,2024-06-30,2024-07-17,59.09,SEK,Yahoo Finance / trailingDilutedEPS historical timeseries,yahoo_trailing_diluted
INVE-A.ST,2024-Q3,2024-09-30,2024-10-17,66.88,SEK,Yahoo Finance / trailingDilutedEPS historical timeseries,yahoo_trailing_diluted
INVE-A.ST,2024-Q4,,2025-01-23,36.9698,SEK,User-supplied historical EPS TTM / all Yahoo overlaps <1%,strict_user_history_gap_fill
INVE-A.ST,2025-Q1,2025-03-31,2025-04-23,14.12,SEK,Yahoo Finance / trailingDilutedEPS historical timeseries,yahoo_trailing_diluted
INVE-A.ST,2025-Q2,2025-06-30,2025-07-17,7.63,SEK,Yahoo Finance / trailingDilutedEPS historical timeseries,yahoo_trailing_diluted
INVE-A.ST,2025-Q3,2025-09-30,2025-10-16,22.97,SEK,Yahoo Finance / trailingDilutedEPS reconstructed from quarterlyDilutedEPS,yahoo_reconstructed_diluted_ttm
INVE-A.ST,2025-Q4,2025-12-31,2026-01-22,51.39,SEK,Yahoo Finance / trailingDilutedEPS historical timeseries,yahoo_trailing_diluted
INVE-A.ST,2026-Q1,2026-03-31,2026-04-21,62.21,SEK,Yahoo Finance / trailingDilutedEPS reconstructed from quarterlyDilutedEPS,yahoo_reconstructed_diluted_ttm
INVE-A.ST,2026-Q2,2026-06-30,2026-07-16,85.69,SEK,Yahoo Finance / trailingDilutedEPS historical timeseries,yahoo_trailing_diluted
INWI.ST,2018-Q3,,2018-10-23,5.52,SEK,User-supplied historical EPS TTM / all Yahoo overlaps <1%,strict_user_history_gap_fill
INWI.ST,2018-Q4,,2019-02-06,7.4541,SEK,User-supplied historical EPS TTM / all Yahoo overlaps <1%,strict_user_history_gap_fill
INWI.ST,2019-Q1,,2019-04-25,7.4892,SEK,User-supplied historical EPS TTM / all Yahoo overlaps <1%,strict_user_history_gap_fill
INWI.ST,2019-Q2,,2019-07-15,7.2384,SEK,User-supplied historical EPS TTM / all Yahoo overlaps <1%,strict_user_history_gap_fill
INWI.ST,2019-Q3,,2019-10-23,7.4871,SEK,User-supplied historical EPS TTM / all Yahoo overlaps <1%,strict_user_history_gap_fill
INWI.ST,2019-Q4,,2020-02-05,7.4654,SEK,User-supplied historical EPS TTM / all Yahoo overlaps <1%,strict_user_history_gap_fill
INWI.ST,2020-Q1,,2020-04-23,6.9903,SEK,User-supplied historical EPS TTM / all Yahoo overlaps <1%,strict_user_history_gap_fill
INWI.ST,2020-Q2,,2020-07-15,7.4028,SEK,User-supplied historical EPS TTM / all Yahoo overlaps <1%,strict_user_history_gap_fill
INWI.ST,2020-Q3,,2020-10-21,7.8992,SEK,User-supplied historical EPS TTM / all Yahoo overlaps <1%,strict_user_history_gap_fill
INWI.ST,2020-Q4,,2021-02-10,8.6376,SEK,User-supplied historical EPS TTM / all Yahoo overlaps <1%,strict_user_history_gap_fill
INWI.ST,2021-Q1,,2021-04-27,10.2506,SEK,User-supplied historical EPS TTM / all Yahoo overlaps <1%,strict_user_history_gap_fill
INWI.ST,2021-Q2,,2021-07-16,11.0786,SEK,User-supplied historical EPS TTM / all Yahoo overlaps <1%,strict_user_history_gap_fill
INWI.ST,2021-Q3,,2021-10-26,11.591,SEK,User-supplied historical EPS TTM / all Yahoo overlaps <1%,strict_user_history_gap_fill
INWI.ST,2021-Q4,,2022-02-08,12.2914,SEK,User-supplied historical EPS TTM / all Yahoo overlaps <1%,strict_user_history_gap_fill
INWI.ST,2022-Q1,,2022-04-28,12.6605,SEK,User-supplied historical EPS TTM / all Yahoo overlaps <1%,strict_user_history_gap_fill
INWI.ST,2022-Q2,,2022-07-15,13.0314,SEK,User-supplied historical EPS TTM / all Yahoo overlaps <1%,strict_user_history_gap_fill
INWI.ST,2022-Q3,,2022-10-25,13.3454,SEK,User-supplied historical EPS TTM / all Yahoo overlaps <1%,strict_user_history_gap_fill
INWI.ST,2022-Q4,,2023-02-07,13.7387,SEK,User-supplied historical EPS TTM / all Yahoo overlaps <1%,strict_user_history_gap_fill
INWI.ST,2023-Q1,,2023-04-25,13.561,SEK,User-supplied historical EPS TTM / all Yahoo overlaps <1%,strict_user_history_gap_fill
INWI.ST,2023-Q2,,2023-07-14,13.2557,SEK,User-supplied historical EPS TTM / all Yahoo overlaps <1%,strict_user_history_gap_fill
INWI.ST,2023-Q3,2023-09-30,2023-10-24,12.64,SEK,Yahoo Finance / trailingDilutedEPS historical timeseries,yahoo_trailing_diluted
INWI.ST,2023-Q4,2023-12-31,2024-02-08,11.72,SEK,Yahoo Finance / trailingDilutedEPS historical timeseries,yahoo_trailing_diluted
INWI.ST,2024-Q1,2024-03-31,2024-04-23,10.19,SEK,Yahoo Finance / trailingDilutedEPS historical timeseries,yahoo_trailing_diluted
INWI.ST,2024-Q2,2024-06-30,2024-07-12,9.35,SEK,Yahoo Finance / trailingDilutedEPS historical timeseries,yahoo_trailing_diluted
INWI.ST,2024-Q3,2024-09-30,2024-10-22,9.3,SEK,Yahoo Finance / trailingDilutedEPS historical timeseries,yahoo_trailing_diluted
INWI.ST,2024-Q4,2024-12-31,2025-02-04,9.26,SEK,Yahoo Finance / trailingDilutedEPS historical timeseries,yahoo_trailing_diluted
INWI.ST,2025-Q1,2025-03-31,2025-04-24,9.54,SEK,Yahoo Finance / trailingDilutedEPS historical timeseries,yahoo_trailing_diluted
INWI.ST,2025-Q2,2025-06-30,2025-07-14,9.7,SEK,Yahoo Finance / trailingDilutedEPS historical timeseries,yahoo_trailing_diluted
INWI.ST,2025-Q3,2025-09-30,2025-10-21,9.14,SEK,Yahoo Finance / trailingDilutedEPS reconstructed from quarterlyDilutedEPS,yahoo_reconstructed_diluted_ttm
INWI.ST,2025-Q4,2025-12-31,2026-02-03,8.85,SEK,Yahoo Finance / trailingDilutedEPS historical timeseries,yahoo_trailing_diluted
INWI.ST,2026-Q1,2026-03-31,2026-04-28,8.38,SEK,Yahoo Finance / trailingDilutedEPS historical timeseries,yahoo_trailing_diluted
INWI.ST,2026-Q2,2026-06-30,2026-07-15,9.1,SEK,Yahoo Finance / trailingDilutedEPS historical timeseries,yahoo_trailing_diluted
KAMBI.ST,2024-Q1,2024-03-31,2024-04-24,0.487,EUR,Yahoo Finance / trailingDilutedEPS historical timeseries,yahoo_trailing_diluted
KAMBI.ST,2024-Q2,2024-06-30,2024-07-24,0.557,EUR,Yahoo Finance / trailingDilutedEPS historical timeseries,yahoo_trailing_diluted
KAMBI.ST,2024-Q3,2024-09-30,2024-11-06,0.526,EUR,Yahoo Finance / trailingDilutedEPS historical timeseries,yahoo_trailing_diluted
KAMBI.ST,2024-Q4,2024-12-31,2025-02-26,0.515,EUR,Yahoo Finance / trailingDilutedEPS historical timeseries,yahoo_trailing_diluted
KAMBI.ST,2025-Q1,2025-03-31,2025-04-30,0.435,EUR,Yahoo Finance / trailingDilutedEPS historical timeseries,yahoo_trailing_diluted
KAMBI.ST,2025-Q2,2025-06-30,2025-07-23,0.291,EUR,Yahoo Finance / trailingDilutedEPS historical timeseries,yahoo_trailing_diluted
KAMBI.ST,2025-Q3,2025-09-30,2025-11-05,0.236,EUR,Yahoo Finance / trailingDilutedEPS reconstructed from quarterlyDilutedEPS,yahoo_reconstructed_diluted_ttm
KAMBI.ST,2025-Q4,2025-12-31,2026-02-18,0.238,EUR,Yahoo Finance / trailingDilutedEPS historical timeseries,yahoo_trailing_diluted
KAMBI.ST,2026-Q1,2026-03-31,2026-04-29,0.297,EUR,Yahoo Finance / trailingDilutedEPS historical timeseries,yahoo_trailing_diluted
KAMBI.ST,2026-Q2,2026-06-30,2026-07-22,0.413,EUR,Yahoo Finance / trailingDilutedEPS historical timeseries,yahoo_trailing_diluted
KNOW.ST,2018-Q3,,2018-10-25,11.31,SEK,User-supplied historical EPS TTM / all Yahoo overlaps <1%,strict_user_history_gap_fill
KNOW.ST,2018-Q4,,2019-02-08,11.6207,SEK,User-supplied historical EPS TTM / all Yahoo overlaps <1%,strict_user_history_gap_fill
KNOW.ST,2019-Q1,,2019-04-26,12.174,SEK,User-supplied historical EPS TTM / all Yahoo overlaps <1%,strict_user_history_gap_fill
KNOW.ST,2019-Q2,,2019-07-15,11.9164,SEK,User-supplied historical EPS TTM / all Yahoo overlaps <1%,strict_user_history_gap_fill
KNOW.ST,2019-Q3,,2019-10-23,11.8108,SEK,User-supplied historical EPS TTM / all Yahoo overlaps <1%,strict_user_history_gap_fill
KNOW.ST,2019-Q4,,2020-02-06,12.0598,SEK,User-supplied historical EPS TTM / all Yahoo overlaps <1%,strict_user_history_gap_fill
KNOW.ST,2020-Q1,,2020-04-27,12.6104,SEK,User-supplied historical EPS TTM / all Yahoo overlaps <1%,strict_user_history_gap_fill
KNOW.ST,2020-Q2,,2020-07-15,12.3714,SEK,User-supplied historical EPS TTM / all Yahoo overlaps <1%,strict_user_history_gap_fill
KNOW.ST,2020-Q3,,2020-10-22,12.7194,SEK,User-supplied historical EPS TTM / all Yahoo overlaps <1%,strict_user_history_gap_fill
KNOW.ST,2020-Q4,,2021-02-05,12.9517,SEK,User-supplied historical EPS TTM / all Yahoo overlaps <1%,strict_user_history_gap_fill
KNOW.ST,2021-Q1,,2021-04-29,12.0488,SEK,User-supplied historical EPS TTM / all Yahoo overlaps <1%,strict_user_history_gap_fill
KNOW.ST,2021-Q2,,2021-07-15,11.9745,SEK,User-supplied historical EPS TTM / all Yahoo overlaps <1%,strict_user_history_gap_fill
KNOW.ST,2021-Q3,,2021-10-22,11.5585,SEK,User-supplied historical EPS TTM / all Yahoo overlaps <1%,strict_user_history_gap_fill
KNOW.ST,2021-Q4,,2022-02-04,12.1165,SEK,User-supplied historical EPS TTM / all Yahoo overlaps <1%,strict_user_history_gap_fill
KNOW.ST,2022-Q1,,2022-05-02,12.9672,SEK,User-supplied historical EPS TTM / all Yahoo overlaps <1%,strict_user_history_gap_fill
KNOW.ST,2022-Q2,,2022-07-15,15.6445,SEK,User-supplied historical EPS TTM / all Yahoo overlaps <1%,strict_user_history_gap_fill
KNOW.ST,2022-Q3,,2022-10-25,14.4113,SEK,User-supplied historical EPS TTM / all Yahoo overlaps <1%,strict_user_history_gap_fill
KNOW.ST,2022-Q4,,2023-02-07,14.0465,SEK,User-supplied historical EPS TTM / all Yahoo overlaps <1%,strict_user_history_gap_fill
KNOW.ST,2023-Q1,,2023-05-03,13.346,SEK,User-supplied historical EPS TTM / all Yahoo overlaps <1%,strict_user_history_gap_fill
KNOW.ST,2023-Q2,,2023-07-20,9.351,SEK,User-supplied historical EPS TTM / all Yahoo overlaps <1%,strict_user_history_gap_fill
KNOW.ST,2023-Q3,2023-09-30,2023-10-25,9.74,SEK,Yahoo Finance / trailingDilutedEPS historical timeseries,yahoo_trailing_diluted
KNOW.ST,2023-Q4,2023-12-31,2024-02-08,8.74,SEK,Yahoo Finance / trailingDilutedEPS historical timeseries,yahoo_trailing_diluted
KNOW.ST,2024-Q1,2024-03-31,2024-05-03,7.33,SEK,Yahoo Finance / trailingDilutedEPS historical timeseries,yahoo_trailing_diluted
KNOW.ST,2024-Q2,2024-06-30,2024-07-19,6.73,SEK,Yahoo Finance / trailingDilutedEPS historical timeseries,yahoo_trailing_diluted
KNOW.ST,2024-Q3,2024-09-30,2024-10-25,5.76,SEK,Yahoo Finance / trailingDilutedEPS historical timeseries,yahoo_trailing_diluted
KNOW.ST,2024-Q4,2024-12-31,2025-02-07,3.88,SEK,Yahoo Finance / trailingDilutedEPS historical timeseries,yahoo_trailing_diluted
KNOW.ST,2025-Q1,2025-03-31,2025-04-29,3.05,SEK,Yahoo Finance / trailingDilutedEPS historical timeseries,yahoo_trailing_diluted
KNOW.ST,2025-Q2,2025-06-30,2025-07-18,2.96,SEK,Yahoo Finance / trailingDilutedEPS historical timeseries,yahoo_trailing_diluted
KNOW.ST,2025-Q3,2025-09-30,2025-10-24,3.5700000000000003,SEK,Yahoo Finance / trailingDilutedEPS reconstructed from quarterlyDilutedEPS,yahoo_reconstructed_diluted_ttm
KNOW.ST,2025-Q4,2025-12-31,2026-02-06,-10.43,SEK,Yahoo Finance / trailingDilutedEPS historical timeseries,yahoo_trailing_diluted
KNOW.ST,2026-Q1,2026-03-31,2026-04-29,-10.73,SEK,Yahoo Finance / trailingDilutedEPS historical timeseries,yahoo_trailing_diluted
KNOW.ST,2026-Q2,2026-06-30,2026-07-17,-10.62,SEK,Yahoo Finance / trailingDilutedEPS historical timeseries,yahoo_trailing_diluted
LAGR-B.ST,2018-Q3,,2018-10-23,1.5133,SEK,User-supplied historical EPS TTM / all Yahoo overlaps <1%,strict_user_history_gap_fill
LAGR-B.ST,2018-Q4,,2019-01-29,1.6034,SEK,User-supplied historical EPS TTM / all Yahoo overlaps <1%,strict_user_history_gap_fill
LAGR-B.ST,2019-Q1,,2019-05-09,1.6787,SEK,User-supplied historical EPS TTM / all Yahoo overlaps <1%,strict_user_history_gap_fill
LAGR-B.ST,2019-Q2,,2019-07-18,1.7079,SEK,User-supplied historical EPS TTM / all Yahoo overlaps <1%,strict_user_history_gap_fill
LAGR-B.ST,2019-Q3,,2019-10-23,1.7304,SEK,User-supplied historical EPS TTM / all Yahoo overlaps <1%,strict_user_history_gap_fill
LAGR-B.ST,2019-Q4,,2020-01-29,1.8127,SEK,User-supplied historical EPS TTM / all Yahoo overlaps <1%,strict_user_history_gap_fill
LAGR-B.ST,2020-Q1,,2020-05-13,1.7963,SEK,User-supplied historical EPS TTM / all Yahoo overlaps <1%,strict_user_history_gap_fill
LAGR-B.ST,2020-Q2,,2020-07-17,1.7377,SEK,User-supplied historical EPS TTM / all Yahoo overlaps <1%,strict_user_history_gap_fill
LAGR-B.ST,2020-Q3,,2020-10-23,1.7524,SEK,User-supplied historical EPS TTM / all Yahoo overlaps <1%,strict_user_history_gap_fill
LAGR-B.ST,2020-Q4,,2021-01-28,1.7813,SEK,User-supplied historical EPS TTM / all Yahoo overlaps <1%,strict_user_history_gap_fill
LAGR-B.ST,2021-Q1,,2021-05-11,1.9051,SEK,User-supplied historical EPS TTM / all Yahoo overlaps <1%,strict_user_history_gap_fill
LAGR-B.ST,2021-Q2,,2021-07-16,2.2419,SEK,User-supplied historical EPS TTM / all Yahoo overlaps <1%,strict_user_history_gap_fill
LAGR-B.ST,2021-Q3,,2021-10-22,2.4116,SEK,User-supplied historical EPS TTM / all Yahoo overlaps <1%,strict_user_history_gap_fill
LAGR-B.ST,2021-Q4,,2022-02-04,2.5916,SEK,User-supplied historical EPS TTM / all Yahoo overlaps <1%,strict_user_history_gap_fill
LAGR-B.ST,2022-Q1,,2022-05-17,2.8,SEK,User-supplied historical EPS TTM / all Yahoo overlaps <1%,strict_user_history_gap_fill
LAGR-B.ST,2022-Q2,,2022-07-19,2.9969,SEK,User-supplied historical EPS TTM / all Yahoo overlaps <1%,strict_user_history_gap_fill
LAGR-B.ST,2022-Q3,,2022-10-25,3.2532,SEK,User-supplied historical EPS TTM / all Yahoo overlaps <1%,strict_user_history_gap_fill
LAGR-B.ST,2022-Q4,,2023-02-01,3.501,SEK,User-supplied historical EPS TTM / all Yahoo overlaps <1%,strict_user_history_gap_fill
LAGR-B.ST,2023-Q1,,2023-05-16,3.7026,SEK,User-supplied historical EPS TTM / all Yahoo overlaps <1%,strict_user_history_gap_fill
LAGR-B.ST,2023-Q2,,2023-07-19,3.8374,SEK,User-supplied historical EPS TTM / all Yahoo overlaps <1%,strict_user_history_gap_fill
LAGR-B.ST,2023-Q3,2023-09-30,2023-10-25,4.0,SEK,Yahoo Finance / trailingDilutedEPS historical timeseries,yahoo_trailing_diluted
LAGR-B.ST,2023-Q4,2023-12-31,2024-02-06,4.12,SEK,Yahoo Finance / trailingDilutedEPS historical timeseries,yahoo_trailing_diluted
LAGR-B.ST,2024-Q1,2024-03-31,2024-05-17,4.25,SEK,Yahoo Finance / trailingDilutedEPS historical timeseries,yahoo_trailing_diluted
LAGR-B.ST,2024-Q2,2024-06-30,2024-07-18,4.32,SEK,Yahoo Finance / trailingDilutedEPS historical timeseries,yahoo_trailing_diluted
LAGR-B.ST,2024-Q3,2024-09-30,2024-10-25,4.4,SEK,Yahoo Finance / trailingDilutedEPS historical timeseries,yahoo_trailing_diluted
LAGR-B.ST,2024-Q4,2024-12-31,2025-01-31,4.61,SEK,Yahoo Finance / trailingDilutedEPS historical timeseries,yahoo_trailing_diluted
LAGR-B.ST,2025-Q1,2025-03-31,2025-05-20,4.93,SEK,Yahoo Finance / trailingDilutedEPS historical timeseries,yahoo_trailing_diluted
LAGR-B.ST,2025-Q2,2025-06-30,2025-07-18,5.12,SEK,Yahoo Finance / trailingDilutedEPS historical timeseries,yahoo_trailing_diluted
LAGR-B.ST,2025-Q3,2025-09-30,2025-10-24,5.31,SEK,Yahoo Finance / trailingDilutedEPS reconstructed from quarterlyDilutedEPS,yahoo_reconstructed_diluted_ttm
LAGR-B.ST,2025-Q4,2025-12-31,2026-02-06,5.53,SEK,Yahoo Finance / trailingDilutedEPS historical timeseries,yahoo_trailing_diluted
LAGR-B.ST,2026-Q1,2026-03-31,2026-05-19,5.81,SEK,Yahoo Finance / trailingDilutedEPS historical timeseries,yahoo_trailing_diluted
LAGR-B.ST,2026-Q2,2026-06-30,2026-07-17,6.07,SEK,Yahoo Finance / trailingDilutedEPS historical timeseries,yahoo_trailing_diluted
LIFCO-B.ST,2018-Q3,,2018-10-25,2.7913,SEK,User-supplied historical EPS TTM / all Yahoo overlaps <1%,strict_user_history_gap_fill
LIFCO-B.ST,2018-Q4,,2019-02-06,3.0584,SEK,User-supplied historical EPS TTM / all Yahoo overlaps <1%,strict_user_history_gap_fill
LIFCO-B.ST,2019-Q1,,2019-04-26,3.1967,SEK,User-supplied historical EPS TTM / all Yahoo overlaps <1%,strict_user_history_gap_fill
LIFCO-B.ST,2019-Q2,,2019-07-18,3.2518,SEK,User-supplied historical EPS TTM / all Yahoo overlaps <1%,strict_user_history_gap_fill
LIFCO-B.ST,2019-Q3,,2019-10-23,3.3266,SEK,User-supplied historical EPS TTM / all Yahoo overlaps <1%,strict_user_history_gap_fill
LIFCO-B.ST,2019-Q4,,2020-01-31,3.3134,SEK,User-supplied historical EPS TTM / all Yahoo overlaps <1%,strict_user_history_gap_fill
LIFCO-B.ST,2020-Q1,,2020-04-24,3.4961,SEK,User-supplied historical EPS TTM / all Yahoo overlaps <1%,strict_user_history_gap_fill
LIFCO-B.ST,2020-Q2,,2020-07-17,3.3288,SEK,User-supplied historical EPS TTM / all Yahoo overlaps <1%,strict_user_history_gap_fill
LIFCO-B.ST,2020-Q3,,2020-10-22,3.4763,SEK,User-supplied historical EPS TTM / all Yahoo overlaps <1%,strict_user_history_gap_fill
LIFCO-B.ST,2020-Q4,,2021-02-02,3.648,SEK,User-supplied historical EPS TTM / all Yahoo overlaps <1%,strict_user_history_gap_fill
LIFCO-B.ST,2021-Q1,,2021-04-23,3.8484,SEK,User-supplied historical EPS TTM / all Yahoo overlaps <1%,strict_user_history_gap_fill
LIFCO-B.ST,2021-Q2,,2021-07-16,4.5551,SEK,User-supplied historical EPS TTM / all Yahoo overlaps <1%,strict_user_history_gap_fill
LIFCO-B.ST,2021-Q3,,2021-10-22,4.751,SEK,User-supplied historical EPS TTM / all Yahoo overlaps <1%,strict_user_history_gap_fill
LIFCO-B.ST,2021-Q4,,2022-02-02,5.2618,SEK,User-supplied historical EPS TTM / all Yahoo overlaps <1%,strict_user_history_gap_fill
LIFCO-B.ST,2022-Q1,,2022-04-29,5.5392,SEK,User-supplied historical EPS TTM / all Yahoo overlaps <1%,strict_user_history_gap_fill
LIFCO-B.ST,2022-Q2,,2022-07-15,5.788,SEK,User-supplied historical EPS TTM / all Yahoo overlaps <1%,strict_user_history_gap_fill
LIFCO-B.ST,2022-Q3,,2022-10-21,6.1182,SEK,User-supplied historical EPS TTM / all Yahoo overlaps <1%,strict_user_history_gap_fill
LIFCO-B.ST,2022-Q4,,2023-02-03,6.1293,SEK,User-supplied historical EPS TTM / all Yahoo overlaps <1%,strict_user_history_gap_fill
LIFCO-B.ST,2023-Q1,,2023-04-28,6.4881,SEK,User-supplied historical EPS TTM / all Yahoo overlaps <1%,strict_user_history_gap_fill
LIFCO-B.ST,2023-Q2,,2023-07-14,6.7039,SEK,User-supplied historical EPS TTM / all Yahoo overlaps <1%,strict_user_history_gap_fill
LIFCO-B.ST,2023-Q3,2023-09-30,2023-10-20,6.88,SEK,Yahoo Finance / trailingDilutedEPS historical timeseries,yahoo_trailing_diluted
LIFCO-B.ST,2023-Q4,,2024-02-02,7.208,SEK,User-supplied historical EPS TTM / all Yahoo overlaps <1%,strict_user_history_gap_fill
LIFCO-B.ST,2024-Q1,2024-03-31,2024-04-24,7.01,SEK,Yahoo Finance / trailingDilutedEPS historical timeseries,yahoo_trailing_diluted
LIFCO-B.ST,2024-Q2,2024-06-30,2024-07-12,7.11,SEK,Yahoo Finance / trailingDilutedEPS historical timeseries,yahoo_trailing_diluted
LIFCO-B.ST,2024-Q3,2024-09-30,2024-10-22,7.12,SEK,Yahoo Finance / trailingDilutedEPS historical timeseries,yahoo_trailing_diluted
LIFCO-B.ST,2024-Q4,2024-12-31,2025-01-31,7.27,SEK,Yahoo Finance / trailingDilutedEPS historical timeseries,yahoo_trailing_diluted
LIFCO-B.ST,2025-Q1,2025-03-31,2025-04-25,7.59,SEK,Yahoo Finance / trailingDilutedEPS historical timeseries,yahoo_trailing_diluted
LIFCO-B.ST,2025-Q2,2025-06-30,2025-07-14,7.52,SEK,Yahoo Finance / trailingDilutedEPS historical timeseries,yahoo_trailing_diluted
LIFCO-B.ST,2025-Q3,2025-09-30,2025-10-23,7.85,SEK,Yahoo Finance / trailingDilutedEPS reconstructed from quarterlyDilutedEPS,yahoo_reconstructed_diluted_ttm
LIFCO-B.ST,2025-Q4,2025-12-31,2026-01-30,8.0,SEK,Yahoo Finance / trailingDilutedEPS historical timeseries,yahoo_trailing_diluted
LIFCO-B.ST,2026-Q1,2026-03-31,2026-04-24,8.14,SEK,Yahoo Finance / trailingDilutedEPS historical timeseries,yahoo_trailing_diluted
LIFCO-B.ST,2026-Q2,2026-06-30,2026-07-14,8.48,SEK,Yahoo Finance / trailingDilutedEPS historical timeseries,yahoo_trailing_diluted
LIME.ST,2019-Q2,,2019-07-19,153.4392,SEK,User-supplied historical EPS TTM / all Yahoo overlaps <1%,strict_user_history_gap_fill
LIME.ST,2019-Q3,,2019-10-25,2.3497,SEK,User-supplied historical EPS TTM / all Yahoo overlaps <1%,strict_user_history_gap_fill
LIME.ST,2019-Q4,,2020-02-13,2.939,SEK,User-supplied historical EPS TTM / all Yahoo overlaps <1%,strict_user_history_gap_fill
LIME.ST,2020-Q1,,2020-04-28,3.4464,SEK,User-supplied historical EPS TTM / all Yahoo overlaps <1%,strict_user_history_gap_fill
LIME.ST,2020-Q2,,2020-07-17,3.8929,SEK,User-supplied historical EPS TTM / all Yahoo overlaps <1%,strict_user_history_gap_fill
LIME.ST,2020-Q3,,2020-10-22,4.1138,SEK,User-supplied historical EPS TTM / all Yahoo overlaps <1%,strict_user_history_gap_fill
LIME.ST,2020-Q4,,2021-02-16,4.721,SEK,User-supplied historical EPS TTM / all Yahoo overlaps <1%,strict_user_history_gap_fill
LIME.ST,2021-Q1,,2021-04-27,4.9151,SEK,User-supplied historical EPS TTM / all Yahoo overlaps <1%,strict_user_history_gap_fill
LIME.ST,2021-Q2,,2021-07-16,4.9191,SEK,User-supplied historical EPS TTM / all Yahoo overlaps <1%,strict_user_history_gap_fill
LIME.ST,2021-Q3,,2021-10-21,4.6225,SEK,User-supplied historical EPS TTM / all Yahoo overlaps <1%,strict_user_history_gap_fill
LIME.ST,2021-Q4,,2022-02-16,4.2483,SEK,User-supplied historical EPS TTM / all Yahoo overlaps <1%,strict_user_history_gap_fill
LIME.ST,2022-Q1,,2022-04-26,4.2019,SEK,User-supplied historical EPS TTM / all Yahoo overlaps <1%,strict_user_history_gap_fill
LIME.ST,2022-Q2,,2022-07-15,4.534,SEK,User-supplied historical EPS TTM / all Yahoo overlaps <1%,strict_user_history_gap_fill
LIME.ST,2022-Q3,,2022-10-20,4.7992,SEK,User-supplied historical EPS TTM / all Yahoo overlaps <1%,strict_user_history_gap_fill
LIME.ST,2022-Q4,,2023-02-16,5.0869,SEK,User-supplied historical EPS TTM / all Yahoo overlaps <1%,strict_user_history_gap_fill
LIME.ST,2023-Q1,,2023-04-26,5.42,SEK,User-supplied historical EPS TTM / all Yahoo overlaps <1%,strict_user_history_gap_fill
LIME.ST,2023-Q2,,2023-07-14,5.62,SEK,User-supplied historical EPS TTM / all Yahoo overlaps <1%,strict_user_history_gap_fill
LIME.ST,2023-Q3,2023-09-30,2023-10-19,5.88,SEK,Yahoo Finance / trailingDilutedEPS historical timeseries,yahoo_trailing_diluted
LIME.ST,2023-Q4,2023-12-31,2024-02-14,6.21,SEK,Yahoo Finance / trailingDilutedEPS historical timeseries,yahoo_trailing_diluted
LIME.ST,2024-Q1,,2024-04-25,6.4446,SEK,User-supplied historical EPS TTM / all Yahoo overlaps <1%,strict_user_history_gap_fill
LIME.ST,2024-Q2,2024-06-30,2024-07-12,6.39,SEK,Yahoo Finance / trailingDilutedEPS historical timeseries,yahoo_trailing_diluted
LIME.ST,2024-Q3,2024-09-30,2024-10-23,6.62,SEK,Yahoo Finance / trailingDilutedEPS historical timeseries,yahoo_trailing_diluted
LIME.ST,2024-Q4,,2025-02-12,6.67,SEK,User-supplied historical EPS TTM / all Yahoo overlaps <1%,strict_user_history_gap_fill
LIME.ST,2025-Q1,2025-03-31,2025-04-24,7.0,SEK,Yahoo Finance / trailingDilutedEPS historical timeseries,yahoo_trailing_diluted
LIME.ST,2025-Q2,2025-06-30,2025-07-11,7.43,SEK,Yahoo Finance / trailingDilutedEPS historical timeseries,yahoo_trailing_diluted
LIME.ST,2025-Q3,2025-09-30,2025-10-21,7.759999999999999,SEK,Yahoo Finance / trailingDilutedEPS reconstructed from quarterlyDilutedEPS,yahoo_reconstructed_diluted_ttm
LIME.ST,2025-Q4,2025-12-31,2026-02-12,8.35,SEK,Yahoo Finance / trailingDilutedEPS historical timeseries,yahoo_trailing_diluted
LIME.ST,2026-Q1,2026-03-31,2026-04-21,8.53,SEK,Yahoo Finance / trailingDilutedEPS historical timeseries,yahoo_trailing_diluted
LIME.ST,2026-Q2,2026-06-30,2026-07-14,8.98,SEK,Yahoo Finance / trailingDilutedEPS historical timeseries,yahoo_trailing_diluted
LOOMIS.ST,2020-Q2,,2020-07-24,16.8293,SEK,User-supplied historical EPS TTM / all Yahoo overlaps <1%,strict_user_history_gap_fill
LOOMIS.ST,2020-Q3,,2020-11-05,13.5591,SEK,User-supplied historical EPS TTM / all Yahoo overlaps <1%,strict_user_history_gap_fill
LOOMIS.ST,2020-Q4,,2021-02-03,9.518,SEK,User-supplied historical EPS TTM / all Yahoo overlaps <1%,strict_user_history_gap_fill
LOOMIS.ST,2021-Q1,,2021-05-06,7.2989,SEK,User-supplied historical EPS TTM / all Yahoo overlaps <1%,strict_user_history_gap_fill
LOOMIS.ST,2021-Q2,,2021-07-23,10.6101,SEK,User-supplied historical EPS TTM / all Yahoo overlaps <1%,strict_user_history_gap_fill
LOOMIS.ST,2021-Q3,,2021-11-03,11.2894,SEK,User-supplied historical EPS TTM / all Yahoo overlaps <1%,strict_user_history_gap_fill
LOOMIS.ST,2021-Q4,,2022-02-03,14.7455,SEK,User-supplied historical EPS TTM / all Yahoo overlaps <1%,strict_user_history_gap_fill
LOOMIS.ST,2022-Q1,,2022-05-04,16.1044,SEK,User-supplied historical EPS TTM / all Yahoo overlaps <1%,strict_user_history_gap_fill
LOOMIS.ST,2022-Q2,,2022-07-22,16.7884,SEK,User-supplied historical EPS TTM / all Yahoo overlaps <1%,strict_user_history_gap_fill
LOOMIS.ST,2022-Q3,,2022-10-28,19.7482,SEK,User-supplied historical EPS TTM / all Yahoo overlaps <1%,strict_user_history_gap_fill
LOOMIS.ST,2022-Q4,,2023-02-02,21.9687,SEK,User-supplied historical EPS TTM / all Yahoo overlaps <1%,strict_user_history_gap_fill
LOOMIS.ST,2023-Q1,,2023-05-04,23.6132,SEK,User-supplied historical EPS TTM / all Yahoo overlaps <1%,strict_user_history_gap_fill
LOOMIS.ST,2023-Q2,,2023-07-21,24.6055,SEK,User-supplied historical EPS TTM / all Yahoo overlaps <1%,strict_user_history_gap_fill
LOOMIS.ST,2023-Q3,2023-09-30,2023-10-26,23.57,SEK,Yahoo Finance / trailingDilutedEPS historical timeseries,yahoo_trailing_diluted
LOOMIS.ST,2023-Q4,2023-12-31,2024-01-31,20.96,SEK,Yahoo Finance / trailingDilutedEPS historical timeseries,yahoo_trailing_diluted
LOOMIS.ST,2024-Q1,2024-03-31,2024-05-06,20.37,SEK,Yahoo Finance / trailingDilutedEPS historical timeseries,yahoo_trailing_diluted
LOOMIS.ST,2024-Q2,2024-06-30,2024-07-24,20.99,SEK,Yahoo Finance / trailingDilutedEPS historical timeseries,yahoo_trailing_diluted
LOOMIS.ST,2024-Q3,2024-09-30,2024-10-29,21.97,SEK,Yahoo Finance / trailingDilutedEPS historical timeseries,yahoo_trailing_diluted
LOOMIS.ST,2024-Q4,,2025-02-05,23.457,SEK,User-supplied historical EPS TTM / all Yahoo overlaps <1%,strict_user_history_gap_fill
LOOMIS.ST,2025-Q1,2025-03-31,2025-05-07,23.96,SEK,Yahoo Finance / trailingDilutedEPS historical timeseries,yahoo_trailing_diluted
LOOMIS.ST,2025-Q2,2025-06-30,2025-07-25,25.32,SEK,Yahoo Finance / trailingDilutedEPS historical timeseries,yahoo_trailing_diluted
LOOMIS.ST,2025-Q3,2025-09-30,2025-10-31,26.22,SEK,Yahoo Finance / trailingDilutedEPS reconstructed from quarterlyDilutedEPS,yahoo_reconstructed_diluted_ttm
LOOMIS.ST,2025-Q4,2025-12-31,2026-02-04,23.21,SEK,Yahoo Finance / trailingDilutedEPS historical timeseries,yahoo_trailing_diluted
LOOMIS.ST,2026-Q1,2026-03-31,2026-05-07,25.53,SEK,Yahoo Finance / trailingDilutedEPS historical timeseries,yahoo_trailing_diluted
LOOMIS.ST,2026-Q2,2026-06-30,2026-07-24,27.6,SEK,Yahoo Finance / trailingDilutedEPS historical timeseries,yahoo_trailing_diluted
LUMI.ST,2024-Q1,2024-03-31,2024-05-01,0.14,USD,Yahoo Finance / trailingDilutedEPS historical timeseries,yahoo_trailing_diluted
LUMI.ST,2024-Q2,2024-06-30,2024-07-30,0.21,USD,Yahoo Finance / trailingDilutedEPS historical timeseries,yahoo_trailing_diluted
LUMI.ST,2024-Q3,2024-09-30,2024-11-06,0.35,USD,Yahoo Finance / trailingDilutedEPS historical timeseries,yahoo_trailing_diluted
LUMI.ST,2024-Q4,,2025-02-20,0.0144,USD,User-supplied historical EPS TTM fallback,fallback_user_history
LUMI.ST,2025-Q1,2025-03-31,2025-05-08,-0.13,USD,Yahoo Finance / trailingDilutedEPS historical timeseries,yahoo_trailing_diluted
LUMI.ST,2025-Q2,2025-06-30,2025-08-06,-0.03,USD,Yahoo Finance / trailingDilutedEPS historical timeseries,yahoo_trailing_diluted
LUMI.ST,2025-Q3,,2025-11-06,0.2137,USD,User-supplied historical EPS TTM fallback,fallback_user_history
LUMI.ST,2025-Q4,2025-12-31,2026-02-20,1.49,USD,Yahoo Finance / trailingDilutedEPS historical timeseries,yahoo_trailing_diluted
LUMI.ST,2026-Q1,2026-03-31,2026-05-06,1.67,USD,Yahoo Finance / trailingDilutedEPS historical timeseries,yahoo_trailing_diluted
LUMI.ST,2026-Q2,2026-06-30,2026-08-06,1.75,USD,Yahoo Finance / trailingDilutedEPS historical timeseries,yahoo_trailing_diluted
MCAP.ST,2018-Q4,,2019-02-15,0.0752,SEK,User-supplied historical EPS TTM / all Yahoo overlaps <1%,strict_user_history_gap_fill
MCAP.ST,2019-Q1,,2019-05-10,0.7018,SEK,User-supplied historical EPS TTM / all Yahoo overlaps <1%,strict_user_history_gap_fill
MCAP.ST,2019-Q2,,2019-08-09,1.7173,SEK,User-supplied historical EPS TTM / all Yahoo overlaps <1%,strict_user_history_gap_fill
MCAP.ST,2019-Q3,,2019-10-31,2.3789,SEK,User-supplied historical EPS TTM / all Yahoo overlaps <1%,strict_user_history_gap_fill
MCAP.ST,2019-Q4,,2020-02-17,4.096,SEK,User-supplied historical EPS TTM / all Yahoo overlaps <1%,strict_user_history_gap_fill
MCAP.ST,2020-Q1,,2020-05-08,3.5902,SEK,User-supplied historical EPS TTM / all Yahoo overlaps <1%,strict_user_history_gap_fill
MCAP.ST,2020-Q2,,2020-08-19,3.8807,SEK,User-supplied historical EPS TTM / all Yahoo overlaps <1%,strict_user_history_gap_fill
MCAP.ST,2020-Q3,,2020-10-30,3.9245,SEK,User-supplied historical EPS TTM / all Yahoo overlaps <1%,strict_user_history_gap_fill
MCAP.ST,2020-Q4,,2021-02-19,4.2195,SEK,User-supplied historical EPS TTM / all Yahoo overlaps <1%,strict_user_history_gap_fill
MCAP.ST,2021-Q1,,2021-05-07,4.4444,SEK,User-supplied historical EPS TTM / all Yahoo overlaps <1%,strict_user_history_gap_fill
MCAP.ST,2021-Q2,,2021-07-30,4.189,SEK,User-supplied historical EPS TTM / all Yahoo overlaps <1%,strict_user_history_gap_fill
MCAP.ST,2021-Q3,,2021-10-29,5.1341,SEK,User-supplied historical EPS TTM / all Yahoo overlaps <1%,strict_user_history_gap_fill
MCAP.ST,2021-Q4,,2022-02-10,6.518,SEK,User-supplied historical EPS TTM / all Yahoo overlaps <1%,strict_user_history_gap_fill
MCAP.ST,2022-Q1,,2022-05-06,6.8959,SEK,User-supplied historical EPS TTM / all Yahoo overlaps <1%,strict_user_history_gap_fill
MCAP.ST,2022-Q2,,2022-07-29,7.2532,SEK,User-supplied historical EPS TTM / all Yahoo overlaps <1%,strict_user_history_gap_fill
MCAP.ST,2022-Q3,,2022-10-28,7.9555,SEK,User-supplied historical EPS TTM / all Yahoo overlaps <1%,strict_user_history_gap_fill
MCAP.ST,2022-Q4,,2023-02-10,7.9352,SEK,User-supplied historical EPS TTM / all Yahoo overlaps <1%,strict_user_history_gap_fill
MCAP.ST,2023-Q1,,2023-05-03,8.2844,SEK,User-supplied historical EPS TTM / all Yahoo overlaps <1%,strict_user_history_gap_fill
MCAP.ST,2023-Q2,,2023-07-28,10.0146,SEK,User-supplied historical EPS TTM / all Yahoo overlaps <1%,strict_user_history_gap_fill
MCAP.ST,2023-Q3,2023-09-30,2023-10-27,10.1,SEK,Yahoo Finance / trailingDilutedEPS historical timeseries,yahoo_trailing_diluted
MCAP.ST,2023-Q4,,2024-01-31,11.5821,SEK,User-supplied historical EPS TTM / all Yahoo overlaps <1%,strict_user_history_gap_fill
MCAP.ST,2024-Q1,2024-03-31,2024-05-03,13.7,SEK,Yahoo Finance / trailingDilutedEPS historical timeseries,yahoo_trailing_diluted
MCAP.ST,2024-Q2,2024-06-30,2024-07-24,14.4,SEK,Yahoo Finance / trailingDilutedEPS historical timeseries,yahoo_trailing_diluted
MCAP.ST,2024-Q3,2024-09-30,2024-10-25,15.3,SEK,Yahoo Finance / trailingDilutedEPS historical timeseries,yahoo_trailing_diluted
MCAP.ST,2024-Q4,2024-12-31,2025-01-31,14.0,SEK,Yahoo Finance / trailingDilutedEPS historical timeseries,yahoo_trailing_diluted
MCAP.ST,2025-Q1,2025-03-31,2025-04-29,13.6,SEK,Yahoo Finance / trailingDilutedEPS historical timeseries,yahoo_trailing_diluted
MCAP.ST,2025-Q2,2025-06-30,2025-07-23,13.3,SEK,Yahoo Finance / trailingDilutedEPS historical timeseries,yahoo_trailing_diluted
MCAP.ST,2025-Q3,2025-09-30,2025-10-24,13.2,SEK,Yahoo Finance / trailingDilutedEPS reconstructed from quarterlyDilutedEPS,yahoo_reconstructed_diluted_ttm
MCAP.ST,2025-Q4,2025-12-31,2026-02-06,14.7,SEK,Yahoo Finance / trailingDilutedEPS historical timeseries,yahoo_trailing_diluted
MCAP.ST,2026-Q1,2026-03-31,2026-04-29,15.0,SEK,Yahoo Finance / trailingDilutedEPS historical timeseries,yahoo_trailing_diluted
MCAP.ST,2026-Q2,2026-06-30,2026-07-21,16.1,SEK,Yahoo Finance / trailingDilutedEPS historical timeseries,yahoo_trailing_diluted
MCOV-B.ST,2024-Q1,2024-03-31,2024-04-26,0.149,EUR,Yahoo Finance / trailingDilutedEPS historical timeseries,yahoo_trailing_diluted
MCOV-B.ST,2024-Q2,2024-06-30,2024-07-25,0.155,EUR,Yahoo Finance / trailingDilutedEPS historical timeseries,yahoo_trailing_diluted
MCOV-B.ST,2024-Q3,2024-09-30,2024-10-30,0.131,EUR,Yahoo Finance / trailingDilutedEPS historical timeseries,yahoo_trailing_diluted
MCOV-B.ST,2024-Q4,2024-12-31,2025-02-12,0.112,EUR,Yahoo Finance / trailingDilutedEPS historical timeseries,yahoo_trailing_diluted
MCOV-B.ST,2025-Q1,2025-03-31,2025-04-29,0.204,EUR,Yahoo Finance / trailingDilutedEPS historical timeseries,yahoo_trailing_diluted
MCOV-B.ST,2025-Q2,2025-06-30,2025-07-24,0.288,EUR,Yahoo Finance / trailingDilutedEPS historical timeseries,yahoo_trailing_diluted
MCOV-B.ST,2025-Q3,2025-09-30,2025-11-05,0.447,EUR,Yahoo Finance / trailingDilutedEPS reconstructed from quarterlyDilutedEPS,yahoo_reconstructed_diluted_ttm
MCOV-B.ST,2025-Q4,2025-12-31,2026-02-10,0.513,EUR,Yahoo Finance / trailingDilutedEPS historical timeseries,yahoo_trailing_diluted
MCOV-B.ST,2026-Q1,2026-03-31,2026-04-29,0.526,EUR,Yahoo Finance / trailingDilutedEPS historical timeseries,yahoo_trailing_diluted
MCOV-B.ST,2026-Q2,2026-06-30,2026-07-22,0.559,EUR,Yahoo Finance / trailingDilutedEPS historical timeseries,yahoo_trailing_diluted
MSAB-B.ST,2018-Q3,,2018-10-26,1.8654,SEK,User-supplied historical EPS TTM fallback,fallback_user_history
MSAB-B.ST,2018-Q4,,2019-02-01,1.51,SEK,User-supplied historical EPS TTM fallback,fallback_user_history
MSAB-B.ST,2019-Q1,,2019-04-24,1.0378,SEK,User-supplied historical EPS TTM fallback,fallback_user_history
MSAB-B.ST,2019-Q2,,2019-07-19,0.3822,SEK,User-supplied historical EPS TTM fallback,fallback_user_history
MSAB-B.ST,2019-Q3,,2019-10-23,0.6166,SEK,User-supplied historical EPS TTM fallback,fallback_user_history
MSAB-B.ST,2019-Q4,,2020-01-29,0.2816,SEK,User-supplied historical EPS TTM fallback,fallback_user_history
MSAB-B.ST,2020-Q1,,2020-04-29,0.0596,SEK,User-supplied historical EPS TTM fallback,fallback_user_history
MSAB-B.ST,2020-Q2,,2020-07-22,1.2075,SEK,User-supplied historical EPS TTM fallback,fallback_user_history
MSAB-B.ST,2020-Q3,,2020-10-28,1.332,SEK,User-supplied historical EPS TTM fallback,fallback_user_history
MSAB-B.ST,2020-Q4,,2021-01-27,0.8826,SEK,User-supplied historical EPS TTM fallback,fallback_user_history
MSAB-B.ST,2021-Q1,,2021-04-29,1.6948,SEK,User-supplied historical EPS TTM fallback,fallback_user_history
MSAB-B.ST,2021-Q2,,2021-07-22,0.9746,SEK,User-supplied historical EPS TTM fallback,fallback_user_history
MSAB-B.ST,2021-Q3,,2021-10-28,0.823,SEK,User-supplied historical EPS TTM fallback,fallback_user_history
MSAB-B.ST,2021-Q4,,2022-01-27,1.8897,SEK,User-supplied historical EPS TTM fallback,fallback_user_history
MSAB-B.ST,2022-Q1,,2022-04-28,1.6132,SEK,User-supplied historical EPS TTM fallback,fallback_user_history
MSAB-B.ST,2022-Q2,,2022-07-22,1.9165,SEK,User-supplied historical EPS TTM fallback,fallback_user_history
MSAB-B.ST,2022-Q3,,2022-10-26,1.2775,SEK,User-supplied historical EPS TTM fallback,fallback_user_history
MSAB-B.ST,2022-Q4,,2023-01-27,0.931,SEK,User-supplied historical EPS TTM fallback,fallback_user_history
MSAB-B.ST,2023-Q1,,2023-04-27,1.2183,SEK,User-supplied historical EPS TTM fallback,fallback_user_history
MSAB-B.ST,2023-Q2,,2023-07-20,1.2291,SEK,User-supplied historical EPS TTM fallback,fallback_user_history
MSAB-B.ST,2023-Q3,2023-09-30,2023-10-26,1.9,SEK,Yahoo Finance / trailingDilutedEPS historical timeseries,yahoo_trailing_diluted
MSAB-B.ST,2023-Q4,2023-12-31,2024-01-25,1.62,SEK,Yahoo Finance / trailingDilutedEPS historical timeseries,yahoo_trailing_diluted
MSAB-B.ST,2024-Q1,2024-03-31,2024-04-30,0.85,SEK,Yahoo Finance / trailingDilutedEPS historical timeseries,yahoo_trailing_diluted
MSAB-B.ST,2024-Q2,2024-06-30,2024-07-19,0.53,SEK,Yahoo Finance / trailingDilutedEPS historical timeseries,yahoo_trailing_diluted
MSAB-B.ST,2024-Q3,2024-09-30,2024-10-29,0.76,SEK,Yahoo Finance / trailingDilutedEPS historical timeseries,yahoo_trailing_diluted
MSAB-B.ST,2024-Q4,2024-12-31,2025-01-28,2.02,SEK,Yahoo Finance / trailingDilutedEPS historical timeseries,yahoo_trailing_diluted
MSAB-B.ST,2025-Q1,2025-03-31,2025-04-29,2.28,SEK,Yahoo Finance / trailingDilutedEPS historical timeseries,yahoo_trailing_diluted
MSAB-B.ST,2025-Q2,2025-06-30,2025-07-18,1.66,SEK,Yahoo Finance / trailingDilutedEPS historical timeseries,yahoo_trailing_diluted
MSAB-B.ST,2025-Q3,2025-09-30,2025-10-28,2.26,SEK,Yahoo Finance / trailingDilutedEPS reconstructed from quarterlyDilutedEPS,yahoo_reconstructed_diluted_ttm
MSAB-B.ST,2025-Q4,2025-12-31,2026-01-27,2.63,SEK,Yahoo Finance / trailingDilutedEPS historical timeseries,yahoo_trailing_diluted
MSAB-B.ST,2026-Q1,2026-03-31,2026-04-28,2.47,SEK,Yahoo Finance / trailingDilutedEPS historical timeseries,yahoo_trailing_diluted
MSAB-B.ST,2026-Q2,2026-06-30,2026-07-16,3.76,SEK,Yahoo Finance / trailingDilutedEPS historical timeseries,yahoo_trailing_diluted
MTG-B.ST,2018-Q3,,2018-10-23,8.1152,SEK,User-supplied historical EPS TTM fallback,fallback_user_history
MTG-B.ST,2018-Q4,,2019-02-05,13.6017,SEK,User-supplied historical EPS TTM fallback,fallback_user_history
MTG-B.ST,2019-Q1,,2019-05-09,12.3626,SEK,User-supplied historical EPS TTM fallback,fallback_user_history
MTG-B.ST,2019-Q2,,2019-07-22,6.6096,SEK,User-supplied historical EPS TTM fallback,fallback_user_history
MTG-B.ST,2019-Q3,,2019-10-29,3.0361,SEK,User-supplied historical EPS TTM fallback,fallback_user_history
MTG-B.ST,2019-Q4,,2020-02-06,-6.4334,SEK,User-supplied historical EPS TTM fallback,fallback_user_history
MTG-B.ST,2020-Q1,,2020-04-28,-8.7188,SEK,User-supplied historical EPS TTM fallback,fallback_user_history
MTG-B.ST,2020-Q2,,2020-07-23,-8.0886,SEK,User-supplied historical EPS TTM fallback,fallback_user_history
MTG-B.ST,2020-Q3,,2020-11-04,-7.432,SEK,User-supplied historical EPS TTM fallback,fallback_user_history
MTG-B.ST,2020-Q4,,2021-02-25,-3.0069,SEK,User-supplied historical EPS TTM fallback,fallback_user_history
MTG-B.ST,2021-Q1,,2021-04-29,-2.0764,SEK,User-supplied historical EPS TTM fallback,fallback_user_history
MTG-B.ST,2021-Q2,,2021-07-20,-1.426,SEK,User-supplied historical EPS TTM fallback,fallback_user_history
MTG-B.ST,2021-Q3,,2021-10-28,-0.1482,SEK,User-supplied historical EPS TTM fallback,fallback_user_history
MTG-B.ST,2021-Q4,,2022-02-07,-3.6692,SEK,User-supplied historical EPS TTM fallback,fallback_user_history
MTG-B.ST,2022-Q1,,2022-04-27,-5.126,SEK,User-supplied historical EPS TTM fallback,fallback_user_history
MTG-B.ST,2022-Q2,,2022-07-20,-10.2183,SEK,User-supplied historical EPS TTM fallback,fallback_user_history
MTG-B.ST,2022-Q3,,2022-10-26,-7.8785,SEK,User-supplied historical EPS TTM fallback,fallback_user_history
MTG-B.ST,2022-Q4,,2023-02-09,-8.0152,SEK,User-supplied historical EPS TTM fallback,fallback_user_history
MTG-B.ST,2023-Q1,,2023-04-26,-5.1928,SEK,User-supplied historical EPS TTM fallback,fallback_user_history
MTG-B.ST,2023-Q2,,2023-07-20,0.6071,SEK,User-supplied historical EPS TTM fallback,fallback_user_history
MTG-B.ST,2023-Q3,2023-09-30,2023-10-25,-1.63,SEK,Yahoo Finance / trailingDilutedEPS historical timeseries,yahoo_trailing_diluted
MTG-B.ST,2023-Q4,2023-12-31,2024-02-08,1.32,SEK,Yahoo Finance / trailingDilutedEPS historical timeseries,yahoo_trailing_diluted
MTG-B.ST,2024-Q1,2024-03-31,2024-04-24,0.86,SEK,Yahoo Finance / trailingDilutedEPS historical timeseries,yahoo_trailing_diluted
MTG-B.ST,2024-Q2,2024-06-30,2024-07-18,-0.51,SEK,Yahoo Finance / trailingDilutedEPS historical timeseries,yahoo_trailing_diluted
MTG-B.ST,2024-Q3,2024-09-30,2024-10-24,-0.65,SEK,Yahoo Finance / trailingDilutedEPS historical timeseries,yahoo_trailing_diluted
MTG-B.ST,2024-Q4,2024-12-31,2025-02-06,-1.74,SEK,Yahoo Finance / trailingDilutedEPS historical timeseries,yahoo_trailing_diluted
MTG-B.ST,2025-Q1,2025-03-31,2025-04-29,-0.93,SEK,Yahoo Finance / trailingDilutedEPS historical timeseries,yahoo_trailing_diluted
MTG-B.ST,2025-Q2,2025-06-30,2025-07-18,-0.57,SEK,Yahoo Finance / trailingDilutedEPS historical timeseries,yahoo_trailing_diluted
MTG-B.ST,2025-Q3,2025-09-30,2025-11-13,-1.65,SEK,Yahoo Finance / trailingDilutedEPS historical timeseries,yahoo_trailing_diluted
MTG-B.ST,2025-Q4,2025-12-31,2026-02-05,-0.53,SEK,Yahoo Finance / trailingDilutedEPS historical timeseries,yahoo_trailing_diluted
MTG-B.ST,2026-Q1,2026-03-31,2026-04-29,0.08,SEK,Yahoo Finance / trailingDilutedEPS historical timeseries,yahoo_trailing_diluted
MTG-B.ST,2026-Q2,2026-06-30,2026-07-21,1.43,SEK,Yahoo Finance / trailingDilutedEPS historical timeseries,yahoo_trailing_diluted
MTRS.ST,2018-Q3,,2018-10-25,2.02,SEK,User-supplied historical EPS TTM fallback,fallback_user_history
MTRS.ST,2018-Q4,,2019-02-13,-0.5889,SEK,User-supplied historical EPS TTM fallback,fallback_user_history
MTRS.ST,2019-Q1,,2019-04-24,-0.9242,SEK,User-supplied historical EPS TTM fallback,fallback_user_history
MTRS.ST,2019-Q2,,2019-07-18,-1.103,SEK,User-supplied historical EPS TTM fallback,fallback_user_history
MTRS.ST,2019-Q3,,2019-10-24,-2.7577,SEK,User-supplied historical EPS TTM fallback,fallback_user_history
MTRS.ST,2019-Q4,,2020-02-13,-0.9072,SEK,User-supplied historical EPS TTM fallback,fallback_user_history
MTRS.ST,2020-Q1,,2020-04-23,-0.4783,SEK,User-supplied historical EPS TTM fallback,fallback_user_history
MTRS.ST,2020-Q2,,2020-07-17,-0.736,SEK,User-supplied historical EPS TTM fallback,fallback_user_history
MTRS.ST,2020-Q3,,2020-10-22,1.4646,SEK,User-supplied historical EPS TTM fallback,fallback_user_history
MTRS.ST,2020-Q4,,2021-02-04,2.3154,SEK,User-supplied historical EPS TTM fallback,fallback_user_history
MTRS.ST,2021-Q1,,2021-04-22,2.8772,SEK,User-supplied historical EPS TTM fallback,fallback_user_history
MTRS.ST,2021-Q2,,2021-07-16,3.1277,SEK,User-supplied historical EPS TTM fallback,fallback_user_history
MTRS.ST,2021-Q3,,2021-10-22,3.005,SEK,User-supplied historical EPS TTM fallback,fallback_user_history
MTRS.ST,2021-Q4,,2022-02-04,2.8114,SEK,User-supplied historical EPS TTM fallback,fallback_user_history
MTRS.ST,2022-Q1,,2022-04-22,2.5079,SEK,User-supplied historical EPS TTM fallback,fallback_user_history
MTRS.ST,2022-Q2,,2022-07-15,2.9837,SEK,User-supplied historical EPS TTM fallback,fallback_user_history
MTRS.ST,2022-Q3,,2022-10-21,3.1972,SEK,User-supplied historical EPS TTM fallback,fallback_user_history
MTRS.ST,2022-Q4,,2023-02-09,3.1702,SEK,User-supplied historical EPS TTM fallback,fallback_user_history
MTRS.ST,2023-Q1,,2023-04-21,3.7718,SEK,User-supplied historical EPS TTM fallback,fallback_user_history
MTRS.ST,2023-Q2,,2023-07-18,4.2456,SEK,User-supplied historical EPS TTM fallback,fallback_user_history
MTRS.ST,2023-Q3,2023-09-30,2023-10-24,4.7,SEK,Yahoo Finance / trailingDilutedEPS historical timeseries,yahoo_trailing_diluted
MTRS.ST,2023-Q4,2023-12-31,2024-01-22,4.3,SEK,Yahoo Finance / trailingDilutedEPS historical timeseries,yahoo_trailing_diluted
MTRS.ST,2024-Q1,2024-03-31,2024-04-24,4.31,SEK,Yahoo Finance / trailingDilutedEPS historical timeseries,yahoo_trailing_diluted
MTRS.ST,2024-Q2,2024-06-30,2024-07-17,4.72,SEK,Yahoo Finance / trailingDilutedEPS historical timeseries,yahoo_trailing_diluted
MTRS.ST,2024-Q3,2024-09-30,2024-10-22,4.74,SEK,Yahoo Finance / trailingDilutedEPS historical timeseries,yahoo_trailing_diluted
MTRS.ST,2024-Q4,2024-12-31,2025-02-05,5.33,SEK,Yahoo Finance / trailingDilutedEPS historical timeseries,yahoo_trailing_diluted
MTRS.ST,2025-Q1,2025-03-31,2025-04-29,3.32,SEK,Yahoo Finance / trailingDilutedEPS historical timeseries,yahoo_trailing_diluted
MTRS.ST,2025-Q2,2025-06-30,2025-07-18,2.02,SEK,Yahoo Finance / trailingDilutedEPS historical timeseries,yahoo_trailing_diluted
MTRS.ST,2025-Q3,2025-09-30,2025-10-24,1.511296,SEK,Yahoo Finance / trailingDilutedEPS reconstructed from quarterlyDilutedEPS,yahoo_reconstructed_diluted_ttm
MTRS.ST,2025-Q4,2025-12-31,2026-01-29,0.58,SEK,Yahoo Finance / trailingDilutedEPS historical timeseries,yahoo_trailing_diluted
MTRS.ST,2026-Q1,2026-03-31,2026-04-28,2.079298,SEK,Yahoo Finance / trailingDilutedEPS historical timeseries,yahoo_trailing_diluted
MTRS.ST,2026-Q2,2026-06-30,2026-07-17,2.68,SEK,Yahoo Finance / trailingDilutedEPS historical timeseries,yahoo_trailing_diluted
MYCR.ST,2018-Q3,,2018-10-24,4.5624,SEK,User-supplied historical EPS TTM fallback,fallback_user_history
MYCR.ST,2018-Q4,,2019-02-07,4.0285,SEK,User-supplied historical EPS TTM fallback,fallback_user_history
MYCR.ST,2019-Q1,,2019-04-25,4.9047,SEK,User-supplied historical EPS TTM fallback,fallback_user_history
MYCR.ST,2019-Q2,,2019-07-17,5.2601,SEK,User-supplied historical EPS TTM fallback,fallback_user_history
MYCR.ST,2019-Q3,,2019-10-24,4.2373,SEK,User-supplied historical EPS TTM fallback,fallback_user_history
MYCR.ST,2019-Q4,,2020-02-06,4.3682,SEK,User-supplied historical EPS TTM fallback,fallback_user_history
MYCR.ST,2020-Q1,,2020-04-23,2.9714,SEK,User-supplied historical EPS TTM fallback,fallback_user_history
MYCR.ST,2020-Q2,,2020-07-16,2.8203,SEK,User-supplied historical EPS TTM fallback,fallback_user_history
MYCR.ST,2020-Q3,,2020-10-22,3.4263,SEK,User-supplied historical EPS TTM fallback,fallback_user_history
MYCR.ST,2020-Q4,,2021-02-10,3.5452,SEK,User-supplied historical EPS TTM fallback,fallback_user_history
MYCR.ST,2021-Q1,,2021-04-22,5.342,SEK,User-supplied historical EPS TTM fallback,fallback_user_history
MYCR.ST,2021-Q2,,2021-07-15,5.1741,SEK,User-supplied historical EPS TTM fallback,fallback_user_history
MYCR.ST,2021-Q3,,2021-10-21,4.2283,SEK,User-supplied historical EPS TTM fallback,fallback_user_history
MYCR.ST,2021-Q4,,2022-02-09,4.239,SEK,User-supplied historical EPS TTM fallback,fallback_user_history
MYCR.ST,2022-Q1,,2022-04-21,3.0877,SEK,User-supplied historical EPS TTM fallback,fallback_user_history
MYCR.ST,2022-Q2,,2022-07-14,3.0626,SEK,User-supplied historical EPS TTM fallback,fallback_user_history
MYCR.ST,2022-Q3,,2022-10-20,3.432,SEK,User-supplied historical EPS TTM fallback,fallback_user_history
MYCR.ST,2022-Q4,2022-12-31,2023-02-10,7.59,SEK,Yahoo Finance / trailingDilutedEPS historical timeseries,yahoo_trailing_diluted
MYCR.ST,2023-Q1,,2023-04-27,3.7191,SEK,User-supplied historical EPS TTM fallback,fallback_user_history
MYCR.ST,2023-Q2,,2023-07-14,3.5091,SEK,User-supplied historical EPS TTM fallback,fallback_user_history
MYCR.ST,2023-Q3,2023-09-30,2023-10-19,7.56,SEK,Yahoo Finance / trailingDilutedEPS historical timeseries,yahoo_trailing_diluted
MYCR.ST,2023-Q4,2023-12-31,2024-02-08,10.22,SEK,Yahoo Finance / trailingDilutedEPS historical timeseries,yahoo_trailing_diluted
MYCR.ST,2024-Q1,2024-03-31,2024-04-18,13.7,SEK,Yahoo Finance / trailingDilutedEPS historical timeseries,yahoo_trailing_diluted
MYCR.ST,2024-Q2,2024-06-30,2024-07-12,15.26,SEK,Yahoo Finance / trailingDilutedEPS historical timeseries,yahoo_trailing_diluted
MYCR.ST,2024-Q3,2024-09-30,2024-10-24,17.75,SEK,Yahoo Finance / trailingDilutedEPS historical timeseries,yahoo_trailing_diluted
MYCR.ST,2024-Q4,2024-12-31,2025-02-06,17.24,SEK,Yahoo Finance / trailingDilutedEPS historical timeseries,yahoo_trailing_diluted
MYCR.ST,2025-Q1,2025-03-31,2025-04-25,18.59,SEK,Yahoo Finance / trailingDilutedEPS historical timeseries,yahoo_trailing_diluted
MYCR.ST,2025-Q2,2025-06-30,2025-07-11,10.11,SEK,Yahoo Finance / trailingDilutedEPS historical timeseries,yahoo_trailing_diluted
MYCR.ST,2025-Q3,2025-09-30,2025-10-23,8.92,SEK,Yahoo Finance / trailingDilutedEPS reconstructed from quarterlyDilutedEPS,yahoo_reconstructed_diluted_ttm
MYCR.ST,2025-Q4,2025-12-31,2026-02-05,7.99,SEK,Yahoo Finance / trailingDilutedEPS historical timeseries,yahoo_trailing_diluted
MYCR.ST,2026-Q1,2026-03-31,2026-04-24,8.47,SEK,Yahoo Finance / trailingDilutedEPS historical timeseries,yahoo_trailing_diluted
MYCR.ST,2026-Q2,2026-06-30,2026-07-14,8.88,SEK,Yahoo Finance / trailingDilutedEPS historical timeseries,yahoo_trailing_diluted
NDA-SE.ST,2024-Q1,2024-03-31,2024-04-18,1.44,EUR,Yahoo Finance / trailingDilutedEPS historical timeseries,yahoo_trailing_diluted
NDA-SE.ST,2024-Q2,2024-06-30,2024-07-15,1.44,EUR,Yahoo Finance / trailingDilutedEPS historical timeseries,yahoo_trailing_diluted
NDA-SE.ST,2024-Q3,2024-09-30,2024-10-17,1.42,EUR,Yahoo Finance / trailingDilutedEPS historical timeseries,yahoo_trailing_diluted
NDA-SE.ST,2024-Q4,2024-12-31,2025-01-30,1.44,EUR,Yahoo Finance / trailingDilutedEPS historical timeseries,yahoo_trailing_diluted
NDA-SE.ST,2025-Q1,2025-03-31,2025-04-16,1.41,EUR,Yahoo Finance / trailingDilutedEPS historical timeseries,yahoo_trailing_diluted
NDA-SE.ST,2025-Q2,2025-06-30,2025-07-17,1.39,EUR,Yahoo Finance / trailingDilutedEPS historical timeseries,yahoo_trailing_diluted
NDA-SE.ST,2025-Q3,2025-09-30,2025-10-16,1.37,EUR,Yahoo Finance / trailingDilutedEPS reconstructed from quarterlyDilutedEPS,yahoo_reconstructed_diluted_ttm
NDA-SE.ST,2025-Q4,2025-12-31,2026-01-29,1.39,EUR,Yahoo Finance / trailingDilutedEPS historical timeseries,yahoo_trailing_diluted
NDA-SE.ST,2026-Q1,2026-03-31,2026-04-22,1.36,EUR,Yahoo Finance / trailingDilutedEPS historical timeseries,yahoo_trailing_diluted
NDA-SE.ST,2026-Q2,2026-06-30,2026-07-16,1.37,EUR,Yahoo Finance / trailingDilutedEPS historical timeseries,yahoo_trailing_diluted
NEWA-B.ST,2018-Q3,,2018-11-08,2.6259,SEK,User-supplied historical EPS TTM / all Yahoo overlaps <1%,strict_user_history_gap_fill
NEWA-B.ST,2018-Q4,,2019-02-07,2.739,SEK,User-supplied historical EPS TTM / all Yahoo overlaps <1%,strict_user_history_gap_fill
NEWA-B.ST,2019-Q1,,2019-04-25,2.8925,SEK,User-supplied historical EPS TTM / all Yahoo overlaps <1%,strict_user_history_gap_fill
NEWA-B.ST,2019-Q2,,2019-08-20,3.3673,SEK,User-supplied historical EPS TTM / all Yahoo overlaps <1%,strict_user_history_gap_fill
NEWA-B.ST,2019-Q3,,2019-11-07,3.4118,SEK,User-supplied historical EPS TTM / all Yahoo overlaps <1%,strict_user_history_gap_fill
NEWA-B.ST,2019-Q4,,2020-02-06,3.4676,SEK,User-supplied historical EPS TTM / all Yahoo overlaps <1%,strict_user_history_gap_fill
NEWA-B.ST,2020-Q1,,2020-04-22,2.9943,SEK,User-supplied historical EPS TTM / all Yahoo overlaps <1%,strict_user_history_gap_fill
NEWA-B.ST,2020-Q2,,2020-08-20,2.273,SEK,User-supplied historical EPS TTM / all Yahoo overlaps <1%,strict_user_history_gap_fill
NEWA-B.ST,2020-Q3,,2020-11-06,2.4539,SEK,User-supplied historical EPS TTM / all Yahoo overlaps <1%,strict_user_history_gap_fill
NEWA-B.ST,2020-Q4,,2021-02-11,2.7546,SEK,User-supplied historical EPS TTM / all Yahoo overlaps <1%,strict_user_history_gap_fill
NEWA-B.ST,2021-Q1,,2021-04-27,3.5422,SEK,User-supplied historical EPS TTM / all Yahoo overlaps <1%,strict_user_history_gap_fill
NEWA-B.ST,2021-Q2,,2021-08-17,5.8295,SEK,User-supplied historical EPS TTM / all Yahoo overlaps <1%,strict_user_history_gap_fill
NEWA-B.ST,2021-Q3,,2021-11-05,6.4091,SEK,User-supplied historical EPS TTM / all Yahoo overlaps <1%,strict_user_history_gap_fill
NEWA-B.ST,2021-Q4,,2022-02-10,7.1499,SEK,User-supplied historical EPS TTM / all Yahoo overlaps <1%,strict_user_history_gap_fill
NEWA-B.ST,2022-Q1,,2022-04-26,7.789,SEK,User-supplied historical EPS TTM / all Yahoo overlaps <1%,strict_user_history_gap_fill
NEWA-B.ST,2022-Q2,,2022-08-17,6.9442,SEK,User-supplied historical EPS TTM / all Yahoo overlaps <1%,strict_user_history_gap_fill
NEWA-B.ST,2022-Q3,,2022-11-08,7.7506,SEK,User-supplied historical EPS TTM / all Yahoo overlaps <1%,strict_user_history_gap_fill
NEWA-B.ST,2022-Q4,,2023-02-10,8.8087,SEK,User-supplied historical EPS TTM / all Yahoo overlaps <1%,strict_user_history_gap_fill
NEWA-B.ST,2023-Q1,,2023-04-26,9.3265,SEK,User-supplied historical EPS TTM / all Yahoo overlaps <1%,strict_user_history_gap_fill
NEWA-B.ST,2023-Q2,,2023-08-16,9.2865,SEK,User-supplied historical EPS TTM / all Yahoo overlaps <1%,strict_user_history_gap_fill
NEWA-B.ST,2023-Q3,2023-09-30,2023-11-07,9.03,SEK,Yahoo Finance / trailingDilutedEPS historical timeseries,yahoo_trailing_diluted
NEWA-B.ST,2023-Q4,,2024-02-08,8.4341,SEK,User-supplied historical EPS TTM / all Yahoo overlaps <1%,strict_user_history_gap_fill
NEWA-B.ST,2024-Q1,2024-03-31,2024-04-25,7.67,SEK,Yahoo Finance / trailingDilutedEPS historical timeseries,yahoo_trailing_diluted
NEWA-B.ST,2024-Q2,2024-06-30,2024-08-15,7.3,SEK,Yahoo Finance / trailingDilutedEPS historical timeseries,yahoo_trailing_diluted
NEWA-B.ST,2024-Q3,2024-09-30,2024-11-07,6.8,SEK,Yahoo Finance / trailingDilutedEPS historical timeseries,yahoo_trailing_diluted
NEWA-B.ST,2024-Q4,,2025-02-06,6.6352,SEK,User-supplied historical EPS TTM / all Yahoo overlaps <1%,strict_user_history_gap_fill
NEWA-B.ST,2025-Q1,2025-03-31,2025-04-24,6.81,SEK,Yahoo Finance / trailingDilutedEPS historical timeseries,yahoo_trailing_diluted
NEWA-B.ST,2025-Q2,2025-06-30,2025-08-14,6.47,SEK,Yahoo Finance / trailingDilutedEPS historical timeseries,yahoo_trailing_diluted
NEWA-B.ST,2025-Q3,2025-09-30,2025-11-07,6.19,SEK,Yahoo Finance / trailingDilutedEPS reconstructed from quarterlyDilutedEPS,yahoo_reconstructed_diluted_ttm
NEWA-B.ST,2025-Q4,2025-12-31,2026-02-05,5.9,SEK,Yahoo Finance / trailingDilutedEPS historical timeseries,yahoo_trailing_diluted
NEWA-B.ST,2026-Q1,2026-03-31,2026-04-23,5.78,SEK,Yahoo Finance / trailingDilutedEPS historical timeseries,yahoo_trailing_diluted
NEWA-B.ST,2026-Q2,2026-06-30,2026-08-20,6.05,SEK,Yahoo Finance / trailingDilutedEPS historical timeseries,yahoo_trailing_diluted
NIBE-B.ST,2018-Q3,,2018-11-16,0.9693,SEK,User-supplied historical EPS TTM fallback,fallback_user_history
NIBE-B.ST,2018-Q4,,2019-02-15,1.0296,SEK,User-supplied historical EPS TTM fallback,fallback_user_history
NIBE-B.ST,2019-Q1,,2019-05-14,1.0679,SEK,User-supplied historical EPS TTM fallback,fallback_user_history
NIBE-B.ST,2019-Q2,,2019-08-16,1.0719,SEK,User-supplied historical EPS TTM fallback,fallback_user_history
NIBE-B.ST,2019-Q3,,2019-11-15,1.0843,SEK,User-supplied historical EPS TTM fallback,fallback_user_history
NIBE-B.ST,2019-Q4,,2020-02-13,1.0764,SEK,User-supplied historical EPS TTM fallback,fallback_user_history
NIBE-B.ST,2020-Q1,,2020-05-14,1.0798,SEK,User-supplied historical EPS TTM fallback,fallback_user_history
NIBE-B.ST,2020-Q2,,2020-08-19,1.0957,SEK,User-supplied historical EPS TTM fallback,fallback_user_history
NIBE-B.ST,2020-Q3,,2020-11-18,1.1552,SEK,User-supplied historical EPS TTM fallback,fallback_user_history
NIBE-B.ST,2020-Q4,,2021-02-17,1.4216,SEK,User-supplied historical EPS TTM fallback,fallback_user_history
NIBE-B.ST,2021-Q1,,2021-05-11,1.5267,SEK,User-supplied historical EPS TTM fallback,fallback_user_history
NIBE-B.ST,2021-Q2,,2021-08-19,1.7346,SEK,User-supplied historical EPS TTM fallback,fallback_user_history
NIBE-B.ST,2021-Q3,,2021-11-17,1.8055,SEK,User-supplied historical EPS TTM fallback,fallback_user_history
NIBE-B.ST,2021-Q4,,2022-02-17,1.6468,SEK,User-supplied historical EPS TTM fallback,fallback_user_history
NIBE-B.ST,2022-Q1,,2022-05-17,1.6607,SEK,User-supplied historical EPS TTM fallback,fallback_user_history
NIBE-B.ST,2022-Q2,,2022-08-18,1.8179,SEK,User-supplied historical EPS TTM fallback,fallback_user_history
NIBE-B.ST,2022-Q3,,2022-11-16,1.9216,SEK,User-supplied historical EPS TTM fallback,fallback_user_history
NIBE-B.ST,2022-Q4,,2023-02-15,2.1582,SEK,User-supplied historical EPS TTM fallback,fallback_user_history
NIBE-B.ST,2023-Q1,,2023-05-16,2.4597,SEK,User-supplied historical EPS TTM fallback,fallback_user_history
NIBE-B.ST,2023-Q2,,2023-08-17,2.5108,SEK,User-supplied historical EPS TTM fallback,fallback_user_history
NIBE-B.ST,2023-Q3,2023-09-30,2023-11-15,2.57,SEK,Yahoo Finance / trailingDilutedEPS historical timeseries,yahoo_trailing_diluted
NIBE-B.ST,2023-Q4,2023-12-31,2024-02-16,2.37,SEK,Yahoo Finance / trailingDilutedEPS historical timeseries,yahoo_trailing_diluted
NIBE-B.ST,2024-Q1,2024-03-31,2024-05-16,1.32,SEK,Yahoo Finance / trailingDilutedEPS historical timeseries,yahoo_trailing_diluted
NIBE-B.ST,2024-Q2,2024-06-30,2024-08-16,0.77,SEK,Yahoo Finance / trailingDilutedEPS historical timeseries,yahoo_trailing_diluted
NIBE-B.ST,2024-Q3,2024-09-30,2024-11-15,0.38,SEK,Yahoo Finance / trailingDilutedEPS historical timeseries,yahoo_trailing_diluted
NIBE-B.ST,2024-Q4,2024-12-31,2025-02-14,0.58,SEK,Yahoo Finance / trailingDilutedEPS historical timeseries,yahoo_trailing_diluted
NIBE-B.ST,2025-Q1,2025-03-31,2025-05-15,1.19,SEK,Yahoo Finance / trailingDilutedEPS historical timeseries,yahoo_trailing_diluted
NIBE-B.ST,2025-Q2,2025-06-30,2025-08-22,1.34,SEK,Yahoo Finance / trailingDilutedEPS historical timeseries,yahoo_trailing_diluted
NIBE-B.ST,2025-Q3,2025-09-30,2025-11-14,1.42,SEK,Yahoo Finance / trailingDilutedEPS historical timeseries,yahoo_trailing_diluted
NIBE-B.ST,2025-Q4,2025-12-31,2026-02-12,1.13,SEK,Yahoo Finance / trailingDilutedEPS historical timeseries,yahoo_trailing_diluted
NIBE-B.ST,2026-Q1,2026-03-31,2026-05-19,1.19,SEK,Yahoo Finance / trailingDilutedEPS historical timeseries,yahoo_trailing_diluted
NIBE-B.ST,2026-Q2,2026-06-30,2026-08-21,1.31,SEK,Yahoo Finance / trailingDilutedEPS historical timeseries,yahoo_trailing_diluted
NMAN.ST,2018-Q3,,2018-10-18,5.3267,SEK,User-supplied historical EPS TTM / all Yahoo overlaps <1%,strict_user_history_gap_fill
NMAN.ST,2018-Q4,,2019-02-19,5.7964,SEK,User-supplied historical EPS TTM / all Yahoo overlaps <1%,strict_user_history_gap_fill
NMAN.ST,2019-Q1,,2019-04-17,6.063,SEK,User-supplied historical EPS TTM / all Yahoo overlaps <1%,strict_user_history_gap_fill
NMAN.ST,2019-Q2,,2019-07-12,6.3632,SEK,User-supplied historical EPS TTM / all Yahoo overlaps <1%,strict_user_history_gap_fill
NMAN.ST,2019-Q3,,2019-10-17,6.9278,SEK,User-supplied historical EPS TTM / all Yahoo overlaps <1%,strict_user_history_gap_fill
NMAN.ST,2019-Q4,,2020-02-14,6.4345,SEK,User-supplied historical EPS TTM / all Yahoo overlaps <1%,strict_user_history_gap_fill
NMAN.ST,2020-Q1,,2020-04-21,6.0924,SEK,User-supplied historical EPS TTM / all Yahoo overlaps <1%,strict_user_history_gap_fill
NMAN.ST,2020-Q2,,2020-07-17,4.2458,SEK,User-supplied historical EPS TTM / all Yahoo overlaps <1%,strict_user_history_gap_fill
NMAN.ST,2020-Q3,,2020-10-23,3.6389,SEK,User-supplied historical EPS TTM / all Yahoo overlaps <1%,strict_user_history_gap_fill
NMAN.ST,2020-Q4,,2021-02-12,3.1459,SEK,User-supplied historical EPS TTM / all Yahoo overlaps <1%,strict_user_history_gap_fill
NMAN.ST,2021-Q1,,2021-04-22,3.8013,SEK,User-supplied historical EPS TTM / all Yahoo overlaps <1%,strict_user_history_gap_fill
NMAN.ST,2021-Q2,,2021-07-15,6.4543,SEK,User-supplied historical EPS TTM / all Yahoo overlaps <1%,strict_user_history_gap_fill
NMAN.ST,2021-Q3,,2021-10-22,7.8648,SEK,User-supplied historical EPS TTM / all Yahoo overlaps <1%,strict_user_history_gap_fill
NMAN.ST,2021-Q4,,2022-02-15,8.6997,SEK,User-supplied historical EPS TTM / all Yahoo overlaps <1%,strict_user_history_gap_fill
NMAN.ST,2022-Q1,,2022-04-22,9.0787,SEK,User-supplied historical EPS TTM / all Yahoo overlaps <1%,strict_user_history_gap_fill
NMAN.ST,2022-Q2,,2022-07-15,8.8507,SEK,User-supplied historical EPS TTM / all Yahoo overlaps <1%,strict_user_history_gap_fill
NMAN.ST,2022-Q3,,2022-10-24,9.1813,SEK,User-supplied historical EPS TTM / all Yahoo overlaps <1%,strict_user_history_gap_fill
NMAN.ST,2022-Q4,,2023-02-16,9.3665,SEK,User-supplied historical EPS TTM / all Yahoo overlaps <1%,strict_user_history_gap_fill
NMAN.ST,2023-Q1,,2023-04-24,9.5745,SEK,User-supplied historical EPS TTM / all Yahoo overlaps <1%,strict_user_history_gap_fill
NMAN.ST,2023-Q2,,2023-07-14,10.3059,SEK,User-supplied historical EPS TTM / all Yahoo overlaps <1%,strict_user_history_gap_fill
NMAN.ST,2023-Q3,2023-09-30,2023-10-23,10.1,SEK,Yahoo Finance / trailingDilutedEPS historical timeseries,yahoo_trailing_diluted
NMAN.ST,2023-Q4,2023-12-31,2024-02-15,9.71,SEK,Yahoo Finance / trailingDilutedEPS historical timeseries,yahoo_trailing_diluted
NMAN.ST,2024-Q1,2024-03-31,2024-04-25,10.06,SEK,Yahoo Finance / trailingDilutedEPS historical timeseries,yahoo_trailing_diluted
NMAN.ST,2024-Q2,2024-06-30,2024-07-12,9.97,SEK,Yahoo Finance / trailingDilutedEPS historical timeseries,yahoo_trailing_diluted
NMAN.ST,2024-Q3,2024-09-30,2024-10-22,9.54,SEK,Yahoo Finance / trailingDilutedEPS historical timeseries,yahoo_trailing_diluted
NMAN.ST,2024-Q4,2024-12-31,2025-02-13,9.83,SEK,Yahoo Finance / trailingDilutedEPS historical timeseries,yahoo_trailing_diluted
NMAN.ST,2025-Q1,2025-03-31,2025-04-25,8.95,SEK,Yahoo Finance / trailingDilutedEPS historical timeseries,yahoo_trailing_diluted
NMAN.ST,2025-Q2,2025-06-30,2025-07-15,8.15,SEK,Yahoo Finance / trailingDilutedEPS historical timeseries,yahoo_trailing_diluted
NMAN.ST,2025-Q3,2025-09-30,2025-10-23,8.43,SEK,Yahoo Finance / trailingDilutedEPS reconstructed from quarterlyDilutedEPS,yahoo_reconstructed_diluted_ttm
NMAN.ST,2025-Q4,2025-12-31,2026-02-12,7.8,SEK,Yahoo Finance / trailingDilutedEPS historical timeseries,yahoo_trailing_diluted
NMAN.ST,2026-Q1,2026-03-31,2026-04-17,7.42,SEK,Yahoo Finance / trailingDilutedEPS historical timeseries,yahoo_trailing_diluted
NMAN.ST,2026-Q2,2026-06-30,2026-07-16,6.99,SEK,Yahoo Finance / trailingDilutedEPS historical timeseries,yahoo_trailing_diluted
NOLA-B.ST,2018-Q3,,2018-10-24,2.8154,SEK,User-supplied historical EPS TTM / all Yahoo overlaps <1%,strict_user_history_gap_fill
NOLA-B.ST,2018-Q4,,2019-02-12,2.7297,SEK,User-supplied historical EPS TTM / all Yahoo overlaps <1%,strict_user_history_gap_fill
NOLA-B.ST,2019-Q1,,2019-05-08,2.4459,SEK,User-supplied historical EPS TTM / all Yahoo overlaps <1%,strict_user_history_gap_fill
NOLA-B.ST,2019-Q2,,2019-07-18,2.357,SEK,User-supplied historical EPS TTM / all Yahoo overlaps <1%,strict_user_history_gap_fill
NOLA-B.ST,2019-Q3,,2019-10-23,2.4769,SEK,User-supplied historical EPS TTM / all Yahoo overlaps <1%,strict_user_history_gap_fill
NOLA-B.ST,2019-Q4,,2020-02-10,2.6538,SEK,User-supplied historical EPS TTM / all Yahoo overlaps <1%,strict_user_history_gap_fill
NOLA-B.ST,2020-Q1,,2020-05-04,2.8238,SEK,User-supplied historical EPS TTM / all Yahoo overlaps <1%,strict_user_history_gap_fill
NOLA-B.ST,2020-Q2,,2020-07-17,2.9214,SEK,User-supplied historical EPS TTM / all Yahoo overlaps <1%,strict_user_history_gap_fill
NOLA-B.ST,2020-Q3,,2020-10-23,3.0102,SEK,User-supplied historical EPS TTM / all Yahoo overlaps <1%,strict_user_history_gap_fill
NOLA-B.ST,2020-Q4,,2021-02-10,3.0221,SEK,User-supplied historical EPS TTM / all Yahoo overlaps <1%,strict_user_history_gap_fill
NOLA-B.ST,2021-Q1,,2021-05-04,3.1985,SEK,User-supplied historical EPS TTM / all Yahoo overlaps <1%,strict_user_history_gap_fill
NOLA-B.ST,2021-Q2,,2021-07-20,3.5031,SEK,User-supplied historical EPS TTM / all Yahoo overlaps <1%,strict_user_history_gap_fill
NOLA-B.ST,2021-Q3,,2021-10-28,3.6679,SEK,User-supplied historical EPS TTM / all Yahoo overlaps <1%,strict_user_history_gap_fill
NOLA-B.ST,2021-Q4,,2022-02-07,4.3139,SEK,User-supplied historical EPS TTM / all Yahoo overlaps <1%,strict_user_history_gap_fill
NOLA-B.ST,2022-Q1,,2022-05-03,4.2169,SEK,User-supplied historical EPS TTM / all Yahoo overlaps <1%,strict_user_history_gap_fill
NOLA-B.ST,2022-Q2,,2022-07-20,3.839,SEK,User-supplied historical EPS TTM / all Yahoo overlaps <1%,strict_user_history_gap_fill
NOLA-B.ST,2022-Q3,,2022-10-27,3.4784,SEK,User-supplied historical EPS TTM / all Yahoo overlaps <1%,strict_user_history_gap_fill
NOLA-B.ST,2022-Q4,,2023-02-08,2.5874,SEK,User-supplied historical EPS TTM / all Yahoo overlaps <1%,strict_user_history_gap_fill
NOLA-B.ST,2023-Q1,,2023-05-03,2.3462,SEK,User-supplied historical EPS TTM / all Yahoo overlaps <1%,strict_user_history_gap_fill
NOLA-B.ST,2023-Q2,,2023-07-20,2.2162,SEK,User-supplied historical EPS TTM / all Yahoo overlaps <1%,strict_user_history_gap_fill
NOLA-B.ST,2023-Q3,2023-09-30,2023-10-26,1.88,SEK,Yahoo Finance / trailingDilutedEPS historical timeseries,yahoo_trailing_diluted
NOLA-B.ST,2023-Q4,2023-12-31,2024-02-06,1.61,SEK,Yahoo Finance / trailingDilutedEPS historical timeseries,yahoo_trailing_diluted
NOLA-B.ST,2024-Q1,2024-03-31,2024-05-06,1.71,SEK,Yahoo Finance / trailingDilutedEPS historical timeseries,yahoo_trailing_diluted
NOLA-B.ST,2024-Q2,2024-06-30,2024-07-18,1.76,SEK,Yahoo Finance / trailingDilutedEPS historical timeseries,yahoo_trailing_diluted
NOLA-B.ST,2024-Q3,2024-09-30,2024-10-25,2.11,SEK,Yahoo Finance / trailingDilutedEPS historical timeseries,yahoo_trailing_diluted
NOLA-B.ST,2024-Q4,2024-12-31,2025-02-07,2.44,SEK,Yahoo Finance / trailingDilutedEPS historical timeseries,yahoo_trailing_diluted
NOLA-B.ST,2025-Q1,2025-03-31,2025-05-06,2.58,SEK,Yahoo Finance / trailingDilutedEPS historical timeseries,yahoo_trailing_diluted
NOLA-B.ST,2025-Q2,2025-06-30,2025-07-18,2.74,SEK,Yahoo Finance / trailingDilutedEPS historical timeseries,yahoo_trailing_diluted
NOLA-B.ST,2025-Q3,2025-09-30,2025-10-28,2.9251,SEK,Yahoo Finance / trailingDilutedEPS reconstructed from quarterlyDilutedEPS,yahoo_reconstructed_diluted_ttm
NOLA-B.ST,2025-Q4,2025-12-31,2026-02-05,2.88,SEK,Yahoo Finance / trailingDilutedEPS historical timeseries,yahoo_trailing_diluted
NOLA-B.ST,2026-Q1,2026-03-31,2026-05-06,2.81,SEK,Yahoo Finance / trailingDilutedEPS historical timeseries,yahoo_trailing_diluted
NOLA-B.ST,2026-Q2,2026-06-30,2026-07-17,2.65,SEK,Yahoo Finance / trailingDilutedEPS historical timeseries,yahoo_trailing_diluted
NORION.ST,2018-Q3,,2018-10-25,3.6181,SEK,User-supplied historical EPS TTM / all Yahoo overlaps <1%,strict_user_history_gap_fill
NORION.ST,2018-Q4,,2019-02-12,3.7827,SEK,User-supplied historical EPS TTM / all Yahoo overlaps <1%,strict_user_history_gap_fill
NORION.ST,2019-Q1,,2019-04-25,4.0907,SEK,User-supplied historical EPS TTM / all Yahoo overlaps <1%,strict_user_history_gap_fill
NORION.ST,2019-Q2,,2019-07-18,4.1719,SEK,User-supplied historical EPS TTM / all Yahoo overlaps <1%,strict_user_history_gap_fill
NORION.ST,2019-Q3,,2019-10-24,4.2455,SEK,User-supplied historical EPS TTM / all Yahoo overlaps <1%,strict_user_history_gap_fill
NORION.ST,2019-Q4,,2020-02-13,-0.0535,SEK,User-supplied historical EPS TTM / all Yahoo overlaps <1%,strict_user_history_gap_fill
NORION.ST,2020-Q1,,2020-05-05,-0.9098,SEK,User-supplied historical EPS TTM / all Yahoo overlaps <1%,strict_user_history_gap_fill
NORION.ST,2020-Q2,,2020-07-16,-1.6028,SEK,User-supplied historical EPS TTM / all Yahoo overlaps <1%,strict_user_history_gap_fill
NORION.ST,2020-Q3,,2020-10-22,-2.266,SEK,User-supplied historical EPS TTM / all Yahoo overlaps <1%,strict_user_history_gap_fill
NORION.ST,2020-Q4,,2021-02-12,1.4659,SEK,User-supplied historical EPS TTM / all Yahoo overlaps <1%,strict_user_history_gap_fill
NORION.ST,2021-Q1,,2021-04-27,1.9281,SEK,User-supplied historical EPS TTM / all Yahoo overlaps <1%,strict_user_history_gap_fill
NORION.ST,2021-Q2,,2021-07-15,2.3907,SEK,User-supplied historical EPS TTM / all Yahoo overlaps <1%,strict_user_history_gap_fill
NORION.ST,2021-Q3,,2021-10-21,2.8824,SEK,User-supplied historical EPS TTM / all Yahoo overlaps <1%,strict_user_history_gap_fill
NORION.ST,2021-Q4,,2022-02-24,3.53,SEK,User-supplied historical EPS TTM / all Yahoo overlaps <1%,strict_user_history_gap_fill
NORION.ST,2022-Q1,,2022-04-26,4.0705,SEK,User-supplied historical EPS TTM / all Yahoo overlaps <1%,strict_user_history_gap_fill
NORION.ST,2022-Q2,,2022-07-14,4.3431,SEK,User-supplied historical EPS TTM / all Yahoo overlaps <1%,strict_user_history_gap_fill
NORION.ST,2022-Q3,,2022-10-21,4.796,SEK,User-supplied historical EPS TTM / all Yahoo overlaps <1%,strict_user_history_gap_fill
NORION.ST,2022-Q4,,2023-02-08,5.3072,SEK,User-supplied historical EPS TTM / all Yahoo overlaps <1%,strict_user_history_gap_fill
NORION.ST,2023-Q1,,2023-04-25,5.5214,SEK,User-supplied historical EPS TTM / all Yahoo overlaps <1%,strict_user_history_gap_fill
NORION.ST,2023-Q2,,2023-07-13,6.0132,SEK,User-supplied historical EPS TTM / all Yahoo overlaps <1%,strict_user_history_gap_fill
NORION.ST,2023-Q3,2023-09-30,2023-10-20,6.128778,SEK,Yahoo Finance / trailingDilutedEPS historical timeseries,yahoo_trailing_diluted
NORION.ST,2023-Q4,2023-12-31,2024-02-07,6.02,SEK,Yahoo Finance / trailingDilutedEPS historical timeseries,yahoo_trailing_diluted
NORION.ST,2024-Q1,2024-03-31,2024-04-23,6.13,SEK,Yahoo Finance / trailingDilutedEPS historical timeseries,yahoo_trailing_diluted
NORION.ST,2024-Q2,2024-06-30,2024-07-12,6.12,SEK,Yahoo Finance / trailingDilutedEPS historical timeseries,yahoo_trailing_diluted
NORION.ST,2024-Q3,2024-09-30,2024-10-18,6.14,SEK,Yahoo Finance / trailingDilutedEPS historical timeseries,yahoo_trailing_diluted
NORION.ST,2024-Q4,,2025-02-05,6.0862,SEK,User-supplied historical EPS TTM / all Yahoo overlaps <1%,strict_user_history_gap_fill
NORION.ST,2025-Q1,2025-03-31,2025-04-24,6.5,SEK,Yahoo Finance / trailingDilutedEPS historical timeseries,yahoo_trailing_diluted
NORION.ST,2025-Q2,2025-06-30,2025-07-14,6.79,SEK,Yahoo Finance / trailingDilutedEPS historical timeseries,yahoo_trailing_diluted
NORION.ST,2025-Q3,2025-09-30,2025-10-17,6.99,SEK,Yahoo Finance / trailingDilutedEPS reconstructed from quarterlyDilutedEPS,yahoo_reconstructed_diluted_ttm
NORION.ST,2025-Q4,2025-12-31,2026-02-05,7.12,SEK,Yahoo Finance / trailingDilutedEPS historical timeseries,yahoo_trailing_diluted
NORION.ST,2026-Q1,2026-03-31,2026-04-23,6.65,SEK,Yahoo Finance / trailingDilutedEPS historical timeseries,yahoo_trailing_diluted
NORION.ST,2026-Q2,2026-06-30,2026-07-14,6.04,SEK,Yahoo Finance / trailingDilutedEPS historical timeseries,yahoo_trailing_diluted
PACT.ST,2018-Q3,,2018-10-18,4.4836,SEK,User-supplied historical EPS TTM fallback,fallback_user_history
PACT.ST,2018-Q4,,2019-02-06,4.6268,SEK,User-supplied historical EPS TTM fallback,fallback_user_history
PACT.ST,2019-Q1,,2019-04-25,4.4837,SEK,User-supplied historical EPS TTM fallback,fallback_user_history
PACT.ST,2019-Q2,,2019-07-11,3.6678,SEK,User-supplied historical EPS TTM fallback,fallback_user_history
PACT.ST,2019-Q3,,2019-10-17,3.5367,SEK,User-supplied historical EPS TTM fallback,fallback_user_history
PACT.ST,2019-Q4,,2020-02-06,2.9139,SEK,User-supplied historical EPS TTM fallback,fallback_user_history
PACT.ST,2020-Q1,,2020-04-24,3.0851,SEK,User-supplied historical EPS TTM fallback,fallback_user_history
PACT.ST,2020-Q2,,2020-07-15,3.0851,SEK,User-supplied historical EPS TTM fallback,fallback_user_history
PACT.ST,2020-Q3,,2020-10-23,3.0851,SEK,User-supplied historical EPS TTM fallback,fallback_user_history
PACT.ST,2020-Q4,,2021-02-11,3.0851,SEK,User-supplied historical EPS TTM fallback,fallback_user_history
PACT.ST,2021-Q1,,2021-04-22,3.0851,SEK,User-supplied historical EPS TTM fallback,fallback_user_history
PACT.ST,2021-Q2,,2021-07-14,3.0851,SEK,User-supplied historical EPS TTM fallback,fallback_user_history
PACT.ST,2021-Q3,,2021-10-21,3.0851,SEK,User-supplied historical EPS TTM fallback,fallback_user_history
PACT.ST,2021-Q4,,2022-02-10,3.0851,SEK,User-supplied historical EPS TTM fallback,fallback_user_history
PACT.ST,2022-Q1,,2022-04-26,3.0851,SEK,User-supplied historical EPS TTM fallback,fallback_user_history
PACT.ST,2022-Q2,,2022-07-14,3.0851,SEK,User-supplied historical EPS TTM fallback,fallback_user_history
PACT.ST,2022-Q3,,2022-10-25,3.0851,SEK,User-supplied historical EPS TTM fallback,fallback_user_history
PACT.ST,2022-Q4,,2023-02-09,3.0851,SEK,User-supplied historical EPS TTM fallback,fallback_user_history
PACT.ST,2023-Q1,,2023-05-04,3.0851,SEK,User-supplied historical EPS TTM fallback,fallback_user_history
PACT.ST,2023-Q2,,2023-07-14,3.0851,SEK,User-supplied historical EPS TTM fallback,fallback_user_history
PACT.ST,2023-Q3,2023-09-30,2023-10-27,6.26,SEK,Yahoo Finance / trailingDilutedEPS historical timeseries,yahoo_trailing_diluted
PACT.ST,2023-Q4,,2024-02-08,3.0851,SEK,User-supplied historical EPS TTM fallback,fallback_user_history
PACT.ST,2024-Q1,2024-03-31,2024-05-07,7.49,SEK,Yahoo Finance / trailingDilutedEPS historical timeseries,yahoo_trailing_diluted
PACT.ST,2024-Q2,2024-06-30,2024-07-12,8.6,SEK,Yahoo Finance / trailingDilutedEPS historical timeseries,yahoo_trailing_diluted
PACT.ST,2024-Q3,2024-09-30,2024-10-25,8.69,SEK,Yahoo Finance / trailingDilutedEPS historical timeseries,yahoo_trailing_diluted
PACT.ST,2024-Q4,2024-12-31,2025-02-11,8.15,SEK,Yahoo Finance / trailingDilutedEPS historical timeseries,yahoo_trailing_diluted
PACT.ST,2025-Q1,2025-03-31,2025-05-06,7.72,SEK,Yahoo Finance / trailingDilutedEPS historical timeseries,yahoo_trailing_diluted
PACT.ST,2025-Q2,2025-06-30,2025-07-14,6.46,SEK,Yahoo Finance / trailingDilutedEPS historical timeseries,yahoo_trailing_diluted
PACT.ST,2025-Q3,2025-09-30,2025-10-24,5.98,SEK,Yahoo Finance / trailingDilutedEPS reconstructed from quarterlyDilutedEPS,yahoo_reconstructed_diluted_ttm
PACT.ST,2025-Q4,2025-12-31,2026-02-10,4.67,SEK,Yahoo Finance / trailingDilutedEPS historical timeseries,yahoo_trailing_diluted
PACT.ST,2026-Q1,2026-03-31,2026-05-05,5.92,SEK,Yahoo Finance / trailingDilutedEPS historical timeseries,yahoo_trailing_diluted
PACT.ST,2026-Q2,2026-06-30,2026-07-16,7.51,SEK,Yahoo Finance / trailingDilutedEPS historical timeseries,yahoo_trailing_diluted
PEAB-B.ST,2018-Q3,,2018-11-09,6.997,SEK,User-supplied historical EPS TTM / all Yahoo overlaps <1%,strict_user_history_gap_fill
PEAB-B.ST,2018-Q4,,2019-02-08,7.1205,SEK,User-supplied historical EPS TTM / all Yahoo overlaps <1%,strict_user_history_gap_fill
PEAB-B.ST,2019-Q1,,2019-05-09,7.1399,SEK,User-supplied historical EPS TTM / all Yahoo overlaps <1%,strict_user_history_gap_fill
PEAB-B.ST,2019-Q2,,2019-07-19,7.5332,SEK,User-supplied historical EPS TTM / all Yahoo overlaps <1%,strict_user_history_gap_fill
PEAB-B.ST,2019-Q3,,2019-10-24,7.4823,SEK,User-supplied historical EPS TTM / all Yahoo overlaps <1%,strict_user_history_gap_fill
PEAB-B.ST,2019-Q4,,2020-02-05,7.0924,SEK,User-supplied historical EPS TTM / all Yahoo overlaps <1%,strict_user_history_gap_fill
PEAB-B.ST,2020-Q1,,2020-05-06,6.5669,SEK,User-supplied historical EPS TTM / all Yahoo overlaps <1%,strict_user_history_gap_fill
PEAB-B.ST,2020-Q2,,2020-07-17,6.0751,SEK,User-supplied historical EPS TTM / all Yahoo overlaps <1%,strict_user_history_gap_fill
PEAB-B.ST,2020-Q3,,2020-10-22,6.926,SEK,User-supplied historical EPS TTM / all Yahoo overlaps <1%,strict_user_history_gap_fill
PEAB-B.ST,2020-Q4,,2021-02-04,10.7876,SEK,User-supplied historical EPS TTM / all Yahoo overlaps <1%,strict_user_history_gap_fill
PEAB-B.ST,2021-Q1,,2021-05-06,10.218,SEK,User-supplied historical EPS TTM / all Yahoo overlaps <1%,strict_user_history_gap_fill
PEAB-B.ST,2021-Q2,,2021-07-16,10.3267,SEK,User-supplied historical EPS TTM / all Yahoo overlaps <1%,strict_user_history_gap_fill
PEAB-B.ST,2021-Q3,,2021-10-27,10.1233,SEK,User-supplied historical EPS TTM / all Yahoo overlaps <1%,strict_user_history_gap_fill
PEAB-B.ST,2021-Q4,,2022-02-04,8.0586,SEK,User-supplied historical EPS TTM / all Yahoo overlaps <1%,strict_user_history_gap_fill
PEAB-B.ST,2022-Q1,,2022-05-05,8.2994,SEK,User-supplied historical EPS TTM / all Yahoo overlaps <1%,strict_user_history_gap_fill
PEAB-B.ST,2022-Q2,,2022-07-15,8.354,SEK,User-supplied historical EPS TTM / all Yahoo overlaps <1%,strict_user_history_gap_fill
PEAB-B.ST,2022-Q3,,2022-10-28,8.1504,SEK,User-supplied historical EPS TTM / all Yahoo overlaps <1%,strict_user_history_gap_fill
PEAB-B.ST,2022-Q4,,2023-02-03,6.2909,SEK,User-supplied historical EPS TTM / all Yahoo overlaps <1%,strict_user_history_gap_fill
PEAB-B.ST,2023-Q1,,2023-05-04,6.2641,SEK,User-supplied historical EPS TTM / all Yahoo overlaps <1%,strict_user_history_gap_fill
PEAB-B.ST,2023-Q2,,2023-07-14,8.3964,SEK,User-supplied historical EPS TTM / all Yahoo overlaps <1%,strict_user_history_gap_fill
PEAB-B.ST,2023-Q3,2023-09-30,2023-10-27,8.11,SEK,Yahoo Finance / trailingDilutedEPS historical timeseries,yahoo_trailing_diluted
PEAB-B.ST,2023-Q4,2023-12-31,2024-02-02,6.92,SEK,Yahoo Finance / trailingDilutedEPS historical timeseries,yahoo_trailing_diluted
PEAB-B.ST,2024-Q1,2024-03-31,2024-05-06,6.84,SEK,Yahoo Finance / trailingDilutedEPS historical timeseries,yahoo_trailing_diluted
PEAB-B.ST,2024-Q2,2024-06-30,2024-07-16,4.79,SEK,Yahoo Finance / trailingDilutedEPS historical timeseries,yahoo_trailing_diluted
PEAB-B.ST,2024-Q3,2024-09-30,2024-10-25,5.16,SEK,Yahoo Finance / trailingDilutedEPS historical timeseries,yahoo_trailing_diluted
PEAB-B.ST,2024-Q4,2024-12-31,2025-02-06,8.32,SEK,Yahoo Finance / trailingDilutedEPS historical timeseries,yahoo_trailing_diluted
PEAB-B.ST,2025-Q1,2025-03-31,2025-05-06,7.22,SEK,Yahoo Finance / trailingDilutedEPS historical timeseries,yahoo_trailing_diluted
PEAB-B.ST,2025-Q2,2025-06-30,2025-07-15,5.39,SEK,Yahoo Finance / trailingDilutedEPS historical timeseries,yahoo_trailing_diluted
PEAB-B.ST,2025-Q3,2025-09-30,2025-10-24,5.74,SEK,Yahoo Finance / trailingDilutedEPS reconstructed from quarterlyDilutedEPS,yahoo_reconstructed_diluted_ttm
PEAB-B.ST,2025-Q4,2025-12-31,2026-02-04,4.74,SEK,Yahoo Finance / trailingDilutedEPS historical timeseries,yahoo_trailing_diluted
PEAB-B.ST,2026-Q1,2026-03-31,2026-04-29,5.43,SEK,Yahoo Finance / trailingDilutedEPS historical timeseries,yahoo_trailing_diluted
PEAB-B.ST,2026-Q2,2026-06-30,2026-07-14,7.27,SEK,Yahoo Finance / trailingDilutedEPS historical timeseries,yahoo_trailing_diluted
PLAZ-B.ST,2018-Q3,,2018-10-25,14.3359,SEK,User-supplied historical EPS TTM fallback,fallback_user_history
PLAZ-B.ST,2018-Q4,,2019-02-08,12.5578,SEK,User-supplied historical EPS TTM fallback,fallback_user_history
PLAZ-B.ST,2019-Q1,,2019-04-25,11.6846,SEK,User-supplied historical EPS TTM fallback,fallback_user_history
PLAZ-B.ST,2019-Q2,,2019-07-09,11.7681,SEK,User-supplied historical EPS TTM fallback,fallback_user_history
PLAZ-B.ST,2019-Q3,,2019-10-25,12.0351,SEK,User-supplied historical EPS TTM fallback,fallback_user_history
PLAZ-B.ST,2019-Q4,,2020-02-07,12.1937,SEK,User-supplied historical EPS TTM fallback,fallback_user_history
PLAZ-B.ST,2020-Q1,,2020-04-16,13.5124,SEK,User-supplied historical EPS TTM fallback,fallback_user_history
PLAZ-B.ST,2020-Q2,,2020-07-07,12.3356,SEK,User-supplied historical EPS TTM fallback,fallback_user_history
PLAZ-B.ST,2020-Q3,,2020-10-23,12.6778,SEK,User-supplied historical EPS TTM fallback,fallback_user_history
PLAZ-B.ST,2020-Q4,,2021-01-29,11.3925,SEK,User-supplied historical EPS TTM fallback,fallback_user_history
PLAZ-B.ST,2021-Q1,,2021-04-21,10.8667,SEK,User-supplied historical EPS TTM fallback,fallback_user_history
PLAZ-B.ST,2021-Q2,,2021-07-06,13.1285,SEK,User-supplied historical EPS TTM fallback,fallback_user_history
PLAZ-B.ST,2021-Q3,,2021-10-19,13.7044,SEK,User-supplied historical EPS TTM fallback,fallback_user_history
PLAZ-B.ST,2021-Q4,,2022-01-28,14.2385,SEK,User-supplied historical EPS TTM fallback,fallback_user_history
PLAZ-B.ST,2022-Q1,,2022-04-20,22.7432,SEK,User-supplied historical EPS TTM fallback,fallback_user_history
PLAZ-B.ST,2022-Q2,,2022-07-06,33.902,SEK,User-supplied historical EPS TTM fallback,fallback_user_history
PLAZ-B.ST,2022-Q3,,2022-10-18,32.7002,SEK,User-supplied historical EPS TTM fallback,fallback_user_history
PLAZ-B.ST,2022-Q4,,2023-01-27,26.6659,SEK,User-supplied historical EPS TTM fallback,fallback_user_history
PLAZ-B.ST,2023-Q1,,2023-04-19,15.7826,SEK,User-supplied historical EPS TTM fallback,fallback_user_history
PLAZ-B.ST,2023-Q2,,2023-07-05,-1.8028,SEK,User-supplied historical EPS TTM fallback,fallback_user_history
PLAZ-B.ST,2023-Q3,2023-09-30,2023-10-17,-6.57,SEK,Yahoo Finance / trailingDilutedEPS historical timeseries,yahoo_trailing_diluted
PLAZ-B.ST,2023-Q4,2023-12-31,2024-01-26,-7.87,SEK,Yahoo Finance / trailingDilutedEPS historical timeseries,yahoo_trailing_diluted
PLAZ-B.ST,2024-Q1,2024-03-31,2024-04-17,-6.18,SEK,Yahoo Finance / trailingDilutedEPS historical timeseries,yahoo_trailing_diluted
PLAZ-B.ST,2024-Q2,2024-06-30,2024-07-05,-4.06,SEK,Yahoo Finance / trailingDilutedEPS historical timeseries,yahoo_trailing_diluted
PLAZ-B.ST,2024-Q3,2024-09-30,2024-10-15,-2.45,SEK,Yahoo Finance / trailingDilutedEPS historical timeseries,yahoo_trailing_diluted
PLAZ-B.ST,2024-Q4,,2025-01-28,2.9545,SEK,User-supplied historical EPS TTM fallback,fallback_user_history
PLAZ-B.ST,2025-Q1,2025-03-31,2025-04-11,2.59,SEK,Yahoo Finance / trailingDilutedEPS historical timeseries,yahoo_trailing_diluted
PLAZ-B.ST,2025-Q2,2025-06-30,2025-07-04,3.25,SEK,Yahoo Finance / trailingDilutedEPS historical timeseries,yahoo_trailing_diluted
PLAZ-B.ST,2025-Q3,2025-09-30,2025-10-10,5.85,SEK,Yahoo Finance / trailingDilutedEPS reconstructed from quarterlyDilutedEPS,yahoo_reconstructed_diluted_ttm
PLAZ-B.ST,2025-Q4,2025-12-31,2026-01-30,5.83,SEK,Yahoo Finance / trailingDilutedEPS historical timeseries,yahoo_trailing_diluted
PLAZ-B.ST,2026-Q1,2026-03-31,2026-04-17,6.54,SEK,Yahoo Finance / trailingDilutedEPS historical timeseries,yahoo_trailing_diluted
PLAZ-B.ST,2026-Q2,2026-06-30,2026-07-03,6.15,SEK,Yahoo Finance / trailingDilutedEPS historical timeseries,yahoo_trailing_diluted
PNDX-B.ST,2018-Q3,,2018-10-25,19.6804,SEK,User-supplied historical EPS TTM fallback,fallback_user_history
PNDX-B.ST,2018-Q4,,2019-02-14,16.8333,SEK,User-supplied historical EPS TTM fallback,fallback_user_history
PNDX-B.ST,2019-Q1,,2019-04-26,16.5731,SEK,User-supplied historical EPS TTM fallback,fallback_user_history
PNDX-B.ST,2019-Q2,,2019-07-12,16.5672,SEK,User-supplied historical EPS TTM fallback,fallback_user_history
PNDX-B.ST,2019-Q3,,2019-10-24,13.0448,SEK,User-supplied historical EPS TTM fallback,fallback_user_history
PNDX-B.ST,2019-Q4,,2020-02-12,15.7136,SEK,User-supplied historical EPS TTM fallback,fallback_user_history
PNDX-B.ST,2020-Q1,,2020-04-29,9.6558,SEK,User-supplied historical EPS TTM fallback,fallback_user_history
PNDX-B.ST,2020-Q2,,2020-07-15,3.3296,SEK,User-supplied historical EPS TTM fallback,fallback_user_history
PNDX-B.ST,2020-Q3,,2020-10-23,1.324,SEK,User-supplied historical EPS TTM fallback,fallback_user_history
PNDX-B.ST,2020-Q4,,2021-02-11,-7.6095,SEK,User-supplied historical EPS TTM fallback,fallback_user_history
PNDX-B.ST,2021-Q1,,2021-04-27,-3.7585,SEK,User-supplied historical EPS TTM fallback,fallback_user_history
PNDX-B.ST,2021-Q2,,2021-07-16,-2.0016,SEK,User-supplied historical EPS TTM fallback,fallback_user_history
PNDX-B.ST,2021-Q3,,2021-10-27,0.2774,SEK,User-supplied historical EPS TTM fallback,fallback_user_history
PNDX-B.ST,2021-Q4,,2022-02-10,3.3179,SEK,User-supplied historical EPS TTM fallback,fallback_user_history
PNDX-B.ST,2022-Q1,,2022-04-27,8.7626,SEK,User-supplied historical EPS TTM fallback,fallback_user_history
PNDX-B.ST,2022-Q2,,2022-07-15,16.2524,SEK,User-supplied historical EPS TTM fallback,fallback_user_history
PNDX-B.ST,2022-Q3,,2022-10-27,23.6878,SEK,User-supplied historical EPS TTM fallback,fallback_user_history
PNDX-B.ST,2022-Q4,,2023-02-09,22.9372,SEK,User-supplied historical EPS TTM fallback,fallback_user_history
PNDX-B.ST,2023-Q1,,2023-04-26,16.0946,SEK,User-supplied historical EPS TTM fallback,fallback_user_history
PNDX-B.ST,2023-Q2,,2023-07-14,10.204,SEK,User-supplied historical EPS TTM fallback,fallback_user_history
PNDX-B.ST,2023-Q3,2023-09-30,2023-10-26,3.53,SEK,Yahoo Finance / trailingDilutedEPS historical timeseries,yahoo_trailing_diluted
PNDX-B.ST,2023-Q4,2023-12-31,2024-02-08,-3.18,SEK,Yahoo Finance / trailingDilutedEPS historical timeseries,yahoo_trailing_diluted
PNDX-B.ST,2024-Q1,2024-03-31,2024-04-25,0.42,SEK,Yahoo Finance / trailingDilutedEPS historical timeseries,yahoo_trailing_diluted
PNDX-B.ST,2024-Q2,2024-06-30,2024-07-12,2.69,SEK,Yahoo Finance / trailingDilutedEPS historical timeseries,yahoo_trailing_diluted
PNDX-B.ST,2024-Q3,2024-09-30,2024-10-24,-0.03,SEK,Yahoo Finance / trailingDilutedEPS historical timeseries,yahoo_trailing_diluted
PNDX-B.ST,2024-Q4,2024-12-31,2025-02-06,9.04,SEK,Yahoo Finance / trailingDilutedEPS historical timeseries,yahoo_trailing_diluted
PNDX-B.ST,2025-Q1,2025-03-31,2025-04-29,7.19,SEK,Yahoo Finance / trailingDilutedEPS historical timeseries,yahoo_trailing_diluted
PNDX-B.ST,2025-Q2,2025-06-30,2025-07-11,6.97,SEK,Yahoo Finance / trailingDilutedEPS historical timeseries,yahoo_trailing_diluted
PNDX-B.ST,2025-Q3,2025-09-30,2025-10-23,10.43,SEK,Yahoo Finance / trailingDilutedEPS reconstructed from quarterlyDilutedEPS,yahoo_reconstructed_diluted_ttm
PNDX-B.ST,2025-Q4,2025-12-31,2026-02-05,16.13,SEK,Yahoo Finance / trailingDilutedEPS historical timeseries,yahoo_trailing_diluted
PNDX-B.ST,2026-Q1,2026-03-31,2026-04-29,18.84,SEK,Yahoo Finance / trailingDilutedEPS historical timeseries,yahoo_trailing_diluted
PNDX-B.ST,2026-Q2,2026-06-30,2026-07-15,16.37,SEK,Yahoo Finance / trailingDilutedEPS historical timeseries,yahoo_trailing_diluted
REJL-B.ST,2018-Q3,,2018-10-25,0.221,SEK,User-supplied historical EPS TTM fallback,fallback_user_history
REJL-B.ST,2018-Q4,,2019-02-07,0.8495,SEK,User-supplied historical EPS TTM fallback,fallback_user_history
REJL-B.ST,2019-Q1,,2019-05-03,2.3386,SEK,User-supplied historical EPS TTM fallback,fallback_user_history
REJL-B.ST,2019-Q2,,2019-07-17,4.1354,SEK,User-supplied historical EPS TTM fallback,fallback_user_history
REJL-B.ST,2019-Q3,,2019-10-23,4.1188,SEK,User-supplied historical EPS TTM fallback,fallback_user_history
REJL-B.ST,2019-Q4,,2020-02-07,4.1702,SEK,User-supplied historical EPS TTM fallback,fallback_user_history
REJL-B.ST,2020-Q1,,2020-04-22,3.9176,SEK,User-supplied historical EPS TTM fallback,fallback_user_history
REJL-B.ST,2020-Q2,,2020-07-16,3.5364,SEK,User-supplied historical EPS TTM fallback,fallback_user_history
REJL-B.ST,2020-Q3,,2020-10-23,3.161,SEK,User-supplied historical EPS TTM fallback,fallback_user_history
REJL-B.ST,2020-Q4,,2021-02-05,2.5682,SEK,User-supplied historical EPS TTM fallback,fallback_user_history
REJL-B.ST,2021-Q1,,2021-04-22,2.8364,SEK,User-supplied historical EPS TTM fallback,fallback_user_history
REJL-B.ST,2021-Q2,,2021-07-15,3.9094,SEK,User-supplied historical EPS TTM fallback,fallback_user_history
REJL-B.ST,2021-Q3,,2021-10-26,4.3465,SEK,User-supplied historical EPS TTM fallback,fallback_user_history
REJL-B.ST,2021-Q4,,2022-02-03,5.4791,SEK,User-supplied historical EPS TTM fallback,fallback_user_history
REJL-B.ST,2022-Q1,,2022-04-21,6.2354,SEK,User-supplied historical EPS TTM fallback,fallback_user_history
REJL-B.ST,2022-Q2,,2022-07-15,6.6764,SEK,User-supplied historical EPS TTM fallback,fallback_user_history
REJL-B.ST,2022-Q3,,2022-10-25,7.4184,SEK,User-supplied historical EPS TTM fallback,fallback_user_history
REJL-B.ST,2022-Q4,,2023-02-02,9.5437,SEK,User-supplied historical EPS TTM fallback,fallback_user_history
REJL-B.ST,2023-Q1,,2023-04-20,9.595,SEK,User-supplied historical EPS TTM fallback,fallback_user_history
REJL-B.ST,2023-Q2,,2023-07-14,9.7114,SEK,User-supplied historical EPS TTM fallback,fallback_user_history
REJL-B.ST,2023-Q3,2023-09-30,2023-10-25,8.8,SEK,Yahoo Finance / trailingDilutedEPS historical timeseries,yahoo_trailing_diluted
REJL-B.ST,2023-Q4,2023-12-31,2024-02-02,8.32,SEK,Yahoo Finance / trailingDilutedEPS historical timeseries,yahoo_trailing_diluted
REJL-B.ST,2024-Q1,2024-03-31,2024-04-25,8.85,SEK,Yahoo Finance / trailingDilutedEPS historical timeseries,yahoo_trailing_diluted
REJL-B.ST,2024-Q2,2024-06-30,2024-07-15,9.04,SEK,Yahoo Finance / trailingDilutedEPS historical timeseries,yahoo_trailing_diluted
REJL-B.ST,2024-Q3,2024-09-30,2024-10-24,9.52,SEK,Yahoo Finance / trailingDilutedEPS historical timeseries,yahoo_trailing_diluted
REJL-B.ST,2024-Q4,2024-12-31,2025-02-06,10.03,SEK,Yahoo Finance / trailingDilutedEPS historical timeseries,yahoo_trailing_diluted
REJL-B.ST,2025-Q1,2025-03-31,2025-04-24,10.08,SEK,Yahoo Finance / trailingDilutedEPS historical timeseries,yahoo_trailing_diluted
REJL-B.ST,2025-Q2,2025-06-30,2025-07-15,9.62,SEK,Yahoo Finance / trailingDilutedEPS historical timeseries,yahoo_trailing_diluted
REJL-B.ST,2025-Q3,2025-09-30,2025-10-23,9.59,SEK,Yahoo Finance / trailingDilutedEPS reconstructed from quarterlyDilutedEPS,yahoo_reconstructed_diluted_ttm
REJL-B.ST,2025-Q4,2025-12-31,2026-02-05,8.74,SEK,Yahoo Finance / trailingDilutedEPS historical timeseries,yahoo_trailing_diluted
REJL-B.ST,2026-Q1,2026-03-31,2026-04-29,7.97,SEK,Yahoo Finance / trailingDilutedEPS historical timeseries,yahoo_trailing_diluted
REJL-B.ST,2026-Q2,2026-06-30,2026-07-15,7.52,SEK,Yahoo Finance / trailingDilutedEPS historical timeseries,yahoo_trailing_diluted
SAAB-B.ST,2018-Q3,,2018-10-23,1.819,SEK,User-supplied historical EPS TTM fallback,fallback_user_history
SAAB-B.ST,2018-Q4,,2019-02-15,2.7673,SEK,User-supplied historical EPS TTM fallback,fallback_user_history
SAAB-B.ST,2019-Q1,,2019-04-26,2.9897,SEK,User-supplied historical EPS TTM fallback,fallback_user_history
SAAB-B.ST,2019-Q2,,2019-07-19,3.4049,SEK,User-supplied historical EPS TTM fallback,fallback_user_history
SAAB-B.ST,2019-Q3,,2019-10-22,4.111,SEK,User-supplied historical EPS TTM fallback,fallback_user_history
SAAB-B.ST,2019-Q4,,2020-02-07,3.7053,SEK,User-supplied historical EPS TTM fallback,fallback_user_history
SAAB-B.ST,2020-Q1,,2020-04-24,3.588,SEK,User-supplied historical EPS TTM fallback,fallback_user_history
SAAB-B.ST,2020-Q2,,2020-07-17,3.7551,SEK,User-supplied historical EPS TTM fallback,fallback_user_history
SAAB-B.ST,2020-Q3,,2020-10-19,2.5391,SEK,User-supplied historical EPS TTM fallback,fallback_user_history
SAAB-B.ST,2020-Q4,,2021-02-11,2.0056,SEK,User-supplied historical EPS TTM fallback,fallback_user_history
SAAB-B.ST,2021-Q1,,2021-04-23,2.1167,SEK,User-supplied historical EPS TTM fallback,fallback_user_history
SAAB-B.ST,2021-Q2,,2021-07-21,2.0881,SEK,User-supplied historical EPS TTM fallback,fallback_user_history
SAAB-B.ST,2021-Q3,,2021-10-22,3.3567,SEK,User-supplied historical EPS TTM fallback,fallback_user_history
SAAB-B.ST,2021-Q4,,2022-02-11,3.6166,SEK,User-supplied historical EPS TTM fallback,fallback_user_history
SAAB-B.ST,2022-Q1,,2022-04-22,3.545,SEK,User-supplied historical EPS TTM fallback,fallback_user_history
SAAB-B.ST,2022-Q2,,2022-07-21,3.3856,SEK,User-supplied historical EPS TTM fallback,fallback_user_history
SAAB-B.ST,2022-Q3,,2022-10-28,3.3998,SEK,User-supplied historical EPS TTM fallback,fallback_user_history
SAAB-B.ST,2022-Q4,,2023-02-10,4.0998,SEK,User-supplied historical EPS TTM fallback,fallback_user_history
SAAB-B.ST,2023-Q1,,2023-04-26,4.7977,SEK,User-supplied historical EPS TTM fallback,fallback_user_history
SAAB-B.ST,2023-Q2,,2023-07-20,5.4497,SEK,User-supplied historical EPS TTM fallback,fallback_user_history
SAAB-B.ST,2023-Q3,2023-09-30,2023-10-26,24.39,SEK,Yahoo Finance / trailingDilutedEPS historical timeseries,yahoo_trailing_diluted
SAAB-B.ST,2023-Q4,2023-12-31,2024-02-09,25.16,SEK,Yahoo Finance / trailingDilutedEPS historical timeseries,yahoo_trailing_diluted
SAAB-B.ST,2024-Q1,2024-03-31,2024-04-26,6.355,SEK,Yahoo Finance / trailingDilutedEPS historical timeseries,yahoo_trailing_diluted
SAAB-B.ST,2024-Q2,2024-06-30,2024-07-19,6.77,SEK,Yahoo Finance / trailingDilutedEPS historical timeseries,yahoo_trailing_diluted
SAAB-B.ST,2024-Q3,2024-09-30,2024-10-22,7.35,SEK,Yahoo Finance / trailingDilutedEPS historical timeseries,yahoo_trailing_diluted
SAAB-B.ST,2024-Q4,2024-12-31,2025-02-07,7.74,SEK,Yahoo Finance / trailingDilutedEPS historical timeseries,yahoo_trailing_diluted
SAAB-B.ST,2025-Q1,2025-03-31,2025-04-25,8.66,SEK,Yahoo Finance / trailingDilutedEPS historical timeseries,yahoo_trailing_diluted
SAAB-B.ST,2025-Q2,2025-06-30,2025-07-18,9.63,SEK,Yahoo Finance / trailingDilutedEPS historical timeseries,yahoo_trailing_diluted
SAAB-B.ST,2025-Q3,2025-09-30,2025-10-24,9.63,SEK,Yahoo Finance / trailingDilutedEPS reconstructed from quarterlyDilutedEPS,yahoo_reconstructed_diluted_ttm
SAAB-B.ST,2025-Q4,2025-12-31,2026-02-05,11.7,SEK,Yahoo Finance / trailingDilutedEPS historical timeseries,yahoo_trailing_diluted
SAAB-B.ST,2026-Q1,2026-03-31,2026-04-23,12.0,SEK,Yahoo Finance / trailingDilutedEPS historical timeseries,yahoo_trailing_diluted
SAAB-B.ST,2026-Q2,2026-06-30,2026-07-17,13.14,SEK,Yahoo Finance / trailingDilutedEPS historical timeseries,yahoo_trailing_diluted
SAGA-A.ST,2018-Q3,,2018-10-25,8.1194,SEK,User-supplied historical EPS TTM fallback,fallback_user_history
SAGA-A.ST,2018-Q4,,2019-02-07,6.5824,SEK,User-supplied historical EPS TTM fallback,fallback_user_history
SAGA-A.ST,2019-Q1,,2019-05-17,6.69,SEK,User-supplied historical EPS TTM fallback,fallback_user_history
SAGA-A.ST,2019-Q2,,2019-07-12,6.705,SEK,User-supplied historical EPS TTM fallback,fallback_user_history
SAGA-A.ST,2019-Q3,,2019-10-24,7.1737,SEK,User-supplied historical EPS TTM fallback,fallback_user_history
SAGA-A.ST,2019-Q4,,2020-02-07,9.3067,SEK,User-supplied historical EPS TTM fallback,fallback_user_history
SAGA-A.ST,2020-Q1,,2020-05-06,9.3067,SEK,User-supplied historical EPS TTM fallback,fallback_user_history
SAGA-A.ST,2020-Q2,,2020-07-13,9.3067,SEK,User-supplied historical EPS TTM fallback,fallback_user_history
SAGA-A.ST,2020-Q3,,2020-10-27,9.3067,SEK,User-supplied historical EPS TTM fallback,fallback_user_history
SAGA-A.ST,2020-Q4,,2021-02-08,9.3067,SEK,User-supplied historical EPS TTM fallback,fallback_user_history
SAGA-A.ST,2021-Q1,,2021-05-05,11.5655,SEK,User-supplied historical EPS TTM fallback,fallback_user_history
SAGA-A.ST,2021-Q2,,2021-07-15,15.5516,SEK,User-supplied historical EPS TTM fallback,fallback_user_history
SAGA-A.ST,2021-Q3,,2021-10-28,16.7654,SEK,User-supplied historical EPS TTM fallback,fallback_user_history
SAGA-A.ST,2021-Q4,,2022-02-11,22.0759,SEK,User-supplied historical EPS TTM fallback,fallback_user_history
SAGA-A.ST,2022-Q1,,2022-05-11,20.7743,SEK,User-supplied historical EPS TTM fallback,fallback_user_history
SAGA-A.ST,2022-Q2,,2022-07-14,16.3075,SEK,User-supplied historical EPS TTM fallback,fallback_user_history
SAGA-A.ST,2022-Q3,,2022-10-27,14.2624,SEK,User-supplied historical EPS TTM fallback,fallback_user_history
SAGA-A.ST,2022-Q4,,2023-02-17,6.1143,SEK,User-supplied historical EPS TTM fallback,fallback_user_history
SAGA-A.ST,2023-Q1,,2023-05-09,1.9558,SEK,User-supplied historical EPS TTM fallback,fallback_user_history
SAGA-A.ST,2023-Q2,,2023-07-17,1.7125,SEK,User-supplied historical EPS TTM fallback,fallback_user_history
SAGA-A.ST,2023-Q3,2023-09-30,2023-10-27,1.38,SEK,Yahoo Finance / trailingDilutedEPS historical timeseries,yahoo_trailing_diluted
SAGA-A.ST,2023-Q4,2023-12-31,2024-02-22,-0.82,SEK,Yahoo Finance / trailingDilutedEPS historical timeseries,yahoo_trailing_diluted
SAGA-A.ST,2024-Q1,2024-03-31,2024-05-08,3.23,SEK,Yahoo Finance / trailingDilutedEPS historical timeseries,yahoo_trailing_diluted
SAGA-A.ST,2024-Q2,2024-06-30,2024-07-15,5.96,SEK,Yahoo Finance / trailingDilutedEPS historical timeseries,yahoo_trailing_diluted
SAGA-A.ST,2024-Q3,2024-09-30,2024-10-25,10.47,SEK,Yahoo Finance / trailingDilutedEPS historical timeseries,yahoo_trailing_diluted
SAGA-A.ST,2024-Q4,2024-12-31,2025-02-21,14.78,SEK,Yahoo Finance / trailingDilutedEPS historical timeseries,yahoo_trailing_diluted
SAGA-A.ST,2025-Q1,2025-03-31,2025-05-08,14.18,SEK,Yahoo Finance / trailingDilutedEPS historical timeseries,yahoo_trailing_diluted
SAGA-A.ST,2025-Q2,2025-06-30,2025-07-14,12.7,SEK,Yahoo Finance / trailingDilutedEPS historical timeseries,yahoo_trailing_diluted
SAGA-A.ST,2025-Q3,2025-09-30,2025-10-24,8.850000000000001,SEK,Yahoo Finance / trailingDilutedEPS reconstructed from quarterlyDilutedEPS,yahoo_reconstructed_diluted_ttm
SAGA-A.ST,2025-Q4,2025-12-31,2026-02-09,11.22,SEK,Yahoo Finance / trailingDilutedEPS historical timeseries,yahoo_trailing_diluted
SAGA-A.ST,2026-Q1,2026-03-31,2026-05-08,12.69,SEK,Yahoo Finance / trailingDilutedEPS historical timeseries,yahoo_trailing_diluted
SAGA-A.ST,2026-Q2,2026-06-30,2026-07-13,15.08,SEK,Yahoo Finance / trailingDilutedEPS historical timeseries,yahoo_trailing_diluted
SAVE.ST,2020-Q4,,2021-02-04,605.5776,SEK,User-supplied historical EPS TTM / all Yahoo overlaps <1%,strict_user_history_gap_fill
SAVE.ST,2021-Q1,,2021-04-29,306.9335,SEK,User-supplied historical EPS TTM / all Yahoo overlaps <1%,strict_user_history_gap_fill
SAVE.ST,2021-Q2,,2021-07-23,6.6532,SEK,User-supplied historical EPS TTM / all Yahoo overlaps <1%,strict_user_history_gap_fill
SAVE.ST,2021-Q3,,2021-10-29,7.1411,SEK,User-supplied historical EPS TTM / all Yahoo overlaps <1%,strict_user_history_gap_fill
SAVE.ST,2021-Q4,,2022-02-03,7.8019,SEK,User-supplied historical EPS TTM / all Yahoo overlaps <1%,strict_user_history_gap_fill
SAVE.ST,2022-Q1,,2022-04-28,7.0865,SEK,User-supplied historical EPS TTM / all Yahoo overlaps <1%,strict_user_history_gap_fill
SAVE.ST,2022-Q2,,2022-07-22,6.2499,SEK,User-supplied historical EPS TTM / all Yahoo overlaps <1%,strict_user_history_gap_fill
SAVE.ST,2022-Q3,,2022-10-28,6.1877,SEK,User-supplied historical EPS TTM / all Yahoo overlaps <1%,strict_user_history_gap_fill
SAVE.ST,2022-Q4,,2023-01-31,6.3322,SEK,User-supplied historical EPS TTM / all Yahoo overlaps <1%,strict_user_history_gap_fill
SAVE.ST,2023-Q1,,2023-04-25,6.8841,SEK,User-supplied historical EPS TTM / all Yahoo overlaps <1%,strict_user_history_gap_fill
SAVE.ST,2023-Q2,,2023-07-25,8.2545,SEK,User-supplied historical EPS TTM / all Yahoo overlaps <1%,strict_user_history_gap_fill
SAVE.ST,2023-Q3,2023-09-30,2023-10-24,9.21,SEK,Yahoo Finance / trailingDilutedEPS historical timeseries,yahoo_trailing_diluted
SAVE.ST,2023-Q4,2023-12-31,2024-01-30,9.83,SEK,Yahoo Finance / trailingDilutedEPS historical timeseries,yahoo_trailing_diluted
SAVE.ST,2024-Q1,2024-03-31,2024-04-23,10.06,SEK,Yahoo Finance / trailingDilutedEPS historical timeseries,yahoo_trailing_diluted
SAVE.ST,2024-Q2,2024-06-30,2024-07-23,10.65,SEK,Yahoo Finance / trailingDilutedEPS historical timeseries,yahoo_trailing_diluted
SAVE.ST,2024-Q3,2024-09-30,2024-10-25,10.85,SEK,Yahoo Finance / trailingDilutedEPS historical timeseries,yahoo_trailing_diluted
SAVE.ST,2024-Q4,2024-12-31,2025-01-28,10.84,SEK,Yahoo Finance / trailingDilutedEPS historical timeseries,yahoo_trailing_diluted
SAVE.ST,2025-Q1,2025-03-31,2025-04-24,11.24,SEK,Yahoo Finance / trailingDilutedEPS historical timeseries,yahoo_trailing_diluted
SAVE.ST,2025-Q2,2025-06-30,2025-07-18,11.22,SEK,Yahoo Finance / trailingDilutedEPS historical timeseries,yahoo_trailing_diluted
SAVE.ST,2025-Q3,2025-09-30,2025-10-21,11.33,SEK,Yahoo Finance / trailingDilutedEPS reconstructed from quarterlyDilutedEPS,yahoo_reconstructed_diluted_ttm
SAVE.ST,2025-Q4,2025-12-31,2026-01-28,11.82,SEK,Yahoo Finance / trailingDilutedEPS historical timeseries,yahoo_trailing_diluted
SAVE.ST,2026-Q1,2026-03-31,2026-04-24,12.01,SEK,Yahoo Finance / trailingDilutedEPS historical timeseries,yahoo_trailing_diluted
SAVE.ST,2026-Q2,2026-06-30,2026-07-17,12.97,SEK,Yahoo Finance / trailingDilutedEPS historical timeseries,yahoo_trailing_diluted
SCA-B.ST,2018-Q3,,2018-10-30,4.8352,SEK,User-supplied historical EPS TTM / all Yahoo overlaps <1%,strict_user_history_gap_fill
SCA-B.ST,2018-Q4,,2019-01-30,5.2097,SEK,User-supplied historical EPS TTM / all Yahoo overlaps <1%,strict_user_history_gap_fill
SCA-B.ST,2019-Q1,,2019-04-26,5.5073,SEK,User-supplied historical EPS TTM / all Yahoo overlaps <1%,strict_user_history_gap_fill
SCA-B.ST,2019-Q2,,2019-07-26,4.9306,SEK,User-supplied historical EPS TTM / all Yahoo overlaps <1%,strict_user_history_gap_fill
SCA-B.ST,2019-Q3,,2019-10-30,4.5975,SEK,User-supplied historical EPS TTM / all Yahoo overlaps <1%,strict_user_history_gap_fill
SCA-B.ST,2019-Q4,,2020-01-30,22.1003,SEK,User-supplied historical EPS TTM / all Yahoo overlaps <1%,strict_user_history_gap_fill
SCA-B.ST,2020-Q1,,2020-04-24,21.4952,SEK,User-supplied historical EPS TTM / all Yahoo overlaps <1%,strict_user_history_gap_fill
SCA-B.ST,2020-Q2,,2020-07-21,21.1464,SEK,User-supplied historical EPS TTM / all Yahoo overlaps <1%,strict_user_history_gap_fill
SCA-B.ST,2020-Q3,,2020-10-30,18.7045,SEK,User-supplied historical EPS TTM / all Yahoo overlaps <1%,strict_user_history_gap_fill
SCA-B.ST,2020-Q4,,2021-01-29,1.0921,SEK,User-supplied historical EPS TTM / all Yahoo overlaps <1%,strict_user_history_gap_fill
SCA-B.ST,2021-Q1,,2021-04-30,1.5463,SEK,User-supplied historical EPS TTM / all Yahoo overlaps <1%,strict_user_history_gap_fill
SCA-B.ST,2021-Q2,,2021-07-23,3.0042,SEK,User-supplied historical EPS TTM / all Yahoo overlaps <1%,strict_user_history_gap_fill
SCA-B.ST,2021-Q3,,2021-10-29,6.961,SEK,User-supplied historical EPS TTM / all Yahoo overlaps <1%,strict_user_history_gap_fill
SCA-B.ST,2021-Q4,,2022-01-28,8.6866,SEK,User-supplied historical EPS TTM / all Yahoo overlaps <1%,strict_user_history_gap_fill
SCA-B.ST,2022-Q1,,2022-04-29,10.0507,SEK,User-supplied historical EPS TTM / all Yahoo overlaps <1%,strict_user_history_gap_fill
SCA-B.ST,2022-Q2,,2022-07-22,10.9847,SEK,User-supplied historical EPS TTM / all Yahoo overlaps <1%,strict_user_history_gap_fill
SCA-B.ST,2022-Q3,,2022-10-28,10.7398,SEK,User-supplied historical EPS TTM / all Yahoo overlaps <1%,strict_user_history_gap_fill
SCA-B.ST,2022-Q4,,2023-01-27,9.6619,SEK,User-supplied historical EPS TTM / all Yahoo overlaps <1%,strict_user_history_gap_fill
SCA-B.ST,2023-Q1,,2023-04-28,8.8931,SEK,User-supplied historical EPS TTM / all Yahoo overlaps <1%,strict_user_history_gap_fill
SCA-B.ST,2023-Q2,,2023-07-21,7.1674,SEK,User-supplied historical EPS TTM / all Yahoo overlaps <1%,strict_user_history_gap_fill
SCA-B.ST,2023-Q3,2023-09-30,2023-10-27,5.78,SEK,Yahoo Finance / trailingDilutedEPS historical timeseries,yahoo_trailing_diluted
SCA-B.ST,2023-Q4,2023-12-31,2024-01-26,5.23,SEK,Yahoo Finance / trailingDilutedEPS historical timeseries,yahoo_trailing_diluted
SCA-B.ST,2024-Q1,2024-03-31,2024-04-26,4.61,SEK,Yahoo Finance / trailingDilutedEPS historical timeseries,yahoo_trailing_diluted
SCA-B.ST,2024-Q2,2024-06-30,2024-07-26,4.66,SEK,Yahoo Finance / trailingDilutedEPS historical timeseries,yahoo_trailing_diluted
SCA-B.ST,2024-Q3,2024-09-30,2024-10-25,5.22,SEK,Yahoo Finance / trailingDilutedEPS historical timeseries,yahoo_trailing_diluted
SCA-B.ST,2024-Q4,2024-12-31,2025-01-31,5.18,SEK,Yahoo Finance / trailingDilutedEPS historical timeseries,yahoo_trailing_diluted
SCA-B.ST,2025-Q1,2025-03-31,2025-04-25,5.2,SEK,Yahoo Finance / trailingDilutedEPS historical timeseries,yahoo_trailing_diluted
SCA-B.ST,2025-Q2,2025-06-30,2025-07-25,5.38,SEK,Yahoo Finance / trailingDilutedEPS historical timeseries,yahoo_trailing_diluted
SCA-B.ST,2025-Q3,2025-09-30,2025-10-24,5.039999999999999,SEK,Yahoo Finance / trailingDilutedEPS reconstructed from quarterlyDilutedEPS,yahoo_reconstructed_diluted_ttm
SCA-B.ST,2025-Q4,2025-12-31,2026-01-30,4.56,SEK,Yahoo Finance / trailingDilutedEPS historical timeseries,yahoo_trailing_diluted
SCA-B.ST,2026-Q1,2026-03-31,2026-04-24,3.96,SEK,Yahoo Finance / trailingDilutedEPS historical timeseries,yahoo_trailing_diluted
SCA-B.ST,2026-Q2,2026-06-30,2026-07-22,3.16,SEK,Yahoo Finance / trailingDilutedEPS historical timeseries,yahoo_trailing_diluted
SCST.ST,2018-Q3,,2018-11-05,2.8625,SEK,User-supplied historical EPS TTM / all Yahoo overlaps <1%,strict_user_history_gap_fill
SCST.ST,2018-Q4,,2019-02-20,3.0734,SEK,User-supplied historical EPS TTM / all Yahoo overlaps <1%,strict_user_history_gap_fill
SCST.ST,2019-Q1,,2019-05-09,3.5034,SEK,User-supplied historical EPS TTM / all Yahoo overlaps <1%,strict_user_history_gap_fill
SCST.ST,2019-Q2,,2019-08-21,3.7721,SEK,User-supplied historical EPS TTM / all Yahoo overlaps <1%,strict_user_history_gap_fill
SCST.ST,2019-Q3,,2019-11-06,4.0752,SEK,User-supplied historical EPS TTM / all Yahoo overlaps <1%,strict_user_history_gap_fill
SCST.ST,2019-Q4,,2020-02-07,3.5727,SEK,User-supplied historical EPS TTM / all Yahoo overlaps <1%,strict_user_history_gap_fill
SCST.ST,2020-Q1,,2020-05-12,2.9784,SEK,User-supplied historical EPS TTM / all Yahoo overlaps <1%,strict_user_history_gap_fill
SCST.ST,2020-Q2,,2020-08-26,3.3872,SEK,User-supplied historical EPS TTM / all Yahoo overlaps <1%,strict_user_history_gap_fill
SCST.ST,2020-Q3,,2020-11-04,3.4744,SEK,User-supplied historical EPS TTM / all Yahoo overlaps <1%,strict_user_history_gap_fill
SCST.ST,2020-Q4,,2021-02-11,3.1998,SEK,User-supplied historical EPS TTM / all Yahoo overlaps <1%,strict_user_history_gap_fill
SCST.ST,2021-Q1,,2021-05-07,3.5357,SEK,User-supplied historical EPS TTM / all Yahoo overlaps <1%,strict_user_history_gap_fill
SCST.ST,2021-Q2,,2021-08-25,2.9606,SEK,User-supplied historical EPS TTM / all Yahoo overlaps <1%,strict_user_history_gap_fill
SCST.ST,2021-Q3,,2021-11-12,1.7948,SEK,User-supplied historical EPS TTM / all Yahoo overlaps <1%,strict_user_history_gap_fill
SCST.ST,2021-Q4,,2022-02-11,1.5528,SEK,User-supplied historical EPS TTM / all Yahoo overlaps <1%,strict_user_history_gap_fill
SCST.ST,2022-Q1,,2022-05-04,0.822,SEK,User-supplied historical EPS TTM / all Yahoo overlaps <1%,strict_user_history_gap_fill
SCST.ST,2022-Q2,,2022-08-25,0.289,SEK,User-supplied historical EPS TTM / all Yahoo overlaps <1%,strict_user_history_gap_fill
SCST.ST,2022-Q3,,2022-10-28,0.289,SEK,User-supplied historical EPS TTM / all Yahoo overlaps <1%,strict_user_history_gap_fill
SCST.ST,2022-Q4,,2023-02-09,0.289,SEK,User-supplied historical EPS TTM / all Yahoo overlaps <1%,strict_user_history_gap_fill
SCST.ST,2023-Q1,,2023-05-03,0.289,SEK,User-supplied historical EPS TTM / all Yahoo overlaps <1%,strict_user_history_gap_fill
SCST.ST,2023-Q2,,2023-08-23,0.289,SEK,User-supplied historical EPS TTM / all Yahoo overlaps <1%,strict_user_history_gap_fill
SCST.ST,2023-Q3,2023-09-30,2023-10-26,3.96,SEK,Yahoo Finance / trailingDilutedEPS historical timeseries,yahoo_trailing_diluted
SCST.ST,2023-Q4,,2024-02-09,4.0907,SEK,User-supplied historical EPS TTM / all Yahoo overlaps <1%,strict_user_history_gap_fill
SCST.ST,2024-Q1,2024-03-31,2024-05-03,4.35,SEK,Yahoo Finance / trailingDilutedEPS historical timeseries,yahoo_trailing_diluted
SCST.ST,2024-Q2,2024-06-30,2024-07-17,4.32,SEK,Yahoo Finance / trailingDilutedEPS historical timeseries,yahoo_trailing_diluted
SCST.ST,2024-Q3,2024-09-30,2024-10-25,4.6,SEK,Yahoo Finance / trailingDilutedEPS historical timeseries,yahoo_trailing_diluted
SCST.ST,2024-Q4,2024-12-31,2025-02-06,4.2,SEK,Yahoo Finance / trailingDilutedEPS historical timeseries,yahoo_trailing_diluted
SCST.ST,2025-Q1,,2025-04-29,4.1211,SEK,User-supplied historical EPS TTM / all Yahoo overlaps <1%,strict_user_history_gap_fill
SCST.ST,2025-Q2,2025-06-30,2025-07-17,4.35,SEK,Yahoo Finance / trailingDilutedEPS historical timeseries,yahoo_trailing_diluted
SCST.ST,2025-Q3,2025-09-30,2025-10-23,4.750000000000001,SEK,Yahoo Finance / trailingDilutedEPS reconstructed from quarterlyDilutedEPS,yahoo_reconstructed_diluted_ttm
SCST.ST,2025-Q4,2025-12-31,2026-02-05,5.61,SEK,Yahoo Finance / trailingDilutedEPS historical timeseries,yahoo_trailing_diluted
SCST.ST,2026-Q1,2026-03-31,2026-04-28,6.15,SEK,Yahoo Finance / trailingDilutedEPS historical timeseries,yahoo_trailing_diluted
SCST.ST,2026-Q2,2026-06-30,2026-07-17,6.65,SEK,Yahoo Finance / trailingDilutedEPS historical timeseries,yahoo_trailing_diluted
SEB-A.ST,2018-Q3,,2018-10-25,9.9816,SEK,User-supplied historical EPS TTM / all Yahoo overlaps <1%,strict_user_history_gap_fill
SEB-A.ST,2018-Q4,,2019-01-30,10.6236,SEK,User-supplied historical EPS TTM / all Yahoo overlaps <1%,strict_user_history_gap_fill
SEB-A.ST,2019-Q1,,2019-04-30,10.9458,SEK,User-supplied historical EPS TTM / all Yahoo overlaps <1%,strict_user_history_gap_fill
SEB-A.ST,2019-Q2,,2019-07-12,8.5914,SEK,User-supplied historical EPS TTM / all Yahoo overlaps <1%,strict_user_history_gap_fill
SEB-A.ST,2019-Q3,,2019-10-23,8.7025,SEK,User-supplied historical EPS TTM / all Yahoo overlaps <1%,strict_user_history_gap_fill
SEB-A.ST,2019-Q4,,2020-01-29,9.279,SEK,User-supplied historical EPS TTM / all Yahoo overlaps <1%,strict_user_history_gap_fill
SEB-A.ST,2020-Q1,,2020-04-29,8.2086,SEK,User-supplied historical EPS TTM / all Yahoo overlaps <1%,strict_user_history_gap_fill
SEB-A.ST,2020-Q2,,2020-07-15,7.5622,SEK,User-supplied historical EPS TTM / all Yahoo overlaps <1%,strict_user_history_gap_fill
SEB-A.ST,2020-Q3,,2020-10-22,7.5584,SEK,User-supplied historical EPS TTM / all Yahoo overlaps <1%,strict_user_history_gap_fill
SEB-A.ST,2020-Q4,,2021-01-27,7.2354,SEK,User-supplied historical EPS TTM / all Yahoo overlaps <1%,strict_user_history_gap_fill
SEB-A.ST,2021-Q1,,2021-04-28,8.918,SEK,User-supplied historical EPS TTM / all Yahoo overlaps <1%,strict_user_history_gap_fill
SEB-A.ST,2021-Q2,,2021-07-15,10.3276,SEK,User-supplied historical EPS TTM / all Yahoo overlaps <1%,strict_user_history_gap_fill
SEB-A.ST,2021-Q3,,2021-10-20,11.1771,SEK,User-supplied historical EPS TTM / all Yahoo overlaps <1%,strict_user_history_gap_fill
SEB-A.ST,2021-Q4,,2022-01-27,11.6674,SEK,User-supplied historical EPS TTM / all Yahoo overlaps <1%,strict_user_history_gap_fill
SEB-A.ST,2022-Q1,,2022-04-27,11.8578,SEK,User-supplied historical EPS TTM / all Yahoo overlaps <1%,strict_user_history_gap_fill
SEB-A.ST,2022-Q2,,2022-07-14,11.5494,SEK,User-supplied historical EPS TTM / all Yahoo overlaps <1%,strict_user_history_gap_fill
SEB-A.ST,2022-Q3,,2022-10-26,11.9081,SEK,User-supplied historical EPS TTM / all Yahoo overlaps <1%,strict_user_history_gap_fill
SEB-A.ST,2022-Q4,,2023-01-26,12.5378,SEK,User-supplied historical EPS TTM / all Yahoo overlaps <1%,strict_user_history_gap_fill
SEB-A.ST,2023-Q1,,2023-04-26,14.0012,SEK,User-supplied historical EPS TTM / all Yahoo overlaps <1%,strict_user_history_gap_fill
SEB-A.ST,2023-Q2,,2023-07-18,15.9147,SEK,User-supplied historical EPS TTM / all Yahoo overlaps <1%,strict_user_history_gap_fill
SEB-A.ST,2023-Q3,2023-09-30,2023-10-25,17.57,SEK,Yahoo Finance / trailingDilutedEPS historical timeseries,yahoo_trailing_diluted
SEB-A.ST,2023-Q4,2023-12-31,2024-01-25,18.06,SEK,Yahoo Finance / trailingDilutedEPS historical timeseries,yahoo_trailing_diluted
SEB-A.ST,2024-Q1,2024-03-31,2024-04-24,18.2,SEK,Yahoo Finance / trailingDilutedEPS historical timeseries,yahoo_trailing_diluted
SEB-A.ST,2024-Q2,2024-06-30,2024-07-16,18.11,SEK,Yahoo Finance / trailingDilutedEPS historical timeseries,yahoo_trailing_diluted
SEB-A.ST,2024-Q3,2024-09-30,2024-10-24,17.67,SEK,Yahoo Finance / trailingDilutedEPS historical timeseries,yahoo_trailing_diluted
SEB-A.ST,2024-Q4,2024-12-31,2025-01-29,17.33,SEK,Yahoo Finance / trailingDilutedEPS historical timeseries,yahoo_trailing_diluted
SEB-A.ST,2025-Q1,2025-03-31,2025-04-29,16.61,SEK,Yahoo Finance / trailingDilutedEPS historical timeseries,yahoo_trailing_diluted
SEB-A.ST,2025-Q2,2025-06-30,2025-07-16,16.16,SEK,Yahoo Finance / trailingDilutedEPS historical timeseries,yahoo_trailing_diluted
SEB-A.ST,2025-Q3,2025-09-30,2025-10-23,15.41,SEK,Yahoo Finance / trailingDilutedEPS reconstructed from quarterlyDilutedEPS,yahoo_reconstructed_diluted_ttm
SEB-A.ST,2025-Q4,2025-12-31,2026-01-29,15.43,SEK,Yahoo Finance / trailingDilutedEPS historical timeseries,yahoo_trailing_diluted
SEB-A.ST,2026-Q1,2026-03-31,2026-04-29,15.38,SEK,Yahoo Finance / trailingDilutedEPS historical timeseries,yahoo_trailing_diluted
SEB-A.ST,2026-Q2,2026-06-30,2026-07-15,15.68,SEK,Yahoo Finance / trailingDilutedEPS historical timeseries,yahoo_trailing_diluted
SECARE.ST,2018-Q3,,2018-10-25,0.27,SEK,User-supplied historical EPS TTM fallback,fallback_user_history
SECARE.ST,2018-Q4,,2019-02-14,0.2948,SEK,User-supplied historical EPS TTM fallback,fallback_user_history
SECARE.ST,2019-Q1,,2019-04-25,0.3427,SEK,User-supplied historical EPS TTM fallback,fallback_user_history
SECARE.ST,2019-Q2,,2019-07-26,0.3551,SEK,User-supplied historical EPS TTM fallback,fallback_user_history
SECARE.ST,2019-Q3,,2019-10-24,0.3796,SEK,User-supplied historical EPS TTM fallback,fallback_user_history
SECARE.ST,2019-Q4,,2020-02-13,0.3792,SEK,User-supplied historical EPS TTM fallback,fallback_user_history
SECARE.ST,2020-Q1,,2020-04-21,0.3782,SEK,User-supplied historical EPS TTM fallback,fallback_user_history
SECARE.ST,2020-Q2,,2020-07-24,0.3565,SEK,User-supplied historical EPS TTM fallback,fallback_user_history
SECARE.ST,2020-Q3,,2020-10-22,0.4103,SEK,User-supplied historical EPS TTM fallback,fallback_user_history
SECARE.ST,2020-Q4,,2021-02-18,0.5337,SEK,User-supplied historical EPS TTM fallback,fallback_user_history
SECARE.ST,2021-Q1,,2021-04-29,0.6806,SEK,User-supplied historical EPS TTM fallback,fallback_user_history
SECARE.ST,2021-Q2,,2021-07-29,0.9233,SEK,User-supplied historical EPS TTM fallback,fallback_user_history
SECARE.ST,2021-Q3,,2021-10-28,1.008,SEK,User-supplied historical EPS TTM fallback,fallback_user_history
SECARE.ST,2021-Q4,,2022-02-17,0.9787,SEK,User-supplied historical EPS TTM fallback,fallback_user_history
SECARE.ST,2022-Q1,,2022-05-12,0.8037,SEK,User-supplied historical EPS TTM fallback,fallback_user_history
SECARE.ST,2022-Q2,,2022-07-28,0.9872,SEK,User-supplied historical EPS TTM fallback,fallback_user_history
SECARE.ST,2022-Q3,,2022-11-09,0.8898,SEK,User-supplied historical EPS TTM fallback,fallback_user_history
SECARE.ST,2022-Q4,,2023-02-16,0.8229,SEK,User-supplied historical EPS TTM fallback,fallback_user_history
SECARE.ST,2023-Q1,,2023-04-28,0.8525,SEK,User-supplied historical EPS TTM fallback,fallback_user_history
SECARE.ST,2023-Q2,,2023-07-27,0.4642,SEK,User-supplied historical EPS TTM fallback,fallback_user_history
SECARE.ST,2023-Q3,2023-09-30,2023-10-25,0.55,SEK,Yahoo Finance / trailingDilutedEPS historical timeseries,yahoo_trailing_diluted
SECARE.ST,2023-Q4,2023-12-31,2024-02-15,0.37,SEK,Yahoo Finance / trailingDilutedEPS historical timeseries,yahoo_trailing_diluted
SECARE.ST,2024-Q1,2024-03-31,2024-04-25,0.45,SEK,Yahoo Finance / trailingDilutedEPS historical timeseries,yahoo_trailing_diluted
SECARE.ST,2024-Q2,2024-06-30,2024-07-25,0.48,SEK,Yahoo Finance / trailingDilutedEPS historical timeseries,yahoo_trailing_diluted
SECARE.ST,2024-Q3,2024-09-30,2024-10-23,0.39,SEK,Yahoo Finance / trailingDilutedEPS historical timeseries,yahoo_trailing_diluted
SECARE.ST,2024-Q4,2024-12-31,2025-02-13,0.62,SEK,Yahoo Finance / trailingDilutedEPS historical timeseries,yahoo_trailing_diluted
SECARE.ST,2025-Q1,2025-03-31,2025-04-24,0.58,SEK,Yahoo Finance / trailingDilutedEPS historical timeseries,yahoo_trailing_diluted
SECARE.ST,2025-Q2,2025-06-30,2025-07-23,0.41,SEK,Yahoo Finance / trailingDilutedEPS historical timeseries,yahoo_trailing_diluted
SECARE.ST,2025-Q3,2025-09-30,2025-10-22,0.3999999999999999,SEK,Yahoo Finance / trailingDilutedEPS reconstructed from quarterlyDilutedEPS,yahoo_reconstructed_diluted_ttm
SECARE.ST,2025-Q4,2025-12-31,2026-02-12,0.35,SEK,Yahoo Finance / trailingDilutedEPS historical timeseries,yahoo_trailing_diluted
SECARE.ST,2026-Q1,2026-03-31,2026-04-23,0.31,SEK,Yahoo Finance / trailingDilutedEPS historical timeseries,yahoo_trailing_diluted
SECARE.ST,2026-Q2,2026-06-30,2026-07-22,0.5,SEK,Yahoo Finance / trailingDilutedEPS historical timeseries,yahoo_trailing_diluted
SECT-B.ST,2018-Q3,,2018-09-04,1.0849,SEK,User-supplied historical EPS TTM / all Yahoo overlaps <1%,strict_user_history_gap_fill
SECT-B.ST,2018-Q4,,2018-12-07,1.0501,SEK,User-supplied historical EPS TTM / all Yahoo overlaps <1%,strict_user_history_gap_fill
SECT-B.ST,2019-Q1,,2019-03-06,1.0941,SEK,User-supplied historical EPS TTM / all Yahoo overlaps <1%,strict_user_history_gap_fill
SECT-B.ST,2019-Q2,,2019-05-28,1.0916,SEK,User-supplied historical EPS TTM / all Yahoo overlaps <1%,strict_user_history_gap_fill
SECT-B.ST,2019-Q3,,2019-09-03,1.0445,SEK,User-supplied historical EPS TTM / all Yahoo overlaps <1%,strict_user_history_gap_fill
SECT-B.ST,2019-Q4,,2019-11-29,1.0015,SEK,User-supplied historical EPS TTM / all Yahoo overlaps <1%,strict_user_history_gap_fill
SECT-B.ST,2020-Q1,,2020-03-04,1.1862,SEK,User-supplied historical EPS TTM / all Yahoo overlaps <1%,strict_user_history_gap_fill
SECT-B.ST,2020-Q2,,2020-06-03,1.232,SEK,User-supplied historical EPS TTM / all Yahoo overlaps <1%,strict_user_history_gap_fill
SECT-B.ST,2020-Q3,,2020-09-04,1.1945,SEK,User-supplied historical EPS TTM / all Yahoo overlaps <1%,strict_user_history_gap_fill
SECT-B.ST,2020-Q4,,2020-11-27,1.3908,SEK,User-supplied historical EPS TTM / all Yahoo overlaps <1%,strict_user_history_gap_fill
SECT-B.ST,2021-Q1,,2021-03-12,1.2567,SEK,User-supplied historical EPS TTM / all Yahoo overlaps <1%,strict_user_history_gap_fill
SECT-B.ST,2021-Q2,,2021-06-02,1.43,SEK,User-supplied historical EPS TTM / all Yahoo overlaps <1%,strict_user_history_gap_fill
SECT-B.ST,2021-Q3,,2021-09-03,1.722,SEK,User-supplied historical EPS TTM / all Yahoo overlaps <1%,strict_user_history_gap_fill
SECT-B.ST,2021-Q4,,2021-12-10,1.6889,SEK,User-supplied historical EPS TTM / all Yahoo overlaps <1%,strict_user_history_gap_fill
SECT-B.ST,2022-Q1,,2022-03-09,1.7384,SEK,User-supplied historical EPS TTM / all Yahoo overlaps <1%,strict_user_history_gap_fill
SECT-B.ST,2022-Q2,,2022-06-03,1.6339,SEK,User-supplied historical EPS TTM / all Yahoo overlaps <1%,strict_user_history_gap_fill
SECT-B.ST,2022-Q3,,2022-09-02,1.5353,SEK,User-supplied historical EPS TTM / all Yahoo overlaps <1%,strict_user_history_gap_fill
SECT-B.ST,2022-Q4,,2022-12-16,1.6784,SEK,User-supplied historical EPS TTM / all Yahoo overlaps <1%,strict_user_history_gap_fill
SECT-B.ST,2023-Q1,,2023-03-10,1.7273,SEK,User-supplied historical EPS TTM / all Yahoo overlaps <1%,strict_user_history_gap_fill
SECT-B.ST,2023-Q2,,2023-06-02,1.9461,SEK,User-supplied historical EPS TTM / all Yahoo overlaps <1%,strict_user_history_gap_fill
SECT-B.ST,2023-Q3,,2023-09-05,1.9847,SEK,User-supplied historical EPS TTM / all Yahoo overlaps <1%,strict_user_history_gap_fill
SECT-B.ST,2023-Q4,2023-10-31,2023-12-15,2.28,SEK,Yahoo Finance / trailingDilutedEPS historical timeseries,yahoo_trailing_diluted
SECT-B.ST,2024-Q1,2024-01-31,2024-03-08,2.21,SEK,Yahoo Finance / trailingDilutedEPS historical timeseries,yahoo_trailing_diluted
SECT-B.ST,2024-Q2,,2024-06-05,2.2237,SEK,User-supplied historical EPS TTM / all Yahoo overlaps <1%,strict_user_history_gap_fill
SECT-B.ST,2024-Q3,2024-07-31,2024-09-06,2.32,SEK,Yahoo Finance / trailingDilutedEPS historical timeseries,yahoo_trailing_diluted
SECT-B.ST,2024-Q4,2024-10-31,2024-12-12,1.99,SEK,Yahoo Finance / trailingDilutedEPS historical timeseries,yahoo_trailing_diluted
SECT-B.ST,2025-Q1,2025-01-31,2025-03-14,3.06,SEK,Yahoo Finance / trailingDilutedEPS historical timeseries,yahoo_trailing_diluted
SECT-B.ST,2025-Q2,2025-04-30,2025-06-05,2.92,SEK,Yahoo Finance / trailingDilutedEPS historical timeseries,yahoo_trailing_diluted
SECT-B.ST,2025-Q3,2025-07-31,2025-09-04,3.03,SEK,Yahoo Finance / trailingDilutedEPS historical timeseries,yahoo_trailing_diluted
SECT-B.ST,2025-Q4,2025-10-31,2025-12-12,3.35,SEK,Yahoo Finance / trailingDilutedEPS historical timeseries,yahoo_trailing_diluted
SECT-B.ST,2026-Q1,2026-01-31,2026-03-06,2.79,SEK,Yahoo Finance / trailingDilutedEPS historical timeseries,yahoo_trailing_diluted
SECT-B.ST,2026-Q2,2026-04-30,2026-06-05,2.93,SEK,Yahoo Finance / trailingDilutedEPS historical timeseries,yahoo_trailing_diluted
SECU-B.ST,2018-Q3,,2018-10-26,6.6514,SEK,User-supplied historical EPS TTM fallback,fallback_user_history
SECU-B.ST,2018-Q4,,2019-02-07,6.8694,SEK,User-supplied historical EPS TTM fallback,fallback_user_history
SECU-B.ST,2019-Q1,,2019-05-06,7.0256,SEK,User-supplied historical EPS TTM fallback,fallback_user_history
SECU-B.ST,2019-Q2,,2019-07-31,6.9405,SEK,User-supplied historical EPS TTM fallback,fallback_user_history
SECU-B.ST,2019-Q3,,2019-11-06,7.3492,SEK,User-supplied historical EPS TTM fallback,fallback_user_history
SECU-B.ST,2019-Q4,,2020-02-06,7.6478,SEK,User-supplied historical EPS TTM fallback,fallback_user_history
SECU-B.ST,2020-Q1,,2020-05-07,7.261,SEK,User-supplied historical EPS TTM fallback,fallback_user_history
SECU-B.ST,2020-Q2,,2020-07-29,6.6942,SEK,User-supplied historical EPS TTM fallback,fallback_user_history
SECU-B.ST,2020-Q3,,2020-11-03,6.2909,SEK,User-supplied historical EPS TTM fallback,fallback_user_history
SECU-B.ST,2020-Q4,,2021-02-04,5.5117,SEK,User-supplied historical EPS TTM fallback,fallback_user_history
SECU-B.ST,2021-Q1,,2021-05-05,5.719,SEK,User-supplied historical EPS TTM fallback,fallback_user_history
SECU-B.ST,2021-Q2,,2021-07-29,6.2138,SEK,User-supplied historical EPS TTM fallback,fallback_user_history
SECU-B.ST,2021-Q3,,2021-10-29,6.6397,SEK,User-supplied historical EPS TTM fallback,fallback_user_history
SECU-B.ST,2021-Q4,,2022-02-08,7.1426,SEK,User-supplied historical EPS TTM fallback,fallback_user_history
SECU-B.ST,2022-Q1,,2022-05-04,7.509,SEK,User-supplied historical EPS TTM fallback,fallback_user_history
SECU-B.ST,2022-Q2,,2022-07-28,8.0942,SEK,User-supplied historical EPS TTM fallback,fallback_user_history
SECU-B.ST,2022-Q3,,2022-11-08,7.823,SEK,User-supplied historical EPS TTM fallback,fallback_user_history
SECU-B.ST,2022-Q4,,2023-02-07,8.585,SEK,User-supplied historical EPS TTM fallback,fallback_user_history
SECU-B.ST,2023-Q1,,2023-05-03,8.3349,SEK,User-supplied historical EPS TTM fallback,fallback_user_history
SECU-B.ST,2023-Q2,,2023-07-28,8.0618,SEK,User-supplied historical EPS TTM fallback,fallback_user_history
SECU-B.ST,2023-Q3,2023-09-30,2023-11-07,2.63,SEK,Yahoo Finance / trailingDilutedEPS historical timeseries,yahoo_trailing_diluted
SECU-B.ST,2023-Q4,2023-12-31,2024-02-07,2.24,SEK,Yahoo Finance / trailingDilutedEPS historical timeseries,yahoo_trailing_diluted
SECU-B.ST,2024-Q1,2024-03-31,2024-05-08,2.42,SEK,Yahoo Finance / trailingDilutedEPS historical timeseries,yahoo_trailing_diluted
SECU-B.ST,2024-Q2,2024-06-30,2024-07-30,2.65,SEK,Yahoo Finance / trailingDilutedEPS historical timeseries,yahoo_trailing_diluted
SECU-B.ST,2024-Q3,2024-09-30,2024-11-06,8.26,SEK,Yahoo Finance / trailingDilutedEPS historical timeseries,yahoo_trailing_diluted
SECU-B.ST,2024-Q4,2024-12-31,2025-02-06,9.01,SEK,Yahoo Finance / trailingDilutedEPS historical timeseries,yahoo_trailing_diluted
SECU-B.ST,2025-Q1,2025-03-31,2025-05-08,9.46,SEK,Yahoo Finance / trailingDilutedEPS historical timeseries,yahoo_trailing_diluted
SECU-B.ST,2025-Q2,2025-06-30,2025-07-30,9.75,SEK,Yahoo Finance / trailingDilutedEPS historical timeseries,yahoo_trailing_diluted
SECU-B.ST,2025-Q3,2025-09-30,2025-11-06,8.809999999999999,SEK,Yahoo Finance / trailingDilutedEPS reconstructed from quarterlyDilutedEPS,yahoo_reconstructed_diluted_ttm
SECU-B.ST,2025-Q4,2025-12-31,2026-02-04,8.93,SEK,Yahoo Finance / trailingDilutedEPS historical timeseries,yahoo_trailing_diluted
SECU-B.ST,2026-Q1,2026-03-31,2026-04-28,9.44,SEK,Yahoo Finance / trailingDilutedEPS historical timeseries,yahoo_trailing_diluted
SECU-B.ST,2026-Q2,2026-06-30,2026-07-24,9.75,SEK,Yahoo Finance / trailingDilutedEPS historical timeseries,yahoo_trailing_diluted
SFAST.ST,2021-Q4,,2022-02-22,3.9651,SEK,User-supplied historical EPS TTM fallback,fallback_user_history
SFAST.ST,2022-Q1,,2022-05-19,4.1492,SEK,User-supplied historical EPS TTM fallback,fallback_user_history
SFAST.ST,2022-Q2,,2022-08-24,3.6547,SEK,User-supplied historical EPS TTM fallback,fallback_user_history
SFAST.ST,2022-Q3,,2022-11-23,2.469,SEK,User-supplied historical EPS TTM fallback,fallback_user_history
SFAST.ST,2022-Q4,,2023-02-21,0.8956,SEK,User-supplied historical EPS TTM fallback,fallback_user_history
SFAST.ST,2023-Q1,,2023-05-16,-0.5978,SEK,User-supplied historical EPS TTM fallback,fallback_user_history
SFAST.ST,2023-Q2,,2023-08-24,-1.0895,SEK,User-supplied historical EPS TTM fallback,fallback_user_history
SFAST.ST,2023-Q3,2023-09-30,2023-11-23,-1.89,SEK,Yahoo Finance / trailingDilutedEPS historical timeseries,yahoo_trailing_diluted
SFAST.ST,2023-Q4,2023-12-31,2024-02-21,-1.11,SEK,Yahoo Finance / trailingDilutedEPS historical timeseries,yahoo_trailing_diluted
SFAST.ST,2024-Q1,2024-03-31,2024-05-16,-0.64,SEK,Yahoo Finance / trailingDilutedEPS historical timeseries,yahoo_trailing_diluted
SFAST.ST,2024-Q2,2024-06-30,2024-08-22,-0.49,SEK,Yahoo Finance / trailingDilutedEPS historical timeseries,yahoo_trailing_diluted
SFAST.ST,2024-Q3,2024-09-30,2024-11-21,-0.39,SEK,Yahoo Finance / trailingDilutedEPS historical timeseries,yahoo_trailing_diluted
SFAST.ST,2024-Q4,2024-12-31,2025-02-20,0.15,SEK,Yahoo Finance / trailingDilutedEPS historical timeseries,yahoo_trailing_diluted
SFAST.ST,2025-Q1,2025-03-31,2025-05-15,0.47,SEK,Yahoo Finance / trailingDilutedEPS historical timeseries,yahoo_trailing_diluted
SFAST.ST,2025-Q2,2025-06-30,2025-08-21,0.63,SEK,Yahoo Finance / trailingDilutedEPS historical timeseries,yahoo_trailing_diluted
SFAST.ST,2025-Q3,2025-09-30,2025-11-20,0.96,SEK,Yahoo Finance / trailingDilutedEPS historical timeseries,yahoo_trailing_diluted
SFAST.ST,2025-Q4,2025-12-31,2026-02-19,1.04,SEK,Yahoo Finance / trailingDilutedEPS historical timeseries,yahoo_trailing_diluted
SFAST.ST,2026-Q1,2026-03-31,2026-05-12,1.34,SEK,Yahoo Finance / trailingDilutedEPS historical timeseries,yahoo_trailing_diluted
SFAST.ST,2026-Q2,2026-06-30,2026-07-09,1.46,SEK,Yahoo Finance / trailingDilutedEPS historical timeseries,yahoo_trailing_diluted
SHB-A.ST,2018-Q3,,2018-10-24,8.6846,SEK,User-supplied historical EPS TTM / all Yahoo overlaps <1%,strict_user_history_gap_fill
SHB-A.ST,2018-Q4,,2019-02-06,8.7965,SEK,User-supplied historical EPS TTM / all Yahoo overlaps <1%,strict_user_history_gap_fill
SHB-A.ST,2019-Q1,,2019-04-17,9.1618,SEK,User-supplied historical EPS TTM / all Yahoo overlaps <1%,strict_user_history_gap_fill
SHB-A.ST,2019-Q2,,2019-07-17,8.6464,SEK,User-supplied historical EPS TTM / all Yahoo overlaps <1%,strict_user_history_gap_fill
SHB-A.ST,2019-Q3,,2019-10-23,8.3744,SEK,User-supplied historical EPS TTM / all Yahoo overlaps <1%,strict_user_history_gap_fill
SHB-A.ST,2019-Q4,,2020-02-05,8.5549,SEK,User-supplied historical EPS TTM / all Yahoo overlaps <1%,strict_user_history_gap_fill
SHB-A.ST,2020-Q1,,2020-04-22,8.138,SEK,User-supplied historical EPS TTM / all Yahoo overlaps <1%,strict_user_history_gap_fill
SHB-A.ST,2020-Q2,,2020-07-15,8.0041,SEK,User-supplied historical EPS TTM / all Yahoo overlaps <1%,strict_user_history_gap_fill
SHB-A.ST,2020-Q3,,2020-10-21,7.8769,SEK,User-supplied historical EPS TTM / all Yahoo overlaps <1%,strict_user_history_gap_fill
SHB-A.ST,2020-Q4,,2021-02-03,7.871,SEK,User-supplied historical EPS TTM / all Yahoo overlaps <1%,strict_user_history_gap_fill
SHB-A.ST,2021-Q1,,2021-04-21,8.0947,SEK,User-supplied historical EPS TTM / all Yahoo overlaps <1%,strict_user_history_gap_fill
SHB-A.ST,2021-Q2,,2021-07-16,8.4852,SEK,User-supplied historical EPS TTM / all Yahoo overlaps <1%,strict_user_history_gap_fill
SHB-A.ST,2021-Q3,,2021-10-19,9.4306,SEK,User-supplied historical EPS TTM / all Yahoo overlaps <1%,strict_user_history_gap_fill
SHB-A.ST,2021-Q4,,2022-02-09,9.862,SEK,User-supplied historical EPS TTM / all Yahoo overlaps <1%,strict_user_history_gap_fill
SHB-A.ST,2022-Q1,,2022-04-27,10.5034,SEK,User-supplied historical EPS TTM / all Yahoo overlaps <1%,strict_user_history_gap_fill
SHB-A.ST,2022-Q2,,2022-07-15,10.2226,SEK,User-supplied historical EPS TTM / all Yahoo overlaps <1%,strict_user_history_gap_fill
SHB-A.ST,2022-Q3,,2022-10-19,10.4903,SEK,User-supplied historical EPS TTM / all Yahoo overlaps <1%,strict_user_history_gap_fill
SHB-A.ST,2022-Q4,,2023-02-24,10.8423,SEK,User-supplied historical EPS TTM / all Yahoo overlaps <1%,strict_user_history_gap_fill
SHB-A.ST,2023-Q1,,2023-04-26,11.4297,SEK,User-supplied historical EPS TTM / all Yahoo overlaps <1%,strict_user_history_gap_fill
SHB-A.ST,2023-Q2,,2023-07-19,12.9084,SEK,User-supplied historical EPS TTM / all Yahoo overlaps <1%,strict_user_history_gap_fill
SHB-A.ST,2023-Q3,2023-09-30,2023-10-18,13.96,SEK,Yahoo Finance / trailingDilutedEPS historical timeseries,yahoo_trailing_diluted
SHB-A.ST,2023-Q4,2023-12-31,2024-02-07,14.7,SEK,Yahoo Finance / trailingDilutedEPS historical timeseries,yahoo_trailing_diluted
SHB-A.ST,2024-Q1,2024-03-31,2024-04-24,14.59,SEK,Yahoo Finance / trailingDilutedEPS historical timeseries,yahoo_trailing_diluted
SHB-A.ST,2024-Q2,2024-06-30,2024-07-17,14.436872,SEK,Yahoo Finance / trailingDilutedEPS historical timeseries,yahoo_trailing_diluted
SHB-A.ST,2024-Q3,2024-09-30,2024-10-23,14.066921,SEK,Yahoo Finance / trailingDilutedEPS historical timeseries,yahoo_trailing_diluted
SHB-A.ST,2024-Q4,2024-12-31,2025-02-05,13.86,SEK,Yahoo Finance / trailingDilutedEPS historical timeseries,yahoo_trailing_diluted
SHB-A.ST,2025-Q1,2025-03-31,2025-04-30,13.72,SEK,Yahoo Finance / trailingDilutedEPS historical timeseries,yahoo_trailing_diluted
SHB-A.ST,2025-Q2,2025-06-30,2025-07-16,13.05,SEK,Yahoo Finance / trailingDilutedEPS historical timeseries,yahoo_trailing_diluted
SHB-A.ST,2025-Q3,2025-09-30,2025-10-22,12.427021,SEK,Yahoo Finance / trailingDilutedEPS reconstructed from quarterlyDilutedEPS,yahoo_reconstructed_diluted_ttm
SHB-A.ST,2025-Q4,2025-12-31,2026-02-04,11.98,SEK,Yahoo Finance / trailingDilutedEPS historical timeseries,yahoo_trailing_diluted
SHB-A.ST,2026-Q1,2026-03-31,2026-04-22,12.0,SEK,Yahoo Finance / trailingDilutedEPS historical timeseries,yahoo_trailing_diluted
SHB-A.ST,2026-Q2,2026-06-30,2026-07-15,11.83,SEK,Yahoo Finance / trailingDilutedEPS historical timeseries,yahoo_trailing_diluted
SHOT.ST,2018-Q3,,2018-10-25,4.5969,SEK,User-supplied historical EPS TTM fallback,fallback_user_history
SHOT.ST,2018-Q4,,2019-02-19,4.6402,SEK,User-supplied historical EPS TTM fallback,fallback_user_history
SHOT.ST,2019-Q1,,2019-05-07,5.8742,SEK,User-supplied historical EPS TTM fallback,fallback_user_history
SHOT.ST,2019-Q2,,2019-07-19,5.2777,SEK,User-supplied historical EPS TTM fallback,fallback_user_history
SHOT.ST,2019-Q3,,2019-10-24,5.2252,SEK,User-supplied historical EPS TTM fallback,fallback_user_history
SHOT.ST,2019-Q4,,2020-02-18,4.9571,SEK,User-supplied historical EPS TTM fallback,fallback_user_history
SHOT.ST,2020-Q1,,2020-05-20,-22.3485,SEK,User-supplied historical EPS TTM fallback,fallback_user_history
SHOT.ST,2020-Q2,,2020-07-17,-35.027,SEK,User-supplied historical EPS TTM fallback,fallback_user_history
SHOT.ST,2020-Q3,,2020-11-03,-39.0144,SEK,User-supplied historical EPS TTM fallback,fallback_user_history
SHOT.ST,2020-Q4,,2021-02-17,-42.6252,SEK,User-supplied historical EPS TTM fallback,fallback_user_history
SHOT.ST,2021-Q1,,2021-04-28,-21.2144,SEK,User-supplied historical EPS TTM fallback,fallback_user_history
SHOT.ST,2021-Q2,,2021-07-16,-13.6521,SEK,User-supplied historical EPS TTM fallback,fallback_user_history
SHOT.ST,2021-Q3,,2021-10-28,-11.5903,SEK,User-supplied historical EPS TTM fallback,fallback_user_history
SHOT.ST,2021-Q4,,2022-02-10,-8.9498,SEK,User-supplied historical EPS TTM fallback,fallback_user_history
SHOT.ST,2022-Q1,,2022-04-27,-6.6546,SEK,User-supplied historical EPS TTM fallback,fallback_user_history
SHOT.ST,2022-Q2,,2022-07-15,-0.9138,SEK,User-supplied historical EPS TTM fallback,fallback_user_history
SHOT.ST,2022-Q3,,2022-10-27,1.0194,SEK,User-supplied historical EPS TTM fallback,fallback_user_history
SHOT.ST,2022-Q4,,2023-02-16,1.0822,SEK,User-supplied historical EPS TTM fallback,fallback_user_history
SHOT.ST,2023-Q1,,2023-04-27,2.8029,SEK,User-supplied historical EPS TTM fallback,fallback_user_history
SHOT.ST,2023-Q2,,2023-07-14,2.1197,SEK,User-supplied historical EPS TTM fallback,fallback_user_history
SHOT.ST,2023-Q3,2023-09-30,2023-10-26,2.67,SEK,Yahoo Finance / trailingDilutedEPS historical timeseries,yahoo_trailing_diluted
SHOT.ST,2023-Q4,2023-12-31,2024-02-14,2.86,SEK,Yahoo Finance / trailingDilutedEPS historical timeseries,yahoo_trailing_diluted
SHOT.ST,2024-Q1,2024-03-31,2024-04-24,2.76,SEK,Yahoo Finance / trailingDilutedEPS historical timeseries,yahoo_trailing_diluted
SHOT.ST,2024-Q2,2024-06-30,2024-07-17,2.98,SEK,Yahoo Finance / trailingDilutedEPS historical timeseries,yahoo_trailing_diluted
SHOT.ST,2024-Q3,2024-09-30,2024-10-30,2.86,SEK,Yahoo Finance / trailingDilutedEPS historical timeseries,yahoo_trailing_diluted
SHOT.ST,2024-Q4,2024-12-31,2025-02-19,3.19,SEK,Yahoo Finance / trailingDilutedEPS historical timeseries,yahoo_trailing_diluted
SHOT.ST,2025-Q1,2025-03-31,2025-04-15,3.93,SEK,Yahoo Finance / trailingDilutedEPS historical timeseries,yahoo_trailing_diluted
SHOT.ST,2025-Q2,2025-06-30,2025-07-15,3.58,SEK,Yahoo Finance / trailingDilutedEPS historical timeseries,yahoo_trailing_diluted
SHOT.ST,2025-Q3,2025-09-30,2025-10-29,3.43,SEK,Yahoo Finance / trailingDilutedEPS reconstructed from quarterlyDilutedEPS,yahoo_reconstructed_diluted_ttm
SHOT.ST,2025-Q4,2025-12-31,2026-02-18,2.9,SEK,Yahoo Finance / trailingDilutedEPS historical timeseries,yahoo_trailing_diluted
SHOT.ST,2026-Q1,2026-03-31,2026-04-22,2.98,SEK,Yahoo Finance / trailingDilutedEPS historical timeseries,yahoo_trailing_diluted
SHOT.ST,2026-Q2,2026-06-30,2026-07-15,3.37,SEK,Yahoo Finance / trailingDilutedEPS historical timeseries,yahoo_trailing_diluted
SINT.ST,2018-Q3,,2018-11-14,3.9351,SEK,User-supplied historical EPS TTM / all Yahoo overlaps <1%,strict_user_history_gap_fill
SINT.ST,2018-Q4,,2019-02-20,4.6121,SEK,User-supplied historical EPS TTM / all Yahoo overlaps <1%,strict_user_history_gap_fill
SINT.ST,2019-Q1,,2019-04-24,5.2044,SEK,User-supplied historical EPS TTM / all Yahoo overlaps <1%,strict_user_history_gap_fill
SINT.ST,2019-Q2,,2019-08-22,5.5853,SEK,User-supplied historical EPS TTM / all Yahoo overlaps <1%,strict_user_history_gap_fill
SINT.ST,2019-Q3,,2019-11-13,6.6008,SEK,User-supplied historical EPS TTM / all Yahoo overlaps <1%,strict_user_history_gap_fill
SINT.ST,2019-Q4,,2020-02-19,6.7982,SEK,User-supplied historical EPS TTM / all Yahoo overlaps <1%,strict_user_history_gap_fill
SINT.ST,2020-Q1,,2020-04-21,6.5584,SEK,User-supplied historical EPS TTM / all Yahoo overlaps <1%,strict_user_history_gap_fill
SINT.ST,2020-Q2,,2020-08-19,4.9929,SEK,User-supplied historical EPS TTM / all Yahoo overlaps <1%,strict_user_history_gap_fill
SINT.ST,2020-Q3,,2020-10-28,3.5119,SEK,User-supplied historical EPS TTM / all Yahoo overlaps <1%,strict_user_history_gap_fill
SINT.ST,2020-Q4,,2021-02-10,3.1311,SEK,User-supplied historical EPS TTM / all Yahoo overlaps <1%,strict_user_history_gap_fill
SINT.ST,2021-Q1,,2021-04-21,3.1734,SEK,User-supplied historical EPS TTM / all Yahoo overlaps <1%,strict_user_history_gap_fill
SINT.ST,2021-Q2,,2021-08-18,4.3582,SEK,User-supplied historical EPS TTM / all Yahoo overlaps <1%,strict_user_history_gap_fill
SINT.ST,2021-Q3,,2021-11-03,4.88,SEK,User-supplied historical EPS TTM / all Yahoo overlaps <1%,strict_user_history_gap_fill
SINT.ST,2021-Q4,,2022-02-08,4.6403,SEK,User-supplied historical EPS TTM / all Yahoo overlaps <1%,strict_user_history_gap_fill
SINT.ST,2022-Q1,,2022-04-27,4.7813,SEK,User-supplied historical EPS TTM / all Yahoo overlaps <1%,strict_user_history_gap_fill
SINT.ST,2022-Q2,,2022-08-17,4.0761,SEK,User-supplied historical EPS TTM / all Yahoo overlaps <1%,strict_user_history_gap_fill
SINT.ST,2022-Q3,,2022-11-04,4.5839,SEK,User-supplied historical EPS TTM / all Yahoo overlaps <1%,strict_user_history_gap_fill
SINT.ST,2022-Q4,,2023-02-08,4.6685,SEK,User-supplied historical EPS TTM / all Yahoo overlaps <1%,strict_user_history_gap_fill
SINT.ST,2023-Q1,,2023-04-26,4.4428,SEK,User-supplied historical EPS TTM / all Yahoo overlaps <1%,strict_user_history_gap_fill
SINT.ST,2023-Q2,,2023-08-16,4.4146,SEK,User-supplied historical EPS TTM / all Yahoo overlaps <1%,strict_user_history_gap_fill
SINT.ST,2023-Q3,2023-09-30,2023-11-08,4.87,SEK,Yahoo Finance / trailingDilutedEPS historical timeseries,yahoo_trailing_diluted
SINT.ST,2023-Q4,,2024-02-28,5.9534,SEK,User-supplied historical EPS TTM / all Yahoo overlaps <1%,strict_user_history_gap_fill
SINT.ST,2024-Q1,2024-03-31,2024-04-24,5.92,SEK,Yahoo Finance / trailingDilutedEPS historical timeseries,yahoo_trailing_diluted
SINT.ST,2024-Q2,2024-06-30,2024-08-21,6.53,SEK,Yahoo Finance / trailingDilutedEPS historical timeseries,yahoo_trailing_diluted
SINT.ST,2024-Q3,2024-09-30,2024-11-06,5.98,SEK,Yahoo Finance / trailingDilutedEPS historical timeseries,yahoo_trailing_diluted
SINT.ST,2024-Q4,2024-12-31,2025-02-19,4.85,SEK,Yahoo Finance / trailingDilutedEPS historical timeseries,yahoo_trailing_diluted
SINT.ST,2025-Q1,2025-03-31,2025-04-30,5.06,SEK,Yahoo Finance / trailingDilutedEPS historical timeseries,yahoo_trailing_diluted
SINT.ST,2025-Q2,2025-06-30,2025-08-20,4.83,SEK,Yahoo Finance / trailingDilutedEPS historical timeseries,yahoo_trailing_diluted
SINT.ST,2025-Q3,2025-09-30,2025-11-05,3.98,SEK,Yahoo Finance / trailingDilutedEPS reconstructed from quarterlyDilutedEPS,yahoo_reconstructed_diluted_ttm
SINT.ST,2025-Q4,2025-12-31,2026-02-17,3.49,SEK,Yahoo Finance / trailingDilutedEPS historical timeseries,yahoo_trailing_diluted
SINT.ST,2026-Q1,2026-03-31,2026-04-29,3.14,SEK,Yahoo Finance / trailingDilutedEPS historical timeseries,yahoo_trailing_diluted
SINT.ST,2026-Q2,2026-06-30,2026-08-19,2.71,SEK,Yahoo Finance / trailingDilutedEPS historical timeseries,yahoo_trailing_diluted
SOBI.ST,2018-Q3,,2018-10-31,7.694,SEK,User-supplied historical EPS TTM fallback,fallback_user_history
SOBI.ST,2018-Q4,,2019-02-20,8.5348,SEK,User-supplied historical EPS TTM fallback,fallback_user_history
SOBI.ST,2019-Q1,,2019-04-25,9.6969,SEK,User-supplied historical EPS TTM fallback,fallback_user_history
SOBI.ST,2019-Q2,,2019-07-17,8.8933,SEK,User-supplied historical EPS TTM fallback,fallback_user_history
SOBI.ST,2019-Q3,,2019-10-31,8.446,SEK,User-supplied historical EPS TTM fallback,fallback_user_history
SOBI.ST,2019-Q4,,2020-02-13,10.7303,SEK,User-supplied historical EPS TTM fallback,fallback_user_history
SOBI.ST,2020-Q1,,2020-04-29,11.5483,SEK,User-supplied historical EPS TTM fallback,fallback_user_history
SOBI.ST,2020-Q2,,2020-07-16,10.8454,SEK,User-supplied historical EPS TTM fallback,fallback_user_history
SOBI.ST,2020-Q3,,2020-10-22,9.9885,SEK,User-supplied historical EPS TTM fallback,fallback_user_history
SOBI.ST,2020-Q4,,2021-02-18,10.4188,SEK,User-supplied historical EPS TTM fallback,fallback_user_history
SOBI.ST,2021-Q1,,2021-05-04,8.8445,SEK,User-supplied historical EPS TTM fallback,fallback_user_history
SOBI.ST,2021-Q2,,2021-07-21,8.7991,SEK,User-supplied historical EPS TTM fallback,fallback_user_history
SOBI.ST,2021-Q3,,2021-10-22,9.4294,SEK,User-supplied historical EPS TTM fallback,fallback_user_history
SOBI.ST,2021-Q4,,2022-02-10,8.6056,SEK,User-supplied historical EPS TTM fallback,fallback_user_history
SOBI.ST,2022-Q1,,2022-04-28,8.1238,SEK,User-supplied historical EPS TTM fallback,fallback_user_history
SOBI.ST,2022-Q2,,2022-07-19,8.086,SEK,User-supplied historical EPS TTM fallback,fallback_user_history
SOBI.ST,2022-Q3,,2022-10-27,8.0052,SEK,User-supplied historical EPS TTM fallback,fallback_user_history
SOBI.ST,2022-Q4,,2023-02-08,8.4426,SEK,User-supplied historical EPS TTM fallback,fallback_user_history
SOBI.ST,2023-Q1,,2023-04-27,10.1039,SEK,User-supplied historical EPS TTM fallback,fallback_user_history
SOBI.ST,2023-Q2,,2023-07-18,9.9841,SEK,User-supplied historical EPS TTM fallback,fallback_user_history
SOBI.ST,2023-Q3,2023-09-30,2023-10-30,8.843717,SEK,Yahoo Finance / trailingDilutedEPS historical timeseries,yahoo_trailing_diluted
SOBI.ST,2023-Q4,2023-12-31,2024-02-08,7.39,SEK,Yahoo Finance / trailingDilutedEPS historical timeseries,yahoo_trailing_diluted
SOBI.ST,2024-Q1,2024-03-31,2024-04-25,6.32,SEK,Yahoo Finance / trailingDilutedEPS historical timeseries,yahoo_trailing_diluted
SOBI.ST,2024-Q2,2024-06-30,2024-07-16,6.25,SEK,Yahoo Finance / trailingDilutedEPS historical timeseries,yahoo_trailing_diluted
SOBI.ST,2024-Q3,2024-09-30,2024-10-24,10.21,SEK,Yahoo Finance / trailingDilutedEPS historical timeseries,yahoo_trailing_diluted
SOBI.ST,2024-Q4,2024-12-31,2025-02-05,11.24,SEK,Yahoo Finance / trailingDilutedEPS historical timeseries,yahoo_trailing_diluted
SOBI.ST,2025-Q1,2025-03-31,2025-04-29,11.43,SEK,Yahoo Finance / trailingDilutedEPS historical timeseries,yahoo_trailing_diluted
SOBI.ST,2025-Q2,2025-06-30,2025-07-16,12.62,SEK,Yahoo Finance / trailingDilutedEPS historical timeseries,yahoo_trailing_diluted
SOBI.ST,2025-Q3,2025-09-30,2025-10-20,0.0499999999999998,SEK,Yahoo Finance / trailingDilutedEPS reconstructed from quarterlyDilutedEPS,yahoo_reconstructed_diluted_ttm
SOBI.ST,2025-Q4,2025-12-31,2026-02-05,1.37,SEK,Yahoo Finance / trailingDilutedEPS historical timeseries,yahoo_trailing_diluted
SOBI.ST,2026-Q1,2026-03-31,2026-04-28,2.62,SEK,Yahoo Finance / trailingDilutedEPS historical timeseries,yahoo_trailing_diluted
SOBI.ST,2026-Q2,2026-06-30,2026-07-16,3.92,SEK,Yahoo Finance / trailingDilutedEPS historical timeseries,yahoo_trailing_diluted
SVED-B.ST,2018-Q3,,2018-10-24,1.4364,SEK,User-supplied historical EPS TTM fallback,fallback_user_history
SVED-B.ST,2018-Q4,,2019-02-05,1.38,SEK,User-supplied historical EPS TTM fallback,fallback_user_history
SVED-B.ST,2019-Q1,,2019-04-25,1.2334,SEK,User-supplied historical EPS TTM fallback,fallback_user_history
SVED-B.ST,2019-Q2,,2019-07-16,1.2502,SEK,User-supplied historical EPS TTM fallback,fallback_user_history
SVED-B.ST,2019-Q3,,2019-10-25,1.2778,SEK,User-supplied historical EPS TTM fallback,fallback_user_history
SVED-B.ST,2019-Q4,,2020-02-04,1.4202,SEK,User-supplied historical EPS TTM fallback,fallback_user_history
SVED-B.ST,2020-Q1,,2020-04-24,1.4369,SEK,User-supplied historical EPS TTM fallback,fallback_user_history
SVED-B.ST,2020-Q2,,2020-07-15,1.4258,SEK,User-supplied historical EPS TTM fallback,fallback_user_history
SVED-B.ST,2020-Q3,,2020-10-22,1.6633,SEK,User-supplied historical EPS TTM fallback,fallback_user_history
SVED-B.ST,2020-Q4,,2021-02-05,1.6392,SEK,User-supplied historical EPS TTM fallback,fallback_user_history
SVED-B.ST,2021-Q1,,2021-04-23,1.9439,SEK,User-supplied historical EPS TTM fallback,fallback_user_history
SVED-B.ST,2021-Q2,,2021-07-16,2.3197,SEK,User-supplied historical EPS TTM fallback,fallback_user_history
SVED-B.ST,2021-Q3,,2021-10-21,2.5158,SEK,User-supplied historical EPS TTM fallback,fallback_user_history
SVED-B.ST,2021-Q4,,2022-02-04,2.0001,SEK,User-supplied historical EPS TTM fallback,fallback_user_history
SVED-B.ST,2022-Q1,,2022-04-22,2.6275,SEK,User-supplied historical EPS TTM fallback,fallback_user_history
SVED-B.ST,2022-Q2,,2022-07-15,2.719,SEK,User-supplied historical EPS TTM fallback,fallback_user_history
SVED-B.ST,2022-Q3,,2022-10-21,3.0755,SEK,User-supplied historical EPS TTM fallback,fallback_user_history
SVED-B.ST,2022-Q4,,2023-02-08,4.1228,SEK,User-supplied historical EPS TTM fallback,fallback_user_history
SVED-B.ST,2023-Q1,,2023-04-21,3.8555,SEK,User-supplied historical EPS TTM fallback,fallback_user_history
SVED-B.ST,2023-Q2,,2023-07-18,3.7532,SEK,User-supplied historical EPS TTM fallback,fallback_user_history
SVED-B.ST,2023-Q3,2023-09-30,2023-10-27,3.6554,SEK,Yahoo Finance / trailingDilutedEPS historical timeseries,yahoo_trailing_diluted
SVED-B.ST,2023-Q4,2023-12-31,2024-02-29,3.37,SEK,Yahoo Finance / trailingDilutedEPS historical timeseries,yahoo_trailing_diluted
SVED-B.ST,2024-Q1,2024-03-31,2024-04-24,3.2,SEK,Yahoo Finance / trailingDilutedEPS historical timeseries,yahoo_trailing_diluted
SVED-B.ST,2024-Q2,2024-06-30,2024-07-18,3.07,SEK,Yahoo Finance / trailingDilutedEPS historical timeseries,yahoo_trailing_diluted
SVED-B.ST,2024-Q3,2024-09-30,2024-10-25,2.75,SEK,Yahoo Finance / trailingDilutedEPS historical timeseries,yahoo_trailing_diluted
SVED-B.ST,2024-Q4,,2025-02-11,3.1731,SEK,User-supplied historical EPS TTM fallback,fallback_user_history
SVED-B.ST,2025-Q1,2025-03-31,2025-04-29,3.19,SEK,Yahoo Finance / trailingDilutedEPS historical timeseries,yahoo_trailing_diluted
SVED-B.ST,2025-Q2,2025-06-30,2025-07-18,3.41,SEK,Yahoo Finance / trailingDilutedEPS historical timeseries,yahoo_trailing_diluted
SVED-B.ST,2025-Q3,2025-09-30,2025-10-29,3.81,SEK,Yahoo Finance / trailingDilutedEPS reconstructed from quarterlyDilutedEPS,yahoo_reconstructed_diluted_ttm
SVED-B.ST,2025-Q4,2025-12-31,2026-02-04,4.07,SEK,Yahoo Finance / trailingDilutedEPS historical timeseries,yahoo_trailing_diluted
SVED-B.ST,2026-Q1,2026-03-31,2026-04-23,4.21,SEK,Yahoo Finance / trailingDilutedEPS historical timeseries,yahoo_trailing_diluted
SVED-B.ST,2026-Q2,2026-06-30,2026-07-15,4.02,SEK,Yahoo Finance / trailingDilutedEPS historical timeseries,yahoo_trailing_diluted
SWEC-A.ST,2018-Q3,,2018-11-08,3.5,SEK,User-supplied historical EPS TTM / all Yahoo overlaps <1%,strict_user_history_gap_fill
SWEC-A.ST,2018-Q4,,2019-02-06,3.4467,SEK,User-supplied historical EPS TTM / all Yahoo overlaps <1%,strict_user_history_gap_fill
SWEC-A.ST,2019-Q1,,2019-05-10,3.7067,SEK,User-supplied historical EPS TTM / all Yahoo overlaps <1%,strict_user_history_gap_fill
SWEC-A.ST,2019-Q2,,2019-07-16,3.5767,SEK,User-supplied historical EPS TTM / all Yahoo overlaps <1%,strict_user_history_gap_fill
SWEC-A.ST,2019-Q3,,2019-10-25,3.8,SEK,User-supplied historical EPS TTM / all Yahoo overlaps <1%,strict_user_history_gap_fill
SWEC-A.ST,2019-Q4,,2020-02-12,3.8367,SEK,User-supplied historical EPS TTM / all Yahoo overlaps <1%,strict_user_history_gap_fill
SWEC-A.ST,2020-Q1,,2020-05-15,3.98,SEK,User-supplied historical EPS TTM / all Yahoo overlaps <1%,strict_user_history_gap_fill
SWEC-A.ST,2020-Q2,,2020-07-16,4.0867,SEK,User-supplied historical EPS TTM / all Yahoo overlaps <1%,strict_user_history_gap_fill
SWEC-A.ST,2020-Q3,,2020-11-04,4.2133,SEK,User-supplied historical EPS TTM / all Yahoo overlaps <1%,strict_user_history_gap_fill
SWEC-A.ST,2020-Q4,,2021-02-11,3.5749,SEK,User-supplied historical EPS TTM / all Yahoo overlaps <1%,strict_user_history_gap_fill
SWEC-A.ST,2021-Q1,,2021-05-11,3.4449,SEK,User-supplied historical EPS TTM / all Yahoo overlaps <1%,strict_user_history_gap_fill
SWEC-A.ST,2021-Q2,,2021-07-16,3.6272,SEK,User-supplied historical EPS TTM / all Yahoo overlaps <1%,strict_user_history_gap_fill
SWEC-A.ST,2021-Q3,,2021-10-29,3.5539,SEK,User-supplied historical EPS TTM / all Yahoo overlaps <1%,strict_user_history_gap_fill
SWEC-A.ST,2021-Q4,,2022-02-11,4.1623,SEK,User-supplied historical EPS TTM / all Yahoo overlaps <1%,strict_user_history_gap_fill
SWEC-A.ST,2022-Q1,,2022-05-12,4.3672,SEK,User-supplied historical EPS TTM / all Yahoo overlaps <1%,strict_user_history_gap_fill
SWEC-A.ST,2022-Q2,,2022-07-15,4.4464,SEK,User-supplied historical EPS TTM / all Yahoo overlaps <1%,strict_user_history_gap_fill
SWEC-A.ST,2022-Q3,,2022-10-27,4.4816,SEK,User-supplied historical EPS TTM / all Yahoo overlaps <1%,strict_user_history_gap_fill
SWEC-A.ST,2022-Q4,,2023-02-09,4.6087,SEK,User-supplied historical EPS TTM / all Yahoo overlaps <1%,strict_user_history_gap_fill
SWEC-A.ST,2023-Q1,,2023-05-12,5.0538,SEK,User-supplied historical EPS TTM / all Yahoo overlaps <1%,strict_user_history_gap_fill
SWEC-A.ST,2023-Q2,,2023-07-18,4.9067,SEK,User-supplied historical EPS TTM / all Yahoo overlaps <1%,strict_user_history_gap_fill
SWEC-A.ST,2023-Q3,2023-09-30,2023-10-27,4.88,SEK,Yahoo Finance / trailingDilutedEPS historical timeseries,yahoo_trailing_diluted
SWEC-A.ST,2023-Q4,2023-12-31,2024-02-09,4.64,SEK,Yahoo Finance / trailingDilutedEPS historical timeseries,yahoo_trailing_diluted
SWEC-A.ST,2024-Q1,2024-03-31,2024-05-16,4.45,SEK,Yahoo Finance / trailingDilutedEPS historical timeseries,yahoo_trailing_diluted
SWEC-A.ST,2024-Q2,2024-06-30,2024-07-16,4.96,SEK,Yahoo Finance / trailingDilutedEPS historical timeseries,yahoo_trailing_diluted
SWEC-A.ST,2024-Q3,2024-09-30,2024-10-30,5.25,SEK,Yahoo Finance / trailingDilutedEPS historical timeseries,yahoo_trailing_diluted
SWEC-A.ST,2024-Q4,2024-12-31,2025-02-07,5.75,SEK,Yahoo Finance / trailingDilutedEPS historical timeseries,yahoo_trailing_diluted
SWEC-A.ST,2025-Q1,2025-03-31,2025-04-29,5.98,SEK,Yahoo Finance / trailingDilutedEPS historical timeseries,yahoo_trailing_diluted
SWEC-A.ST,2025-Q2,2025-06-30,2025-07-16,5.85,SEK,Yahoo Finance / trailingDilutedEPS historical timeseries,yahoo_trailing_diluted
SWEC-A.ST,2025-Q3,2025-09-30,2025-10-29,5.970000000000001,SEK,Yahoo Finance / trailingDilutedEPS reconstructed from quarterlyDilutedEPS,yahoo_reconstructed_diluted_ttm
SWEC-A.ST,2025-Q4,2025-12-31,2026-02-11,6.16,SEK,Yahoo Finance / trailingDilutedEPS historical timeseries,yahoo_trailing_diluted
SWEC-A.ST,2026-Q1,2026-03-31,2026-04-28,6.01,SEK,Yahoo Finance / trailingDilutedEPS historical timeseries,yahoo_trailing_diluted
SWEC-A.ST,2026-Q2,2026-06-30,2026-07-17,6.3,SEK,Yahoo Finance / trailingDilutedEPS historical timeseries,yahoo_trailing_diluted
SWEC-B.ST,2018-Q3,,2018-11-08,3.5,SEK,User-supplied historical EPS TTM / all Yahoo overlaps <1%,strict_user_history_gap_fill
SWEC-B.ST,2018-Q4,,2019-02-06,3.4467,SEK,User-supplied historical EPS TTM / all Yahoo overlaps <1%,strict_user_history_gap_fill
SWEC-B.ST,2019-Q1,,2019-05-10,3.7067,SEK,User-supplied historical EPS TTM / all Yahoo overlaps <1%,strict_user_history_gap_fill
SWEC-B.ST,2019-Q2,,2019-07-16,3.5767,SEK,User-supplied historical EPS TTM / all Yahoo overlaps <1%,strict_user_history_gap_fill
SWEC-B.ST,2019-Q3,,2019-10-25,3.8,SEK,User-supplied historical EPS TTM / all Yahoo overlaps <1%,strict_user_history_gap_fill
SWEC-B.ST,2019-Q4,,2020-02-12,3.8367,SEK,User-supplied historical EPS TTM / all Yahoo overlaps <1%,strict_user_history_gap_fill
SWEC-B.ST,2020-Q1,,2020-05-15,3.98,SEK,User-supplied historical EPS TTM / all Yahoo overlaps <1%,strict_user_history_gap_fill
SWEC-B.ST,2020-Q2,,2020-07-16,4.0867,SEK,User-supplied historical EPS TTM / all Yahoo overlaps <1%,strict_user_history_gap_fill
SWEC-B.ST,2020-Q3,,2020-11-04,4.2133,SEK,User-supplied historical EPS TTM / all Yahoo overlaps <1%,strict_user_history_gap_fill
SWEC-B.ST,2020-Q4,,2021-02-11,3.5749,SEK,User-supplied historical EPS TTM / all Yahoo overlaps <1%,strict_user_history_gap_fill
SWEC-B.ST,2021-Q1,,2021-05-11,3.4449,SEK,User-supplied historical EPS TTM / all Yahoo overlaps <1%,strict_user_history_gap_fill
SWEC-B.ST,2021-Q2,,2021-07-16,3.6272,SEK,User-supplied historical EPS TTM / all Yahoo overlaps <1%,strict_user_history_gap_fill
SWEC-B.ST,2021-Q3,,2021-10-29,3.5539,SEK,User-supplied historical EPS TTM / all Yahoo overlaps <1%,strict_user_history_gap_fill
SWEC-B.ST,2021-Q4,,2022-02-11,4.1623,SEK,User-supplied historical EPS TTM / all Yahoo overlaps <1%,strict_user_history_gap_fill
SWEC-B.ST,2022-Q1,,2022-05-12,4.3672,SEK,User-supplied historical EPS TTM / all Yahoo overlaps <1%,strict_user_history_gap_fill
SWEC-B.ST,2022-Q2,,2022-07-15,4.4464,SEK,User-supplied historical EPS TTM / all Yahoo overlaps <1%,strict_user_history_gap_fill
SWEC-B.ST,2022-Q3,,2022-10-27,4.4816,SEK,User-supplied historical EPS TTM / all Yahoo overlaps <1%,strict_user_history_gap_fill
SWEC-B.ST,2022-Q4,,2023-02-09,4.6087,SEK,User-supplied historical EPS TTM / all Yahoo overlaps <1%,strict_user_history_gap_fill
SWEC-B.ST,2023-Q1,,2023-05-12,5.0538,SEK,User-supplied historical EPS TTM / all Yahoo overlaps <1%,strict_user_history_gap_fill
SWEC-B.ST,2023-Q2,,2023-07-18,4.9067,SEK,User-supplied historical EPS TTM / all Yahoo overlaps <1%,strict_user_history_gap_fill
SWEC-B.ST,2023-Q3,2023-09-30,2023-10-27,4.88,SEK,Yahoo Finance / trailingDilutedEPS historical timeseries,yahoo_trailing_diluted
SWEC-B.ST,2023-Q4,2023-12-31,2024-02-09,4.64,SEK,Yahoo Finance / trailingDilutedEPS historical timeseries,yahoo_trailing_diluted
SWEC-B.ST,2024-Q1,2024-03-31,2024-05-16,4.45,SEK,Yahoo Finance / trailingDilutedEPS historical timeseries,yahoo_trailing_diluted
SWEC-B.ST,2024-Q2,2024-06-30,2024-07-16,4.96,SEK,Yahoo Finance / trailingDilutedEPS historical timeseries,yahoo_trailing_diluted
SWEC-B.ST,2024-Q3,2024-09-30,2024-10-30,5.25,SEK,Yahoo Finance / trailingDilutedEPS historical timeseries,yahoo_trailing_diluted
SWEC-B.ST,2024-Q4,2024-12-31,2025-02-07,5.75,SEK,Yahoo Finance / trailingDilutedEPS historical timeseries,yahoo_trailing_diluted
SWEC-B.ST,2025-Q1,2025-03-31,2025-04-29,5.98,SEK,Yahoo Finance / trailingDilutedEPS historical timeseries,yahoo_trailing_diluted
SWEC-B.ST,2025-Q2,2025-06-30,2025-07-16,5.85,SEK,Yahoo Finance / trailingDilutedEPS historical timeseries,yahoo_trailing_diluted
SWEC-B.ST,2025-Q3,2025-09-30,2025-10-29,5.970000000000001,SEK,Yahoo Finance / trailingDilutedEPS reconstructed from quarterlyDilutedEPS,yahoo_reconstructed_diluted_ttm
SWEC-B.ST,2025-Q4,2025-12-31,2026-02-11,6.16,SEK,Yahoo Finance / trailingDilutedEPS historical timeseries,yahoo_trailing_diluted
SWEC-B.ST,2026-Q1,2026-03-31,2026-04-28,6.01,SEK,Yahoo Finance / trailingDilutedEPS historical timeseries,yahoo_trailing_diluted
SWEC-B.ST,2026-Q2,2026-06-30,2026-07-17,6.3,SEK,Yahoo Finance / trailingDilutedEPS historical timeseries,yahoo_trailing_diluted
SWED-A.ST,2018-Q3,,2018-10-23,19.0353,SEK,User-supplied historical EPS TTM fallback,fallback_user_history
SWED-A.ST,2018-Q4,,2019-01-29,18.9009,SEK,User-supplied historical EPS TTM fallback,fallback_user_history
SWED-A.ST,2019-Q1,,2019-04-25,19.1034,SEK,User-supplied historical EPS TTM fallback,fallback_user_history
SWED-A.ST,2019-Q2,,2019-07-17,18.4869,SEK,User-supplied historical EPS TTM fallback,fallback_user_history
SWED-A.ST,2019-Q3,,2019-10-23,17.712,SEK,User-supplied historical EPS TTM fallback,fallback_user_history
SWED-A.ST,2019-Q4,,2020-01-28,17.5633,SEK,User-supplied historical EPS TTM fallback,fallback_user_history
SWED-A.ST,2020-Q1,,2020-04-23,11.3532,SEK,User-supplied historical EPS TTM fallback,fallback_user_history
SWED-A.ST,2020-Q2,,2020-07-17,10.9104,SEK,User-supplied historical EPS TTM fallback,fallback_user_history
SWED-A.ST,2020-Q3,,2020-10-20,11.435,SEK,User-supplied historical EPS TTM fallback,fallback_user_history
SWED-A.ST,2020-Q4,,2021-02-01,11.5007,SEK,User-supplied historical EPS TTM fallback,fallback_user_history
SWED-A.ST,2021-Q1,,2021-04-27,17.4387,SEK,User-supplied historical EPS TTM fallback,fallback_user_history
SWED-A.ST,2021-Q2,,2021-07-16,18.0784,SEK,User-supplied historical EPS TTM fallback,fallback_user_history
SWED-A.ST,2021-Q3,,2021-10-21,18.2821,SEK,User-supplied historical EPS TTM fallback,fallback_user_history
SWED-A.ST,2021-Q4,,2022-02-02,18.5666,SEK,User-supplied historical EPS TTM fallback,fallback_user_history
SWED-A.ST,2022-Q1,,2022-04-28,18.2399,SEK,User-supplied historical EPS TTM fallback,fallback_user_history
SWED-A.ST,2022-Q2,,2022-07-19,17.473,SEK,User-supplied historical EPS TTM fallback,fallback_user_history
SWED-A.ST,2022-Q3,,2022-10-27,17.6821,SEK,User-supplied historical EPS TTM fallback,fallback_user_history
SWED-A.ST,2022-Q4,,2023-01-31,19.4351,SEK,User-supplied historical EPS TTM fallback,fallback_user_history
SWED-A.ST,2023-Q1,,2023-04-27,22.0438,SEK,User-supplied historical EPS TTM fallback,fallback_user_history
SWED-A.ST,2023-Q2,,2023-07-18,25.952,SEK,User-supplied historical EPS TTM fallback,fallback_user_history
SWED-A.ST,2023-Q3,2023-09-30,2023-10-26,29.38,SEK,Yahoo Finance / trailingDilutedEPS historical timeseries,yahoo_trailing_diluted
SWED-A.ST,2023-Q4,2023-12-31,2024-01-24,30.27,SEK,Yahoo Finance / trailingDilutedEPS historical timeseries,yahoo_trailing_diluted
SWED-A.ST,2024-Q1,2024-03-31,2024-04-25,31.03,SEK,Yahoo Finance / trailingDilutedEPS historical timeseries,yahoo_trailing_diluted
SWED-A.ST,2024-Q2,2024-06-30,2024-07-16,30.55,SEK,Yahoo Finance / trailingDilutedEPS historical timeseries,yahoo_trailing_diluted
SWED-A.ST,2024-Q3,2024-09-30,2024-10-23,30.74,SEK,Yahoo Finance / trailingDilutedEPS historical timeseries,yahoo_trailing_diluted
SWED-A.ST,2024-Q4,2024-12-31,2025-01-23,30.86,SEK,Yahoo Finance / trailingDilutedEPS historical timeseries,yahoo_trailing_diluted
SWED-A.ST,2025-Q1,2025-03-31,2025-04-29,30.65,SEK,Yahoo Finance / trailingDilutedEPS historical timeseries,yahoo_trailing_diluted
SWED-A.ST,2025-Q2,2025-06-30,2025-07-17,30.02,SEK,Yahoo Finance / trailingDilutedEPS historical timeseries,yahoo_trailing_diluted
SWED-A.ST,2025-Q3,2025-09-30,2025-10-23,29.26,SEK,Yahoo Finance / trailingDilutedEPS reconstructed from quarterlyDilutedEPS,yahoo_reconstructed_diluted_ttm
SWED-A.ST,2025-Q4,2025-12-31,2026-01-29,28.98,SEK,Yahoo Finance / trailingDilutedEPS historical timeseries,yahoo_trailing_diluted
SWED-A.ST,2026-Q1,2026-03-31,2026-04-29,28.22,SEK,Yahoo Finance / trailingDilutedEPS historical timeseries,yahoo_trailing_diluted
SWED-A.ST,2026-Q2,2026-06-30,2026-07-17,27.6,SEK,Yahoo Finance / trailingDilutedEPS historical timeseries,yahoo_trailing_diluted
SYSR.ST,2018-Q4,,2018-12-05,1.212,SEK,User-supplied historical EPS TTM / all Yahoo overlaps <1%,strict_user_history_gap_fill
SYSR.ST,2019-Q1,,2019-03-13,1.225,SEK,User-supplied historical EPS TTM / all Yahoo overlaps <1%,strict_user_history_gap_fill
SYSR.ST,2019-Q2,,2019-06-11,1.549,SEK,User-supplied historical EPS TTM / all Yahoo overlaps <1%,strict_user_history_gap_fill
SYSR.ST,2019-Q3,,2019-08-29,1.8096,SEK,User-supplied historical EPS TTM / all Yahoo overlaps <1%,strict_user_history_gap_fill
SYSR.ST,2019-Q4,,2019-12-05,2.1341,SEK,User-supplied historical EPS TTM / all Yahoo overlaps <1%,strict_user_history_gap_fill
SYSR.ST,2020-Q1,,2020-03-11,2.2221,SEK,User-supplied historical EPS TTM / all Yahoo overlaps <1%,strict_user_history_gap_fill
SYSR.ST,2020-Q2,,2020-06-09,1.8346,SEK,User-supplied historical EPS TTM / all Yahoo overlaps <1%,strict_user_history_gap_fill
SYSR.ST,2020-Q3,,2020-08-26,1.6183,SEK,User-supplied historical EPS TTM / all Yahoo overlaps <1%,strict_user_history_gap_fill
SYSR.ST,2020-Q4,,2020-12-10,1.3644,SEK,User-supplied historical EPS TTM / all Yahoo overlaps <1%,strict_user_history_gap_fill
SYSR.ST,2021-Q1,,2021-03-11,1.3933,SEK,User-supplied historical EPS TTM / all Yahoo overlaps <1%,strict_user_history_gap_fill
SYSR.ST,2021-Q2,,2021-06-10,1.9529,SEK,User-supplied historical EPS TTM / all Yahoo overlaps <1%,strict_user_history_gap_fill
SYSR.ST,2021-Q3,,2021-08-26,2.3058,SEK,User-supplied historical EPS TTM / all Yahoo overlaps <1%,strict_user_history_gap_fill
SYSR.ST,2021-Q4,,2021-12-09,2.3698,SEK,User-supplied historical EPS TTM / all Yahoo overlaps <1%,strict_user_history_gap_fill
SYSR.ST,2022-Q1,,2022-03-10,2.5097,SEK,User-supplied historical EPS TTM / all Yahoo overlaps <1%,strict_user_history_gap_fill
SYSR.ST,2022-Q2,,2022-06-08,2.6179,SEK,User-supplied historical EPS TTM / all Yahoo overlaps <1%,strict_user_history_gap_fill
SYSR.ST,2022-Q3,,2022-08-25,2.9126,SEK,User-supplied historical EPS TTM / all Yahoo overlaps <1%,strict_user_history_gap_fill
SYSR.ST,2022-Q4,,2022-12-08,2.3803,SEK,User-supplied historical EPS TTM / all Yahoo overlaps <1%,strict_user_history_gap_fill
SYSR.ST,2023-Q1,,2023-03-09,2.6992,SEK,User-supplied historical EPS TTM / all Yahoo overlaps <1%,strict_user_history_gap_fill
SYSR.ST,2023-Q2,,2023-06-08,5.0006,SEK,User-supplied historical EPS TTM / all Yahoo overlaps <1%,strict_user_history_gap_fill
SYSR.ST,2023-Q3,,2023-08-31,5.132,SEK,User-supplied historical EPS TTM / all Yahoo overlaps <1%,strict_user_history_gap_fill
SYSR.ST,2023-Q4,2023-10-31,2023-12-07,6.1,SEK,Yahoo Finance / trailingDilutedEPS historical timeseries,yahoo_trailing_diluted
SYSR.ST,2024-Q1,2024-01-31,2024-03-05,5.19,SEK,Yahoo Finance / trailingDilutedEPS historical timeseries,yahoo_trailing_diluted
SYSR.ST,2024-Q2,2024-04-30,2024-06-04,3.1,SEK,Yahoo Finance / trailingDilutedEPS historical timeseries,yahoo_trailing_diluted
SYSR.ST,2024-Q3,2024-07-31,2024-08-29,2.94,SEK,Yahoo Finance / trailingDilutedEPS historical timeseries,yahoo_trailing_diluted
SYSR.ST,2024-Q4,2024-10-31,2024-12-04,2.9,SEK,Yahoo Finance / trailingDilutedEPS historical timeseries,yahoo_trailing_diluted
SYSR.ST,2025-Q1,2025-01-31,2025-03-06,3.64,SEK,Yahoo Finance / trailingDilutedEPS historical timeseries,yahoo_trailing_diluted
SYSR.ST,2025-Q2,,2025-06-05,3.2685,SEK,User-supplied historical EPS TTM / all Yahoo overlaps <1%,strict_user_history_gap_fill
SYSR.ST,2025-Q3,2025-07-31,2025-08-28,3.18,SEK,Yahoo Finance / trailingDilutedEPS historical timeseries,yahoo_trailing_diluted
SYSR.ST,2025-Q4,2025-10-31,2025-12-04,3.32,SEK,Yahoo Finance / trailingDilutedEPS historical timeseries,yahoo_trailing_diluted
SYSR.ST,2026-Q1,2026-01-31,2026-03-05,3.33,SEK,Yahoo Finance / trailingDilutedEPS historical timeseries,yahoo_trailing_diluted
SYSR.ST,2026-Q2,2026-04-30,2026-06-10,3.67,SEK,Yahoo Finance / trailingDilutedEPS historical timeseries,yahoo_trailing_diluted
SYSR.ST,2026-Q3,,2026-09-04,3.8374,SEK,User-supplied historical EPS TTM / all Yahoo overlaps <1%,strict_user_history_gap_fill
TEL2-B.ST,2018-Q3,,2018-10-18,1.2075,SEK,User-supplied historical EPS TTM fallback,fallback_user_history
TEL2-B.ST,2018-Q4,,2019-02-13,1.8782,SEK,User-supplied historical EPS TTM fallback,fallback_user_history
TEL2-B.ST,2019-Q1,,2019-04-24,2.4354,SEK,User-supplied historical EPS TTM fallback,fallback_user_history
TEL2-B.ST,2019-Q2,,2019-07-17,1.8685,SEK,User-supplied historical EPS TTM fallback,fallback_user_history
TEL2-B.ST,2019-Q3,,2019-10-17,2.491,SEK,User-supplied historical EPS TTM fallback,fallback_user_history
TEL2-B.ST,2019-Q4,,2020-02-03,4.1671,SEK,User-supplied historical EPS TTM fallback,fallback_user_history
TEL2-B.ST,2020-Q1,,2020-04-21,4.1854,SEK,User-supplied historical EPS TTM fallback,fallback_user_history
TEL2-B.ST,2020-Q2,,2020-07-15,5.1794,SEK,User-supplied historical EPS TTM fallback,fallback_user_history
TEL2-B.ST,2020-Q3,,2020-10-20,5.3297,SEK,User-supplied historical EPS TTM fallback,fallback_user_history
TEL2-B.ST,2020-Q4,,2021-02-02,10.1029,SEK,User-supplied historical EPS TTM fallback,fallback_user_history
TEL2-B.ST,2021-Q1,,2021-04-22,10.1178,SEK,User-supplied historical EPS TTM fallback,fallback_user_history
TEL2-B.ST,2021-Q2,,2021-07-14,10.5362,SEK,User-supplied historical EPS TTM fallback,fallback_user_history
TEL2-B.ST,2021-Q3,,2021-10-19,10.3561,SEK,User-supplied historical EPS TTM fallback,fallback_user_history
TEL2-B.ST,2021-Q4,,2022-02-01,5.7161,SEK,User-supplied historical EPS TTM fallback,fallback_user_history
TEL2-B.ST,2022-Q1,,2022-04-21,8.0458,SEK,User-supplied historical EPS TTM fallback,fallback_user_history
TEL2-B.ST,2022-Q2,,2022-07-19,7.6104,SEK,User-supplied historical EPS TTM fallback,fallback_user_history
TEL2-B.ST,2022-Q3,,2022-10-20,7.549,SEK,User-supplied historical EPS TTM fallback,fallback_user_history
TEL2-B.ST,2022-Q4,,2023-01-31,7.5718,SEK,User-supplied historical EPS TTM fallback,fallback_user_history
TEL2-B.ST,2023-Q1,,2023-04-21,5.2231,SEK,User-supplied historical EPS TTM fallback,fallback_user_history
TEL2-B.ST,2023-Q2,,2023-07-18,5.2871,SEK,User-supplied historical EPS TTM fallback,fallback_user_history
TEL2-B.ST,2023-Q3,2023-09-30,2023-10-18,5.84,SEK,Yahoo Finance / trailingDilutedEPS historical timeseries,yahoo_trailing_diluted
TEL2-B.ST,2023-Q4,,2024-01-30,5.3855,SEK,User-supplied historical EPS TTM fallback,fallback_user_history
TEL2-B.ST,2024-Q1,2024-03-31,2024-04-18,5.35,SEK,Yahoo Finance / trailingDilutedEPS historical timeseries,yahoo_trailing_diluted
TEL2-B.ST,2024-Q2,2024-06-30,2024-07-17,5.44,SEK,Yahoo Finance / trailingDilutedEPS historical timeseries,yahoo_trailing_diluted
TEL2-B.ST,2024-Q3,2024-09-30,2024-10-22,5.45,SEK,Yahoo Finance / trailingDilutedEPS historical timeseries,yahoo_trailing_diluted
TEL2-B.ST,2024-Q4,2024-12-31,2025-01-28,5.56,SEK,Yahoo Finance / trailingDilutedEPS historical timeseries,yahoo_trailing_diluted
TEL2-B.ST,2025-Q1,2025-03-31,2025-04-23,5.62,SEK,Yahoo Finance / trailingDilutedEPS historical timeseries,yahoo_trailing_diluted
TEL2-B.ST,2025-Q2,2025-06-30,2025-07-17,5.96,SEK,Yahoo Finance / trailingDilutedEPS historical timeseries,yahoo_trailing_diluted
TEL2-B.ST,2025-Q3,2025-09-30,2025-10-21,6.21,SEK,Yahoo Finance / trailingDilutedEPS reconstructed from quarterlyDilutedEPS,yahoo_reconstructed_diluted_ttm
TEL2-B.ST,2025-Q4,2025-12-31,2026-01-28,6.58,SEK,Yahoo Finance / trailingDilutedEPS historical timeseries,yahoo_trailing_diluted
TEL2-B.ST,2026-Q1,2026-03-31,2026-04-22,14.48,SEK,Yahoo Finance / trailingDilutedEPS historical timeseries,yahoo_trailing_diluted
TEL2-B.ST,2026-Q2,2026-06-30,2026-07-16,14.5,SEK,Yahoo Finance / trailingDilutedEPS historical timeseries,yahoo_trailing_diluted
THULE.ST,2018-Q3,,2018-10-26,7.3114,SEK,User-supplied historical EPS TTM / all Yahoo overlaps <1%,strict_user_history_gap_fill
THULE.ST,2018-Q4,,2019-02-13,8.1378,SEK,User-supplied historical EPS TTM / all Yahoo overlaps <1%,strict_user_history_gap_fill
THULE.ST,2019-Q1,,2019-04-26,8.4378,SEK,User-supplied historical EPS TTM / all Yahoo overlaps <1%,strict_user_history_gap_fill
THULE.ST,2019-Q2,,2019-07-18,8.7578,SEK,User-supplied historical EPS TTM / all Yahoo overlaps <1%,strict_user_history_gap_fill
THULE.ST,2019-Q3,,2019-10-25,8.6802,SEK,User-supplied historical EPS TTM / all Yahoo overlaps <1%,strict_user_history_gap_fill
THULE.ST,2019-Q4,,2020-02-12,8.5446,SEK,User-supplied historical EPS TTM / all Yahoo overlaps <1%,strict_user_history_gap_fill
THULE.ST,2020-Q1,,2020-04-28,8.4298,SEK,User-supplied historical EPS TTM / all Yahoo overlaps <1%,strict_user_history_gap_fill
THULE.ST,2020-Q2,,2020-07-21,7.4031,SEK,User-supplied historical EPS TTM / all Yahoo overlaps <1%,strict_user_history_gap_fill
THULE.ST,2020-Q3,,2020-10-23,9.9492,SEK,User-supplied historical EPS TTM / all Yahoo overlaps <1%,strict_user_history_gap_fill
THULE.ST,2020-Q4,,2021-02-10,11.2185,SEK,User-supplied historical EPS TTM / all Yahoo overlaps <1%,strict_user_history_gap_fill
THULE.ST,2021-Q1,,2021-04-22,13.1233,SEK,User-supplied historical EPS TTM / all Yahoo overlaps <1%,strict_user_history_gap_fill
THULE.ST,2021-Q2,,2021-07-21,16.47,SEK,User-supplied historical EPS TTM / all Yahoo overlaps <1%,strict_user_history_gap_fill
THULE.ST,2021-Q3,,2021-10-22,17.06,SEK,User-supplied historical EPS TTM / all Yahoo overlaps <1%,strict_user_history_gap_fill
THULE.ST,2021-Q4,,2022-02-09,16.96,SEK,User-supplied historical EPS TTM / all Yahoo overlaps <1%,strict_user_history_gap_fill
THULE.ST,2022-Q1,,2022-04-26,17.71,SEK,User-supplied historical EPS TTM / all Yahoo overlaps <1%,strict_user_history_gap_fill
THULE.ST,2022-Q2,,2022-07-21,17.29,SEK,User-supplied historical EPS TTM / all Yahoo overlaps <1%,strict_user_history_gap_fill
THULE.ST,2022-Q3,,2022-10-27,13.7098,SEK,User-supplied historical EPS TTM / all Yahoo overlaps <1%,strict_user_history_gap_fill
THULE.ST,2022-Q4,,2023-02-10,12.0968,SEK,User-supplied historical EPS TTM / all Yahoo overlaps <1%,strict_user_history_gap_fill
THULE.ST,2023-Q1,,2023-04-27,9.7268,SEK,User-supplied historical EPS TTM / all Yahoo overlaps <1%,strict_user_history_gap_fill
THULE.ST,2023-Q2,,2023-07-19,8.9248,SEK,User-supplied historical EPS TTM / all Yahoo overlaps <1%,strict_user_history_gap_fill
THULE.ST,2023-Q3,2023-09-30,2023-10-27,10.08,SEK,Yahoo Finance / trailingDilutedEPS historical timeseries,yahoo_trailing_diluted
THULE.ST,2023-Q4,,2024-02-09,10.4738,SEK,User-supplied historical EPS TTM / all Yahoo overlaps <1%,strict_user_history_gap_fill
THULE.ST,2024-Q1,2024-03-31,2024-04-26,10.65,SEK,Yahoo Finance / trailingDilutedEPS historical timeseries,yahoo_trailing_diluted
THULE.ST,2024-Q2,2024-06-30,2024-07-17,10.79,SEK,Yahoo Finance / trailingDilutedEPS historical timeseries,yahoo_trailing_diluted
THULE.ST,2024-Q3,2024-09-30,2024-10-23,11.17,SEK,Yahoo Finance / trailingDilutedEPS historical timeseries,yahoo_trailing_diluted
THULE.ST,2024-Q4,2024-12-31,2025-02-07,10.59,SEK,Yahoo Finance / trailingDilutedEPS historical timeseries,yahoo_trailing_diluted
THULE.ST,2025-Q1,2025-03-31,2025-04-28,10.22,SEK,Yahoo Finance / trailingDilutedEPS historical timeseries,yahoo_trailing_diluted
THULE.ST,2025-Q2,2025-06-30,2025-07-15,9.69,SEK,Yahoo Finance / trailingDilutedEPS historical timeseries,yahoo_trailing_diluted
THULE.ST,2025-Q3,2025-09-30,2025-10-22,9.78,SEK,Yahoo Finance / trailingDilutedEPS reconstructed from quarterlyDilutedEPS,yahoo_reconstructed_diluted_ttm
THULE.ST,2025-Q4,2025-12-31,2026-02-10,10.33,SEK,Yahoo Finance / trailingDilutedEPS historical timeseries,yahoo_trailing_diluted
THULE.ST,2026-Q1,2026-03-31,2026-04-29,10.58,SEK,Yahoo Finance / trailingDilutedEPS historical timeseries,yahoo_trailing_diluted
THULE.ST,2026-Q2,2026-06-30,2026-07-20,10.8,SEK,Yahoo Finance / trailingDilutedEPS historical timeseries,yahoo_trailing_diluted
TREL-B.ST,2018-Q3,,2018-10-31,10.5639,SEK,User-supplied historical EPS TTM fallback,fallback_user_history
TREL-B.ST,2018-Q4,,2019-02-13,11.771,SEK,User-supplied historical EPS TTM fallback,fallback_user_history
TREL-B.ST,2019-Q1,,2019-04-26,11.5541,SEK,User-supplied historical EPS TTM fallback,fallback_user_history
TREL-B.ST,2019-Q2,,2019-07-18,11.2184,SEK,User-supplied historical EPS TTM fallback,fallback_user_history
TREL-B.ST,2019-Q3,,2019-10-24,10.7757,SEK,User-supplied historical EPS TTM fallback,fallback_user_history
TREL-B.ST,2019-Q4,,2020-02-12,-0.7341,SEK,User-supplied historical EPS TTM fallback,fallback_user_history
TREL-B.ST,2020-Q1,,2020-04-23,-0.8263,SEK,User-supplied historical EPS TTM fallback,fallback_user_history
TREL-B.ST,2020-Q2,,2020-07-20,-1.6896,SEK,User-supplied historical EPS TTM fallback,fallback_user_history
TREL-B.ST,2020-Q3,,2020-10-27,-1.7265,SEK,User-supplied historical EPS TTM fallback,fallback_user_history
TREL-B.ST,2020-Q4,,2021-02-10,10.0047,SEK,User-supplied historical EPS TTM fallback,fallback_user_history
TREL-B.ST,2021-Q1,,2021-04-22,11.0266,SEK,User-supplied historical EPS TTM fallback,fallback_user_history
TREL-B.ST,2021-Q2,,2021-07-22,12.576,SEK,User-supplied historical EPS TTM fallback,fallback_user_history
TREL-B.ST,2021-Q3,,2021-10-27,13.3765,SEK,User-supplied historical EPS TTM fallback,fallback_user_history
TREL-B.ST,2021-Q4,,2022-02-04,13.7122,SEK,User-supplied historical EPS TTM fallback,fallback_user_history
TREL-B.ST,2022-Q1,,2022-04-27,14.4465,SEK,User-supplied historical EPS TTM fallback,fallback_user_history
TREL-B.ST,2022-Q2,,2022-07-21,16.4744,SEK,User-supplied historical EPS TTM fallback,fallback_user_history
TREL-B.ST,2022-Q3,,2022-10-26,18.0504,SEK,User-supplied historical EPS TTM fallback,fallback_user_history
TREL-B.ST,2022-Q4,,2023-01-27,19.9194,SEK,User-supplied historical EPS TTM fallback,fallback_user_history
TREL-B.ST,2023-Q1,,2023-04-27,20.4388,SEK,User-supplied historical EPS TTM fallback,fallback_user_history
TREL-B.ST,2023-Q2,,2023-07-19,42.5588,SEK,User-supplied historical EPS TTM fallback,fallback_user_history
TREL-B.ST,2023-Q3,2023-09-30,2023-10-26,41.5,SEK,Yahoo Finance / trailingDilutedEPS historical timeseries,yahoo_trailing_diluted
TREL-B.ST,2023-Q4,,2024-02-02,39.9701,SEK,User-supplied historical EPS TTM fallback,fallback_user_history
TREL-B.ST,2024-Q1,2024-03-31,2024-04-24,38.97,SEK,Yahoo Finance / trailingDilutedEPS historical timeseries,yahoo_trailing_diluted
TREL-B.ST,2024-Q2,2024-06-30,2024-07-18,15.44,SEK,Yahoo Finance / trailingDilutedEPS historical timeseries,yahoo_trailing_diluted
TREL-B.ST,2024-Q3,2024-09-30,2024-10-24,15.14,SEK,Yahoo Finance / trailingDilutedEPS historical timeseries,yahoo_trailing_diluted
TREL-B.ST,2024-Q4,2024-12-31,2025-01-28,40.24,SEK,Yahoo Finance / trailingDilutedEPS historical timeseries,yahoo_trailing_diluted
TREL-B.ST,2025-Q1,2025-03-31,2025-04-24,40.26,SEK,Yahoo Finance / trailingDilutedEPS historical timeseries,yahoo_trailing_diluted
TREL-B.ST,2025-Q2,2025-06-30,2025-07-17,15.64,SEK,Yahoo Finance / trailingDilutedEPS historical timeseries,yahoo_trailing_diluted
TREL-B.ST,2025-Q3,2025-09-30,2025-10-24,16.04,SEK,Yahoo Finance / trailingDilutedEPS reconstructed from quarterlyDilutedEPS,yahoo_reconstructed_diluted_ttm
TREL-B.ST,2025-Q4,2025-12-31,2026-01-29,15.76,SEK,Yahoo Finance / trailingDilutedEPS historical timeseries,yahoo_trailing_diluted
TREL-B.ST,2026-Q1,2026-03-31,2026-04-23,16.03,SEK,Yahoo Finance / trailingDilutedEPS historical timeseries,yahoo_trailing_diluted
TREL-B.ST,2026-Q2,2026-06-30,2026-07-16,16.85,SEK,Yahoo Finance / trailingDilutedEPS historical timeseries,yahoo_trailing_diluted
VBG-B.ST,2018-Q3,,2018-10-22,9.729,SEK,User-supplied historical EPS TTM fallback,fallback_user_history
VBG-B.ST,2018-Q4,,2019-02-19,10.9186,SEK,User-supplied historical EPS TTM fallback,fallback_user_history
VBG-B.ST,2019-Q1,,2019-04-24,11.9381,SEK,User-supplied historical EPS TTM fallback,fallback_user_history
VBG-B.ST,2019-Q2,,2019-08-20,12.154,SEK,User-supplied historical EPS TTM fallback,fallback_user_history
VBG-B.ST,2019-Q3,,2019-10-22,12.254,SEK,User-supplied historical EPS TTM fallback,fallback_user_history
VBG-B.ST,2019-Q4,,2020-02-20,11.9781,SEK,User-supplied historical EPS TTM fallback,fallback_user_history
VBG-B.ST,2020-Q1,,2020-04-28,11.5981,SEK,User-supplied historical EPS TTM fallback,fallback_user_history
VBG-B.ST,2020-Q2,,2020-07-23,9.1665,SEK,User-supplied historical EPS TTM fallback,fallback_user_history
VBG-B.ST,2020-Q3,,2020-10-22,9.1745,SEK,User-supplied historical EPS TTM fallback,fallback_user_history
VBG-B.ST,2020-Q4,,2021-02-24,9.0665,SEK,User-supplied historical EPS TTM fallback,fallback_user_history
VBG-B.ST,2021-Q1,,2021-04-29,10.0104,SEK,User-supplied historical EPS TTM fallback,fallback_user_history
VBG-B.ST,2021-Q2,,2021-07-22,12.8659,SEK,User-supplied historical EPS TTM fallback,fallback_user_history
VBG-B.ST,2021-Q3,,2021-10-21,13.1979,SEK,User-supplied historical EPS TTM fallback,fallback_user_history
VBG-B.ST,2021-Q4,,2022-02-24,13.4818,SEK,User-supplied historical EPS TTM fallback,fallback_user_history
VBG-B.ST,2022-Q1,,2022-04-28,13.9338,SEK,User-supplied historical EPS TTM fallback,fallback_user_history
VBG-B.ST,2022-Q2,,2022-07-20,14.2017,SEK,User-supplied historical EPS TTM fallback,fallback_user_history
VBG-B.ST,2022-Q3,,2022-10-26,13.4218,SEK,User-supplied historical EPS TTM fallback,fallback_user_history
VBG-B.ST,2022-Q4,,2023-02-21,14.7256,SEK,User-supplied historical EPS TTM fallback,fallback_user_history
VBG-B.ST,2023-Q1,,2023-04-27,15.8334,SEK,User-supplied historical EPS TTM fallback,fallback_user_history
VBG-B.ST,2023-Q2,,2023-07-20,17.3412,SEK,User-supplied historical EPS TTM fallback,fallback_user_history
VBG-B.ST,2023-Q3,2023-09-30,2023-10-24,21.19,SEK,Yahoo Finance / trailingDilutedEPS historical timeseries,yahoo_trailing_diluted
VBG-B.ST,2023-Q4,2023-12-31,2024-02-20,22.74,SEK,Yahoo Finance / trailingDilutedEPS historical timeseries,yahoo_trailing_diluted
VBG-B.ST,2024-Q1,2024-03-31,2024-04-25,24.89,SEK,Yahoo Finance / trailingDilutedEPS historical timeseries,yahoo_trailing_diluted
VBG-B.ST,2024-Q2,2024-06-30,2024-07-19,26.07,SEK,Yahoo Finance / trailingDilutedEPS historical timeseries,yahoo_trailing_diluted
VBG-B.ST,2024-Q3,2024-09-30,2024-10-23,24.21,SEK,Yahoo Finance / trailingDilutedEPS historical timeseries,yahoo_trailing_diluted
VBG-B.ST,2024-Q4,2024-12-31,2025-02-19,23.52,SEK,Yahoo Finance / trailingDilutedEPS historical timeseries,yahoo_trailing_diluted
VBG-B.ST,2025-Q1,2025-03-31,2025-04-28,20.27,SEK,Yahoo Finance / trailingDilutedEPS historical timeseries,yahoo_trailing_diluted
VBG-B.ST,2025-Q2,2025-06-30,2025-07-17,17.56,SEK,Yahoo Finance / trailingDilutedEPS historical timeseries,yahoo_trailing_diluted
VBG-B.ST,2025-Q3,2025-09-30,2025-10-28,16.459999999999997,SEK,Yahoo Finance / trailingDilutedEPS reconstructed from quarterlyDilutedEPS,yahoo_reconstructed_diluted_ttm
VBG-B.ST,2025-Q4,2025-12-31,2026-02-18,16.88,SEK,Yahoo Finance / trailingDilutedEPS historical timeseries,yahoo_trailing_diluted
VBG-B.ST,2026-Q1,2026-03-31,2026-04-27,16.83,SEK,Yahoo Finance / trailingDilutedEPS historical timeseries,yahoo_trailing_diluted
VBG-B.ST,2026-Q2,2026-06-30,2026-07-17,16.41,SEK,Yahoo Finance / trailingDilutedEPS historical timeseries,yahoo_trailing_diluted
VIT-B.ST,2018-Q3,,2018-10-18,3.09,SEK,User-supplied historical EPS TTM fallback,fallback_user_history
VIT-B.ST,2018-Q4,,2019-02-13,3.1925,SEK,User-supplied historical EPS TTM fallback,fallback_user_history
VIT-B.ST,2019-Q1,,2019-04-10,3.3185,SEK,User-supplied historical EPS TTM fallback,fallback_user_history
VIT-B.ST,2019-Q2,,2019-07-11,3.4465,SEK,User-supplied historical EPS TTM fallback,fallback_user_history
VIT-B.ST,2019-Q3,,2019-10-17,3.5819,SEK,User-supplied historical EPS TTM fallback,fallback_user_history
VIT-B.ST,2019-Q4,,2020-02-13,3.1124,SEK,User-supplied historical EPS TTM fallback,fallback_user_history
VIT-B.ST,2020-Q1,,2020-04-17,2.9834,SEK,User-supplied historical EPS TTM fallback,fallback_user_history
VIT-B.ST,2020-Q2,,2020-07-10,3.8043,SEK,User-supplied historical EPS TTM fallback,fallback_user_history
VIT-B.ST,2020-Q3,,2020-10-15,3.9962,SEK,User-supplied historical EPS TTM fallback,fallback_user_history
VIT-B.ST,2020-Q4,,2021-02-11,4.9036,SEK,User-supplied historical EPS TTM fallback,fallback_user_history
VIT-B.ST,2021-Q1,,2021-04-16,5.3466,SEK,User-supplied historical EPS TTM fallback,fallback_user_history
VIT-B.ST,2021-Q2,,2021-07-15,5.7691,SEK,User-supplied historical EPS TTM fallback,fallback_user_history
VIT-B.ST,2021-Q3,,2021-10-14,5.1937,SEK,User-supplied historical EPS TTM fallback,fallback_user_history
VIT-B.ST,2021-Q4,,2022-02-11,5.1937,SEK,User-supplied historical EPS TTM fallback,fallback_user_history
VIT-B.ST,2022-Q1,,2022-04-22,5.1937,SEK,User-supplied historical EPS TTM fallback,fallback_user_history
VIT-B.ST,2022-Q2,,2022-07-15,5.1937,SEK,User-supplied historical EPS TTM fallback,fallback_user_history
VIT-B.ST,2022-Q3,,2022-10-20,5.1937,SEK,User-supplied historical EPS TTM fallback,fallback_user_history
VIT-B.ST,2022-Q4,,2023-02-01,6.8736,SEK,User-supplied historical EPS TTM fallback,fallback_user_history
VIT-B.ST,2023-Q1,,2023-04-21,7.1522,SEK,User-supplied historical EPS TTM fallback,fallback_user_history
VIT-B.ST,2023-Q2,,2023-07-14,8.1557,SEK,User-supplied historical EPS TTM fallback,fallback_user_history
VIT-B.ST,2023-Q3,2023-09-30,2023-10-19,8.75,SEK,Yahoo Finance / trailingDilutedEPS historical timeseries,yahoo_trailing_diluted
VIT-B.ST,2023-Q4,,2024-02-01,9.0363,SEK,User-supplied historical EPS TTM fallback,fallback_user_history
VIT-B.ST,2024-Q1,2024-03-31,2024-04-18,9.28,SEK,Yahoo Finance / trailingDilutedEPS historical timeseries,yahoo_trailing_diluted
VIT-B.ST,2024-Q2,2024-06-30,2024-07-12,9.87,SEK,Yahoo Finance / trailingDilutedEPS historical timeseries,yahoo_trailing_diluted
VIT-B.ST,2024-Q3,2024-09-30,2024-10-17,10.47,SEK,Yahoo Finance / trailingDilutedEPS historical timeseries,yahoo_trailing_diluted
VIT-B.ST,2024-Q4,,2025-02-05,10.7393,SEK,User-supplied historical EPS TTM fallback,fallback_user_history
VIT-B.ST,2025-Q1,2025-03-31,2025-04-23,10.56,SEK,Yahoo Finance / trailingDilutedEPS historical timeseries,yahoo_trailing_diluted
VIT-B.ST,2025-Q2,2025-06-30,2025-07-11,10.03,SEK,Yahoo Finance / trailingDilutedEPS historical timeseries,yahoo_trailing_diluted
VIT-B.ST,2025-Q3,2025-09-30,2025-10-16,9.98,SEK,Yahoo Finance / trailingDilutedEPS reconstructed from quarterlyDilutedEPS,yahoo_reconstructed_diluted_ttm
VIT-B.ST,2025-Q4,2025-12-31,2026-02-06,10.96,SEK,Yahoo Finance / trailingDilutedEPS historical timeseries,yahoo_trailing_diluted
VIT-B.ST,2026-Q1,2026-03-31,2026-04-23,11.36,SEK,Yahoo Finance / trailingDilutedEPS historical timeseries,yahoo_trailing_diluted
VIT-B.ST,2026-Q2,2026-06-30,2026-07-14,11.7,SEK,Yahoo Finance / trailingDilutedEPS historical timeseries,yahoo_trailing_diluted
VITR.ST,2018-Q3,,2018-11-06,2.7095,SEK,User-supplied historical EPS TTM / all Yahoo overlaps <1%,strict_user_history_gap_fill
VITR.ST,2018-Q4,,2019-02-08,2.8534,SEK,User-supplied historical EPS TTM / all Yahoo overlaps <1%,strict_user_history_gap_fill
VITR.ST,2019-Q1,,2019-04-23,2.9813,SEK,User-supplied historical EPS TTM / all Yahoo overlaps <1%,strict_user_history_gap_fill
VITR.ST,2019-Q2,,2019-07-12,3.1231,SEK,User-supplied historical EPS TTM / all Yahoo overlaps <1%,strict_user_history_gap_fill
VITR.ST,2019-Q3,,2019-11-06,3.4146,SEK,User-supplied historical EPS TTM / all Yahoo overlaps <1%,strict_user_history_gap_fill
VITR.ST,2019-Q4,,2020-02-06,3.5263,SEK,User-supplied historical EPS TTM / all Yahoo overlaps <1%,strict_user_history_gap_fill
VITR.ST,2020-Q1,,2020-04-23,3.4758,SEK,User-supplied historical EPS TTM / all Yahoo overlaps <1%,strict_user_history_gap_fill
VITR.ST,2020-Q2,,2020-07-13,2.7111,SEK,User-supplied historical EPS TTM / all Yahoo overlaps <1%,strict_user_history_gap_fill
VITR.ST,2020-Q3,,2020-11-06,2.5403,SEK,User-supplied historical EPS TTM / all Yahoo overlaps <1%,strict_user_history_gap_fill
VITR.ST,2020-Q4,,2021-02-10,2.6425,SEK,User-supplied historical EPS TTM / all Yahoo overlaps <1%,strict_user_history_gap_fill
VITR.ST,2021-Q1,,2021-04-22,2.996,SEK,User-supplied historical EPS TTM / all Yahoo overlaps <1%,strict_user_history_gap_fill
VITR.ST,2021-Q2,,2021-07-15,3.6793,SEK,User-supplied historical EPS TTM / all Yahoo overlaps <1%,strict_user_history_gap_fill
VITR.ST,2021-Q3,,2021-10-29,3.7562,SEK,User-supplied historical EPS TTM / all Yahoo overlaps <1%,strict_user_history_gap_fill
VITR.ST,2021-Q4,,2022-02-16,3.0312,SEK,User-supplied historical EPS TTM / all Yahoo overlaps <1%,strict_user_history_gap_fill
VITR.ST,2022-Q1,,2022-04-22,2.5479,SEK,User-supplied historical EPS TTM / all Yahoo overlaps <1%,strict_user_history_gap_fill
VITR.ST,2022-Q2,,2022-07-15,2.7176,SEK,User-supplied historical EPS TTM / all Yahoo overlaps <1%,strict_user_history_gap_fill
VITR.ST,2022-Q3,,2022-10-27,2.6263,SEK,User-supplied historical EPS TTM / all Yahoo overlaps <1%,strict_user_history_gap_fill
VITR.ST,2022-Q4,,2023-02-02,2.91,SEK,User-supplied historical EPS TTM / all Yahoo overlaps <1%,strict_user_history_gap_fill
VITR.ST,2023-Q1,,2023-04-21,3.043,SEK,User-supplied historical EPS TTM / all Yahoo overlaps <1%,strict_user_history_gap_fill
VITR.ST,2023-Q2,,2023-07-14,2.8657,SEK,User-supplied historical EPS TTM / all Yahoo overlaps <1%,strict_user_history_gap_fill
VITR.ST,2023-Q3,2023-09-30,2023-10-27,2.97,SEK,Yahoo Finance / trailingDilutedEPS historical timeseries,yahoo_trailing_diluted
VITR.ST,2023-Q4,2023-12-31,2024-02-02,-28.44,SEK,Yahoo Finance / trailingDilutedEPS historical timeseries,yahoo_trailing_diluted
VITR.ST,2024-Q1,2024-03-31,2024-04-18,-28.33,SEK,Yahoo Finance / trailingDilutedEPS historical timeseries,yahoo_trailing_diluted
VITR.ST,2024-Q2,2024-06-30,2024-07-17,-28.05,SEK,Yahoo Finance / trailingDilutedEPS historical timeseries,yahoo_trailing_diluted
VITR.ST,2024-Q3,2024-09-30,2024-10-24,-28.1,SEK,Yahoo Finance / trailingDilutedEPS historical timeseries,yahoo_trailing_diluted
VITR.ST,2024-Q4,,2025-01-30,3.7854,SEK,User-supplied historical EPS TTM / all Yahoo overlaps <1%,strict_user_history_gap_fill
VITR.ST,2025-Q1,2025-03-31,2025-04-24,3.67,SEK,Yahoo Finance / trailingDilutedEPS historical timeseries,yahoo_trailing_diluted
VITR.ST,2025-Q2,2025-06-30,2025-07-17,3.35,SEK,Yahoo Finance / trailingDilutedEPS historical timeseries,yahoo_trailing_diluted
VITR.ST,2025-Q3,2025-09-30,2025-10-23,3.250000000000004,SEK,Yahoo Finance / trailingDilutedEPS reconstructed from quarterlyDilutedEPS,yahoo_reconstructed_diluted_ttm
VITR.ST,2025-Q4,2025-12-31,2026-02-03,-37.01,SEK,Yahoo Finance / trailingDilutedEPS historical timeseries,yahoo_trailing_diluted
VITR.ST,2026-Q1,2026-03-31,2026-04-23,-37.01,SEK,Yahoo Finance / trailingDilutedEPS historical timeseries,yahoo_trailing_diluted
VITR.ST,2026-Q2,2026-06-30,2026-07-16,-36.8,SEK,Yahoo Finance / trailingDilutedEPS historical timeseries,yahoo_trailing_diluted
VIVA.ST,2021-Q4,,2022-02-24,4.6603,SEK,User-supplied historical EPS TTM / all Yahoo overlaps <1%,strict_user_history_gap_fill
VIVA.ST,2022-Q1,,2022-05-12,4.6125,SEK,User-supplied historical EPS TTM / all Yahoo overlaps <1%,strict_user_history_gap_fill
VIVA.ST,2022-Q2,,2022-08-25,4.9528,SEK,User-supplied historical EPS TTM / all Yahoo overlaps <1%,strict_user_history_gap_fill
VIVA.ST,2022-Q3,,2022-11-16,5.4823,SEK,User-supplied historical EPS TTM / all Yahoo overlaps <1%,strict_user_history_gap_fill
VIVA.ST,2022-Q4,,2023-02-23,2.8593,SEK,User-supplied historical EPS TTM / all Yahoo overlaps <1%,strict_user_history_gap_fill
VIVA.ST,2023-Q1,,2023-05-17,2.6004,SEK,User-supplied historical EPS TTM / all Yahoo overlaps <1%,strict_user_history_gap_fill
VIVA.ST,2023-Q2,,2023-08-29,2.2402,SEK,User-supplied historical EPS TTM / all Yahoo overlaps <1%,strict_user_history_gap_fill
VIVA.ST,2023-Q3,2023-09-30,2023-11-22,1.71,SEK,Yahoo Finance / trailingDilutedEPS historical timeseries,yahoo_trailing_diluted
VIVA.ST,2023-Q4,2023-12-31,2024-02-22,1.19,SEK,Yahoo Finance / trailingDilutedEPS historical timeseries,yahoo_trailing_diluted
VIVA.ST,2024-Q1,,2024-05-16,1.3284,SEK,User-supplied historical EPS TTM / all Yahoo overlaps <1%,strict_user_history_gap_fill
VIVA.ST,2024-Q2,2024-06-30,2024-08-28,1.25,SEK,Yahoo Finance / trailingDilutedEPS historical timeseries,yahoo_trailing_diluted
VIVA.ST,2024-Q3,2024-09-30,2024-11-20,1.32,SEK,Yahoo Finance / trailingDilutedEPS historical timeseries,yahoo_trailing_diluted
VIVA.ST,2024-Q4,2024-12-31,2025-02-20,1.92,SEK,Yahoo Finance / trailingDilutedEPS historical timeseries,yahoo_trailing_diluted
VIVA.ST,2025-Q1,2025-03-31,2025-05-15,1.72,SEK,Yahoo Finance / trailingDilutedEPS historical timeseries,yahoo_trailing_diluted
VIVA.ST,2025-Q2,2025-06-30,2025-08-28,1.84,SEK,Yahoo Finance / trailingDilutedEPS historical timeseries,yahoo_trailing_diluted
VIVA.ST,2025-Q3,2025-09-30,2025-11-20,1.94,SEK,Yahoo Finance / trailingDilutedEPS historical timeseries,yahoo_trailing_diluted
VIVA.ST,2025-Q4,2025-12-31,2026-02-19,2.32,SEK,Yahoo Finance / trailingDilutedEPS historical timeseries,yahoo_trailing_diluted
VIVA.ST,2026-Q1,2026-03-31,2026-05-07,2.37,SEK,Yahoo Finance / trailingDilutedEPS historical timeseries,yahoo_trailing_diluted
VIVA.ST,2026-Q2,2026-06-30,2026-08-20,2.32,SEK,Yahoo Finance / trailingDilutedEPS historical timeseries,yahoo_trailing_diluted
VOLV-A.ST,2018-Q3,,2018-10-19,13.3757,SEK,User-supplied historical EPS TTM / all Yahoo overlaps <1%,strict_user_history_gap_fill
VOLV-A.ST,2018-Q4,,2019-01-30,12.2464,SEK,User-supplied historical EPS TTM / all Yahoo overlaps <1%,strict_user_history_gap_fill
VOLV-A.ST,2019-Q1,,2019-04-24,14.6851,SEK,User-supplied historical EPS TTM / all Yahoo overlaps <1%,strict_user_history_gap_fill
VOLV-A.ST,2019-Q2,,2019-07-18,15.6249,SEK,User-supplied historical EPS TTM / all Yahoo overlaps <1%,strict_user_history_gap_fill
VOLV-A.ST,2019-Q3,,2019-10-18,15.622,SEK,User-supplied historical EPS TTM / all Yahoo overlaps <1%,strict_user_history_gap_fill
VOLV-A.ST,2019-Q4,,2020-01-30,17.6368,SEK,User-supplied historical EPS TTM / all Yahoo overlaps <1%,strict_user_history_gap_fill
VOLV-A.ST,2020-Q1,,2020-04-23,14.717,SEK,User-supplied historical EPS TTM / all Yahoo overlaps <1%,strict_user_history_gap_fill
VOLV-A.ST,2020-Q2,,2020-07-17,9.103,SEK,User-supplied historical EPS TTM / all Yahoo overlaps <1%,strict_user_history_gap_fill
VOLV-A.ST,2020-Q3,,2020-10-16,8.2503,SEK,User-supplied historical EPS TTM / all Yahoo overlaps <1%,strict_user_history_gap_fill
VOLV-A.ST,2020-Q4,,2021-02-03,9.5011,SEK,User-supplied historical EPS TTM / all Yahoo overlaps <1%,strict_user_history_gap_fill
VOLV-A.ST,2021-Q1,,2021-04-22,11.5498,SEK,User-supplied historical EPS TTM / all Yahoo overlaps <1%,strict_user_history_gap_fill
VOLV-A.ST,2021-Q2,,2021-07-20,16.0653,SEK,User-supplied historical EPS TTM / all Yahoo overlaps <1%,strict_user_history_gap_fill
VOLV-A.ST,2021-Q3,,2021-10-21,16.7189,SEK,User-supplied historical EPS TTM / all Yahoo overlaps <1%,strict_user_history_gap_fill
VOLV-A.ST,2021-Q4,,2022-01-28,16.1243,SEK,User-supplied historical EPS TTM / all Yahoo overlaps <1%,strict_user_history_gap_fill
VOLV-A.ST,2022-Q1,,2022-04-22,15.2359,SEK,User-supplied historical EPS TTM / all Yahoo overlaps <1%,strict_user_history_gap_fill
VOLV-A.ST,2022-Q2,,2022-07-19,15.9948,SEK,User-supplied historical EPS TTM / all Yahoo overlaps <1%,strict_user_history_gap_fill
VOLV-A.ST,2022-Q3,,2022-10-20,16.7693,SEK,User-supplied historical EPS TTM / all Yahoo overlaps <1%,strict_user_history_gap_fill
VOLV-A.ST,2022-Q4,,2023-01-26,16.0931,SEK,User-supplied historical EPS TTM / all Yahoo overlaps <1%,strict_user_history_gap_fill
VOLV-A.ST,2023-Q1,,2023-04-20,18.9839,SEK,User-supplied historical EPS TTM / all Yahoo overlaps <1%,strict_user_history_gap_fill
VOLV-A.ST,2023-Q2,,2023-07-19,19.1447,SEK,User-supplied historical EPS TTM / all Yahoo overlaps <1%,strict_user_history_gap_fill
VOLV-A.ST,2023-Q3,2023-09-30,2023-10-18,21.83,SEK,Yahoo Finance / trailingDilutedEPS historical timeseries,yahoo_trailing_diluted
VOLV-A.ST,2023-Q4,2023-12-31,2024-01-26,24.5,SEK,Yahoo Finance / trailingDilutedEPS historical timeseries,yahoo_trailing_diluted
VOLV-A.ST,2024-Q1,2024-03-31,2024-04-17,25.07,SEK,Yahoo Finance / trailingDilutedEPS historical timeseries,yahoo_trailing_diluted
VOLV-A.ST,2024-Q2,2024-06-30,2024-07-18,27.42,SEK,Yahoo Finance / trailingDilutedEPS historical timeseries,yahoo_trailing_diluted
VOLV-A.ST,2024-Q3,2024-09-30,2024-10-18,25.42,SEK,Yahoo Finance / trailingDilutedEPS historical timeseries,yahoo_trailing_diluted
VOLV-A.ST,2024-Q4,2024-12-31,2025-01-29,24.78,SEK,Yahoo Finance / trailingDilutedEPS historical timeseries,yahoo_trailing_diluted
VOLV-A.ST,2025-Q1,2025-03-31,2025-04-23,22.72,SEK,Yahoo Finance / trailingDilutedEPS historical timeseries,yahoo_trailing_diluted
VOLV-A.ST,2025-Q2,2025-06-30,2025-07-17,18.72,SEK,Yahoo Finance / trailingDilutedEPS historical timeseries,yahoo_trailing_diluted
VOLV-A.ST,2025-Q3,2025-09-30,2025-10-17,17.490000000000002,SEK,Yahoo Finance / trailingDilutedEPS reconstructed from quarterlyDilutedEPS,yahoo_reconstructed_diluted_ttm
VOLV-A.ST,2025-Q4,2025-12-31,2026-01-28,16.94,SEK,Yahoo Finance / trailingDilutedEPS historical timeseries,yahoo_trailing_diluted
VOLV-A.ST,2026-Q1,2026-03-31,2026-04-24,16.17,SEK,Yahoo Finance / trailingDilutedEPS historical timeseries,yahoo_trailing_diluted
VOLV-A.ST,2026-Q2,2026-06-30,2026-07-17,17.62,SEK,Yahoo Finance / trailingDilutedEPS historical timeseries,yahoo_trailing_diluted
WALL-B.ST,2018-Q3,,2018-10-25,3.75,SEK,User-supplied historical EPS TTM fallback,fallback_user_history
WALL-B.ST,2018-Q4,,2019-02-06,4.6513,SEK,User-supplied historical EPS TTM fallback,fallback_user_history
WALL-B.ST,2019-Q1,,2019-05-02,4.6776,SEK,User-supplied historical EPS TTM fallback,fallback_user_history
WALL-B.ST,2019-Q2,,2019-07-17,3.4914,SEK,User-supplied historical EPS TTM fallback,fallback_user_history
WALL-B.ST,2019-Q3,,2019-10-22,3.5081,SEK,User-supplied historical EPS TTM fallback,fallback_user_history
WALL-B.ST,2019-Q4,,2020-02-05,4.2369,SEK,User-supplied historical EPS TTM fallback,fallback_user_history
WALL-B.ST,2020-Q1,,2020-04-28,4.1889,SEK,User-supplied historical EPS TTM fallback,fallback_user_history
WALL-B.ST,2020-Q2,,2020-07-17,4.3235,SEK,User-supplied historical EPS TTM fallback,fallback_user_history
WALL-B.ST,2020-Q3,,2020-10-22,4.1393,SEK,User-supplied historical EPS TTM fallback,fallback_user_history
WALL-B.ST,2020-Q4,,2021-02-09,2.9551,SEK,User-supplied historical EPS TTM fallback,fallback_user_history
WALL-B.ST,2021-Q1,,2021-04-27,3.596,SEK,User-supplied historical EPS TTM fallback,fallback_user_history
WALL-B.ST,2021-Q2,,2021-07-08,4.7745,SEK,User-supplied historical EPS TTM fallback,fallback_user_history
WALL-B.ST,2021-Q3,,2021-10-22,5.4966,SEK,User-supplied historical EPS TTM fallback,fallback_user_history
WALL-B.ST,2021-Q4,,2022-02-08,7.1826,SEK,User-supplied historical EPS TTM fallback,fallback_user_history
WALL-B.ST,2022-Q1,,2022-04-26,7.8922,SEK,User-supplied historical EPS TTM fallback,fallback_user_history
WALL-B.ST,2022-Q2,,2022-07-14,7.644,SEK,User-supplied historical EPS TTM fallback,fallback_user_history
WALL-B.ST,2022-Q3,,2022-10-25,7.5318,SEK,User-supplied historical EPS TTM fallback,fallback_user_history
WALL-B.ST,2022-Q4,,2023-02-08,1.6696,SEK,User-supplied historical EPS TTM fallback,fallback_user_history
WALL-B.ST,2023-Q1,,2023-05-03,-0.0863,SEK,User-supplied historical EPS TTM fallback,fallback_user_history
WALL-B.ST,2023-Q2,,2023-07-14,-1.8462,SEK,User-supplied historical EPS TTM fallback,fallback_user_history
WALL-B.ST,2023-Q3,2023-09-30,2023-10-20,-2.6,SEK,Yahoo Finance / trailingDilutedEPS historical timeseries,yahoo_trailing_diluted
WALL-B.ST,2023-Q4,,2024-02-08,-0.6841,SEK,User-supplied historical EPS TTM fallback,fallback_user_history
WALL-B.ST,2024-Q1,2024-03-31,2024-04-24,-0.3,SEK,Yahoo Finance / trailingDilutedEPS historical timeseries,yahoo_trailing_diluted
WALL-B.ST,2024-Q2,2024-06-30,2024-07-08,0.2,SEK,Yahoo Finance / trailingDilutedEPS historical timeseries,yahoo_trailing_diluted
WALL-B.ST,2024-Q3,2024-09-30,2024-10-22,-0.6,SEK,Yahoo Finance / trailingDilutedEPS historical timeseries,yahoo_trailing_diluted
WALL-B.ST,2024-Q4,2024-12-31,2025-02-06,1.2,SEK,Yahoo Finance / trailingDilutedEPS historical timeseries,yahoo_trailing_diluted
WALL-B.ST,2025-Q1,2025-03-31,2025-04-28,1.6,SEK,Yahoo Finance / trailingDilutedEPS historical timeseries,yahoo_trailing_diluted
WALL-B.ST,2025-Q2,2025-06-30,2025-07-07,1.5,SEK,Yahoo Finance / trailingDilutedEPS historical timeseries,yahoo_trailing_diluted
WALL-B.ST,2025-Q3,2025-09-30,2025-10-21,2.9,SEK,Yahoo Finance / trailingDilutedEPS reconstructed from quarterlyDilutedEPS,yahoo_reconstructed_diluted_ttm
WALL-B.ST,2025-Q4,2025-12-31,2026-02-05,4.0,SEK,Yahoo Finance / trailingDilutedEPS historical timeseries,yahoo_trailing_diluted
WALL-B.ST,2026-Q1,2026-03-31,2026-04-21,3.8,SEK,Yahoo Finance / trailingDilutedEPS reconstructed from quarterlyDilutedEPS,yahoo_reconstructed_diluted_ttm
WALL-B.ST,2026-Q2,2026-06-30,2026-07-06,4.1,SEK,Yahoo Finance / trailingDilutedEPS historical timeseries,yahoo_trailing_diluted
WIHL.ST,2018-Q3,,2018-10-23,8.265,SEK,User-supplied historical EPS TTM fallback,fallback_user_history
WIHL.ST,2018-Q4,,2019-02-12,7.8131,SEK,User-supplied historical EPS TTM fallback,fallback_user_history
WIHL.ST,2019-Q1,,2019-04-25,7.8398,SEK,User-supplied historical EPS TTM fallback,fallback_user_history
WIHL.ST,2019-Q2,,2019-07-08,7.8285,SEK,User-supplied historical EPS TTM fallback,fallback_user_history
WIHL.ST,2019-Q3,,2019-10-24,7.5173,SEK,User-supplied historical EPS TTM fallback,fallback_user_history
WIHL.ST,2019-Q4,,2020-02-11,9.508,SEK,User-supplied historical EPS TTM fallback,fallback_user_history
WIHL.ST,2020-Q1,,2020-04-28,9.6153,SEK,User-supplied historical EPS TTM fallback,fallback_user_history
WIHL.ST,2020-Q2,,2020-07-06,8.7956,SEK,User-supplied historical EPS TTM fallback,fallback_user_history
WIHL.ST,2020-Q3,,2020-10-23,9.9992,SEK,User-supplied historical EPS TTM fallback,fallback_user_history
WIHL.ST,2020-Q4,,2021-02-16,7.2278,SEK,User-supplied historical EPS TTM fallback,fallback_user_history
WIHL.ST,2021-Q1,,2021-04-27,7.6636,SEK,User-supplied historical EPS TTM fallback,fallback_user_history
WIHL.ST,2021-Q2,,2021-07-12,8.2004,SEK,User-supplied historical EPS TTM fallback,fallback_user_history
WIHL.ST,2021-Q3,,2021-10-22,7.7222,SEK,User-supplied historical EPS TTM fallback,fallback_user_history
WIHL.ST,2021-Q4,,2022-02-15,10.8904,SEK,User-supplied historical EPS TTM fallback,fallback_user_history
WIHL.ST,2022-Q1,,2022-04-26,11.9899,SEK,User-supplied historical EPS TTM fallback,fallback_user_history
WIHL.ST,2022-Q2,,2022-07-11,12.6535,SEK,User-supplied historical EPS TTM fallback,fallback_user_history
WIHL.ST,2022-Q3,,2022-10-21,11.9248,SEK,User-supplied historical EPS TTM fallback,fallback_user_history
WIHL.ST,2022-Q4,,2023-02-14,7.4424,SEK,User-supplied historical EPS TTM fallback,fallback_user_history
WIHL.ST,2023-Q1,,2023-04-25,5.6176,SEK,User-supplied historical EPS TTM fallback,fallback_user_history
WIHL.ST,2023-Q2,,2023-07-10,4.4368,SEK,User-supplied historical EPS TTM fallback,fallback_user_history
WIHL.ST,2023-Q3,2023-09-30,2023-10-24,1.99,SEK,Yahoo Finance / trailingDilutedEPS historical timeseries,yahoo_trailing_diluted
WIHL.ST,2023-Q4,,2024-02-13,-0.0878,SEK,User-supplied historical EPS TTM fallback,fallback_user_history
WIHL.ST,2024-Q1,2024-03-31,2024-04-23,0.21,SEK,Yahoo Finance / trailingDilutedEPS historical timeseries,yahoo_trailing_diluted
WIHL.ST,2024-Q2,2024-06-30,2024-07-08,0.15,SEK,Yahoo Finance / trailingDilutedEPS historical timeseries,yahoo_trailing_diluted
WIHL.ST,2024-Q3,2024-09-30,2024-10-24,1.61,SEK,Yahoo Finance / trailingDilutedEPS historical timeseries,yahoo_trailing_diluted
WIHL.ST,2024-Q4,2024-12-31,2025-02-11,5.55,SEK,Yahoo Finance / trailingDilutedEPS historical timeseries,yahoo_trailing_diluted
WIHL.ST,2025-Q1,2025-03-31,2025-04-28,5.82,SEK,Yahoo Finance / trailingDilutedEPS historical timeseries,yahoo_trailing_diluted
WIHL.ST,2025-Q2,2025-06-30,2025-07-07,6.15,SEK,Yahoo Finance / trailingDilutedEPS historical timeseries,yahoo_trailing_diluted
WIHL.ST,2025-Q3,2025-09-30,2025-10-23,7.26,SEK,Yahoo Finance / trailingDilutedEPS reconstructed from quarterlyDilutedEPS,yahoo_reconstructed_diluted_ttm
WIHL.ST,2025-Q4,2025-12-31,2026-02-10,7.22,SEK,Yahoo Finance / trailingDilutedEPS historical timeseries,yahoo_trailing_diluted
WIHL.ST,2026-Q1,2026-03-31,2026-04-21,7.6,SEK,Yahoo Finance / trailingDilutedEPS historical timeseries,yahoo_trailing_diluted
WIHL.ST,2026-Q2,2026-06-30,2026-07-06,7.11,SEK,Yahoo Finance / trailingDilutedEPS historical timeseries,yahoo_trailing_diluted
ZZ-B.ST,2018-Q3,,2018-11-15,0.1148,SEK,User-supplied historical EPS TTM / all Yahoo overlaps <1%,strict_user_history_gap_fill
ZZ-B.ST,2018-Q4,,2019-02-28,0.198,SEK,User-supplied historical EPS TTM / all Yahoo overlaps <1%,strict_user_history_gap_fill
ZZ-B.ST,2019-Q1,,2019-05-16,0.2639,SEK,User-supplied historical EPS TTM / all Yahoo overlaps <1%,strict_user_history_gap_fill
ZZ-B.ST,2019-Q2,,2019-08-30,0.3527,SEK,User-supplied historical EPS TTM / all Yahoo overlaps <1%,strict_user_history_gap_fill
ZZ-B.ST,2019-Q3,,2019-11-15,0.2453,SEK,User-supplied historical EPS TTM / all Yahoo overlaps <1%,strict_user_history_gap_fill
ZZ-B.ST,2019-Q4,,2020-02-28,0.3231,SEK,User-supplied historical EPS TTM / all Yahoo overlaps <1%,strict_user_history_gap_fill
ZZ-B.ST,2020-Q1,,2020-05-14,0.636,SEK,User-supplied historical EPS TTM / all Yahoo overlaps <1%,strict_user_history_gap_fill
ZZ-B.ST,2020-Q2,,2020-08-28,0.7403,SEK,User-supplied historical EPS TTM / all Yahoo overlaps <1%,strict_user_history_gap_fill
ZZ-B.ST,2020-Q3,,2020-11-20,1.2654,SEK,User-supplied historical EPS TTM / all Yahoo overlaps <1%,strict_user_history_gap_fill
ZZ-B.ST,2020-Q4,,2021-02-26,1.8763,SEK,User-supplied historical EPS TTM / all Yahoo overlaps <1%,strict_user_history_gap_fill
ZZ-B.ST,2021-Q1,,2021-05-18,2.0497,SEK,User-supplied historical EPS TTM / all Yahoo overlaps <1%,strict_user_history_gap_fill
ZZ-B.ST,2021-Q2,,2021-08-27,2.4329,SEK,User-supplied historical EPS TTM / all Yahoo overlaps <1%,strict_user_history_gap_fill
ZZ-B.ST,2021-Q3,,2021-11-19,2.7199,SEK,User-supplied historical EPS TTM / all Yahoo overlaps <1%,strict_user_history_gap_fill
ZZ-B.ST,2021-Q4,,2022-02-28,2.4565,SEK,User-supplied historical EPS TTM / all Yahoo overlaps <1%,strict_user_history_gap_fill
ZZ-B.ST,2022-Q1,,2022-05-13,2.2422,SEK,User-supplied historical EPS TTM / all Yahoo overlaps <1%,strict_user_history_gap_fill
ZZ-B.ST,2022-Q2,,2022-08-26,1.9102,SEK,User-supplied historical EPS TTM / all Yahoo overlaps <1%,strict_user_history_gap_fill
ZZ-B.ST,2022-Q3,,2022-11-17,1.5587,SEK,User-supplied historical EPS TTM / all Yahoo overlaps <1%,strict_user_history_gap_fill
ZZ-B.ST,2022-Q4,,2023-02-28,1.9738,SEK,User-supplied historical EPS TTM / all Yahoo overlaps <1%,strict_user_history_gap_fill
ZZ-B.ST,2023-Q1,,2023-05-12,2.3884,SEK,User-supplied historical EPS TTM / all Yahoo overlaps <1%,strict_user_history_gap_fill
ZZ-B.ST,2023-Q2,,2023-08-31,3.1582,SEK,User-supplied historical EPS TTM / all Yahoo overlaps <1%,strict_user_history_gap_fill
ZZ-B.ST,2023-Q3,2023-09-30,2023-11-16,4.29,SEK,Yahoo Finance / trailingDilutedEPS historical timeseries,yahoo_trailing_diluted
ZZ-B.ST,2023-Q4,2023-12-31,2024-02-27,4.73,SEK,Yahoo Finance / trailingDilutedEPS historical timeseries,yahoo_trailing_diluted
ZZ-B.ST,2024-Q1,,2024-05-22,4.8325,SEK,User-supplied historical EPS TTM / all Yahoo overlaps <1%,strict_user_history_gap_fill
ZZ-B.ST,2024-Q2,2024-06-30,2024-08-30,5.08,SEK,Yahoo Finance / trailingDilutedEPS historical timeseries,yahoo_trailing_diluted
ZZ-B.ST,2024-Q3,2024-09-30,2024-11-19,4.68,SEK,Yahoo Finance / trailingDilutedEPS historical timeseries,yahoo_trailing_diluted
ZZ-B.ST,2024-Q4,2024-12-31,2025-02-27,4.59,SEK,Yahoo Finance / trailingDilutedEPS historical timeseries,yahoo_trailing_diluted
ZZ-B.ST,2025-Q1,2025-03-31,2025-05-20,5.12,SEK,Yahoo Finance / trailingDilutedEPS historical timeseries,yahoo_trailing_diluted
ZZ-B.ST,2025-Q2,,2025-08-29,5.2858,SEK,User-supplied historical EPS TTM / all Yahoo overlaps <1%,strict_user_history_gap_fill
ZZ-B.ST,2025-Q3,2025-09-30,2025-11-19,6.54,SEK,Yahoo Finance / trailingDilutedEPS historical timeseries,yahoo_trailing_diluted
ZZ-B.ST,2025-Q4,2025-12-31,2026-02-25,8.64,SEK,Yahoo Finance / trailingDilutedEPS historical timeseries,yahoo_trailing_diluted
ZZ-B.ST,2026-Q1,2026-03-31,2026-05-22,9.85,SEK,Yahoo Finance / trailingDilutedEPS historical timeseries,yahoo_trailing_diluted
ZZ-B.ST,2026-Q2,2026-06-30,2026-08-26,11.02,SEK,Yahoo Finance / trailingDilutedEPS historical timeseries,yahoo_trailing_diluted
