ticker,report_period,report_date,eps_ttm,currency
AAK,2019-Q2,,5.4952,SEK
AAK,2019-Q3,,5.6252,SEK
AAK,2019-Q4,,5.7618,SEK
AAK,2020-Q1,,5.88,SEK
AAK,2020-Q2,,5.73,SEK
AAK,2020-Q3,,5.88,SEK
AAK,2020-Q4,,6.03,SEK
AAK,2021-Q1,,6.1,SEK
AAK,2021-Q2,,5.2498,SEK
AAK,2021-Q3,,5.3898,SEK
AAK,2021-Q4,,5.5612,SEK
AAK,2022-Q1,,5.9112,SEK
AAK,2022-Q2,,6.1209,SEK
AAK,2022-Q3,,6.681,SEK
AAK,2022-Q4,,6.8238,SEK
AAK,2023-Q1,,7.4804,SEK
AAK,2023-Q2,,9.2464,SEK
AAK,2023-Q3,2023-10-25,9.9977,SEK
AAK,2023-Q4,2024-02-07,11.3436,SEK
AAK,2024-Q1,2024-04-25,12.387,SEK
AAK,2024-Q2,2024-07-18,13.1214,SEK
AAK,2024-Q3,2024-10-24,13.35,SEK
AAK,2024-Q4,2025-02-05,13.57,SEK
AAK,2025-Q1,2025-04-24,13.56,SEK
AAK,2025-Q2,2025-07-17,12.92,SEK
AAK,2025-Q3,2025-10-23,13.08,SEK
AAK,2025-Q4,2026-02-05,13.16,SEK
AAK,2026-Q1,2026-04-28,13.2706,SEK
AAK,2026-Q2,2026-07-17,13.8706,SEK
ABB,2024-Q1,,1.98,USD
ABB,2024-Q2,,2.07,USD
ABB,2024-Q3,,2.1,USD
ABB,2024-Q4,,2.13,USD
ABB,2025-Q1,,2.25,USD
ABB,2025-Q2,,2.29,USD
ABB,2025-Q3,,2.44,USD
ABB,2025-Q4,,2.5,USD
ABB,2026-Q1,,2.72,USD
ABB,2026-Q2,,2.75,USD
ADDT B,2018-Q3,,2.1278,SEK
ADDT B,2018-Q4,,2.2826,SEK
ADDT B,2019-Q1,,2.4476,SEK
ADDT B,2019-Q2,,2.6892,SEK
ADDT B,2019-Q3,,2.9267,SEK
ADDT B,2019-Q4,,2.8719,SEK
ADDT B,2020-Q1,,3.1969,SEK
ADDT B,2020-Q2,,3.025,SEK
ADDT B,2020-Q3,,2.8042,SEK
ADDT B,2020-Q4,,2.9159,SEK
ADDT B,2021-Q1,,2.6206,SEK
ADDT B,2021-Q2,,2.8605,SEK
ADDT B,2021-Q3,,3.1456,SEK
ADDT B,2021-Q4,,3.5049,SEK
ADDT B,2022-Q1,,3.9752,SEK
ADDT B,2022-Q2,,4.2933,SEK
ADDT B,2022-Q3,,4.6523,SEK
ADDT B,2022-Q4,,5.0565,SEK
ADDT B,2023-Q1,,5.5462,SEK
ADDT B,2023-Q2,,5.7279,SEK
ADDT B,2023-Q3,2023-10-26,6.0396,SEK
ADDT B,2023-Q4,2024-02-07,6.0871,SEK
ADDT B,2024-Q1,2024-05-16,6.0526,SEK
ADDT B,2024-Q2,2024-07-12,6.4294,SEK
ADDT B,2024-Q3,2024-10-24,6.4391,SEK
ADDT B,2024-Q4,2025-02-04,6.6531,SEK
ADDT B,2025-Q1,2025-05-15,7.0118,SEK
ADDT B,2025-Q2,2025-07-15,7.2486,SEK
ADDT B,2025-Q3,2025-10-23,7.4223,SEK
ADDT B,2025-Q4,2026-02-05,7.6848,SEK
ADDT B,2026-Q1,2026-05-20,7.9546,SEK
ADDT B,2026-Q2,2026-07-14,8.2352,SEK
ADDT B,2026-Q3,,7.65,SEK
ADDT B,2026-Q4,,7.95,SEK
ADDT B,2027-Q1,,8.23,SEK
ALIG,2018-Q3,,4.0016,SEK
ALIG,2018-Q4,,4.7395,SEK
ALIG,2019-Q1,,5.3756,SEK
ALIG,2019-Q2,,5.7799,SEK
ALIG,2019-Q3,,6.2184,SEK
ALIG,2019-Q4,,5.4509,SEK
ALIG,2020-Q1,,4.6644,SEK
ALIG,2020-Q2,,3.8714,SEK
ALIG,2020-Q3,,3.0592,SEK
ALIG,2020-Q4,,2.5325,SEK
ALIG,2021-Q1,,2.8249,SEK
ALIG,2021-Q2,,3.2089,SEK
ALIG,2021-Q3,,3.6746,SEK
ALIG,2021-Q4,,4.2657,SEK
ALIG,2022-Q1,,4.3722,SEK
ALIG,2022-Q2,,4.6492,SEK
ALIG,2022-Q3,,4.6869,SEK
ALIG,2022-Q4,,5.2196,SEK
ALIG,2023-Q1,,5.4016,SEK
ALIG,2023-Q2,,5.2562,SEK
ALIG,2023-Q3,2023-10-24,5.5057,SEK
ALIG,2023-Q4,2024-02-12,4.8348,SEK
ALIG,2024-Q1,2024-04-25,4.9179,SEK
ALIG,2024-Q2,2024-07-18,5.041,SEK
ALIG,2024-Q3,2024-10-29,5.1812,SEK
ALIG,2024-Q4,2025-02-13,5.871,SEK
ALIG,2025-Q1,2025-04-24,6.3631,SEK
ALIG,2025-Q2,2025-07-18,6.7523,SEK
ALIG,2025-Q3,2025-10-23,6.5422,SEK
ALIG,2025-Q4,2026-02-10,5.6761,SEK
ALIG,2026-Q1,2026-04-28,5.3351,SEK
ALIG,2026-Q2,2026-07-17,5.1778,SEK
ALIV SDB,2024-Q1,,6.5341,USD
ALIV SDB,2024-Q2,,7.5626,USD
ALIV SDB,2024-Q3,,7.611,USD
ALIV SDB,2024-Q4,,8.04,USD
ALIV SDB,2025-Q1,,8.69,USD
ALIV SDB,2025-Q2,,9.14,USD
ALIV SDB,2025-Q3,,9.84,USD
ALIV SDB,2025-Q4,,9.75,USD
ALIV SDB,2026-Q1,,9.3,USD
ALIV SDB,2026-Q2,,8.49,USD
ALLEI,2022-Q3,,5.9272,SEK
ALLEI,2022-Q4,,5.8634,SEK
ALLEI,2023-Q1,,6.9476,SEK
ALLEI,2023-Q2,,5.1499,SEK
ALLEI,2023-Q3,2023-10-24,6.3099,SEK
ALLEI,2023-Q4,,6.27,SEK
ALLEI,2024-Q1,2024-04-23,3.2247,SEK
ALLEI,2024-Q2,2024-07-19,4.8909,SEK
ALLEI,2024-Q3,2024-10-22,5.2896,SEK
ALLEI,2024-Q4,2025-01-24,4.8631,SEK
ALLEI,2025-Q1,2025-04-23,6.2304,SEK
ALLEI,2025-Q2,2025-07-18,4.5084,SEK
ALLEI,2025-Q3,2025-10-22,3.9025,SEK
ALLEI,2025-Q4,2026-01-27,2.6786,SEK
ALLEI,2026-Q1,2026-04-27,2.2648,SEK
ALLEI,2026-Q2,2026-07-17,3.6416,SEK
ANOD B,2018-Q3,,1.1169,SEK
ANOD B,2018-Q4,,1.1755,SEK
ANOD B,2019-Q1,,1.3867,SEK
ANOD B,2019-Q2,,2.1465,SEK
ANOD B,2019-Q3,,2.8644,SEK
ANOD B,2019-Q4,,2.7373,SEK
ANOD B,2020-Q1,,2.7149,SEK
ANOD B,2020-Q2,,1.8323,SEK
ANOD B,2020-Q3,,1.1817,SEK
ANOD B,2020-Q4,,1.2191,SEK
ANOD B,2021-Q1,,1.1966,SEK
ANOD B,2021-Q2,,1.3893,SEK
ANOD B,2021-Q3,,1.4768,SEK
ANOD B,2021-Q4,,1.6637,SEK
ANOD B,2022-Q1,,2.0525,SEK
ANOD B,2022-Q2,,2.2785,SEK
ANOD B,2022-Q3,,2.6852,SEK
ANOD B,2022-Q4,,2.8585,SEK
ANOD B,2023-Q1,,2.844,SEK
ANOD B,2023-Q2,,2.5753,SEK
ANOD B,2023-Q3,2023-10-27,2.0667,SEK
ANOD B,2023-Q4,2024-02-02,2.0903,SEK
ANOD B,2024-Q1,2024-04-25,2.2119,SEK
ANOD B,2024-Q2,2024-07-12,2.3616,SEK
ANOD B,2024-Q3,2024-10-24,2.8255,SEK
ANOD B,2024-Q4,,3.0125,SEK
ANOD B,2025-Q1,2025-04-25,2.7869,SEK
ANOD B,2025-Q2,2025-07-14,3.1614,SEK
ANOD B,2025-Q3,2025-10-24,2.8332,SEK
ANOD B,2025-Q4,2026-02-03,2.8608,SEK
ANOD B,2026-Q1,2026-04-28,3.0203,SEK
ANOD B,2026-Q2,2026-07-15,2.3889,SEK
ARJO B,2018-Q3,,0.4703,SEK
ARJO B,2018-Q4,,1.0761,SEK
ARJO B,2019-Q1,,1.2633,SEK
ARJO B,2019-Q2,,1.2968,SEK
ARJO B,2019-Q3,,1.252,SEK
ARJO B,2019-Q4,,1.4796,SEK
ARJO B,2020-Q1,,1.498,SEK
ARJO B,2020-Q2,,1.553,SEK
ARJO B,2020-Q3,,1.8725,SEK
ARJO B,2020-Q4,,1.9312,SEK
ARJO B,2021-Q1,,2.1809,SEK
ARJO B,2021-Q2,,2.4562,SEK
ARJO B,2021-Q3,,2.6655,SEK
ARJO B,2021-Q4,,2.7206,SEK
ARJO B,2022-Q1,,2.6875,SEK
ARJO B,2022-Q2,,2.3754,SEK
ARJO B,2022-Q3,,1.9973,SEK
ARJO B,2022-Q4,,1.6412,SEK
ARJO B,2023-Q1,,1.3878,SEK
ARJO B,2023-Q2,,1.3805,SEK
ARJO B,2023-Q3,2023-10-19,1.4245,SEK
ARJO B,2023-Q4,,1.7476,SEK
ARJO B,2024-Q1,2024-04-18,1.8835,SEK
ARJO B,2024-Q2,2024-07-12,1.9496,SEK
ARJO B,2024-Q3,2024-10-17,1.8578,SEK
ARJO B,2024-Q4,,1.8321,SEK
ARJO B,2025-Q1,2025-04-29,1.6815,SEK
ARJO B,2025-Q2,2025-07-11,1.5787,SEK
ARJO B,2025-Q3,2025-10-22,1.6081,SEK
ARJO B,2025-Q4,2026-01-30,1.2263,SEK
ARJO B,2026-Q1,2026-04-22,1.2887,SEK
ARJO B,2026-Q2,2026-07-14,1.4098,SEK
ASSA B,2018-Q3,,3.1656,SEK
ASSA B,2018-Q4,,2.4803,SEK
ASSA B,2019-Q1,,2.708,SEK
ASSA B,2019-Q2,,7.9143,SEK
ASSA B,2019-Q3,,8.1952,SEK
ASSA B,2019-Q4,,8.9964,SEK
ASSA B,2020-Q1,,8.6768,SEK
ASSA B,2020-Q2,,7.6307,SEK
ASSA B,2020-Q3,,9.1981,SEK
ASSA B,2020-Q4,,8.2564,SEK
ASSA B,2021-Q1,,8.6066,SEK
ASSA B,2021-Q2,,10.2388,SEK
ASSA B,2021-Q3,,8.3986,SEK
ASSA B,2021-Q4,,9.813,SEK
ASSA B,2022-Q1,,10.3576,SEK
ASSA B,2022-Q2,,10.3045,SEK
ASSA B,2022-Q3,,11.347,SEK
ASSA B,2022-Q4,,11.9646,SEK
ASSA B,2023-Q1,,11.8341,SEK
ASSA B,2023-Q2,,12.2131,SEK
ASSA B,2023-Q3,2023-10-25,12.0645,SEK
ASSA B,2023-Q4,2024-02-07,12.2725,SEK
ASSA B,2024-Q1,2024-04-24,12.9378,SEK
ASSA B,2024-Q2,2024-07-17,13.2466,SEK
ASSA B,2024-Q3,2024-10-23,13.7976,SEK
ASSA B,2024-Q4,2025-02-05,14.0794,SEK
ASSA B,2025-Q1,2025-04-23,13.1764,SEK
ASSA B,2025-Q2,2025-07-17,13.0818,SEK
ASSA B,2025-Q3,,13.2178,SEK
ASSA B,2025-Q4,2026-02-05,13.234,SEK
ASSA B,2026-Q1,2026-04-28,14.2135,SEK
ASSA B,2026-Q2,2026-07-17,14.7582,SEK
ATCO A,2018-Q3,,3.7321,SEK
ATCO A,2018-Q4,,3.9436,SEK
ATCO A,2019-Q1,,3.7981,SEK
ATCO A,2019-Q2,,3.4715,SEK
ATCO A,2019-Q3,,3.5805,SEK
ATCO A,2019-Q4,,3.397,SEK
ATCO A,2020-Q1,,3.4232,SEK
ATCO A,2020-Q2,,3.2272,SEK
ATCO A,2020-Q3,,3.0626,SEK
ATCO A,2020-Q4,,3.0364,SEK
ATCO A,2021-Q1,,3.0923,SEK
ATCO A,2021-Q2,,3.3852,SEK
ATCO A,2021-Q3,,3.5746,SEK
ATCO A,2021-Q4,,3.7142,SEK
ATCO A,2022-Q1,,3.9382,SEK
ATCO A,2022-Q2,,4.1667,SEK
ATCO A,2022-Q3,,4.5745,SEK
ATCO A,2022-Q4,,4.8152,SEK
ATCO A,2023-Q1,,5.085,SEK
ATCO A,2023-Q2,,5.3427,SEK
ATCO A,2023-Q3,2023-10-25,5.5999,SEK
ATCO A,2023-Q4,,5.7473,SEK
ATCO A,2024-Q1,2024-04-24,5.8797,SEK
ATCO A,2024-Q2,2024-07-18,6.0224,SEK
ATCO A,2024-Q3,2024-10-23,5.8929,SEK
ATCO A,2024-Q4,2025-01-28,6.1014,SEK
ATCO A,2025-Q1,2025-04-29,5.9843,SEK
ATCO A,2025-Q2,2025-07-18,5.7582,SEK
ATCO A,2025-Q3,2025-10-23,5.6602,SEK
ATCO A,2025-Q4,2026-01-27,5.4217,SEK
ATCO A,2026-Q1,2026-04-28,5.3516,SEK
ATCO A,2026-Q2,2026-07-16,5.459,SEK
ATCO B,2018-Q3,,3.7321,SEK
ATCO B,2018-Q4,,3.9436,SEK
ATCO B,2019-Q1,,3.7981,SEK
ATCO B,2019-Q2,,3.4715,SEK
ATCO B,2019-Q3,,3.5805,SEK
ATCO B,2019-Q4,,3.397,SEK
ATCO B,2020-Q1,,3.4232,SEK
ATCO B,2020-Q2,,3.2272,SEK
ATCO B,2020-Q3,,3.0626,SEK
ATCO B,2020-Q4,,3.0364,SEK
ATCO B,2021-Q1,,3.0923,SEK
ATCO B,2021-Q2,,3.3852,SEK
ATCO B,2021-Q3,,3.5746,SEK
ATCO B,2021-Q4,,3.7142,SEK
ATCO B,2022-Q1,,3.9382,SEK
ATCO B,2022-Q2,,4.1667,SEK
ATCO B,2022-Q3,,4.5745,SEK
ATCO B,2022-Q4,,4.8152,SEK
ATCO B,2023-Q1,,5.085,SEK
ATCO B,2023-Q2,,5.3427,SEK
ATCO B,2023-Q3,,5.5999,SEK
ATCO B,2023-Q4,,5.7473,SEK
ATCO B,2024-Q1,2024-04-24,5.8797,SEK
ATCO B,2024-Q2,2024-07-18,6.0224,SEK
ATCO B,2024-Q3,2024-10-23,5.8929,SEK
ATCO B,2024-Q4,2025-01-28,6.1014,SEK
ATCO B,2025-Q1,2025-04-29,5.9843,SEK
ATCO B,2025-Q2,2025-07-18,5.7582,SEK
ATCO B,2025-Q3,2025-10-23,5.6602,SEK
ATCO B,2025-Q4,2026-01-27,5.4217,SEK
ATCO B,2026-Q1,2026-04-28,5.3516,SEK
ATCO B,2026-Q2,2026-07-16,5.459,SEK
ATRLJ B,2018-Q3,,3.846,SEK
ATRLJ B,2018-Q4,,3.846,SEK
ATRLJ B,2019-Q1,,3.846,SEK
ATRLJ B,2019-Q2,,3.846,SEK
ATRLJ B,2019-Q3,,3.846,SEK
ATRLJ B,2019-Q4,,3.846,SEK
ATRLJ B,2020-Q1,,3.846,SEK
ATRLJ B,2020-Q2,,3.846,SEK
ATRLJ B,2020-Q3,,3.846,SEK
ATRLJ B,2020-Q4,,1.3515,SEK
ATRLJ B,2021-Q1,,3.9656,SEK
ATRLJ B,2021-Q2,,4.8945,SEK
ATRLJ B,2021-Q3,,4.7374,SEK
ATRLJ B,2021-Q4,,5.9337,SEK
ATRLJ B,2022-Q1,,8.0277,SEK
ATRLJ B,2022-Q2,,10.9846,SEK
ATRLJ B,2022-Q3,,10.6774,SEK
ATRLJ B,2022-Q4,,6.7918,SEK
ATRLJ B,2023-Q1,,3.3675,SEK
ATRLJ B,2023-Q2,,-1.6225,SEK
ATRLJ B,2023-Q3,2023-10-12,-2.2497,SEK
ATRLJ B,2023-Q4,2024-01-31,-1.513,SEK
ATRLJ B,2024-Q1,2024-04-12,-0.406,SEK
ATRLJ B,2024-Q2,2024-07-09,0.2347,SEK
ATRLJ B,2024-Q3,2024-10-11,0.1015,SEK
ATRLJ B,2024-Q4,2025-01-31,1.3465,SEK
ATRLJ B,2025-Q1,2025-04-11,1.421,SEK
ATRLJ B,2025-Q2,2025-07-04,1.1149,SEK
ATRLJ B,2025-Q3,2025-10-10,1.7049,SEK
ATRLJ B,2025-Q4,2026-01-30,1.3053,SEK
ATRLJ B,2026-Q1,2026-04-10,0.9072,SEK
ATRLJ B,2026-Q2,2026-07-03,0.9072,SEK
ATT,2018-Q3,,3.3844,SEK
ATT,2018-Q4,,2.8169,SEK
ATT,2019-Q1,,2.4271,SEK
ATT,2019-Q2,,1.743,SEK
ATT,2019-Q3,,1.0257,SEK
ATT,2019-Q4,,0.5033,SEK
ATT,2020-Q1,,0.1118,SEK
ATT,2020-Q2,,-5.7116,SEK
ATT,2020-Q3,,-5.8981,SEK
ATT,2020-Q4,,-5.6308,SEK
ATT,2021-Q1,,-5.7116,SEK
ATT,2021-Q2,,0.2361,SEK
ATT,2021-Q3,,0.4225,SEK
ATT,2021-Q4,,0.348,SEK
ATT,2022-Q1,,0.205,SEK
ATT,2022-Q2,,-0.0684,SEK
ATT,2022-Q3,,-0.0622,SEK
ATT,2022-Q4,,-0.2797,SEK
ATT,2023-Q1,,0.0994,SEK
ATT,2023-Q2,,0.8637,SEK
ATT,2023-Q3,,1.7023,SEK
ATT,2023-Q4,2024-02-08,2.3358,SEK
ATT,2024-Q1,2024-04-24,2.5535,SEK
ATT,2024-Q2,2024-07-19,2.4578,SEK
ATT,2024-Q3,2024-10-24,2.5287,SEK
ATT,2024-Q4,2025-02-06,2.8677,SEK
ATT,2025-Q1,2025-05-07,3.3435,SEK
ATT,2025-Q2,2025-07-18,3.6518,SEK
ATT,2025-Q3,2025-10-24,4.3755,SEK
ATT,2025-Q4,2026-02-05,5.4263,SEK
ATT,2026-Q1,2026-05-06,5.8938,SEK
ATT,2026-Q2,2026-08-20,6.6217,SEK
AXFO,2018-Q3,,7.2681,SEK
AXFO,2018-Q4,,7.3465,SEK
AXFO,2019-Q1,,7.4159,SEK
AXFO,2019-Q2,,7.4016,SEK
AXFO,2019-Q3,,7.646,SEK
AXFO,2019-Q4,,7.7876,SEK
AXFO,2020-Q1,,8.0238,SEK
AXFO,2020-Q2,,8.232,SEK
AXFO,2020-Q3,,8.6782,SEK
AXFO,2020-Q4,,9.0037,SEK
AXFO,2021-Q1,,9.242,SEK
AXFO,2021-Q2,,9.3078,SEK
AXFO,2021-Q3,,9.2947,SEK
AXFO,2021-Q4,,10.1871,SEK
AXFO,2022-Q1,,11.3047,SEK
AXFO,2022-Q2,,11.7876,SEK
AXFO,2022-Q3,,12.2755,SEK
AXFO,2022-Q4,,11.0,SEK
AXFO,2023-Q1,,9.9305,SEK
AXFO,2023-Q2,,10.1005,SEK
AXFO,2023-Q3,2023-10-25,10.0705,SEK
AXFO,2023-Q4,,10.8705,SEK
AXFO,2024-Q1,2024-04-25,11.2671,SEK
AXFO,2024-Q2,2024-07-12,11.0271,SEK
AXFO,2024-Q3,2024-10-24,10.9171,SEK
AXFO,2024-Q4,2025-01-30,10.1171,SEK
AXFO,2025-Q1,2025-04-24,9.6098,SEK
AXFO,2025-Q2,2025-07-11,9.7722,SEK
AXFO,2025-Q3,2025-10-23,9.8103,SEK
AXFO,2025-Q4,2026-01-29,10.7875,SEK
AXFO,2026-Q1,2026-04-23,11.1195,SEK
AXFO,2026-Q2,2026-07-15,11.2117,SEK
AZA,2018-Q3,,2.573,SEK
AZA,2018-Q4,,2.5437,SEK
AZA,2019-Q1,,2.4274,SEK
AZA,2019-Q2,,2.5701,SEK
AZA,2019-Q3,,2.7746,SEK
AZA,2019-Q4,,2.9367,SEK
AZA,2020-Q1,,4.3431,SEK
AZA,2020-Q2,,5.4845,SEK
AZA,2020-Q3,,6.6995,SEK
AZA,2020-Q4,,8.5729,SEK
AZA,2021-Q1,,10.5839,SEK
AZA,2021-Q2,,11.6185,SEK
AZA,2021-Q3,,12.5496,SEK
AZA,2021-Q4,,12.9438,SEK
AZA,2022-Q1,,11.7623,SEK
AZA,2022-Q2,,10.8032,SEK
AZA,2022-Q3,,10.5264,SEK
AZA,2022-Q4,,10.6227,SEK
AZA,2023-Q1,,10.9978,SEK
AZA,2023-Q2,,12.1195,SEK
AZA,2023-Q3,2023-10-20,12.5891,SEK
AZA,2023-Q4,2024-01-19,12.6155,SEK
AZA,2024-Q1,2024-04-19,12.9588,SEK
AZA,2024-Q2,2024-07-12,13.1664,SEK
AZA,2024-Q3,2024-10-18,13.5278,SEK
AZA,2024-Q4,2025-01-21,14.3218,SEK
AZA,2025-Q1,2025-04-15,15.2703,SEK
AZA,2025-Q2,2025-07-11,15.855,SEK
AZA,2025-Q3,2025-10-17,16.5975,SEK
AZA,2025-Q4,2026-01-21,16.5121,SEK
AZA,2026-Q1,2026-04-21,16.7311,SEK
AZA,2026-Q2,2026-07-14,17.8906,SEK
AZN,2024-Q1,,4.0872,USD
AZN,2024-Q2,,4.1575,USD
AZN,2024-Q3,,4.1903,USD
AZN,2024-Q4,,4.5387,USD
AZN,2025-Q1,,5.01,USD
AZN,2025-Q2,,5.35,USD
AZN,2025-Q3,,6.06,USD
AZN,2025-Q4,,6.6,USD
AZN,2026-Q1,,6.7,USD
AZN,2026-Q2,,6.74,USD
BAHN B,2018-Q3,,0.8589,SEK
BAHN B,2018-Q4,,0.908,SEK
BAHN B,2019-Q1,,0.9924,SEK
BAHN B,2019-Q2,,1.0,SEK
BAHN B,2019-Q3,,0.995,SEK
BAHN B,2019-Q4,,1.016,SEK
BAHN B,2020-Q1,,1.0857,SEK
BAHN B,2020-Q2,,1.1722,SEK
BAHN B,2020-Q3,,1.1981,SEK
BAHN B,2020-Q4,,1.2653,SEK
BAHN B,2021-Q1,,1.2859,SEK
BAHN B,2021-Q2,,1.3139,SEK
BAHN B,2021-Q3,,1.3611,SEK
BAHN B,2021-Q4,,1.3607,SEK
BAHN B,2022-Q1,,1.4304,SEK
BAHN B,2022-Q2,,1.5147,SEK
BAHN B,2022-Q3,,1.5147,SEK
BAHN B,2022-Q4,,1.5147,SEK
BAHN B,2023-Q1,,1.5147,SEK
BAHN B,2023-Q2,,1.5147,SEK
BAHN B,2023-Q3,,1.8568,SEK
BAHN B,2023-Q4,2024-02-13,1.9874,SEK
BAHN B,2024-Q1,2024-05-07,2.042,SEK
BAHN B,2024-Q2,2024-08-20,2.1096,SEK
BAHN B,2024-Q3,2024-11-12,2.1228,SEK
BAHN B,2024-Q4,2025-02-18,2.0474,SEK
BAHN B,2025-Q1,2025-05-06,2.0621,SEK
BAHN B,2025-Q2,2025-08-19,2.0901,SEK
BAHN B,2025-Q3,2025-11-11,2.0608,SEK
BAHN B,2025-Q4,2026-02-17,1.6794,SEK
BAHN B,2026-Q1,2026-05-05,1.7302,SEK
BAHN B,2026-Q2,,1.7206,SEK
BALD B,2018-Q3,,8.7189,SEK
BALD B,2018-Q4,,8.6185,SEK
BALD B,2019-Q1,,7.8528,SEK
BALD B,2019-Q2,,7.463,SEK
BALD B,2019-Q3,,6.0296,SEK
BALD B,2019-Q4,,8.2945,SEK
BALD B,2020-Q1,,8.1787,SEK
BALD B,2020-Q2,,7.6028,SEK
BALD B,2020-Q3,,6.9889,SEK
BALD B,2020-Q4,,6.1114,SEK
BALD B,2021-Q1,,7.5087,SEK
BALD B,2021-Q2,,8.7355,SEK
BALD B,2021-Q3,,13.2136,SEK
BALD B,2021-Q4,,16.5407,SEK
BALD B,2022-Q1,,18.8606,SEK
BALD B,2022-Q2,,19.9714,SEK
BALD B,2022-Q3,,14.9401,SEK
BALD B,2022-Q4,,14.9401,SEK
BALD B,2023-Q1,,14.9401,SEK
BALD B,2023-Q2,,14.9401,SEK
BALD B,2023-Q3,,14.9401,SEK
BALD B,2023-Q4,2024-02-09,-5.0381,SEK
BALD B,2024-Q1,2024-05-03,-5.5063,SEK
BALD B,2024-Q2,2024-07-16,-4.1357,SEK
BALD B,2024-Q3,2024-10-25,-3.468,SEK
BALD B,2024-Q4,2025-02-07,2.1245,SEK
BALD B,2025-Q1,2025-05-08,4.4223,SEK
BALD B,2025-Q2,2025-07-15,4.4119,SEK
BALD B,2025-Q3,2025-10-28,6.4806,SEK
BALD B,2025-Q4,2026-02-06,5.6129,SEK
BALD B,2026-Q1,2026-05-08,5.8674,SEK
BALD B,2026-Q2,2026-07-14,5.8427,SEK
BEIA B,2018-Q3,,7.592,SEK
BEIA B,2018-Q4,,7.7794,SEK
BEIA B,2019-Q1,,7.8424,SEK
BEIA B,2019-Q2,,7.6018,SEK
BEIA B,2019-Q3,,7.3296,SEK
BEIA B,2019-Q4,,7.1488,SEK
BEIA B,2020-Q1,,6.9347,SEK
BEIA B,2020-Q2,,5.8826,SEK
BEIA B,2020-Q3,,5.9042,SEK
BEIA B,2020-Q4,,6.5812,SEK
BEIA B,2021-Q1,,7.5338,SEK
BEIA B,2021-Q2,,9.004,SEK
BEIA B,2021-Q3,,9.5416,SEK
BEIA B,2021-Q4,,9.4305,SEK
BEIA B,2022-Q1,,9.6727,SEK
BEIA B,2022-Q2,,10.1241,SEK
BEIA B,2022-Q3,,10.6916,SEK
BEIA B,2022-Q4,,10.0295,SEK
BEIA B,2023-Q1,,9.462,SEK
BEIA B,2023-Q2,,8.614,SEK
BEIA B,2023-Q3,2023-10-26,8.5144,SEK
BEIA B,2023-Q4,2024-02-15,8.9774,SEK
BEIA B,2024-Q1,2024-04-26,9.0106,SEK
BEIA B,2024-Q2,2024-07-19,9.3093,SEK
BEIA B,2024-Q3,2024-10-25,11.7321,SEK
BEIA B,2024-Q4,2025-02-06,11.8482,SEK
BEIA B,2025-Q1,2025-04-25,12.0142,SEK
BEIA B,2025-Q2,2025-07-18,11.0185,SEK
BEIA B,2025-Q3,2025-10-24,8.9111,SEK
BEIA B,2025-Q4,2026-02-06,9.4421,SEK
BEIA B,2026-Q1,2026-04-24,10.2386,SEK
BEIA B,2026-Q2,2026-07-17,12.4622,SEK
BEIJ B,2018-Q3,,1.807,SEK
BEIJ B,2018-Q4,,1.8487,SEK
BEIJ B,2019-Q1,,1.9708,SEK
BEIJ B,2019-Q2,,1.9952,SEK
BEIJ B,2019-Q3,,2.0267,SEK
BEIJ B,2019-Q4,,2.0694,SEK
BEIJ B,2020-Q1,,1.9873,SEK
BEIJ B,2020-Q2,,1.7554,SEK
BEIJ B,2020-Q3,,1.7309,SEK
BEIJ B,2020-Q4,,1.7309,SEK
BEIJ B,2021-Q1,,1.8405,SEK
BEIJ B,2021-Q2,,2.1705,SEK
BEIJ B,2021-Q3,,2.182,SEK
BEIJ B,2021-Q4,,2.3468,SEK
BEIJ B,2022-Q1,,2.5663,SEK
BEIJ B,2022-Q2,,2.8238,SEK
BEIJ B,2022-Q3,,3.2521,SEK
BEIJ B,2022-Q4,,3.006,SEK
BEIJ B,2023-Q1,,3.181,SEK
BEIJ B,2023-Q2,,3.5869,SEK
BEIJ B,2023-Q3,2023-10-24,3.669,SEK
BEIJ B,2023-Q4,2024-01-31,4.8175,SEK
BEIJ B,2024-Q1,2024-04-23,4.78,SEK
BEIJ B,2024-Q2,2024-07-19,4.8102,SEK
BEIJ B,2024-Q3,2024-10-24,5.0014,SEK
BEIJ B,2024-Q4,2025-01-31,4.3935,SEK
BEIJ B,2025-Q1,2025-04-24,4.5492,SEK
BEIJ B,2025-Q2,2025-07-18,4.6853,SEK
BEIJ B,2025-Q3,2025-10-24,4.8332,SEK
BEIJ B,2025-Q4,2026-01-30,4.5867,SEK
BEIJ B,2026-Q1,2026-04-23,4.5845,SEK
BEIJ B,2026-Q2,2026-07-17,4.6631,SEK
BERG B,2018-Q3,,6.139,SEK
BERG B,2018-Q4,,6.3251,SEK
BERG B,2019-Q1,,6.252,SEK
BERG B,2019-Q2,,6.1089,SEK
BERG B,2019-Q3,,5.5906,SEK
BERG B,2019-Q4,,4.5956,SEK
BERG B,2020-Q1,,4.312,SEK
BERG B,2020-Q2,,4.4029,SEK
BERG B,2020-Q3,,4.7525,SEK
BERG B,2020-Q4,,5.6626,SEK
BERG B,2021-Q1,,6.1604,SEK
BERG B,2021-Q2,,6.4651,SEK
BERG B,2021-Q3,,6.8905,SEK
BERG B,2021-Q4,,7.1811,SEK
BERG B,2022-Q1,,7.5483,SEK
BERG B,2022-Q2,,7.7743,SEK
BERG B,2022-Q3,,7.6953,SEK
BERG B,2022-Q4,,7.8936,SEK
BERG B,2023-Q1,,7.7813,SEK
BERG B,2023-Q2,,7.4317,SEK
BERG B,2023-Q3,2023-10-19,7.4166,SEK
BERG B,2023-Q4,2024-02-09,7.2875,SEK
BERG B,2024-Q1,2024-05-15,7.1281,SEK
BERG B,2024-Q2,2024-07-16,7.379,SEK
BERG B,2024-Q3,2024-10-23,7.5127,SEK
BERG B,2024-Q4,2025-02-05,7.5333,SEK
BERG B,2025-Q1,2025-05-09,-1.9973,SEK
BERG B,2025-Q2,2025-07-16,-1.8536,SEK
BERG B,2025-Q3,2025-10-22,-2.7797,SEK
BERG B,2025-Q4,2026-02-04,-2.5868,SEK
BERG B,2026-Q1,2026-05-13,8.5113,SEK
BERG B,2026-Q2,2026-07-16,8.5268,SEK
BERG B,2026-Q3,,7.5,SEK
BERG B,2026-Q4,,8.53,SEK
BERG B,2027-Q1,,8.57,SEK
BETS B,2024-Q1,,1.32,EUR
BETS B,2024-Q2,,1.28,EUR
BETS B,2024-Q3,,1.24,EUR
BETS B,2024-Q4,,1.31,EUR
BETS B,2025-Q1,,1.36,EUR
BETS B,2025-Q2,,1.39,EUR
BETS B,2025-Q3,,1.43,EUR
BETS B,2025-Q4,,1.29,EUR
BETS B,2026-Q1,,1.12,EUR
BETS B,2026-Q2,,0.98,EUR
BILI A,2018-Q3,,6.9724,SEK
BILI A,2018-Q4,,7.27,SEK
BILI A,2019-Q1,,7.3439,SEK
BILI A,2019-Q2,,7.2138,SEK
BILI A,2019-Q3,,7.5108,SEK
BILI A,2019-Q4,,7.9954,SEK
BILI A,2020-Q1,,8.1376,SEK
BILI A,2020-Q2,,8.2538,SEK
BILI A,2020-Q3,,9.1969,SEK
BILI A,2020-Q4,,9.8226,SEK
BILI A,2021-Q1,,11.9831,SEK
BILI A,2021-Q2,,13.9935,SEK
BILI A,2021-Q3,,14.5176,SEK
BILI A,2021-Q4,,14.8872,SEK
BILI A,2022-Q1,,17.2944,SEK
BILI A,2022-Q2,,17.295,SEK
BILI A,2022-Q3,,17.0621,SEK
BILI A,2022-Q4,,17.3521,SEK
BILI A,2023-Q1,,13.8441,SEK
BILI A,2023-Q2,,12.5503,SEK
BILI A,2023-Q3,2023-10-24,11.2873,SEK
BILI A,2023-Q4,2024-02-07,10.1106,SEK
BILI A,2024-Q1,2024-04-24,9.0768,SEK
BILI A,2024-Q2,2024-07-18,8.4672,SEK
BILI A,2024-Q3,2024-10-23,7.7718,SEK
BILI A,2024-Q4,2025-02-05,7.16,SEK
BILI A,2025-Q1,2025-04-25,7.0716,SEK
BILI A,2025-Q2,2025-07-18,6.9022,SEK
BILI A,2025-Q3,2025-10-23,7.8163,SEK
BILI A,2025-Q4,2026-02-05,8.1571,SEK
BILI A,2026-Q1,2026-04-29,8.6504,SEK
BILI A,2026-Q2,2026-07-17,9.0762,SEK
BIOG B,2018-Q3,,2.3735,SEK
BIOG B,2018-Q4,,2.4736,SEK
BIOG B,2019-Q1,,2.3875,SEK
BIOG B,2019-Q2,,2.3679,SEK
BIOG B,2019-Q3,,2.2132,SEK
BIOG B,2019-Q4,,2.1425,SEK
BIOG B,2020-Q1,,2.2123,SEK
BIOG B,2020-Q2,,2.4196,SEK
BIOG B,2020-Q3,,2.2171,SEK
BIOG B,2020-Q4,,2.0346,SEK
BIOG B,2021-Q1,,2.0525,SEK
BIOG B,2021-Q2,,1.6826,SEK
BIOG B,2021-Q3,,1.9696,SEK
BIOG B,2021-Q4,,1.9436,SEK
BIOG B,2022-Q1,,2.1997,SEK
BIOG B,2022-Q2,,2.4357,SEK
BIOG B,2022-Q3,,2.6997,SEK
BIOG B,2022-Q4,,3.6995,SEK
BIOG B,2023-Q1,,4.0921,SEK
BIOG B,2023-Q2,,4.1119,SEK
BIOG B,2023-Q3,,4.3298,SEK
BIOG B,2023-Q4,,3.618,SEK
BIOG B,2024-Q1,2024-05-07,3.6764,SEK
BIOG B,2024-Q2,2024-07-23,3.9779,SEK
BIOG B,2024-Q3,2024-10-22,3.3345,SEK
BIOG B,2024-Q4,2025-02-12,3.4774,SEK
BIOG B,2025-Q1,2025-05-07,3.0635,SEK
BIOG B,2025-Q2,2025-07-18,2.8334,SEK
BIOG B,2025-Q3,2025-10-22,3.1229,SEK
BIOG B,2025-Q4,2026-02-12,3.2894,SEK
BIOG B,2026-Q1,2026-05-07,3.2816,SEK
BIOG B,2026-Q2,2026-07-17,3.4324,SEK
BOL,2018-Q3,,27.7137,SEK
BOL,2018-Q4,,26.317,SEK
BOL,2019-Q1,,25.8783,SEK
BOL,2019-Q2,,22.5658,SEK
BOL,2019-Q3,,23.0082,SEK
BOL,2019-Q4,,21.1582,SEK
BOL,2020-Q1,,18.1455,SEK
BOL,2020-Q2,,18.9316,SEK
BOL,2020-Q3,,21.2313,SEK
BOL,2020-Q4,,24.8582,SEK
BOL,2021-Q1,,28.9166,SEK
BOL,2021-Q2,,31.9987,SEK
BOL,2021-Q3,,31.1358,SEK
BOL,2021-Q4,,31.8086,SEK
BOL,2022-Q1,,38.3604,SEK
BOL,2022-Q2,,41.8959,SEK
BOL,2022-Q3,,45.2194,SEK
BOL,2022-Q4,,45.3729,SEK
BOL,2023-Q1,,40.1519,SEK
BOL,2023-Q2,,30.5143,SEK
BOL,2023-Q3,2023-10-20,25.5748,SEK
BOL,2023-Q4,2024-02-08,22.2045,SEK
BOL,2024-Q1,2024-04-23,17.0792,SEK
BOL,2024-Q2,2024-07-19,28.375,SEK
BOL,2024-Q3,2024-10-22,31.7582,SEK
BOL,2024-Q4,2025-02-06,36.6474,SEK
BOL,2025-Q1,2025-04-23,40.4716,SEK
BOL,2025-Q2,2025-07-18,29.2916,SEK
BOL,2025-Q3,2025-10-22,29.0222,SEK
BOL,2025-Q4,2026-02-03,33.3848,SEK
BOL,2026-Q1,2026-04-28,38.8449,SEK
BOL,2026-Q2,2026-07-21,44.6319,SEK
BORG,2018-Q3,,2.2418,SEK
BORG,2018-Q4,,2.3928,SEK
BORG,2019-Q1,,2.464,SEK
BORG,2019-Q2,,2.3141,SEK
BORG,2019-Q3,,2.2362,SEK
BORG,2019-Q4,,1.5487,SEK
BORG,2020-Q1,,1.3003,SEK
BORG,2020-Q2,,0.6419,SEK
BORG,2020-Q3,,0.5924,SEK
BORG,2020-Q4,,0.7488,SEK
BORG,2021-Q1,,1.1735,SEK
BORG,2021-Q2,,2.4604,SEK
BORG,2021-Q3,,3.0306,SEK
BORG,2021-Q4,,3.421,SEK
BORG,2022-Q1,,3.4933,SEK
BORG,2022-Q2,,2.9652,SEK
BORG,2022-Q3,,2.2529,SEK
BORG,2022-Q4,,2.0229,SEK
BORG,2023-Q1,,2.0887,SEK
BORG,2023-Q2,,2.2448,SEK
BORG,2023-Q3,,2.6367,SEK
BORG,2023-Q4,,3.0209,SEK
BORG,2024-Q1,2024-05-16,2.8788,SEK
BORG,2024-Q2,2024-08-16,2.9715,SEK
BORG,2024-Q3,2024-11-15,3.0871,SEK
BORG,2024-Q4,2025-02-20,2.8895,SEK
BORG,2025-Q1,2025-05-15,3.4746,SEK
BORG,2025-Q2,2025-08-15,3.3725,SEK
BORG,2025-Q3,2025-11-14,3.4488,SEK
BORG,2025-Q4,2026-02-13,3.6606,SEK
BORG,2026-Q1,2026-04-29,3.6987,SEK
BORG,2026-Q2,,3.884,SEK
BRAV,2018-Q3,,4.438,SEK
BRAV,2018-Q4,,4.6984,SEK
BRAV,2019-Q1,,4.7491,SEK
BRAV,2019-Q2,,4.6976,SEK
BRAV,2019-Q3,,4.7004,SEK
BRAV,2019-Q4,,4.3606,SEK
BRAV,2020-Q1,,4.44,SEK
BRAV,2020-Q2,,4.6255,SEK
BRAV,2020-Q3,,4.7026,SEK
BRAV,2020-Q4,,4.9316,SEK
BRAV,2021-Q1,,4.9916,SEK
BRAV,2021-Q2,,5.0436,SEK
BRAV,2021-Q3,,5.0614,SEK
BRAV,2021-Q4,,5.6419,SEK
BRAV,2022-Q1,,5.7319,SEK
BRAV,2022-Q2,,5.8871,SEK
BRAV,2022-Q3,,6.0912,SEK
BRAV,2022-Q4,,6.2117,SEK
BRAV,2023-Q1,,6.4225,SEK
BRAV,2023-Q2,,6.4931,SEK
BRAV,2023-Q3,2023-10-25,6.4172,SEK
BRAV,2023-Q4,2024-02-15,6.0202,SEK
BRAV,2024-Q1,2024-05-07,5.6793,SEK
BRAV,2024-Q2,2024-07-12,5.3832,SEK
BRAV,2024-Q3,2024-10-22,5.1315,SEK
BRAV,2024-Q4,2025-02-11,5.158,SEK
BRAV,2025-Q1,2025-05-06,5.2883,SEK
BRAV,2025-Q2,2025-07-11,5.444,SEK
BRAV,2025-Q3,2025-10-24,5.6732,SEK
BRAV,2025-Q4,2026-02-18,6.0232,SEK
BRAV,2026-Q1,2026-05-05,6.0813,SEK
BRAV,2026-Q2,2026-07-13,6.8665,SEK
BTS B,2018-Q3,,6.1001,SEK
BTS B,2018-Q4,,6.5327,SEK
BTS B,2019-Q1,,6.8313,SEK
BTS B,2019-Q2,,7.1471,SEK
BTS B,2019-Q3,,7.4972,SEK
BTS B,2019-Q4,,7.8214,SEK
BTS B,2020-Q1,,7.1359,SEK
BTS B,2020-Q2,,4.7322,SEK
BTS B,2020-Q3,,3.4613,SEK
BTS B,2020-Q4,,1.8235,SEK
BTS B,2021-Q1,,2.7509,SEK
BTS B,2021-Q2,,5.278,SEK
BTS B,2021-Q3,,9.3007,SEK
BTS B,2021-Q4,,11.1074,SEK
BTS B,2022-Q1,,11.5189,SEK
BTS B,2022-Q2,,12.425,SEK
BTS B,2022-Q3,,9.7825,SEK
BTS B,2022-Q4,,10.2442,SEK
BTS B,2023-Q1,,9.921,SEK
BTS B,2023-Q2,,9.5712,SEK
BTS B,2023-Q3,2023-11-10,8.9104,SEK
BTS B,2023-Q4,2024-02-22,11.0807,SEK
BTS B,2024-Q1,2024-05-03,12.6598,SEK
BTS B,2024-Q2,2024-08-15,12.6389,SEK
BTS B,2024-Q3,2024-11-08,21.2548,SEK
BTS B,2024-Q4,2025-02-26,19.8966,SEK
BTS B,2025-Q1,2025-05-16,18.4753,SEK
BTS B,2025-Q2,2025-08-22,17.3872,SEK
BTS B,2025-Q3,2025-11-12,8.3449,SEK
BTS B,2025-Q4,2026-02-20,6.8902,SEK
BTS B,2026-Q1,2026-05-21,6.987,SEK
BTS B,2026-Q2,,4.9017,SEK
CAST,2018-Q3,,23.076,SEK
CAST,2018-Q4,,22.9182,SEK
CAST,2019-Q1,,24.6894,SEK
CAST,2019-Q2,,23.41,SEK
CAST,2019-Q3,,18.5689,SEK
CAST,2019-Q4,,17.3728,SEK
CAST,2020-Q1,,14.7315,SEK
CAST,2020-Q2,,14.1391,SEK
CAST,2020-Q3,,14.0303,SEK
CAST,2020-Q4,,17.1998,SEK
CAST,2021-Q1,,27.398,SEK
CAST,2021-Q2,,29.4162,SEK
CAST,2021-Q3,,30.9679,SEK
CAST,2021-Q4,,34.5148,SEK
CAST,2022-Q1,,31.8025,SEK
CAST,2022-Q2,,35.041,SEK
CAST,2022-Q3,,29.3458,SEK
CAST,2022-Q4,,4.2025,SEK
CAST,2023-Q1,,-15.7751,SEK
CAST,2023-Q2,,-23.1952,SEK
CAST,2023-Q3,2023-10-27,-24.8064,SEK
CAST,2023-Q4,2024-02-14,-25.3623,SEK
CAST,2024-Q1,2024-05-03,-14.7181,SEK
CAST,2024-Q2,2024-07-16,-15.6342,SEK
CAST,2024-Q3,2024-10-25,-12.046,SEK
CAST,2024-Q4,2025-02-19,4.7864,SEK
CAST,2025-Q1,2025-05-05,5.1558,SEK
CAST,2025-Q2,2025-07-14,5.3835,SEK
CAST,2025-Q3,2025-10-23,6.1706,SEK
CAST,2025-Q4,2026-02-18,1.8999,SEK
CAST,2026-Q1,2026-04-24,4.5551,SEK
CAST,2026-Q2,2026-07-15,5.5414,SEK
CATE,2018-Q3,,20.62,SEK
CATE,2018-Q4,,21.9238,SEK
CATE,2019-Q1,,23.7238,SEK
CATE,2019-Q2,,25.4657,SEK
CATE,2019-Q3,,26.7886,SEK
CATE,2019-Q4,,32.4622,SEK
CATE,2020-Q1,,29.7564,SEK
CATE,2020-Q2,,27.5812,SEK
CATE,2020-Q3,,31.2228,SEK
CATE,2020-Q4,,40.5066,SEK
CATE,2021-Q1,,55.0515,SEK
CATE,2021-Q2,,58.6879,SEK
CATE,2021-Q3,,58.3429,SEK
CATE,2021-Q4,,65.3349,SEK
CATE,2022-Q1,,69.0388,SEK
CATE,2022-Q2,,81.6293,SEK
CATE,2022-Q3,,75.2262,SEK
CATE,2022-Q4,,46.2974,SEK
CATE,2023-Q1,,15.3365,SEK
CATE,2023-Q2,,2.5395,SEK
CATE,2023-Q3,2023-10-27,0.6212,SEK
CATE,2023-Q4,,19.6419,SEK
CATE,2024-Q1,2024-04-25,30.7255,SEK
CATE,2024-Q2,2024-07-05,26.9917,SEK
CATE,2024-Q3,2024-10-25,26.7246,SEK
CATE,2024-Q4,2025-02-20,18.4862,SEK
CATE,2025-Q1,2025-04-28,23.3534,SEK
CATE,2025-Q2,2025-07-04,22.947,SEK
CATE,2025-Q3,2025-10-24,26.6722,SEK
CATE,2025-Q4,2026-02-20,27.2186,SEK
CATE,2026-Q1,2026-04-23,27.315,SEK
CATE,2026-Q2,2026-07-06,33.9816,SEK
CIBUS,2024-Q1,,0.7264,EUR
CIBUS,2024-Q2,,0.7095,EUR
CIBUS,2024-Q3,,0.5993,EUR
CIBUS,2024-Q4,,0.5908,EUR
CIBUS,2025-Q1,,0.7559,EUR
CIBUS,2025-Q2,,0.8515,EUR
CIBUS,2025-Q3,,0.8746,EUR
CIBUS,2025-Q4,,0.9537,EUR
CIBUS,2026-Q1,,0.7874,EUR
CIBUS,2026-Q2,,0.8193,EUR
CLA B,2018-Q3,,1.2,SEK
CLA B,2018-Q4,,1.6844,SEK
CLA B,2019-Q1,,1.6996,SEK
CLA B,2019-Q2,,1.6977,SEK
CLA B,2019-Q3,,1.6912,SEK
CLA B,2019-Q4,,1.7366,SEK
CLA B,2020-Q1,,1.5449,SEK
CLA B,2020-Q2,,1.5833,SEK
CLA B,2020-Q3,,1.2902,SEK
CLA B,2020-Q4,,0.978,SEK
CLA B,2021-Q1,,1.194,SEK
CLA B,2021-Q2,,1.1518,SEK
CLA B,2021-Q3,,1.4903,SEK
CLA B,2021-Q4,,1.7136,SEK
CLA B,2022-Q1,,1.8004,SEK
CLA B,2022-Q2,,1.1386,SEK
CLA B,2022-Q3,,1.0925,SEK
CLA B,2022-Q4,,0.9589,SEK
CLA B,2023-Q1,,0.7302,SEK
CLA B,2023-Q2,,1.3132,SEK
CLA B,2023-Q3,2023-10-27,1.424,SEK
CLA B,2023-Q4,2024-01-26,1.5299,SEK
CLA B,2024-Q1,2024-04-26,1.6772,SEK
CLA B,2024-Q2,2024-07-12,1.7084,SEK
CLA B,2024-Q3,2024-10-25,1.5989,SEK
CLA B,2024-Q4,2025-01-29,1.6687,SEK
CLA B,2025-Q1,2025-05-07,2.1824,SEK
CLA B,2025-Q2,2025-07-17,2.3027,SEK
CLA B,2025-Q3,2025-11-05,2.511,SEK
CLA B,2025-Q4,2026-02-04,2.7772,SEK
CLA B,2026-Q1,2026-05-06,2.6236,SEK
CLA B,2026-Q2,2026-07-15,2.9822,SEK
CLAS B,2018-Q3,,4.89,SEK
CLAS B,2018-Q4,,3.7754,SEK
CLAS B,2019-Q1,,0.7438,SEK
CLAS B,2019-Q2,,1.1452,SEK
CLAS B,2019-Q3,,1.45,SEK
CLAS B,2019-Q4,,2.4856,SEK
CLAS B,2020-Q1,,5.7155,SEK
CLAS B,2020-Q2,,5.9447,SEK
CLAS B,2020-Q3,,7.0112,SEK
CLAS B,2020-Q4,,7.2266,SEK
CLAS B,2021-Q1,,6.9386,SEK
CLAS B,2021-Q2,,6.6514,SEK
CLAS B,2021-Q3,,6.4405,SEK
CLAS B,2021-Q4,,7.1296,SEK
CLAS B,2022-Q1,,7.4743,SEK
CLAS B,2022-Q2,,8.2448,SEK
CLAS B,2022-Q3,,6.2339,SEK
CLAS B,2022-Q4,,4.9954,SEK
CLAS B,2023-Q1,,2.9689,SEK
CLAS B,2023-Q2,,2.8505,SEK
CLAS B,2023-Q3,,2.8142,SEK
CLAS B,2023-Q4,,4.4494,SEK
CLAS B,2024-Q1,2024-03-06,7.0082,SEK
CLAS B,2024-Q2,2024-06-05,8.014,SEK
CLAS B,2024-Q3,2024-09-04,10.7275,SEK
CLAS B,2024-Q4,2024-12-04,11.6189,SEK
CLAS B,2025-Q1,2025-03-12,13.2385,SEK
CLAS B,2025-Q2,2025-06-12,13.8464,SEK
CLAS B,2025-Q3,2025-09-10,14.7994,SEK
CLAS B,2025-Q4,2025-12-10,16.0026,SEK
CLAS B,2026-Q1,2026-03-11,17.3646,SEK
CLAS B,2026-Q2,2026-06-03,18.2838,SEK
CLAS B,2026-Q3,,17.47,SEK
CLAS B,2026-Q4,,18.4,SEK
COOR,2018-Q3,,1.1,SEK
COOR,2018-Q4,,1.0384,SEK
COOR,2019-Q1,,1.2872,SEK
COOR,2019-Q2,,1.5465,SEK
COOR,2019-Q3,,1.765,SEK
COOR,2019-Q4,,1.7666,SEK
COOR,2020-Q1,,1.6425,SEK
COOR,2020-Q2,,1.7278,SEK
COOR,2020-Q3,,1.9168,SEK
COOR,2020-Q4,,1.9901,SEK
COOR,2021-Q1,,2.2205,SEK
COOR,2021-Q2,,2.5259,SEK
COOR,2021-Q3,,2.6442,SEK
COOR,2021-Q4,,2.7831,SEK
COOR,2022-Q1,,3.1115,SEK
COOR,2022-Q2,,3.0914,SEK
COOR,2022-Q3,,2.7749,SEK
COOR,2022-Q4,,2.6906,SEK
COOR,2023-Q1,,2.3861,SEK
COOR,2023-Q2,,1.9984,SEK
COOR,2023-Q3,2023-10-25,1.8839,SEK
COOR,2023-Q4,2024-02-08,1.6318,SEK
COOR,2024-Q1,2024-04-24,1.7055,SEK
COOR,2024-Q2,2024-07-12,1.8939,SEK
COOR,2024-Q3,2024-10-24,1.7776,SEK
COOR,2024-Q4,2025-02-06,1.3249,SEK
COOR,2025-Q1,2025-04-23,1.1992,SEK
COOR,2025-Q2,2025-07-14,1.2535,SEK
COOR,2025-Q3,2025-10-23,1.5281,SEK
COOR,2025-Q4,2026-02-11,2.297,SEK
COOR,2026-Q1,2026-04-22,2.4968,SEK
COOR,2026-Q2,2026-07-15,2.7278,SEK
CTT,2018-Q3,,4.8401,SEK
CTT,2018-Q4,,5.5666,SEK
CTT,2019-Q1,,6.1972,SEK
CTT,2019-Q2,,6.7683,SEK
CTT,2019-Q3,,7.3589,SEK
CTT,2019-Q4,,7.3909,SEK
CTT,2020-Q1,,7.4068,SEK
CTT,2020-Q2,,5.7946,SEK
CTT,2020-Q3,,3.879,SEK
CTT,2020-Q4,,2.4822,SEK
CTT,2021-Q1,,0.7742,SEK
CTT,2021-Q2,,0.7822,SEK
CTT,2021-Q3,,0.9418,SEK
CTT,2021-Q4,,1.1334,SEK
CTT,2022-Q1,,2.155,SEK
CTT,2022-Q2,,2.8733,SEK
CTT,2022-Q3,,4.2222,SEK
CTT,2022-Q4,,5.2997,SEK
CTT,2023-Q1,,5.9701,SEK
CTT,2023-Q2,,6.7444,SEK
CTT,2023-Q3,,6.8561,SEK
CTT,2023-Q4,,7.6303,SEK
CTT,2024-Q1,2024-04-26,8.1491,SEK
CTT,2024-Q2,2024-07-19,8.1331,SEK
CTT,2024-Q3,2024-10-25,7.0876,SEK
CTT,2024-Q4,2025-02-07,6.8162,SEK
CTT,2025-Q1,2025-04-25,5.156,SEK
CTT,2025-Q2,2025-07-18,4.3818,SEK
CTT,2025-Q3,2025-10-24,4.5574,SEK
CTT,2025-Q4,2026-02-06,4.5574,SEK
CTT,2026-Q1,2026-04-28,4.5574,SEK
CTT,2026-Q2,2026-07-21,4.5574,SEK
DIOS,2018-Q3,,8.5,SEK
DIOS,2018-Q4,,9.9429,SEK
DIOS,2019-Q1,,9.9453,SEK
DIOS,2019-Q2,,9.2382,SEK
DIOS,2019-Q3,,9.1813,SEK
DIOS,2019-Q4,,7.7391,SEK
DIOS,2020-Q1,,7.4498,SEK
DIOS,2020-Q2,,5.9346,SEK
DIOS,2020-Q3,,5.457,SEK
DIOS,2020-Q4,,6.8133,SEK
DIOS,2021-Q1,,9.2563,SEK
DIOS,2021-Q2,,12.0533,SEK
DIOS,2021-Q3,,13.3213,SEK
DIOS,2021-Q4,,17.083,SEK
DIOS,2022-Q1,,18.2333,SEK
DIOS,2022-Q2,,17.5357,SEK
DIOS,2022-Q3,,13.7037,SEK
DIOS,2022-Q4,,5.8761,SEK
DIOS,2023-Q1,,-1.4848,SEK
DIOS,2023-Q2,,-3.4151,SEK
DIOS,2023-Q3,,-1.9444,SEK
DIOS,2023-Q4,,-6.0029,SEK
DIOS,2024-Q1,2024-04-26,-1.8171,SEK
DIOS,2024-Q2,2024-07-05,-1.5697,SEK
DIOS,2024-Q3,2024-10-25,-2.2697,SEK
DIOS,2024-Q4,,4.8928,SEK
DIOS,2025-Q1,2025-04-29,4.2065,SEK
DIOS,2025-Q2,2025-07-04,3.4286,SEK
DIOS,2025-Q3,2025-10-24,5.6434,SEK
DIOS,2025-Q4,2026-02-13,5.7082,SEK
DIOS,2026-Q1,2026-04-29,6.3294,SEK
DIOS,2026-Q2,2026-07-06,7.9718,SEK
DOM,2018-Q3,,5.81,SEK
DOM,2018-Q4,,5.3298,SEK
DOM,2019-Q1,,5.2227,SEK
DOM,2019-Q2,,4.9926,SEK
DOM,2019-Q3,,4.7803,SEK
DOM,2019-Q4,,4.4794,SEK
DOM,2020-Q1,,4.0061,SEK
DOM,2020-Q2,,2.5287,SEK
DOM,2020-Q3,,2.2211,SEK
DOM,2020-Q4,,1.5213,SEK
DOM,2021-Q1,,2.4882,SEK
DOM,2021-Q2,,3.9113,SEK
DOM,2021-Q3,,4.4637,SEK
DOM,2021-Q4,,5.6212,SEK
DOM,2022-Q1,,5.5109,SEK
DOM,2022-Q2,,6.2535,SEK
DOM,2022-Q3,,6.1158,SEK
DOM,2022-Q4,,5.5837,SEK
DOM,2023-Q1,,5.0829,SEK
DOM,2023-Q2,,4.1659,SEK
DOM,2023-Q3,2023-10-26,4.0908,SEK
DOM,2023-Q4,2024-01-31,4.1659,SEK
DOM,2024-Q1,2024-04-19,3.975,SEK
DOM,2024-Q2,2024-07-18,3.6901,SEK
DOM,2024-Q3,2024-10-23,-3.6119,SEK
DOM,2024-Q4,2025-01-29,-7.2081,SEK
DOM,2025-Q1,2025-04-24,-7.4961,SEK
DOM,2025-Q2,2025-07-15,-7.7934,SEK
DOM,2025-Q3,2025-10-23,-1.4272,SEK
DOM,2025-Q4,2026-01-28,1.3396,SEK
DOM,2026-Q1,2026-04-23,1.3052,SEK
DOM,2026-Q2,2026-07-14,0.9671,SEK
DUNI,2018-Q3,,6.5288,SEK
DUNI,2018-Q4,,5.1916,SEK
DUNI,2019-Q1,,5.0639,SEK
DUNI,2019-Q2,,5.0852,SEK
DUNI,2019-Q3,,5.4044,SEK
DUNI,2019-Q4,,5.7235,SEK
DUNI,2020-Q1,,5.0639,SEK
DUNI,2020-Q2,,1.8086,SEK
DUNI,2020-Q3,,1.1277,SEK
DUNI,2020-Q4,,0.3404,SEK
DUNI,2021-Q1,,-1.1915,SEK
DUNI,2021-Q2,,1.0426,SEK
DUNI,2021-Q3,,2.1915,SEK
DUNI,2021-Q4,,1.6383,SEK
DUNI,2022-Q1,,2.8511,SEK
DUNI,2022-Q2,,3.4894,SEK
DUNI,2022-Q3,,3.149,SEK
DUNI,2022-Q4,,4.2341,SEK
DUNI,2023-Q1,,5.7874,SEK
DUNI,2023-Q2,,6.9789,SEK
DUNI,2023-Q3,,7.9363,SEK
DUNI,2023-Q4,,8.3193,SEK
DUNI,2024-Q1,2024-04-24,8.3193,SEK
DUNI,2024-Q2,2024-07-12,7.83,SEK
DUNI,2024-Q3,2024-10-24,5.0001,SEK
DUNI,2024-Q4,2025-02-11,5.4682,SEK
DUNI,2025-Q1,2025-04-25,5.149,SEK
DUNI,2025-Q2,2025-07-11,4.6809,SEK
DUNI,2025-Q3,2025-10-24,6.9576,SEK
DUNI,2025-Q4,2026-02-06,6.6384,SEK
DUNI,2026-Q1,2026-04-24,6.0214,SEK
DUNI,2026-Q2,2026-07-14,4.3192,SEK
DYVOX,2021-Q4,2022-02-08,0.2946,SEK
DYVOX,2022-Q1,2022-04-27,0.2304,SEK
DYVOX,2022-Q2,2022-07-21,0.4181,SEK
DYVOX,2022-Q3,2022-10-28,0.3549,SEK
DYVOX,2022-Q4,2023-02-08,0.4635,SEK
DYVOX,2023-Q1,2023-04-26,0.4357,SEK
DYVOX,2023-Q2,2023-07-20,0.5396,SEK
DYVOX,2023-Q3,2023-10-27,0.7164,SEK
DYVOX,2023-Q4,2024-02-08,0.9772,SEK
DYVOX,2024-Q1,2024-04-23,1.0143,SEK
DYVOX,2024-Q2,2024-07-18,1.1934,SEK
DYVOX,2024-Q3,2024-10-23,1.2923,SEK
DYVOX,2024-Q4,2025-02-05,1.3786,SEK
DYVOX,2025-Q1,2025-04-25,1.5013,SEK
DYVOX,2025-Q2,2025-07-18,1.4342,SEK
DYVOX,2025-Q3,2025-10-23,1.3631,SEK
DYVOX,2025-Q4,2026-02-05,1.5662,SEK
DYVOX,2026-Q1,2026-04-24,1.6964,SEK
DYVOX,2026-Q2,2026-07-22,2.1177,SEK
EAST,2024-Q1,,0.1651,EUR
EAST,2024-Q2,,0.1747,EUR
EAST,2024-Q3,,0.1821,EUR
EAST,2024-Q4,,0.1969,EUR
EAST,2025-Q1,,0.2188,EUR
EAST,2025-Q2,,0.2217,EUR
EAST,2025-Q3,,0.2433,EUR
EAST,2025-Q4,,0.2506,EUR
EAST,2026-Q1,,0.2495,EUR
EAST,2026-Q2,,0.2451,EUR
EKTA B,2018-Q4,,3.4081,SEK
EKTA B,2019-Q1,,3.1542,SEK
EKTA B,2019-Q2,,3.1333,SEK
EKTA B,2019-Q3,,3.0835,SEK
EKTA B,2019-Q4,,2.9186,SEK
EKTA B,2020-Q1,,3.1723,SEK
EKTA B,2020-Q2,,2.8371,SEK
EKTA B,2020-Q3,,3.0177,SEK
EKTA B,2020-Q4,,3.4207,SEK
EKTA B,2021-Q1,,3.4574,SEK
EKTA B,2021-Q2,,3.282,SEK
EKTA B,2021-Q3,,3.0491,SEK
EKTA B,2021-Q4,,3.07,SEK
EKTA B,2022-Q1,,2.8266,SEK
EKTA B,2022-Q2,,3.0203,SEK
EKTA B,2022-Q3,,2.8449,SEK
EKTA B,2022-Q4,,2.1618,SEK
EKTA B,2023-Q1,,2.1278,SEK
EKTA B,2023-Q2,,2.4672,SEK
EKTA B,2023-Q3,,2.9323,SEK
EKTA B,2023-Q4,2023-11-30,3.5112,SEK
EKTA B,2024-Q1,2024-02-29,3.7441,SEK
EKTA B,2024-Q2,2024-06-05,3.4046,SEK
EKTA B,2024-Q3,2024-08-28,2.9658,SEK
EKTA B,2024-Q4,2024-11-27,2.6225,SEK
EKTA B,2025-Q1,2025-02-20,2.7167,SEK
EKTA B,2025-Q2,,0.6203,SEK
EKTA B,2025-Q3,2025-08-27,0.7171,SEK
EKTA B,2025-Q4,2025-11-26,0.7619,SEK
EKTA B,2026-Q1,2026-03-05,-0.1044,SEK
EKTA B,2026-Q2,2026-05-28,-1.3607,SEK
EKTA B,2026-Q3,2026-08-26,-0.9498,SEK
EKTA B,2026-Q4,,-1.36,SEK
EMBRAC B,2018-Q3,,2.3439,SEK
EMBRAC B,2018-Q4,,3.4101,SEK
EMBRAC B,2019-Q1,,3.5771,SEK
EMBRAC B,2019-Q2,,3.6794,SEK
EMBRAC B,2019-Q3,,3.5714,SEK
EMBRAC B,2019-Q4,,2.5732,SEK
EMBRAC B,2020-Q1,,2.7509,SEK
EMBRAC B,2020-Q2,,2.9741,SEK
EMBRAC B,2020-Q3,,4.1557,SEK
EMBRAC B,2020-Q4,,2.4628,SEK
EMBRAC B,2021-Q1,,2.3019,SEK
EMBRAC B,2021-Q2,,-2.1124,SEK
EMBRAC B,2021-Q3,,-8.2205,SEK
EMBRAC B,2021-Q4,,-14.3896,SEK
EMBRAC B,2022-Q1,,-24.546,SEK
EMBRAC B,2022-Q2,,-21.7397,SEK
EMBRAC B,2022-Q3,,-6.8194,SEK
EMBRAC B,2022-Q4,,7.3789,SEK
EMBRAC B,2023-Q1,,20.4305,SEK
EMBRAC B,2023-Q2,,33.2435,SEK
EMBRAC B,2023-Q3,2023-11-16,19.9919,SEK
EMBRAC B,2023-Q4,2024-02-15,5.5335,SEK
EMBRAC B,2024-Q1,2024-05-23,-79.6323,SEK
EMBRAC B,2024-Q2,2024-08-15,-101.3393,SEK
EMBRAC B,2024-Q3,2024-11-14,-100.4489,SEK
EMBRAC B,2024-Q4,2025-02-13,-88.2357,SEK
EMBRAC B,2025-Q1,,25.708,SEK
EMBRAC B,2025-Q2,2025-08-14,33.6103,SEK
EMBRAC B,2025-Q3,2025-11-13,35.2592,SEK
EMBRAC B,2025-Q4,2026-02-12,37.6422,SEK
EMBRAC B,2026-Q1,2026-05-20,-25.732,SEK
EMBRAC B,2026-Q2,,-23.6958,SEK
EMBRAC B,2026-Q3,,18.91,SEK
EMBRAC B,2026-Q4,,-32.76,SEK
EMBRAC B,2027-Q1,,-27.84,SEK
EPI A,2018-Q3,,4.0614,SEK
EPI A,2018-Q4,,4.489,SEK
EPI A,2019-Q1,,4.7429,SEK
EPI A,2019-Q2,,5.0543,SEK
EPI A,2019-Q3,,5.0066,SEK
EPI A,2019-Q4,,4.8895,SEK
EPI A,2020-Q1,,4.9249,SEK
EPI A,2020-Q2,,4.3782,SEK
EPI A,2020-Q3,,4.3588,SEK
EPI A,2020-Q4,,4.4783,SEK
EPI A,2021-Q1,,4.4471,SEK
EPI A,2021-Q2,,4.9955,SEK
EPI A,2021-Q3,,5.4953,SEK
EPI A,2021-Q4,,5.8427,SEK
EPI A,2022-Q1,,6.3477,SEK
EPI A,2022-Q2,,6.4131,SEK
EPI A,2022-Q3,,6.6722,SEK
EPI A,2022-Q4,,6.9528,SEK
EPI A,2023-Q1,,7.1969,SEK
EPI A,2023-Q2,,7.9231,SEK
EPI A,2023-Q3,2023-10-27,7.9198,SEK
EPI A,2023-Q4,,7.8105,SEK
EPI A,2024-Q1,2024-04-23,7.5755,SEK
EPI A,2024-Q2,2024-07-19,7.0745,SEK
EPI A,2024-Q3,2024-10-25,7.1416,SEK
EPI A,2024-Q4,2025-01-30,7.2255,SEK
EPI A,2025-Q1,2025-04-29,7.3831,SEK
EPI A,2025-Q2,2025-07-18,7.428,SEK
EPI A,2025-Q3,2025-10-29,7.1278,SEK
EPI A,2025-Q4,2026-01-26,7.1151,SEK
EPI A,2026-Q1,2026-04-29,7.0344,SEK
EPI A,2026-Q2,2026-07-17,7.3082,SEK
EPI B,2018-Q3,,4.0614,SEK
EPI B,2018-Q4,,4.489,SEK
EPI B,2019-Q1,,4.7429,SEK
EPI B,2019-Q2,,5.0543,SEK
EPI B,2019-Q3,,5.0066,SEK
EPI B,2019-Q4,,4.8895,SEK
EPI B,2020-Q1,,4.9249,SEK
EPI B,2020-Q2,,4.3782,SEK
EPI B,2020-Q3,,4.3588,SEK
EPI B,2020-Q4,,4.4783,SEK
EPI B,2021-Q1,,4.4471,SEK
EPI B,2021-Q2,,4.9955,SEK
EPI B,2021-Q3,,5.4953,SEK
EPI B,2021-Q4,,5.8427,SEK
EPI B,2022-Q1,,6.3477,SEK
EPI B,2022-Q2,,6.4131,SEK
EPI B,2022-Q3,,6.6722,SEK
EPI B,2022-Q4,,6.9528,SEK
EPI B,2023-Q1,,7.1969,SEK
EPI B,2023-Q2,,7.9231,SEK
EPI B,2023-Q3,,7.9198,SEK
EPI B,2023-Q4,,7.8105,SEK
EPI B,2024-Q1,2024-04-23,7.5755,SEK
EPI B,2024-Q2,2024-07-19,7.0745,SEK
EPI B,2024-Q3,2024-10-25,7.1416,SEK
EPI B,2024-Q4,2025-01-30,7.2255,SEK
EPI B,2025-Q1,2025-04-29,7.3831,SEK
EPI B,2025-Q2,2025-07-18,7.428,SEK
EPI B,2025-Q3,2025-10-29,7.1278,SEK
EPI B,2025-Q4,2026-01-26,7.1151,SEK
EPI B,2026-Q1,2026-04-29,7.0344,SEK
EPI B,2026-Q2,2026-07-17,7.3082,SEK
EQL,2019-Q3,,-0.0603,SEK
EQL,2019-Q4,,0.0539,SEK
EQL,2020-Q1,,0.095,SEK
EQL,2020-Q2,,0.4802,SEK
EQL,2020-Q3,,0.5543,SEK
EQL,2020-Q4,,0.5774,SEK
EQL,2021-Q1,,0.3574,SEK
EQL,2021-Q2,,0.0577,SEK
EQL,2021-Q3,,0.1303,SEK
EQL,2021-Q4,,0.6472,SEK
EQL,2022-Q1,,0.6472,SEK
EQL,2022-Q2,,0.6472,SEK
EQL,2022-Q3,,0.6472,SEK
EQL,2022-Q4,,0.6472,SEK
EQL,2023-Q1,,1.0472,SEK
EQL,2023-Q2,,1.0241,SEK
EQL,2023-Q3,,0.9285,SEK
EQL,2023-Q4,,0.7374,SEK
EQL,2024-Q1,2024-05-14,0.7697,SEK
EQL,2024-Q2,2024-08-08,0.8968,SEK
EQL,2024-Q3,2024-11-06,1.0648,SEK
EQL,2024-Q4,2025-02-05,1.1813,SEK
EQL,2025-Q1,2025-05-08,1.4616,SEK
EQL,2025-Q2,2025-08-08,1.4321,SEK
EQL,2025-Q3,2025-11-05,0.9892,SEK
EQL,2025-Q4,2026-02-03,0.9794,SEK
EQL,2026-Q1,2026-05-08,0.4158,SEK
EQL,2026-Q2,2026-08-15,-0.4802,SEK
EQL,2026-Q3,,0.99,SEK
EQL,2026-Q4,,0.42,SEK
EQL,2027-Q1,,-0.48,SEK
EQT,2021-Q4,,0.9288,EUR
EQT,2022-Q2,,0.7881,EUR
EQT,2022-Q4,,0.1706,EUR
EQT,2023-Q2,,-0.0455,EUR
EQT,2023-Q4,,0.1096,EUR
EQT,2024-Q2,,0.3385,EUR
EQT,2024-Q4,,0.6567,EUR
EQT,2025-Q2,,0.712,EUR
EQT,2025-Q4,,0.617,EUR
EQT,2026-Q2,,0.8922,EUR
ERIC B,2018-Q3,,-5.733,SEK
ERIC B,2018-Q4,,-1.9811,SEK
ERIC B,2019-Q1,,-1.029,SEK
ERIC B,2019-Q2,,0.0567,SEK
ERIC B,2019-Q3,,-2.6563,SEK
ERIC B,2019-Q4,,0.6638,SEK
ERIC B,2020-Q1,,0.6095,SEK
ERIC B,2020-Q2,,0.8333,SEK
ERIC B,2020-Q3,,4.3243,SEK
ERIC B,2020-Q4,,5.2506,SEK
ERIC B,2021-Q1,,5.5604,SEK
ERIC B,2021-Q2,,5.928,SEK
ERIC B,2021-Q3,,6.0457,SEK
ERIC B,2021-Q4,,6.8107,SEK
ERIC B,2022-Q1,,6.7359,SEK
ERIC B,2022-Q2,,6.9826,SEK
ERIC B,2022-Q3,,6.8208,SEK
ERIC B,2022-Q4,,5.6171,SEK
ERIC B,2023-Q1,,5.189,SEK
ERIC B,2023-Q2,,3.632,SEK
ERIC B,2023-Q3,2023-10-17,-7.1421,SEK
ERIC B,2023-Q4,2024-01-23,-7.9424,SEK
ERIC B,2024-Q1,2024-04-16,-7.6297,SEK
ERIC B,2024-Q2,2024-07-12,-10.7647,SEK
ERIC B,2024-Q3,2024-10-15,-0.4122,SEK
ERIC B,2024-Q4,2025-01-24,-0.0001,SEK
ERIC B,2025-Q1,2025-04-15,0.4748,SEK
ERIC B,2025-Q2,2025-07-15,5.1819,SEK
ERIC B,2025-Q3,2025-10-14,7.3757,SEK
ERIC B,2025-Q4,2026-01-23,8.5066,SEK
ERIC B,2026-Q1,2026-04-17,7.53,SEK
ERIC B,2026-Q2,2026-07-14,7.3818,SEK
ESSITY B,2018-Q3,,10.4942,SEK
ESSITY B,2018-Q4,,11.2294,SEK
ESSITY B,2019-Q1,,11.6396,SEK
ESSITY B,2019-Q2,,11.9799,SEK
ESSITY B,2019-Q3,,14.1,SEK
ESSITY B,2019-Q4,,13.1218,SEK
ESSITY B,2020-Q1,,15.2379,SEK
ESSITY B,2020-Q2,,14.973,SEK
ESSITY B,2020-Q3,,14.6712,SEK
ESSITY B,2020-Q4,,14.563,SEK
ESSITY B,2021-Q1,,12.9922,SEK
ESSITY B,2021-Q2,,12.5395,SEK
ESSITY B,2021-Q3,,13.2101,SEK
ESSITY B,2021-Q4,,12.2732,SEK
ESSITY B,2022-Q1,,9.6733,SEK
ESSITY B,2022-Q2,,9.2676,SEK
ESSITY B,2022-Q3,,7.6031,SEK
ESSITY B,2022-Q4,,7.9263,SEK
ESSITY B,2023-Q1,,11.2822,SEK
ESSITY B,2023-Q2,,12.6975,SEK
ESSITY B,2023-Q3,2023-10-26,12.7246,SEK
ESSITY B,2023-Q4,2024-01-25,13.6031,SEK
ESSITY B,2024-Q1,2024-04-25,26.1753,SEK
ESSITY B,2024-Q2,2024-07-18,27.3731,SEK
ESSITY B,2024-Q3,2024-10-23,29.8608,SEK
ESSITY B,2024-Q4,2025-01-23,29.9635,SEK
ESSITY B,2025-Q1,2025-04-24,18.026,SEK
ESSITY B,2025-Q2,2025-07-17,17.6921,SEK
ESSITY B,2025-Q3,2025-10-23,17.8068,SEK
ESSITY B,2025-Q4,2026-01-22,18.3711,SEK
ESSITY B,2026-Q1,2026-04-23,18.1788,SEK
ESSITY B,2026-Q2,2026-07-16,17.7274,SEK
EVO,2024-Q1,,5.11,EUR
EVO,2024-Q2,,5.15,EUR
EVO,2024-Q3,,5.44,EUR
EVO,2024-Q4,,6.02,EUR
EVO,2025-Q1,,6.01,EUR
EVO,2025-Q2,,5.94,EUR
EVO,2025-Q3,,5.64,EUR
EVO,2025-Q4,,5.33,EUR
EVO,2026-Q1,,5.27,EUR
EVO,2026-Q2,,5.32,EUR
FABG,2018-Q3,,23.2659,SEK
FABG,2018-Q4,,23.2791,SEK
FABG,2019-Q1,,19.0044,SEK
FABG,2019-Q2,,15.9984,SEK
FABG,2019-Q3,,14.8617,SEK
FABG,2019-Q4,,18.0572,SEK
FABG,2020-Q1,,19.4326,SEK
FABG,2020-Q2,,14.4231,SEK
FABG,2020-Q3,,14.0082,SEK
FABG,2020-Q4,,9.6154,SEK
FABG,2021-Q1,,7.4772,SEK
FABG,2021-Q2,,11.1897,SEK
FABG,2021-Q3,,12.8499,SEK
FABG,2021-Q4,,16.7288,SEK
FABG,2022-Q1,,22.7798,SEK
FABG,2022-Q2,,24.1257,SEK
FABG,2022-Q3,,23.026,SEK
FABG,2022-Q4,,7.3311,SEK
FABG,2023-Q1,,-6.3935,SEK
FABG,2023-Q2,,-14.4327,SEK
FABG,2023-Q3,2023-10-19,-19.8902,SEK
FABG,2023-Q4,,-17.5442,SEK
FABG,2024-Q1,2024-04-25,-14.7309,SEK
FABG,2024-Q2,2024-07-05,-11.6506,SEK
FABG,2024-Q3,2024-10-22,-8.4526,SEK
FABG,2024-Q4,2025-02-06,-0.6771,SEK
FABG,2025-Q1,2025-04-14,1.0649,SEK
FABG,2025-Q2,2025-07-07,0.639,SEK
FABG,2025-Q3,2025-10-21,0.9092,SEK
FABG,2025-Q4,2026-02-05,-1.1095,SEK
FABG,2026-Q1,2026-04-23,-0.2321,SEK
FABG,2026-Q2,2026-07-06,1.3701,SEK
FOI B,2024-Q1,,2.0776,EUR
FOI B,2024-Q2,,1.4925,EUR
FOI B,2024-Q3,,0.8025,EUR
FOI B,2024-Q4,,1.095,EUR
FOI B,2025-Q1,,0.6,EUR
FOI B,2025-Q2,,0.43,EUR
FOI B,2025-Q3,,0.56,EUR
FOI B,2025-Q4,,0.36,EUR
FOI B,2026-Q1,,0.7,EUR
FOI B,2026-Q2,,0.5,EUR
GENO,2018-Q3,,-0.0641,SEK
GENO,2018-Q4,,-0.0234,SEK
GENO,2019-Q1,,0.0214,SEK
GENO,2019-Q2,,0.0729,SEK
GENO,2019-Q3,,0.1824,SEK
GENO,2019-Q4,,0.1514,SEK
GENO,2020-Q1,,0.0952,SEK
GENO,2020-Q2,,0.0505,SEK
GENO,2020-Q3,,-0.045,SEK
GENO,2020-Q4,,0.0977,SEK
GENO,2021-Q1,,0.1393,SEK
GENO,2021-Q2,,0.1785,SEK
GENO,2021-Q3,,0.1717,SEK
GENO,2021-Q4,,0.3785,SEK
GENO,2022-Q1,,0.5564,SEK
GENO,2022-Q2,,0.5507,SEK
GENO,2022-Q3,,0.6248,SEK
GENO,2022-Q4,,0.1709,SEK
GENO,2023-Q1,,0.6482,SEK
GENO,2023-Q2,,0.8704,SEK
GENO,2023-Q3,2023-11-15,0.8312,SEK
GENO,2023-Q4,2024-02-15,0.9394,SEK
GENO,2024-Q1,2024-05-15,0.4686,SEK
GENO,2024-Q2,2024-08-20,0.2635,SEK
GENO,2024-Q3,2024-11-08,0.4263,SEK
GENO,2024-Q4,2025-02-14,0.5028,SEK
GENO,2025-Q1,2025-05-21,0.361,SEK
GENO,2025-Q2,2025-08-12,0.4118,SEK
GENO,2025-Q3,2025-11-07,0.3225,SEK
GENO,2025-Q4,2026-02-12,0.3569,SEK
GENO,2026-Q1,2026-04-28,0.3685,SEK
GENO,2026-Q2,2026-08-15,0.3101,SEK
GETI B,2018-Q3,,-2.3283,SEK
GETI B,2018-Q4,,-3.5506,SEK
GETI B,2019-Q1,,-2.3985,SEK
GETI B,2019-Q2,,-2.3204,SEK
GETI B,2019-Q3,,3.7816,SEK
GETI B,2019-Q4,,4.4866,SEK
GETI B,2020-Q1,,5.4595,SEK
GETI B,2020-Q2,,6.895,SEK
GETI B,2020-Q3,,11.198,SEK
GETI B,2020-Q4,,11.8919,SEK
GETI B,2021-Q1,,13.2614,SEK
GETI B,2021-Q2,,14.3775,SEK
GETI B,2021-Q3,,12.0902,SEK
GETI B,2021-Q4,,10.9043,SEK
GETI B,2022-Q1,,10.5004,SEK
GETI B,2022-Q2,,9.7845,SEK
GETI B,2022-Q3,,9.935,SEK
GETI B,2022-Q4,,9.1457,SEK
GETI B,2023-Q1,,9.3366,SEK
GETI B,2023-Q2,,7.9084,SEK
GETI B,2023-Q3,2023-10-23,8.2608,SEK
GETI B,2023-Q4,2024-02-01,8.8556,SEK
GETI B,2024-Q1,2024-04-22,8.3893,SEK
GETI B,2024-Q2,2024-07-18,9.4871,SEK
GETI B,2024-Q3,2024-10-18,6.2121,SEK
GETI B,2024-Q4,2025-01-28,6.0139,SEK
GETI B,2025-Q1,2025-04-22,5.4301,SEK
GETI B,2025-Q2,2025-07-18,5.4705,SEK
GETI B,2025-Q3,2025-10-21,7.5412,SEK
GETI B,2025-Q4,2026-01-27,8.2902,SEK
GETI B,2026-Q1,2026-04-21,8.661,SEK
GETI B,2026-Q2,2026-07-17,9.8249,SEK
HANZA,2018-Q3,,1.1604,SEK
HANZA,2018-Q4,,0.7726,SEK
HANZA,2019-Q1,,0.711,SEK
HANZA,2019-Q2,,0.5925,SEK
HANZA,2019-Q3,,0.2548,SEK
HANZA,2019-Q4,,0.749,SEK
HANZA,2020-Q1,,0.6389,SEK
HANZA,2020-Q2,,-0.1993,SEK
HANZA,2020-Q3,,-0.0324,SEK
HANZA,2020-Q4,,-0.0412,SEK
HANZA,2021-Q1,,0.0383,SEK
HANZA,2021-Q2,,1.3417,SEK
HANZA,2021-Q3,,1.7001,SEK
HANZA,2021-Q4,,2.2429,SEK
HANZA,2022-Q1,,2.5046,SEK
HANZA,2022-Q2,,2.7776,SEK
HANZA,2022-Q3,,2.9446,SEK
HANZA,2022-Q4,,3.2915,SEK
HANZA,2023-Q1,,4.2414,SEK
HANZA,2023-Q2,,4.7417,SEK
HANZA,2023-Q3,2023-11-07,5.2382,SEK
HANZA,2023-Q4,2024-02-13,5.3384,SEK
HANZA,2024-Q1,2024-05-07,4.6362,SEK
HANZA,2024-Q2,2024-07-23,3.2731,SEK
HANZA,2024-Q3,2024-10-29,2.9698,SEK
HANZA,2024-Q4,2025-02-11,2.5344,SEK
HANZA,2025-Q1,2025-05-06,2.6536,SEK
HANZA,2025-Q2,2025-07-22,3.6443,SEK
HANZA,2025-Q3,2025-10-28,4.4229,SEK
HANZA,2025-Q4,2026-02-24,5.3634,SEK
HANZA,2026-Q1,2026-05-05,6.5394,SEK
HANZA,2026-Q2,2026-07-21,6.2697,SEK
HEXA B,2024-Q1,,0.32,EUR
HEXA B,2024-Q2,,0.32,EUR
HEXA B,2024-Q3,,0.38,EUR
HEXA B,2024-Q4,,0.38,EUR
HEXA B,2025-Q1,,0.36,EUR
HEXA B,2025-Q2,,0.35,EUR
HEXA B,2025-Q3,,0.25,EUR
HEXA B,2025-Q4,,0.23,EUR
HEXA B,2026-Q1,,0.75,EUR
HEXA B,2026-Q2,,0.75,EUR
HMS,2018-Q3,,3.19,SEK
HMS,2018-Q4,,3.65,SEK
HMS,2019-Q1,,3.73,SEK
HMS,2019-Q2,,3.93,SEK
HMS,2019-Q3,,3.8368,SEK
HMS,2019-Q4,,4.4055,SEK
HMS,2020-Q1,,4.5432,SEK
HMS,2020-Q2,,4.6962,SEK
HMS,2020-Q3,,5.0294,SEK
HMS,2020-Q4,,4.7706,SEK
HMS,2021-Q1,,5.6829,SEK
HMS,2021-Q2,,6.45,SEK
HMS,2021-Q3,,6.93,SEK
HMS,2021-Q4,,7.57,SEK
HMS,2022-Q1,,8.05,SEK
HMS,2022-Q2,,8.386,SEK
HMS,2022-Q3,,9.476,SEK
HMS,2022-Q4,,10.8733,SEK
HMS,2023-Q1,,12.1604,SEK
HMS,2023-Q2,,12.2845,SEK
HMS,2023-Q3,2023-10-18,13.0745,SEK
HMS,2023-Q4,,12.1871,SEK
HMS,2024-Q1,2024-04-16,10.7929,SEK
HMS,2024-Q2,2024-07-12,9.025,SEK
HMS,2024-Q3,2024-10-18,7.225,SEK
HMS,2024-Q4,2025-01-28,6.355,SEK
HMS,2025-Q1,2025-04-23,6.3521,SEK
HMS,2025-Q2,2025-07-11,7.324,SEK
HMS,2025-Q3,2025-10-21,8.7119,SEK
HMS,2025-Q4,2026-01-27,8.6619,SEK
HMS,2026-Q1,2026-04-23,9.5997,SEK
HMS,2026-Q2,2026-07-14,11.0138,SEK
HOLM A,2018-Q3,,12.2444,SEK
HOLM A,2018-Q4,,13.4767,SEK
HOLM A,2019-Q1,,13.4708,SEK
HOLM A,2019-Q2,,11.6347,SEK
HOLM A,2019-Q3,,11.4084,SEK
HOLM A,2019-Q4,,53.6785,SEK
HOLM A,2020-Q1,,53.7166,SEK
HOLM A,2020-Q2,,53.5728,SEK
HOLM A,2020-Q3,,54.5621,SEK
HOLM A,2020-Q4,,12.2216,SEK
HOLM A,2021-Q1,,13.358,SEK
HOLM A,2021-Q2,,15.1304,SEK
HOLM A,2021-Q3,,16.3532,SEK
HOLM A,2021-Q4,,18.5517,SEK
HOLM A,2022-Q1,,23.5417,SEK
HOLM A,2022-Q2,,29.3667,SEK
HOLM A,2022-Q3,,33.8027,SEK
HOLM A,2022-Q4,,36.2694,SEK
HOLM A,2023-Q1,,35.5737,SEK
HOLM A,2023-Q2,,30.938,SEK
HOLM A,2023-Q3,,27.4299,SEK
HOLM A,2023-Q4,,22.9817,SEK
HOLM A,2024-Q1,,19.1915,SEK
HOLM A,2024-Q2,,18.3657,SEK
HOLM A,2024-Q3,,17.8868,SEK
HOLM A,2024-Q4,,18.047,SEK
HOLM A,2025-Q1,,18.1529,SEK
HOLM A,2025-Q2,,17.3473,SEK
HOLM A,2025-Q3,,18.2989,SEK
HOLM A,2025-Q4,,18.5465,SEK
HOLM A,2026-Q1,2026-04-28,17.7956,SEK
HOLM A,2026-Q2,2026-08-20,17.3172,SEK
HPOL B,2018-Q3,,4.9054,SEK
HPOL B,2018-Q4,,4.7821,SEK
HPOL B,2019-Q1,,4.8605,SEK
HPOL B,2019-Q2,,4.8228,SEK
HPOL B,2019-Q3,,4.6804,SEK
HPOL B,2019-Q4,,4.4799,SEK
HPOL B,2020-Q1,,4.3841,SEK
HPOL B,2020-Q2,,3.5386,SEK
HPOL B,2020-Q3,,3.7449,SEK
HPOL B,2020-Q4,,4.0935,SEK
HPOL B,2021-Q1,,4.4673,SEK
HPOL B,2021-Q2,,5.6719,SEK
HPOL B,2021-Q3,,6.8759,SEK
HPOL B,2021-Q4,,6.846,SEK
HPOL B,2022-Q1,,7.0376,SEK
HPOL B,2022-Q2,,7.3482,SEK
HPOL B,2022-Q3,,6.6921,SEK
HPOL B,2022-Q4,,7.2089,SEK
HPOL B,2023-Q1,,7.4063,SEK
HPOL B,2023-Q2,,7.5079,SEK
HPOL B,2023-Q3,2023-10-27,7.6676,SEK
HPOL B,2023-Q4,,7.3279,SEK
HPOL B,2024-Q1,2024-04-26,7.2872,SEK
HPOL B,2024-Q2,2024-07-17,7.2147,SEK
HPOL B,2024-Q3,2024-10-25,6.8924,SEK
HPOL B,2024-Q4,2025-01-28,6.4453,SEK
HPOL B,2025-Q1,2025-04-25,6.2943,SEK
HPOL B,2025-Q2,2025-07-18,5.9546,SEK
HPOL B,2025-Q3,2025-10-24,5.6817,SEK
HPOL B,2025-Q4,2026-01-29,5.6411,SEK
HPOL B,2026-Q1,2026-05-04,5.3653,SEK
HPOL B,2026-Q2,2026-07-20,5.3072,SEK
HTRO,2018-Q3,,0.5199,SEK
HTRO,2018-Q4,,0.3142,SEK
HTRO,2019-Q1,,0.2823,SEK
HTRO,2019-Q2,,0.286,SEK
HTRO,2019-Q3,,0.3171,SEK
HTRO,2019-Q4,,0.3605,SEK
HTRO,2020-Q1,,0.3802,SEK
HTRO,2020-Q2,,0.4483,SEK
HTRO,2020-Q3,,0.5103,SEK
HTRO,2020-Q4,,0.6736,SEK
HTRO,2021-Q1,,0.8324,SEK
HTRO,2021-Q2,,1.0127,SEK
HTRO,2021-Q3,,1.1755,SEK
HTRO,2021-Q4,,1.2969,SEK
HTRO,2022-Q1,,1.6858,SEK
HTRO,2022-Q2,,2.2582,SEK
HTRO,2022-Q3,,3.1897,SEK
HTRO,2022-Q4,,3.8895,SEK
HTRO,2023-Q1,,4.3841,SEK
HTRO,2023-Q2,,4.7207,SEK
HTRO,2023-Q3,2023-10-27,4.269,SEK
HTRO,2023-Q4,2024-02-09,4.1475,SEK
HTRO,2024-Q1,2024-04-26,3.363,SEK
HTRO,2024-Q2,2024-07-16,2.5395,SEK
HTRO,2024-Q3,2024-10-25,2.2142,SEK
HTRO,2024-Q4,2025-02-07,1.692,SEK
HTRO,2025-Q1,2025-04-29,1.81,SEK
HTRO,2025-Q2,2025-07-14,1.7472,SEK
HTRO,2025-Q3,2025-10-24,0.6283,SEK
HTRO,2025-Q4,2026-02-05,-0.0626,SEK
HTRO,2026-Q1,2026-04-29,-0.0386,SEK
HTRO,2026-Q2,2026-07-15,0.1876,SEK
HUFV A,2018-Q3,,19.5905,SEK
HUFV A,2018-Q4,,20.9424,SEK
HUFV A,2019-Q1,,20.0111,SEK
HUFV A,2019-Q2,,15.639,SEK
HUFV A,2019-Q3,,15.6448,SEK
HUFV A,2019-Q4,,15.2541,SEK
HUFV A,2020-Q1,,10.4157,SEK
HUFV A,2020-Q2,,2.8298,SEK
HUFV A,2020-Q3,,0.4805,SEK
HUFV A,2020-Q4,,-7.129,SEK
HUFV A,2021-Q1,,-4.6445,SEK
HUFV A,2021-Q2,,1.9174,SEK
HUFV A,2021-Q3,,4.0147,SEK
HUFV A,2021-Q4,,14.608,SEK
HUFV A,2022-Q1,,16.4186,SEK
HUFV A,2022-Q2,,14.5423,SEK
HUFV A,2022-Q3,,13.528,SEK
HUFV A,2022-Q4,,3.5688,SEK
HUFV A,2023-Q1,,-0.778,SEK
HUFV A,2023-Q2,,-6.9528,SEK
HUFV A,2023-Q3,2023-11-09,-9.4683,SEK
HUFV A,2023-Q4,,-9.5261,SEK
HUFV A,2024-Q1,2024-05-08,-9.0155,SEK
HUFV A,2024-Q2,2024-08-22,-4.4902,SEK
HUFV A,2024-Q3,2024-11-07,-2.7335,SEK
HUFV A,2024-Q4,2025-02-13,1.8022,SEK
HUFV A,2025-Q1,2025-05-08,4.162,SEK
HUFV A,2025-Q2,2025-08-20,4.857,SEK
HUFV A,2025-Q3,2025-11-06,5.4554,SEK
HUFV A,2025-Q4,2026-02-12,4.2034,SEK
HUFV A,2026-Q1,2026-05-08,5.3146,SEK
HUFV A,2026-Q2,2026-08-20,5.9488,SEK
INDT,2018-Q3,,3.2266,SEK
INDT,2018-Q4,,3.771,SEK
INDT,2019-Q1,,3.9297,SEK
INDT,2019-Q2,,3.9325,SEK
INDT,2019-Q3,,4.0064,SEK
INDT,2019-Q4,,4.0854,SEK
INDT,2020-Q1,,4.1918,SEK
INDT,2020-Q2,,4.2022,SEK
INDT,2020-Q3,,4.4482,SEK
INDT,2020-Q4,,4.5942,SEK
INDT,2021-Q1,,4.7888,SEK
INDT,2021-Q2,,5.3158,SEK
INDT,2021-Q3,,5.5598,SEK
INDT,2021-Q4,,5.7528,SEK
INDT,2022-Q1,,6.2351,SEK
INDT,2022-Q2,,6.5444,SEK
INDT,2022-Q3,,6.9339,SEK
INDT,2022-Q4,,7.3618,SEK
INDT,2023-Q1,,7.6746,SEK
INDT,2023-Q2,,7.8091,SEK
INDT,2023-Q3,2023-10-27,7.7816,SEK
INDT,2023-Q4,2024-02-01,7.864,SEK
INDT,2024-Q1,2024-04-25,7.4138,SEK
INDT,2024-Q2,2024-07-18,7.4258,SEK
INDT,2024-Q3,2024-10-25,7.478,SEK
INDT,2024-Q4,2025-01-30,7.5439,SEK
INDT,2025-Q1,2025-04-25,7.6425,SEK
INDT,2025-Q2,2025-07-15,7.3944,SEK
INDT,2025-Q3,2025-10-21,7.323,SEK
INDT,2025-Q4,2026-01-29,7.0266,SEK
INDT,2026-Q1,2026-04-24,6.9609,SEK
INDT,2026-Q2,2026-07-16,7.3589,SEK
INDU A,2020-Q1,,-9.1381,SEK
INDU A,2020-Q2,,5.8546,SEK
INDU A,2020-Q3,,26.231,SEK
INDU A,2020-Q4,,19.393,SEK
INDU A,2021-Q1,,103.9108,SEK
INDU A,2021-Q2,,73.576,SEK
INDU A,2021-Q3,,45.3528,SEK
INDU A,2021-Q4,,61.3831,SEK
INDU A,2022-Q1,,-26.4272,SEK
INDU A,2022-Q2,,-41.0914,SEK
INDU A,2022-Q3,,-39.7639,SEK
INDU A,2022-Q4,,-32.3386,SEK
INDU A,2023-Q1,,40.8938,SEK
INDU A,2023-Q2,,60.5419,SEK
INDU A,2023-Q3,,69.933,SEK
INDU A,2023-Q4,,62.1534,SEK
INDU A,2024-Q1,,73.0495,SEK
INDU A,2024-Q2,,52.3317,SEK
INDU A,2024-Q3,,72.73,SEK
INDU A,2024-Q4,,29.2985,SEK
INDU A,2025-Q1,,9.0067,SEK
INDU A,2025-Q2,,30.3613,SEK
INDU A,2025-Q3,,31.9426,SEK
INDU A,2025-Q4,,81.9659,SEK
INDU A,2026-Q1,,92.7763,SEK
INDU A,2026-Q2,,145.5363,SEK
INTRUM,2018-Q3,,3.0972,SEK
INTRUM,2018-Q4,,3.1458,SEK
INTRUM,2019-Q1,,3.5076,SEK
INTRUM,2019-Q2,,3.6939,SEK
INTRUM,2019-Q3,,3.942,SEK
INTRUM,2019-Q4,,-0.5587,SEK
INTRUM,2020-Q1,,-1.7087,SEK
INTRUM,2020-Q2,,-1.8842,SEK
INTRUM,2020-Q3,,-1.3416,SEK
INTRUM,2020-Q4,,3.1166,SEK
INTRUM,2021-Q1,,4.3721,SEK
INTRUM,2021-Q2,,4.5906,SEK
INTRUM,2021-Q3,,4.0633,SEK
INTRUM,2021-Q4,,5.1827,SEK
INTRUM,2022-Q1,,4.8859,SEK
INTRUM,2022-Q2,,4.6889,SEK
INTRUM,2022-Q3,,0.4015,SEK
INTRUM,2022-Q4,,-7.4412,SEK
INTRUM,2023-Q1,,-8.3202,SEK
INTRUM,2023-Q2,,-9.3984,SEK
INTRUM,2023-Q3,2023-10-25,-6.4746,SEK
INTRUM,2023-Q4,,-0.1214,SEK
INTRUM,2024-Q1,2024-04-24,-0.5553,SEK
INTRUM,2024-Q2,2024-07-18,-2.796,SEK
INTRUM,2024-Q3,2024-10-23,-4.3133,SEK
INTRUM,2024-Q4,,-6.1444,SEK
INTRUM,2025-Q1,2025-05-07,-5.5809,SEK
INTRUM,2025-Q2,2025-07-25,-2.825,SEK
INTRUM,2025-Q3,2025-10-30,-0.2119,SEK
INTRUM,2025-Q4,2026-01-29,-2.0358,SEK
INTRUM,2026-Q1,2026-05-07,-2.7538,SEK
INTRUM,2026-Q2,,-3.0284,SEK
INVE A,2018-Q3,,13.6575,SEK
INVE A,2018-Q4,,-0.7478,SEK
INVE A,2019-Q1,,7.2222,SEK
INVE A,2019-Q2,,8.9347,SEK
INVE A,2019-Q3,,7.3047,SEK
INVE A,2019-Q4,,33.05,SEK
INVE A,2020-Q1,,8.4794,SEK
INVE A,2020-Q2,,23.5895,SEK
INVE A,2020-Q3,,25.7319,SEK
INVE A,2020-Q4,,17.2203,SEK
INVE A,2021-Q1,,61.1658,SEK
INVE A,2021-Q2,,57.3058,SEK
INVE A,2021-Q3,,57.2366,SEK
INVE A,2021-Q4,,81.1983,SEK
INVE A,2022-Q1,,29.8606,SEK
INVE A,2022-Q2,,-8.6694,SEK
INVE A,2022-Q3,,-14.7393,SEK
INVE A,2022-Q4,,-24.3893,SEK
INVE A,2023-Q1,,8.8871,SEK
INVE A,2023-Q2,,45.0729,SEK
INVE A,2023-Q3,,38.7184,SEK
INVE A,2023-Q4,,41.4684,SEK
INVE A,2024-Q1,,52.6147,SEK
INVE A,2024-Q2,,59.079,SEK
INVE A,2024-Q3,,66.8787,SEK
INVE A,2024-Q4,,36.9698,SEK
INVE A,2025-Q1,,14.1101,SEK
INVE A,2025-Q2,,7.6201,SEK
INVE A,2025-Q3,,22.9613,SEK
INVE A,2025-Q4,,51.3802,SEK
INVE A,2026-Q1,,62.19,SEK
INVE A,2026-Q2,,85.67,SEK
INWI,2018-Q3,,5.52,SEK
INWI,2018-Q4,,7.4541,SEK
INWI,2019-Q1,,7.4892,SEK
INWI,2019-Q2,,7.2384,SEK
INWI,2019-Q3,,7.4871,SEK
INWI,2019-Q4,,7.4654,SEK
INWI,2020-Q1,,6.9903,SEK
INWI,2020-Q2,,7.4028,SEK
INWI,2020-Q3,,7.8992,SEK
INWI,2020-Q4,,8.6376,SEK
INWI,2021-Q1,,10.2506,SEK
INWI,2021-Q2,,11.0786,SEK
INWI,2021-Q3,,11.591,SEK
INWI,2021-Q4,,12.2914,SEK
INWI,2022-Q1,,12.6605,SEK
INWI,2022-Q2,,13.0314,SEK
INWI,2022-Q3,,13.3454,SEK
INWI,2022-Q4,,13.7387,SEK
INWI,2023-Q1,,13.561,SEK
INWI,2023-Q2,,13.2557,SEK
INWI,2023-Q3,2023-10-24,12.6295,SEK
INWI,2023-Q4,,11.7152,SEK
INWI,2024-Q1,2024-04-23,10.1781,SEK
INWI,2024-Q2,,9.3466,SEK
INWI,2024-Q3,2024-10-22,9.3128,SEK
INWI,2024-Q4,2025-02-04,9.2708,SEK
INWI,2025-Q1,2025-04-24,9.5542,SEK
INWI,2025-Q2,2025-07-14,9.7075,SEK
INWI,2025-Q3,2025-10-21,9.1315,SEK
INWI,2025-Q4,2026-02-03,8.8421,SEK
INWI,2026-Q1,2026-04-28,8.3707,SEK
INWI,2026-Q2,2026-07-15,9.0934,SEK
KAMBI,2024-Q1,,0.4831,EUR
KAMBI,2024-Q2,,0.5518,EUR
KAMBI,2024-Q3,,0.5174,EUR
KAMBI,2024-Q4,,0.5022,EUR
KAMBI,2025-Q1,,0.42,EUR
KAMBI,2025-Q2,,0.3,EUR
KAMBI,2025-Q3,,0.25,EUR
KAMBI,2025-Q4,,0.25,EUR
KAMBI,2026-Q1,,0.31,EUR
KAMBI,2026-Q2,,0.43,EUR
KNOW,2018-Q3,,11.31,SEK
KNOW,2018-Q4,,11.6207,SEK
KNOW,2019-Q1,,12.174,SEK
KNOW,2019-Q2,,11.9164,SEK
KNOW,2019-Q3,,11.8108,SEK
KNOW,2019-Q4,,12.0598,SEK
KNOW,2020-Q1,,12.6104,SEK
KNOW,2020-Q2,,12.3714,SEK
KNOW,2020-Q3,,12.7194,SEK
KNOW,2020-Q4,,12.9517,SEK
KNOW,2021-Q1,,12.0488,SEK
KNOW,2021-Q2,,11.9745,SEK
KNOW,2021-Q3,,11.5585,SEK
KNOW,2021-Q4,,12.1165,SEK
KNOW,2022-Q1,,12.9672,SEK
KNOW,2022-Q2,,15.6445,SEK
KNOW,2022-Q3,,14.4113,SEK
KNOW,2022-Q4,,14.0465,SEK
KNOW,2023-Q1,,13.346,SEK
KNOW,2023-Q2,,9.351,SEK
KNOW,2023-Q3,2023-10-25,9.734,SEK
KNOW,2023-Q4,2024-02-08,8.7447,SEK
KNOW,2024-Q1,2024-05-03,7.334,SEK
KNOW,2024-Q2,2024-07-19,6.7322,SEK
KNOW,2024-Q3,2024-10-25,5.7729,SEK
KNOW,2024-Q4,2025-02-07,3.8836,SEK
KNOW,2025-Q1,2025-04-29,3.0557,SEK
KNOW,2025-Q2,2025-07-18,2.9643,SEK
KNOW,2025-Q3,2025-10-24,3.5651,SEK
KNOW,2025-Q4,2026-02-06,-10.4332,SEK
KNOW,2026-Q1,2026-04-29,-10.7338,SEK
KNOW,2026-Q2,2026-07-17,-10.6273,SEK
LAGR B,2018-Q3,,1.5133,SEK
LAGR B,2018-Q4,,1.6034,SEK
LAGR B,2019-Q1,,1.6787,SEK
LAGR B,2019-Q2,,1.7079,SEK
LAGR B,2019-Q3,,1.7304,SEK
LAGR B,2019-Q4,,1.8127,SEK
LAGR B,2020-Q1,,1.7963,SEK
LAGR B,2020-Q2,,1.7377,SEK
LAGR B,2020-Q3,,1.7524,SEK
LAGR B,2020-Q4,,1.7813,SEK
LAGR B,2021-Q1,,1.9051,SEK
LAGR B,2021-Q2,,2.2419,SEK
LAGR B,2021-Q3,,2.4116,SEK
LAGR B,2021-Q4,,2.5916,SEK
LAGR B,2022-Q1,,2.8,SEK
LAGR B,2022-Q2,,2.9969,SEK
LAGR B,2022-Q3,,3.2532,SEK
LAGR B,2022-Q4,,3.501,SEK
LAGR B,2023-Q1,,3.7026,SEK
LAGR B,2023-Q2,,3.8374,SEK
LAGR B,2023-Q3,2023-10-25,4.0028,SEK
LAGR B,2023-Q4,2024-02-06,4.1218,SEK
LAGR B,2024-Q1,2024-05-17,4.2552,SEK
LAGR B,2024-Q2,2024-07-18,4.3183,SEK
LAGR B,2024-Q3,2024-10-25,4.414,SEK
LAGR B,2024-Q4,2025-01-31,4.6183,SEK
LAGR B,2025-Q1,2025-05-20,4.9404,SEK
LAGR B,2025-Q2,2025-07-18,5.1374,SEK
LAGR B,2025-Q3,2025-10-24,5.3109,SEK
LAGR B,2025-Q4,2026-02-06,5.5356,SEK
LAGR B,2026-Q1,2026-05-19,5.8131,SEK
LAGR B,2026-Q2,2026-07-17,6.0659,SEK
LAGR B,2026-Q3,,5.55,SEK
LAGR B,2026-Q4,,5.82,SEK
LAGR B,2027-Q1,,6.08,SEK
LIFCO B,2018-Q3,,2.7913,SEK
LIFCO B,2018-Q4,,3.0584,SEK
LIFCO B,2019-Q1,,3.1967,SEK
LIFCO B,2019-Q2,,3.2518,SEK
LIFCO B,2019-Q3,,3.3266,SEK
LIFCO B,2019-Q4,,3.3134,SEK
LIFCO B,2020-Q1,,3.4961,SEK
LIFCO B,2020-Q2,,3.3288,SEK
LIFCO B,2020-Q3,,3.4763,SEK
LIFCO B,2020-Q4,,3.648,SEK
LIFCO B,2021-Q1,,3.8484,SEK
LIFCO B,2021-Q2,,4.5551,SEK
LIFCO B,2021-Q3,,4.751,SEK
LIFCO B,2021-Q4,,5.2618,SEK
LIFCO B,2022-Q1,,5.5392,SEK
LIFCO B,2022-Q2,,5.788,SEK
LIFCO B,2022-Q3,,6.1182,SEK
LIFCO B,2022-Q4,,6.1293,SEK
LIFCO B,2023-Q1,,6.4881,SEK
LIFCO B,2023-Q2,,6.7039,SEK
LIFCO B,2023-Q3,2023-10-20,6.8932,SEK
LIFCO B,2023-Q4,,7.208,SEK
LIFCO B,2024-Q1,,7.0033,SEK
LIFCO B,2024-Q2,2024-07-12,7.1023,SEK
LIFCO B,2024-Q3,,7.1023,SEK
LIFCO B,2024-Q4,2025-01-31,7.2652,SEK
LIFCO B,2025-Q1,2025-04-25,7.5845,SEK
LIFCO B,2025-Q2,2025-07-14,7.5162,SEK
LIFCO B,2025-Q3,2025-10-23,7.8443,SEK
LIFCO B,2025-Q4,2026-01-30,7.9984,SEK
LIFCO B,2026-Q1,2026-04-24,8.1415,SEK
LIFCO B,2026-Q2,2026-07-14,8.4827,SEK
LIME,2019-Q2,,153.4392,SEK
LIME,2019-Q3,,2.3497,SEK
LIME,2019-Q4,,2.939,SEK
LIME,2020-Q1,,3.4464,SEK
LIME,2020-Q2,,3.8929,SEK
LIME,2020-Q3,,4.1138,SEK
LIME,2020-Q4,,4.721,SEK
LIME,2021-Q1,,4.9151,SEK
LIME,2021-Q2,,4.9191,SEK
LIME,2021-Q3,,4.6225,SEK
LIME,2021-Q4,,4.2483,SEK
LIME,2022-Q1,,4.2019,SEK
LIME,2022-Q2,,4.534,SEK
LIME,2022-Q3,,4.7992,SEK
LIME,2022-Q4,,5.0869,SEK
LIME,2023-Q1,,5.42,SEK
LIME,2023-Q2,,5.62,SEK
LIME,2023-Q3,2023-10-19,5.8846,SEK
LIME,2023-Q4,2024-02-14,6.2446,SEK
LIME,2024-Q1,,6.4446,SEK
LIME,2024-Q2,2024-07-12,6.4246,SEK
LIME,2024-Q3,2024-10-23,6.66,SEK
LIME,2024-Q4,,6.67,SEK
LIME,2025-Q1,2025-04-24,7.01,SEK
LIME,2025-Q2,2025-07-12,7.44,SEK
LIME,2025-Q3,2025-10-21,7.74,SEK
LIME,2025-Q4,2026-02-12,8.33,SEK
LIME,2026-Q1,2026-04-21,8.51,SEK
LIME,2026-Q2,2026-07-14,8.954,SEK
LOOMIS,2020-Q2,,16.8293,SEK
LOOMIS,2020-Q3,,13.5591,SEK
LOOMIS,2020-Q4,,9.518,SEK
LOOMIS,2021-Q1,,7.2989,SEK
LOOMIS,2021-Q2,,10.6101,SEK
LOOMIS,2021-Q3,,11.2894,SEK
LOOMIS,2021-Q4,,14.7455,SEK
LOOMIS,2022-Q1,,16.1044,SEK
LOOMIS,2022-Q2,,16.7884,SEK
LOOMIS,2022-Q3,,19.7482,SEK
LOOMIS,2022-Q4,,21.9687,SEK
LOOMIS,2023-Q1,,23.6132,SEK
LOOMIS,2023-Q2,,24.6055,SEK
LOOMIS,2023-Q3,2023-10-26,23.6008,SEK
LOOMIS,2023-Q4,2024-01-31,20.959,SEK
LOOMIS,2024-Q1,2024-05-06,20.3436,SEK
LOOMIS,2024-Q2,2024-07-24,20.9706,SEK
LOOMIS,2024-Q3,2024-10-29,21.9769,SEK
LOOMIS,2024-Q4,,23.457,SEK
LOOMIS,2025-Q1,2025-05-07,24.0045,SEK
LOOMIS,2025-Q2,2025-07-25,25.3416,SEK
LOOMIS,2025-Q3,2025-10-31,26.1954,SEK
LOOMIS,2025-Q4,2026-02-04,23.1811,SEK
LOOMIS,2026-Q1,2026-05-07,25.4995,SEK
LOOMIS,2026-Q2,2026-07-24,27.5825,SEK
LUMI,2024-Q1,,0.1408,USD
LUMI,2024-Q2,,0.2207,USD
LUMI,2024-Q3,,0.3549,USD
LUMI,2024-Q4,,0.0144,USD
LUMI,2025-Q1,,0.159,USD
LUMI,2025-Q2,,0.1643,USD
LUMI,2025-Q3,,0.2137,USD
LUMI,2025-Q4,,1.22,USD
LUMI,2026-Q1,,1.39,USD
LUMI,2026-Q2,,1.5888,USD
MCAP,2018-Q4,,0.0752,SEK
MCAP,2019-Q1,,0.7018,SEK
MCAP,2019-Q2,,1.7173,SEK
MCAP,2019-Q3,,2.3789,SEK
MCAP,2019-Q4,,4.096,SEK
MCAP,2020-Q1,,3.5902,SEK
MCAP,2020-Q2,,3.8807,SEK
MCAP,2020-Q3,,3.9245,SEK
MCAP,2020-Q4,,4.2195,SEK
MCAP,2021-Q1,,4.4444,SEK
MCAP,2021-Q2,,4.189,SEK
MCAP,2021-Q3,,5.1341,SEK
MCAP,2021-Q4,,6.518,SEK
MCAP,2022-Q1,,6.8959,SEK
MCAP,2022-Q2,,7.2532,SEK
MCAP,2022-Q3,,7.9555,SEK
MCAP,2022-Q4,,7.9352,SEK
MCAP,2023-Q1,,8.2844,SEK
MCAP,2023-Q2,,10.0146,SEK
MCAP,2023-Q3,,10.12,SEK
MCAP,2023-Q4,,11.5821,SEK
MCAP,2024-Q1,,13.6667,SEK
MCAP,2024-Q2,,14.3198,SEK
MCAP,2024-Q3,,15.2793,SEK
MCAP,2024-Q4,2025-01-31,13.8946,SEK
MCAP,2025-Q1,,13.5022,SEK
MCAP,2025-Q2,,13.2672,SEK
MCAP,2025-Q3,,13.1438,SEK
MCAP,2025-Q4,,14.6503,SEK
MCAP,2026-Q1,,15.0071,SEK
MCAP,2026-Q2,2026-07-21,16.0553,SEK
MCOV B,2024-Q1,,0.15,EUR
MCOV B,2024-Q2,,0.15,EUR
MCOV B,2024-Q3,,0.13,EUR
MCOV B,2024-Q4,,0.11,EUR
MCOV B,2025-Q1,,0.2,EUR
MCOV B,2025-Q2,,0.29,EUR
MCOV B,2025-Q3,,0.45,EUR
MCOV B,2025-Q4,,0.5,EUR
MCOV B,2026-Q1,,0.52,EUR
MCOV B,2026-Q2,,0.55,EUR
MSAB B,2018-Q3,,1.8654,SEK
MSAB B,2018-Q4,,1.51,SEK
MSAB B,2019-Q1,,1.0378,SEK
MSAB B,2019-Q2,,0.3822,SEK
MSAB B,2019-Q3,,0.6166,SEK
MSAB B,2019-Q4,,0.2816,SEK
MSAB B,2020-Q1,,0.0596,SEK
MSAB B,2020-Q2,,1.2075,SEK
MSAB B,2020-Q3,,1.332,SEK
MSAB B,2020-Q4,,0.8826,SEK
MSAB B,2021-Q1,,1.6948,SEK
MSAB B,2021-Q2,,0.9746,SEK
MSAB B,2021-Q3,,0.823,SEK
MSAB B,2021-Q4,,1.8897,SEK
MSAB B,2022-Q1,,1.6132,SEK
MSAB B,2022-Q2,,1.9165,SEK
MSAB B,2022-Q3,,1.2775,SEK
MSAB B,2022-Q4,,0.931,SEK
MSAB B,2023-Q1,,1.2183,SEK
MSAB B,2023-Q2,,1.2291,SEK
MSAB B,2023-Q3,2023-10-26,1.9168,SEK
MSAB B,2023-Q4,2024-01-25,1.6242,SEK
MSAB B,2024-Q1,2024-04-30,0.8499,SEK
MSAB B,2024-Q2,2024-07-19,0.5413,SEK
MSAB B,2024-Q3,,0.7579,SEK
MSAB B,2024-Q4,2025-01-28,2.0267,SEK
MSAB B,2025-Q1,2025-04-29,2.292,SEK
MSAB B,2025-Q2,2025-07-18,1.664,SEK
MSAB B,2025-Q3,,2.292,SEK
MSAB B,2025-Q4,2026-01-27,2.664,SEK
MSAB B,2026-Q1,2026-04-28,2.4962,SEK
MSAB B,2026-Q2,2026-08-15,3.7849,SEK
MTG B,2018-Q3,,8.1152,SEK
MTG B,2018-Q4,,13.6017,SEK
MTG B,2019-Q1,,12.3626,SEK
MTG B,2019-Q2,,6.6096,SEK
MTG B,2019-Q3,,3.0361,SEK
MTG B,2019-Q4,,-6.4334,SEK
MTG B,2020-Q1,,-8.7188,SEK
MTG B,2020-Q2,,-8.0886,SEK
MTG B,2020-Q3,,-7.432,SEK
MTG B,2020-Q4,,-3.0069,SEK
MTG B,2021-Q1,,-2.0764,SEK
MTG B,2021-Q2,,-1.426,SEK
MTG B,2021-Q3,,-0.1482,SEK
MTG B,2021-Q4,,-3.6692,SEK
MTG B,2022-Q1,,-5.126,SEK
MTG B,2022-Q2,,-10.2183,SEK
MTG B,2022-Q3,,-7.8785,SEK
MTG B,2022-Q4,,-8.0152,SEK
MTG B,2023-Q1,,-5.1928,SEK
MTG B,2023-Q2,,0.6071,SEK
MTG B,2023-Q3,2023-10-25,-0.58,SEK
MTG B,2023-Q4,2024-02-08,1.298,SEK
MTG B,2024-Q1,2024-04-24,0.8479,SEK
MTG B,2024-Q2,2024-07-18,-0.5323,SEK
MTG B,2024-Q3,2024-10-24,-0.6382,SEK
MTG B,2024-Q4,2025-02-06,-1.7608,SEK
MTG B,2025-Q1,2025-04-29,-0.9838,SEK
MTG B,2025-Q2,2025-07-18,-0.5632,SEK
MTG B,2025-Q3,2025-11-13,-1.7163,SEK
MTG B,2025-Q4,2026-02-05,-0.5494,SEK
MTG B,2026-Q1,2026-04-29,0.0691,SEK
MTG B,2026-Q2,2026-07-21,1.4179,SEK
MTRS,2018-Q3,,2.02,SEK
MTRS,2018-Q4,,-0.5889,SEK
MTRS,2019-Q1,,-0.9242,SEK
MTRS,2019-Q2,,-1.103,SEK
MTRS,2019-Q3,,-2.7577,SEK
MTRS,2019-Q4,,-0.9072,SEK
MTRS,2020-Q1,,-0.4783,SEK
MTRS,2020-Q2,,-0.736,SEK
MTRS,2020-Q3,,1.4646,SEK
MTRS,2020-Q4,,2.3154,SEK
MTRS,2021-Q1,,2.8772,SEK
MTRS,2021-Q2,,3.1277,SEK
MTRS,2021-Q3,,3.005,SEK
MTRS,2021-Q4,,2.8114,SEK
MTRS,2022-Q1,,2.5079,SEK
MTRS,2022-Q2,,2.9837,SEK
MTRS,2022-Q3,,3.1972,SEK
MTRS,2022-Q4,,3.1702,SEK
MTRS,2023-Q1,,3.7718,SEK
MTRS,2023-Q2,,4.2456,SEK
MTRS,2023-Q3,2023-10-24,4.7042,SEK
MTRS,2023-Q4,2024-01-22,4.3039,SEK
MTRS,2024-Q1,2024-04-24,4.3246,SEK
MTRS,2024-Q2,2024-07-17,4.7288,SEK
MTRS,2024-Q3,2024-10-22,4.7442,SEK
MTRS,2024-Q4,2025-02-05,5.3304,SEK
MTRS,2025-Q1,2025-04-29,3.3198,SEK
MTRS,2025-Q2,2025-07-18,2.016,SEK
MTRS,2025-Q3,2025-10-24,1.627,SEK
MTRS,2025-Q4,2026-01-29,0.6957,SEK
MTRS,2026-Q1,2026-04-28,2.1913,SEK
MTRS,2026-Q2,2026-07-17,2.7939,SEK
MYCR,2018-Q3,,4.5624,SEK
MYCR,2018-Q4,,4.0285,SEK
MYCR,2019-Q1,,4.9047,SEK
MYCR,2019-Q2,,5.2601,SEK
MYCR,2019-Q3,,4.2373,SEK
MYCR,2019-Q4,,4.3682,SEK
MYCR,2020-Q1,,2.9714,SEK
MYCR,2020-Q2,,2.8203,SEK
MYCR,2020-Q3,,3.4263,SEK
MYCR,2020-Q4,,3.5452,SEK
MYCR,2021-Q1,,5.342,SEK
MYCR,2021-Q2,,5.1741,SEK
MYCR,2021-Q3,,4.2283,SEK
MYCR,2021-Q4,,4.239,SEK
MYCR,2022-Q1,,3.0877,SEK
MYCR,2022-Q2,,3.0626,SEK
MYCR,2022-Q3,,3.432,SEK
MYCR,2022-Q4,,3.801,SEK
MYCR,2023-Q1,,3.7191,SEK
MYCR,2023-Q2,,3.5091,SEK
MYCR,2023-Q3,,3.7802,SEK
MYCR,2023-Q4,,5.1113,SEK
MYCR,2024-Q1,2024-04-18,6.8528,SEK
MYCR,2024-Q2,,7.6369,SEK
MYCR,2024-Q3,,8.8818,SEK
MYCR,2024-Q4,,8.6255,SEK
MYCR,2025-Q1,2025-04-25,9.2957,SEK
MYCR,2025-Q2,2025-07-11,10.1104,SEK
MYCR,2025-Q3,2025-10-23,8.9264,SEK
MYCR,2025-Q4,2026-02-05,7.9882,SEK
MYCR,2026-Q1,2026-04-24,8.4752,SEK
MYCR,2026-Q2,2026-07-14,8.889,SEK
NDA SE,2024-Q1,,1.4604,EUR
NDA SE,2024-Q2,,1.4515,EUR
NDA SE,2024-Q3,,1.429,EUR
NDA SE,2024-Q4,,1.4355,EUR
NDA SE,2025-Q1,,1.3993,EUR
NDA SE,2025-Q2,,1.3759,EUR
NDA SE,2025-Q3,,1.3651,EUR
NDA SE,2025-Q4,,1.39,EUR
NDA SE,2026-Q1,,1.3792,EUR
NDA SE,2026-Q2,,1.3861,EUR
NEWA B,2018-Q3,,2.6259,SEK
NEWA B,2018-Q4,,2.739,SEK
NEWA B,2019-Q1,,2.8925,SEK
NEWA B,2019-Q2,,3.3673,SEK
NEWA B,2019-Q3,,3.4118,SEK
NEWA B,2019-Q4,,3.4676,SEK
NEWA B,2020-Q1,,2.9943,SEK
NEWA B,2020-Q2,,2.273,SEK
NEWA B,2020-Q3,,2.4539,SEK
NEWA B,2020-Q4,,2.7546,SEK
NEWA B,2021-Q1,,3.5422,SEK
NEWA B,2021-Q2,,5.8295,SEK
NEWA B,2021-Q3,,6.4091,SEK
NEWA B,2021-Q4,,7.1499,SEK
NEWA B,2022-Q1,,7.789,SEK
NEWA B,2022-Q2,,6.9442,SEK
NEWA B,2022-Q3,,7.7506,SEK
NEWA B,2022-Q4,,8.8087,SEK
NEWA B,2023-Q1,,9.3265,SEK
NEWA B,2023-Q2,,9.2865,SEK
NEWA B,2023-Q3,2023-11-07,9.0363,SEK
NEWA B,2023-Q4,,8.4341,SEK
NEWA B,2024-Q1,2024-04-25,7.6737,SEK
NEWA B,2024-Q2,2024-08-15,7.3029,SEK
NEWA B,2024-Q3,2024-11-07,6.8002,SEK
NEWA B,2024-Q4,,6.6352,SEK
NEWA B,2025-Q1,2025-04-24,6.8138,SEK
NEWA B,2025-Q2,2025-08-14,6.4867,SEK
NEWA B,2025-Q3,2025-11-07,6.1988,SEK
NEWA B,2025-Q4,2026-02-05,5.9086,SEK
NEWA B,2026-Q1,2026-04-23,5.788,SEK
NEWA B,2026-Q2,2026-08-20,6.0518,SEK
NIBE B,2018-Q3,,0.9693,SEK
NIBE B,2018-Q4,,1.0296,SEK
NIBE B,2019-Q1,,1.0679,SEK
NIBE B,2019-Q2,,1.0719,SEK
NIBE B,2019-Q3,,1.0843,SEK
NIBE B,2019-Q4,,1.0764,SEK
NIBE B,2020-Q1,,1.0798,SEK
NIBE B,2020-Q2,,1.0957,SEK
NIBE B,2020-Q3,,1.1552,SEK
NIBE B,2020-Q4,,1.4216,SEK
NIBE B,2021-Q1,,1.5267,SEK
NIBE B,2021-Q2,,1.7346,SEK
NIBE B,2021-Q3,,1.8055,SEK
NIBE B,2021-Q4,,1.6468,SEK
NIBE B,2022-Q1,,1.6607,SEK
NIBE B,2022-Q2,,1.8179,SEK
NIBE B,2022-Q3,,1.9216,SEK
NIBE B,2022-Q4,,2.1582,SEK
NIBE B,2023-Q1,,2.4597,SEK
NIBE B,2023-Q2,,2.5108,SEK
NIBE B,2023-Q3,2023-11-15,2.5664,SEK
NIBE B,2023-Q4,2024-02-16,2.3734,SEK
NIBE B,2024-Q1,2024-05-16,1.3184,SEK
NIBE B,2024-Q2,2024-08-16,0.7728,SEK
NIBE B,2024-Q3,2024-11-15,0.3849,SEK
NIBE B,2024-Q4,2025-02-14,0.5818,SEK
NIBE B,2025-Q1,2025-05-15,1.2014,SEK
NIBE B,2025-Q2,2025-08-22,1.3368,SEK
NIBE B,2025-Q3,2025-11-14,1.4236,SEK
NIBE B,2025-Q4,2026-02-12,1.1294,SEK
NIBE B,2026-Q1,2026-05-19,1.1855,SEK
NIBE B,2026-Q2,2026-08-21,1.314,SEK
NMAN,2018-Q3,,5.3267,SEK
NMAN,2018-Q4,,5.7964,SEK
NMAN,2019-Q1,,6.063,SEK
NMAN,2019-Q2,,6.3632,SEK
NMAN,2019-Q3,,6.9278,SEK
NMAN,2019-Q4,,6.4345,SEK
NMAN,2020-Q1,,6.0924,SEK
NMAN,2020-Q2,,4.2458,SEK
NMAN,2020-Q3,,3.6389,SEK
NMAN,2020-Q4,,3.1459,SEK
NMAN,2021-Q1,,3.8013,SEK
NMAN,2021-Q2,,6.4543,SEK
NMAN,2021-Q3,,7.8648,SEK
NMAN,2021-Q4,,8.6997,SEK
NMAN,2022-Q1,,9.0787,SEK
NMAN,2022-Q2,,8.8507,SEK
NMAN,2022-Q3,,9.1813,SEK
NMAN,2022-Q4,,9.3665,SEK
NMAN,2023-Q1,,9.5745,SEK
NMAN,2023-Q2,,10.3059,SEK
NMAN,2023-Q3,,10.0999,SEK
NMAN,2023-Q4,,9.7116,SEK
NMAN,2024-Q1,,10.064,SEK
NMAN,2024-Q2,,9.972,SEK
NMAN,2024-Q3,,9.5442,SEK
NMAN,2024-Q4,,9.8312,SEK
NMAN,2025-Q1,,8.9534,SEK
NMAN,2025-Q2,,8.1696,SEK
NMAN,2025-Q3,,8.4309,SEK
NMAN,2025-Q4,,7.7988,SEK
NMAN,2026-Q1,,7.4291,SEK
NMAN,2026-Q2,2026-07-16,6.983,SEK
NOLA B,2018-Q3,,2.8154,SEK
NOLA B,2018-Q4,,2.7297,SEK
NOLA B,2019-Q1,,2.4459,SEK
NOLA B,2019-Q2,,2.357,SEK
NOLA B,2019-Q3,,2.4769,SEK
NOLA B,2019-Q4,,2.6538,SEK
NOLA B,2020-Q1,,2.8238,SEK
NOLA B,2020-Q2,,2.9214,SEK
NOLA B,2020-Q3,,3.0102,SEK
NOLA B,2020-Q4,,3.0221,SEK
NOLA B,2021-Q1,,3.1985,SEK
NOLA B,2021-Q2,,3.5031,SEK
NOLA B,2021-Q3,,3.6679,SEK
NOLA B,2021-Q4,,4.3139,SEK
NOLA B,2022-Q1,,4.2169,SEK
NOLA B,2022-Q2,,3.839,SEK
NOLA B,2022-Q3,,3.4784,SEK
NOLA B,2022-Q4,,2.5874,SEK
NOLA B,2023-Q1,,2.3462,SEK
NOLA B,2023-Q2,,2.2162,SEK
NOLA B,2023-Q3,2023-10-26,1.8784,SEK
NOLA B,2023-Q4,2024-02-06,1.6148,SEK
NOLA B,2024-Q1,2024-05-06,1.7114,SEK
NOLA B,2024-Q2,2024-07-18,1.7633,SEK
NOLA B,2024-Q3,2024-10-25,2.116,SEK
NOLA B,2024-Q4,2025-02-07,2.4427,SEK
NOLA B,2025-Q1,2025-05-06,2.58,SEK
NOLA B,2025-Q2,2025-07-18,2.7396,SEK
NOLA B,2025-Q3,2025-10-28,2.929,SEK
NOLA B,2025-Q4,2026-02-05,2.8844,SEK
NOLA B,2026-Q1,,2.8176,SEK
NOLA B,2026-Q2,2026-07-17,2.658,SEK
NORION,2018-Q3,,3.6181,SEK
NORION,2018-Q4,,3.7827,SEK
NORION,2019-Q1,,4.0907,SEK
NORION,2019-Q2,,4.1719,SEK
NORION,2019-Q3,,4.2455,SEK
NORION,2019-Q4,,-0.0535,SEK
NORION,2020-Q1,,-0.9098,SEK
NORION,2020-Q2,,-1.6028,SEK
NORION,2020-Q3,,-2.266,SEK
NORION,2020-Q4,,1.4659,SEK
NORION,2021-Q1,,1.9281,SEK
NORION,2021-Q2,,2.3907,SEK
NORION,2021-Q3,,2.8824,SEK
NORION,2021-Q4,,3.53,SEK
NORION,2022-Q1,,4.0705,SEK
NORION,2022-Q2,,4.3431,SEK
NORION,2022-Q3,,4.796,SEK
NORION,2022-Q4,,5.3072,SEK
NORION,2023-Q1,,5.5214,SEK
NORION,2023-Q2,,6.0132,SEK
NORION,2023-Q3,2023-10-20,6.1203,SEK
NORION,2023-Q4,2024-02-07,6.0132,SEK
NORION,2024-Q1,2024-04-23,6.1252,SEK
NORION,2024-Q2,2024-07-12,6.1155,SEK
NORION,2024-Q3,2024-10-18,6.1349,SEK
NORION,2024-Q4,,6.0862,SEK
NORION,2025-Q1,2025-04-24,6.5634,SEK
NORION,2025-Q2,2025-07-14,6.7854,SEK
NORION,2025-Q3,2025-10-17,6.983,SEK
NORION,2025-Q4,2026-02-05,7.108,SEK
NORION,2026-Q1,2026-04-23,6.6353,SEK
NORION,2026-Q2,2026-08-15,6.0195,SEK
PACT,2018-Q3,,4.4836,SEK
PACT,2018-Q4,,4.6268,SEK
PACT,2019-Q1,,4.4837,SEK
PACT,2019-Q2,,3.6678,SEK
PACT,2019-Q3,,3.5367,SEK
PACT,2019-Q4,,2.9139,SEK
PACT,2020-Q1,,3.0851,SEK
PACT,2020-Q2,,3.0851,SEK
PACT,2020-Q3,,3.0851,SEK
PACT,2020-Q4,,3.0851,SEK
PACT,2021-Q1,,3.0851,SEK
PACT,2021-Q2,,3.0851,SEK
PACT,2021-Q3,,3.0851,SEK
PACT,2021-Q4,,3.0851,SEK
PACT,2022-Q1,,3.0851,SEK
PACT,2022-Q2,,3.0851,SEK
PACT,2022-Q3,,3.0851,SEK
PACT,2022-Q4,,3.0851,SEK
PACT,2023-Q1,,3.0851,SEK
PACT,2023-Q2,,3.0851,SEK
PACT,2023-Q3,2023-10-27,3.0851,SEK
PACT,2023-Q4,,3.0851,SEK
PACT,2024-Q1,2024-05-07,3.0851,SEK
PACT,2024-Q2,2024-07-12,3.0851,SEK
PACT,2024-Q3,2024-10-25,3.0851,SEK
PACT,2024-Q4,2025-02-11,3.0851,SEK
PACT,2025-Q1,2025-05-06,3.0851,SEK
PACT,2025-Q2,2025-07-14,3.0851,SEK
PACT,2025-Q3,2025-10-24,3.0851,SEK
PACT,2025-Q4,2026-02-10,3.0851,SEK
PACT,2026-Q1,2026-05-05,5.8811,SEK
PACT,2026-Q2,2026-07-16,7.4491,SEK
PEAB B,2018-Q3,,6.997,SEK
PEAB B,2018-Q4,,7.1205,SEK
PEAB B,2019-Q1,,7.1399,SEK
PEAB B,2019-Q2,,7.5332,SEK
PEAB B,2019-Q3,,7.4823,SEK
PEAB B,2019-Q4,,7.0924,SEK
PEAB B,2020-Q1,,6.5669,SEK
PEAB B,2020-Q2,,6.0751,SEK
PEAB B,2020-Q3,,6.926,SEK
PEAB B,2020-Q4,,10.7876,SEK
PEAB B,2021-Q1,,10.218,SEK
PEAB B,2021-Q2,,10.3267,SEK
PEAB B,2021-Q3,,10.1233,SEK
PEAB B,2021-Q4,,8.0586,SEK
PEAB B,2022-Q1,,8.2994,SEK
PEAB B,2022-Q2,,8.354,SEK
PEAB B,2022-Q3,,8.1504,SEK
PEAB B,2022-Q4,,6.2909,SEK
PEAB B,2023-Q1,,6.2641,SEK
PEAB B,2023-Q2,,8.3964,SEK
PEAB B,2023-Q3,2023-10-27,8.1229,SEK
PEAB B,2023-Q4,2024-02-02,6.916,SEK
PEAB B,2024-Q1,2024-05-06,6.8394,SEK
PEAB B,2024-Q2,2024-07-16,4.7765,SEK
PEAB B,2024-Q3,2024-10-25,5.1556,SEK
PEAB B,2024-Q4,2025-02-06,8.3214,SEK
PEAB B,2025-Q1,2025-05-06,7.1821,SEK
PEAB B,2025-Q2,2025-07-15,5.3592,SEK
PEAB B,2025-Q3,2025-10-24,5.718,SEK
PEAB B,2025-Q4,2026-02-04,4.7362,SEK
PEAB B,2026-Q1,2026-04-29,5.4622,SEK
PEAB B,2026-Q2,2026-07-14,7.3157,SEK
PLAZ B,2018-Q3,,14.3359,SEK
PLAZ B,2018-Q4,,12.5578,SEK
PLAZ B,2019-Q1,,11.6846,SEK
PLAZ B,2019-Q2,,11.7681,SEK
PLAZ B,2019-Q3,,12.0351,SEK
PLAZ B,2019-Q4,,12.1937,SEK
PLAZ B,2020-Q1,,13.5124,SEK
PLAZ B,2020-Q2,,12.3356,SEK
PLAZ B,2020-Q3,,12.6778,SEK
PLAZ B,2020-Q4,,11.3925,SEK
PLAZ B,2021-Q1,,10.8667,SEK
PLAZ B,2021-Q2,,13.1285,SEK
PLAZ B,2021-Q3,,13.7044,SEK
PLAZ B,2021-Q4,,14.2385,SEK
PLAZ B,2022-Q1,,22.7432,SEK
PLAZ B,2022-Q2,,33.902,SEK
PLAZ B,2022-Q3,,32.7002,SEK
PLAZ B,2022-Q4,,26.6659,SEK
PLAZ B,2023-Q1,,15.7826,SEK
PLAZ B,2023-Q2,,-1.8028,SEK
PLAZ B,2023-Q3,,-6.7604,SEK
PLAZ B,2023-Q4,,-7.4364,SEK
PLAZ B,2024-Q1,,-6.1678,SEK
PLAZ B,2024-Q2,,-4.0646,SEK
PLAZ B,2024-Q3,,-2.4538,SEK
PLAZ B,2024-Q4,,2.9545,SEK
PLAZ B,2025-Q1,,2.579,SEK
PLAZ B,2025-Q2,,3.3885,SEK
PLAZ B,2025-Q3,,5.884,SEK
PLAZ B,2025-Q4,,5.8277,SEK
PLAZ B,2026-Q1,,6.5382,SEK
PLAZ B,2026-Q2,2026-07-03,6.119,SEK
PNDX B,2018-Q3,,19.6804,SEK
PNDX B,2018-Q4,,16.8333,SEK
PNDX B,2019-Q1,,16.5731,SEK
PNDX B,2019-Q2,,16.5672,SEK
PNDX B,2019-Q3,,13.0448,SEK
PNDX B,2019-Q4,,15.7136,SEK
PNDX B,2020-Q1,,9.6558,SEK
PNDX B,2020-Q2,,3.3296,SEK
PNDX B,2020-Q3,,1.324,SEK
PNDX B,2020-Q4,,-7.6095,SEK
PNDX B,2021-Q1,,-3.7585,SEK
PNDX B,2021-Q2,,-2.0016,SEK
PNDX B,2021-Q3,,0.2774,SEK
PNDX B,2021-Q4,,3.3179,SEK
PNDX B,2022-Q1,,8.7626,SEK
PNDX B,2022-Q2,,16.2524,SEK
PNDX B,2022-Q3,,23.6878,SEK
PNDX B,2022-Q4,,22.9372,SEK
PNDX B,2023-Q1,,16.0946,SEK
PNDX B,2023-Q2,,10.204,SEK
PNDX B,2023-Q3,,3.5246,SEK
PNDX B,2023-Q4,2024-02-08,-3.1819,SEK
PNDX B,2024-Q1,2024-04-25,0.4243,SEK
PNDX B,2024-Q2,2024-07-12,2.6924,SEK
PNDX B,2024-Q3,2024-10-24,-0.0093,SEK
PNDX B,2024-Q4,2025-02-06,9.0144,SEK
PNDX B,2025-Q1,2025-04-29,7.1637,SEK
PNDX B,2025-Q2,2025-07-11,6.947,SEK
PNDX B,2025-Q3,2025-10-23,10.4212,SEK
PNDX B,2025-Q4,2026-02-05,16.1303,SEK
PNDX B,2026-Q1,2026-04-29,18.8384,SEK
PNDX B,2026-Q2,2026-07-15,16.3667,SEK
REJL B,2018-Q3,,0.221,SEK
REJL B,2018-Q4,,0.8495,SEK
REJL B,2019-Q1,,2.3386,SEK
REJL B,2019-Q2,,4.1354,SEK
REJL B,2019-Q3,,4.1188,SEK
REJL B,2019-Q4,,4.1702,SEK
REJL B,2020-Q1,,3.9176,SEK
REJL B,2020-Q2,,3.5364,SEK
REJL B,2020-Q3,,3.161,SEK
REJL B,2020-Q4,,2.5682,SEK
REJL B,2021-Q1,,2.8364,SEK
REJL B,2021-Q2,,3.9094,SEK
REJL B,2021-Q3,,4.3465,SEK
REJL B,2021-Q4,,5.4791,SEK
REJL B,2022-Q1,,6.2354,SEK
REJL B,2022-Q2,,6.6764,SEK
REJL B,2022-Q3,,7.4184,SEK
REJL B,2022-Q4,,9.5437,SEK
REJL B,2023-Q1,,9.595,SEK
REJL B,2023-Q2,,9.7114,SEK
REJL B,2023-Q3,,8.9795,SEK
REJL B,2023-Q4,,8.5007,SEK
REJL B,2024-Q1,,9.0316,SEK
REJL B,2024-Q2,2024-07-15,9.0449,SEK
REJL B,2024-Q3,2024-10-24,9.5174,SEK
REJL B,2024-Q4,2025-02-06,10.0331,SEK
REJL B,2025-Q1,2025-04-24,10.0783,SEK
REJL B,2025-Q2,2025-07-15,9.684,SEK
REJL B,2025-Q3,2025-10-23,9.6533,SEK
REJL B,2025-Q4,2026-02-05,8.8047,SEK
REJL B,2026-Q1,2026-04-29,7.9833,SEK
REJL B,2026-Q2,2026-07-15,7.4602,SEK
SAAB B,2018-Q3,,1.819,SEK
SAAB B,2018-Q4,,2.7673,SEK
SAAB B,2019-Q1,,2.9897,SEK
SAAB B,2019-Q2,,3.4049,SEK
SAAB B,2019-Q3,,4.111,SEK
SAAB B,2019-Q4,,3.7053,SEK
SAAB B,2020-Q1,,3.588,SEK
SAAB B,2020-Q2,,3.7551,SEK
SAAB B,2020-Q3,,2.5391,SEK
SAAB B,2020-Q4,,2.0056,SEK
SAAB B,2021-Q1,,2.1167,SEK
SAAB B,2021-Q2,,2.0881,SEK
SAAB B,2021-Q3,,3.3567,SEK
SAAB B,2021-Q4,,3.6166,SEK
SAAB B,2022-Q1,,3.545,SEK
SAAB B,2022-Q2,,3.3856,SEK
SAAB B,2022-Q3,,3.3998,SEK
SAAB B,2022-Q4,,4.0998,SEK
SAAB B,2023-Q1,,4.7977,SEK
SAAB B,2023-Q2,,5.4497,SEK
SAAB B,2023-Q3,2023-10-26,6.0911,SEK
SAAB B,2023-Q4,2024-02-09,6.2823,SEK
SAAB B,2024-Q1,2024-04-26,6.3476,SEK
SAAB B,2024-Q2,2024-07-19,6.763,SEK
SAAB B,2024-Q3,2024-10-22,7.3439,SEK
SAAB B,2024-Q4,2025-02-07,7.7302,SEK
SAAB B,2025-Q1,2025-04-25,8.6522,SEK
SAAB B,2025-Q2,2025-07-18,9.6232,SEK
SAAB B,2025-Q3,2025-10-24,9.601,SEK
SAAB B,2025-Q4,2026-02-05,11.6779,SEK
SAAB B,2026-Q1,2026-04-23,11.9834,SEK
SAAB B,2026-Q2,2026-07-17,13.1159,SEK
SAGA A,2018-Q3,,8.1194,SEK
SAGA A,2018-Q4,,6.5824,SEK
SAGA A,2019-Q1,,6.69,SEK
SAGA A,2019-Q2,,6.705,SEK
SAGA A,2019-Q3,,7.1737,SEK
SAGA A,2019-Q4,,9.3067,SEK
SAGA A,2020-Q1,,9.3067,SEK
SAGA A,2020-Q2,,9.3067,SEK
SAGA A,2020-Q3,,9.3067,SEK
SAGA A,2020-Q4,,9.3067,SEK
SAGA A,2021-Q1,,11.5655,SEK
SAGA A,2021-Q2,,15.5516,SEK
SAGA A,2021-Q3,,16.7654,SEK
SAGA A,2021-Q4,,22.0759,SEK
SAGA A,2022-Q1,,20.7743,SEK
SAGA A,2022-Q2,,16.3075,SEK
SAGA A,2022-Q3,,14.2624,SEK
SAGA A,2022-Q4,,6.1143,SEK
SAGA A,2023-Q1,,1.9558,SEK
SAGA A,2023-Q2,,1.7125,SEK
SAGA A,2023-Q3,,1.5279,SEK
SAGA A,2023-Q4,,-0.0294,SEK
SAGA A,2024-Q1,,2.8962,SEK
SAGA A,2024-Q2,,4.8814,SEK
SAGA A,2024-Q3,,8.2164,SEK
SAGA A,2024-Q4,,11.307,SEK
SAGA A,2025-Q1,,10.8718,SEK
SAGA A,2025-Q2,,9.792,SEK
SAGA A,2025-Q3,,6.989,SEK
SAGA A,2025-Q4,,8.711,SEK
SAGA A,2026-Q1,,9.7826,SEK
SAGA A,2026-Q2,,12.6443,SEK
SAVE,2020-Q4,,605.5776,SEK
SAVE,2021-Q1,,306.9335,SEK
SAVE,2021-Q2,,6.6532,SEK
SAVE,2021-Q3,,7.1411,SEK
SAVE,2021-Q4,,7.8019,SEK
SAVE,2022-Q1,,7.0865,SEK
SAVE,2022-Q2,,6.2499,SEK
SAVE,2022-Q3,,6.1877,SEK
SAVE,2022-Q4,,6.3322,SEK
SAVE,2023-Q1,,6.8841,SEK
SAVE,2023-Q2,,8.2545,SEK
SAVE,2023-Q3,2023-10-24,9.2132,SEK
SAVE,2023-Q4,2024-01-30,9.7921,SEK
SAVE,2024-Q1,2024-04-23,10.0444,SEK
SAVE,2024-Q2,2024-07-23,10.6475,SEK
SAVE,2024-Q3,2024-10-25,10.8503,SEK
SAVE,2024-Q4,2025-01-28,10.8562,SEK
SAVE,2025-Q1,2025-04-24,11.2393,SEK
SAVE,2025-Q2,2025-07-18,11.2215,SEK
SAVE,2025-Q3,2025-10-21,11.3318,SEK
SAVE,2025-Q4,2026-01-28,11.8181,SEK
SAVE,2026-Q1,2026-04-24,12.0071,SEK
SAVE,2026-Q2,2026-07-17,12.9682,SEK
SCA B,2018-Q3,,4.8352,SEK
SCA B,2018-Q4,,5.2097,SEK
SCA B,2019-Q1,,5.5073,SEK
SCA B,2019-Q2,,4.9306,SEK
SCA B,2019-Q3,,4.5975,SEK
SCA B,2019-Q4,,22.1003,SEK
SCA B,2020-Q1,,21.4952,SEK
SCA B,2020-Q2,,21.1464,SEK
SCA B,2020-Q3,,18.7045,SEK
SCA B,2020-Q4,,1.0921,SEK
SCA B,2021-Q1,,1.5463,SEK
SCA B,2021-Q2,,3.0042,SEK
SCA B,2021-Q3,,6.961,SEK
SCA B,2021-Q4,,8.6866,SEK
SCA B,2022-Q1,,10.0507,SEK
SCA B,2022-Q2,,10.9847,SEK
SCA B,2022-Q3,,10.7398,SEK
SCA B,2022-Q4,,9.6619,SEK
SCA B,2023-Q1,,8.8931,SEK
SCA B,2023-Q2,,7.1674,SEK
SCA B,2023-Q3,2023-10-27,5.7792,SEK
SCA B,2023-Q4,2024-01-26,5.2325,SEK
SCA B,2024-Q1,2024-04-26,4.6188,SEK
SCA B,2024-Q2,2024-07-26,4.6658,SEK
SCA B,2024-Q3,2024-10-25,5.2296,SEK
SCA B,2024-Q4,2025-01-31,5.1812,SEK
SCA B,2025-Q1,2025-04-25,5.1969,SEK
SCA B,2025-Q2,2025-07-25,5.3791,SEK
SCA B,2025-Q3,2025-10-24,5.0403,SEK
SCA B,2025-Q4,2026-01-30,4.5633,SEK
SCA B,2026-Q1,2026-04-24,3.9653,SEK
SCA B,2026-Q2,2026-07-22,3.1609,SEK
SCST,2018-Q3,,2.8625,SEK
SCST,2018-Q4,,3.0734,SEK
SCST,2019-Q1,,3.5034,SEK
SCST,2019-Q2,,3.7721,SEK
SCST,2019-Q3,,4.0752,SEK
SCST,2019-Q4,,3.5727,SEK
SCST,2020-Q1,,2.9784,SEK
SCST,2020-Q2,,3.3872,SEK
SCST,2020-Q3,,3.4744,SEK
SCST,2020-Q4,,3.1998,SEK
SCST,2021-Q1,,3.5357,SEK
SCST,2021-Q2,,2.9606,SEK
SCST,2021-Q3,,1.7948,SEK
SCST,2021-Q4,,1.5528,SEK
SCST,2022-Q1,,0.822,SEK
SCST,2022-Q2,,0.289,SEK
SCST,2022-Q3,,0.289,SEK
SCST,2022-Q4,,0.289,SEK
SCST,2023-Q1,,0.289,SEK
SCST,2023-Q2,,0.289,SEK
SCST,2023-Q3,2023-10-26,3.9386,SEK
SCST,2023-Q4,,4.0907,SEK
SCST,2024-Q1,2024-05-03,4.334,SEK
SCST,2024-Q2,2024-07-17,4.3036,SEK
SCST,2024-Q3,,4.5773,SEK
SCST,2024-Q4,2025-02-06,4.1819,SEK
SCST,2025-Q1,,4.1211,SEK
SCST,2025-Q2,2025-07-17,4.3181,SEK
SCST,2025-Q3,2025-10-23,4.7103,SEK
SCST,2025-Q4,2026-02-05,5.5593,SEK
SCST,2026-Q1,2026-04-28,6.092,SEK
SCST,2026-Q2,2026-07-17,6.6108,SEK
SEB A,2018-Q3,,9.9816,SEK
SEB A,2018-Q4,,10.6236,SEK
SEB A,2019-Q1,,10.9458,SEK
SEB A,2019-Q2,,8.5914,SEK
SEB A,2019-Q3,,8.7025,SEK
SEB A,2019-Q4,,9.279,SEK
SEB A,2020-Q1,,8.2086,SEK
SEB A,2020-Q2,,7.5622,SEK
SEB A,2020-Q3,,7.5584,SEK
SEB A,2020-Q4,,7.2354,SEK
SEB A,2021-Q1,,8.918,SEK
SEB A,2021-Q2,,10.3276,SEK
SEB A,2021-Q3,,11.1771,SEK
SEB A,2021-Q4,,11.6674,SEK
SEB A,2022-Q1,,11.8578,SEK
SEB A,2022-Q2,,11.5494,SEK
SEB A,2022-Q3,,11.9081,SEK
SEB A,2022-Q4,,12.5378,SEK
SEB A,2023-Q1,,14.0012,SEK
SEB A,2023-Q2,,15.9147,SEK
SEB A,2023-Q3,2023-10-25,17.5432,SEK
SEB A,2023-Q4,2024-01-25,18.0663,SEK
SEB A,2024-Q1,2024-04-24,18.206,SEK
SEB A,2024-Q2,2024-07-16,18.121,SEK
SEB A,2024-Q3,2024-10-24,17.6636,SEK
SEB A,2024-Q4,2025-01-29,17.3148,SEK
SEB A,2025-Q1,2025-04-29,16.6017,SEK
SEB A,2025-Q2,2025-07-16,16.1497,SEK
SEB A,2025-Q3,2025-10-23,15.409,SEK
SEB A,2025-Q4,2026-01-29,15.4297,SEK
SEB A,2026-Q1,2026-04-29,15.3713,SEK
SEB A,2026-Q2,2026-07-15,15.6768,SEK
SECARE,2018-Q3,,0.27,SEK
SECARE,2018-Q4,,0.2948,SEK
SECARE,2019-Q1,,0.3427,SEK
SECARE,2019-Q2,,0.3551,SEK
SECARE,2019-Q3,,0.3796,SEK
SECARE,2019-Q4,,0.3792,SEK
SECARE,2020-Q1,,0.3782,SEK
SECARE,2020-Q2,,0.3565,SEK
SECARE,2020-Q3,,0.4103,SEK
SECARE,2020-Q4,,0.5337,SEK
SECARE,2021-Q1,,0.6806,SEK
SECARE,2021-Q2,,0.9233,SEK
SECARE,2021-Q3,,1.008,SEK
SECARE,2021-Q4,,0.9787,SEK
SECARE,2022-Q1,,0.8037,SEK
SECARE,2022-Q2,,0.9872,SEK
SECARE,2022-Q3,,0.8898,SEK
SECARE,2022-Q4,,0.8229,SEK
SECARE,2023-Q1,,0.8525,SEK
SECARE,2023-Q2,,0.4642,SEK
SECARE,2023-Q3,2023-10-25,0.5506,SEK
SECARE,2023-Q4,2024-02-15,0.3692,SEK
SECARE,2024-Q1,2024-04-25,0.4504,SEK
SECARE,2024-Q2,2024-07-25,0.4794,SEK
SECARE,2024-Q3,2024-10-23,0.3905,SEK
SECARE,2024-Q4,2025-02-13,0.6222,SEK
SECARE,2025-Q1,2025-04-24,0.583,SEK
SECARE,2025-Q2,2025-07-23,0.4082,SEK
SECARE,2025-Q3,2025-10-22,0.396,SEK
SECARE,2025-Q4,2026-02-12,0.3488,SEK
SECARE,2026-Q1,2026-04-23,0.3091,SEK
SECARE,2026-Q2,2026-07-22,0.5005,SEK
SECT B,2018-Q3,,1.0849,SEK
SECT B,2018-Q4,,1.0501,SEK
SECT B,2019-Q1,,1.0941,SEK
SECT B,2019-Q2,,1.0916,SEK
SECT B,2019-Q3,,1.0445,SEK
SECT B,2019-Q4,,1.0015,SEK
SECT B,2020-Q1,,1.1862,SEK
SECT B,2020-Q2,,1.232,SEK
SECT B,2020-Q3,,1.1945,SEK
SECT B,2020-Q4,,1.3908,SEK
SECT B,2021-Q1,,1.2567,SEK
SECT B,2021-Q2,,1.43,SEK
SECT B,2021-Q3,,1.722,SEK
SECT B,2021-Q4,,1.6889,SEK
SECT B,2022-Q1,,1.7384,SEK
SECT B,2022-Q2,,1.6339,SEK
SECT B,2022-Q3,,1.5353,SEK
SECT B,2022-Q4,,1.6784,SEK
SECT B,2023-Q1,,1.7273,SEK
SECT B,2023-Q2,,1.9461,SEK
SECT B,2023-Q3,,1.9847,SEK
SECT B,2023-Q4,,2.2788,SEK
SECT B,2024-Q1,,2.2036,SEK
SECT B,2024-Q2,,2.2237,SEK
SECT B,2024-Q3,,2.3215,SEK
SECT B,2024-Q4,,1.9956,SEK
SECT B,2025-Q1,,3.0657,SEK
SECT B,2025-Q2,,2.9241,SEK
SECT B,2025-Q3,2025-09-04,3.0402,SEK
SECT B,2025-Q4,2025-12-12,3.355,SEK
SECT B,2026-Q1,2026-03-06,2.7897,SEK
SECT B,2026-Q2,2026-06-05,2.9262,SEK
SECT B,2026-Q3,,2.79,SEK
SECT B,2026-Q4,,2.93,SEK
SECU B,2018-Q3,,6.6514,SEK
SECU B,2018-Q4,,6.8694,SEK
SECU B,2019-Q1,,7.0256,SEK
SECU B,2019-Q2,,6.9405,SEK
SECU B,2019-Q3,,7.3492,SEK
SECU B,2019-Q4,,7.6478,SEK
SECU B,2020-Q1,,7.261,SEK
SECU B,2020-Q2,,6.6942,SEK
SECU B,2020-Q3,,6.2909,SEK
SECU B,2020-Q4,,5.5117,SEK
SECU B,2021-Q1,,5.719,SEK
SECU B,2021-Q2,,6.2138,SEK
SECU B,2021-Q3,,6.6397,SEK
SECU B,2021-Q4,,7.1426,SEK
SECU B,2022-Q1,,7.509,SEK
SECU B,2022-Q2,,8.0942,SEK
SECU B,2022-Q3,,7.823,SEK
SECU B,2022-Q4,,8.585,SEK
SECU B,2023-Q1,,8.3349,SEK
SECU B,2023-Q2,,8.0618,SEK
SECU B,2023-Q3,2023-11-07,2.5984,SEK
SECU B,2023-Q4,2024-02-07,2.2429,SEK
SECU B,2024-Q1,2024-05-08,2.4157,SEK
SECU B,2024-Q2,2024-07-30,2.6479,SEK
SECU B,2024-Q3,2024-11-06,8.2612,SEK
SECU B,2024-Q4,2025-02-06,9.0065,SEK
SECU B,2025-Q1,2025-05-08,9.4621,SEK
SECU B,2025-Q2,2025-07-30,9.7431,SEK
SECU B,2025-Q3,2025-11-06,8.8023,SEK
SECU B,2025-Q4,2026-02-04,8.928,SEK
SECU B,2026-Q1,2026-04-28,9.4412,SEK
SECU B,2026-Q2,2026-07-24,9.7553,SEK
SFAST,2021-Q4,,3.9651,SEK
SFAST,2022-Q1,,4.1492,SEK
SFAST,2022-Q2,,3.6547,SEK
SFAST,2022-Q3,,2.469,SEK
SFAST,2022-Q4,,0.8956,SEK
SFAST,2023-Q1,,-0.5978,SEK
SFAST,2023-Q2,,-1.0895,SEK
SFAST,2023-Q3,,-1.6382,SEK
SFAST,2023-Q4,,-1.1147,SEK
SFAST,2024-Q1,,-0.6399,SEK
SFAST,2024-Q2,,-0.493,SEK
SFAST,2024-Q3,,-0.3967,SEK
SFAST,2024-Q4,,0.1515,SEK
SFAST,2025-Q1,,0.4659,SEK
SFAST,2025-Q2,,0.6304,SEK
SFAST,2025-Q3,,0.9624,SEK
SFAST,2025-Q4,2026-02-19,1.0386,SEK
SFAST,2026-Q1,,1.343,SEK
SFAST,2026-Q2,2026-08-15,1.4545,SEK
SHB A,2018-Q3,,8.6846,SEK
SHB A,2018-Q4,,8.7965,SEK
SHB A,2019-Q1,,9.1618,SEK
SHB A,2019-Q2,,8.6464,SEK
SHB A,2019-Q3,,8.3744,SEK
SHB A,2019-Q4,,8.5549,SEK
SHB A,2020-Q1,,8.138,SEK
SHB A,2020-Q2,,8.0041,SEK
SHB A,2020-Q3,,7.8769,SEK
SHB A,2020-Q4,,7.871,SEK
SHB A,2021-Q1,,8.0947,SEK
SHB A,2021-Q2,,8.4852,SEK
SHB A,2021-Q3,,9.4306,SEK
SHB A,2021-Q4,,9.862,SEK
SHB A,2022-Q1,,10.5034,SEK
SHB A,2022-Q2,,10.2226,SEK
SHB A,2022-Q3,,10.4903,SEK
SHB A,2022-Q4,,10.8423,SEK
SHB A,2023-Q1,,11.4297,SEK
SHB A,2023-Q2,,12.9084,SEK
SHB A,2023-Q3,2023-10-18,14.0332,SEK
SHB A,2023-Q4,2024-02-07,14.6998,SEK
SHB A,2024-Q1,2024-04-24,14.5937,SEK
SHB A,2024-Q2,2024-07-17,14.4372,SEK
SHB A,2024-Q3,2024-10-23,14.0634,SEK
SHB A,2024-Q4,2025-02-05,13.8639,SEK
SHB A,2025-Q1,2025-04-30,13.7155,SEK
SHB A,2025-Q2,2025-07-16,13.0569,SEK
SHB A,2025-Q3,2025-10-22,12.4195,SEK
SHB A,2025-Q4,2026-02-04,11.9776,SEK
SHB A,2026-Q1,2026-04-22,12.0019,SEK
SHB A,2026-Q2,2026-07-15,11.8696,SEK
SHOT,2018-Q3,,4.5969,SEK
SHOT,2018-Q4,,4.6402,SEK
SHOT,2019-Q1,,5.8742,SEK
SHOT,2019-Q2,,5.2777,SEK
SHOT,2019-Q3,,5.2252,SEK
SHOT,2019-Q4,,4.9571,SEK
SHOT,2020-Q1,,-22.3485,SEK
SHOT,2020-Q2,,-35.027,SEK
SHOT,2020-Q3,,-39.0144,SEK
SHOT,2020-Q4,,-42.6252,SEK
SHOT,2021-Q1,,-21.2144,SEK
SHOT,2021-Q2,,-13.6521,SEK
SHOT,2021-Q3,,-11.5903,SEK
SHOT,2021-Q4,,-8.9498,SEK
SHOT,2022-Q1,,-6.6546,SEK
SHOT,2022-Q2,,-0.9138,SEK
SHOT,2022-Q3,,1.0194,SEK
SHOT,2022-Q4,,1.0822,SEK
SHOT,2023-Q1,,2.8029,SEK
SHOT,2023-Q2,,2.1197,SEK
SHOT,2023-Q3,2023-10-26,1.8104,SEK
SHOT,2023-Q4,2024-02-14,1.9992,SEK
SHOT,2024-Q1,2024-04-24,1.8998,SEK
SHOT,2024-Q2,2024-07-17,2.1615,SEK
SHOT,2024-Q3,2024-10-30,2.2489,SEK
SHOT,2024-Q4,2025-02-19,2.7101,SEK
SHOT,2025-Q1,2025-04-15,3.4476,SEK
SHOT,2025-Q2,2025-07-15,3.3063,SEK
SHOT,2025-Q3,2025-10-29,3.4451,SEK
SHOT,2025-Q4,2026-02-18,2.912,SEK
SHOT,2026-Q1,2026-04-22,2.9936,SEK
SHOT,2026-Q2,2026-07-15,3.3747,SEK
SINT,2018-Q3,,3.9351,SEK
SINT,2018-Q4,,4.6121,SEK
SINT,2019-Q1,,5.2044,SEK
SINT,2019-Q2,,5.5853,SEK
SINT,2019-Q3,,6.6008,SEK
SINT,2019-Q4,,6.7982,SEK
SINT,2020-Q1,,6.5584,SEK
SINT,2020-Q2,,4.9929,SEK
SINT,2020-Q3,,3.5119,SEK
SINT,2020-Q4,,3.1311,SEK
SINT,2021-Q1,,3.1734,SEK
SINT,2021-Q2,,4.3582,SEK
SINT,2021-Q3,,4.88,SEK
SINT,2021-Q4,,4.6403,SEK
SINT,2022-Q1,,4.7813,SEK
SINT,2022-Q2,,4.0761,SEK
SINT,2022-Q3,,4.5839,SEK
SINT,2022-Q4,,4.6685,SEK
SINT,2023-Q1,,4.4428,SEK
SINT,2023-Q2,,4.4146,SEK
SINT,2023-Q3,,4.8659,SEK
SINT,2023-Q4,,5.9534,SEK
SINT,2024-Q1,2024-04-24,5.9421,SEK
SINT,2024-Q2,2024-08-21,6.5532,SEK
SINT,2024-Q3,2024-11-06,6.0078,SEK
SINT,2024-Q4,2025-02-19,4.8676,SEK
SINT,2025-Q1,2025-04-30,5.0691,SEK
SINT,2025-Q2,2025-08-20,4.8325,SEK
SINT,2025-Q3,2025-11-05,3.9858,SEK
SINT,2025-Q4,2026-02-17,3.4922,SEK
SINT,2026-Q1,2026-04-29,3.1377,SEK
SINT,2026-Q2,2026-08-23,2.7122,SEK
SOBI,2018-Q3,,7.694,SEK
SOBI,2018-Q4,,8.5348,SEK
SOBI,2019-Q1,,9.6969,SEK
SOBI,2019-Q2,,8.8933,SEK
SOBI,2019-Q3,,8.446,SEK
SOBI,2019-Q4,,10.7303,SEK
SOBI,2020-Q1,,11.5483,SEK
SOBI,2020-Q2,,10.8454,SEK
SOBI,2020-Q3,,9.9885,SEK
SOBI,2020-Q4,,10.4188,SEK
SOBI,2021-Q1,,8.8445,SEK
SOBI,2021-Q2,,8.7991,SEK
SOBI,2021-Q3,,9.4294,SEK
SOBI,2021-Q4,,8.6056,SEK
SOBI,2022-Q1,,8.1238,SEK
SOBI,2022-Q2,,8.086,SEK
SOBI,2022-Q3,,8.0052,SEK
SOBI,2022-Q4,,8.4426,SEK
SOBI,2023-Q1,,10.1039,SEK
SOBI,2023-Q2,,9.9841,SEK
SOBI,2023-Q3,2023-10-30,8.8369,SEK
SOBI,2023-Q4,2024-02-08,7.3991,SEK
SOBI,2024-Q1,2024-04-25,6.3195,SEK
SOBI,2024-Q2,2024-07-16,6.262,SEK
SOBI,2024-Q3,2024-10-24,10.1881,SEK
SOBI,2024-Q4,2025-02-05,11.221,SEK
SOBI,2025-Q1,2025-04-29,11.4177,SEK
SOBI,2025-Q2,2025-07-16,12.5999,SEK
SOBI,2025-Q3,2025-10-20,-0.018,SEK
SOBI,2025-Q4,2026-02-05,1.2974,SEK
SOBI,2026-Q1,2026-04-28,2.5482,SEK
SOBI,2026-Q2,2026-07-16,3.85,SEK
SVED B,2018-Q3,,1.4364,SEK
SVED B,2018-Q4,,1.38,SEK
SVED B,2019-Q1,,1.2334,SEK
SVED B,2019-Q2,,1.2502,SEK
SVED B,2019-Q3,,1.2778,SEK
SVED B,2019-Q4,,1.4202,SEK
SVED B,2020-Q1,,1.4369,SEK
SVED B,2020-Q2,,1.4258,SEK
SVED B,2020-Q3,,1.6633,SEK
SVED B,2020-Q4,,1.6392,SEK
SVED B,2021-Q1,,1.9439,SEK
SVED B,2021-Q2,,2.3197,SEK
SVED B,2021-Q3,,2.5158,SEK
SVED B,2021-Q4,,2.0001,SEK
SVED B,2022-Q1,,2.6275,SEK
SVED B,2022-Q2,,2.719,SEK
SVED B,2022-Q3,,3.0755,SEK
SVED B,2022-Q4,,4.1228,SEK
SVED B,2023-Q1,,3.8555,SEK
SVED B,2023-Q2,,3.7532,SEK
SVED B,2023-Q3,,3.6141,SEK
SVED B,2023-Q4,2024-02-29,3.0007,SEK
SVED B,2024-Q1,2024-04-24,2.9035,SEK
SVED B,2024-Q2,2024-07-18,2.8429,SEK
SVED B,2024-Q3,2024-10-25,2.5115,SEK
SVED B,2024-Q4,,3.1731,SEK
SVED B,2025-Q1,2025-04-29,3.2147,SEK
SVED B,2025-Q2,2025-07-18,3.4202,SEK
SVED B,2025-Q3,2025-10-29,3.8115,SEK
SVED B,2025-Q4,2026-02-04,4.0749,SEK
SVED B,2026-Q1,2026-04-23,4.2202,SEK
SVED B,2026-Q2,2026-08-15,4.0326,SEK
SWEC A,2018-Q3,,3.5,SEK
SWEC A,2018-Q4,,3.4467,SEK
SWEC A,2019-Q1,,3.7067,SEK
SWEC A,2019-Q2,,3.5767,SEK
SWEC A,2019-Q3,,3.8,SEK
SWEC A,2019-Q4,,3.8367,SEK
SWEC A,2020-Q1,,3.98,SEK
SWEC A,2020-Q2,,4.0867,SEK
SWEC A,2020-Q3,,4.2133,SEK
SWEC A,2020-Q4,,3.5749,SEK
SWEC A,2021-Q1,,3.4449,SEK
SWEC A,2021-Q2,,3.6272,SEK
SWEC A,2021-Q3,,3.5539,SEK
SWEC A,2021-Q4,,4.1623,SEK
SWEC A,2022-Q1,,4.3672,SEK
SWEC A,2022-Q2,,4.4464,SEK
SWEC A,2022-Q3,,4.4816,SEK
SWEC A,2022-Q4,,4.6087,SEK
SWEC A,2023-Q1,,5.0538,SEK
SWEC A,2023-Q2,,4.9067,SEK
SWEC A,2023-Q3,,4.8715,SEK
SWEC A,2023-Q4,,4.6356,SEK
SWEC A,2024-Q1,2024-05-16,4.4493,SEK
SWEC A,2024-Q2,2024-07-16,4.9566,SEK
SWEC A,2024-Q3,2024-10-30,5.2566,SEK
SWEC A,2024-Q4,2025-02-07,5.7455,SEK
SWEC A,2025-Q1,2025-04-29,5.9718,SEK
SWEC A,2025-Q2,2025-07-16,5.8435,SEK
SWEC A,2025-Q3,2025-10-29,5.9735,SEK
SWEC A,2025-Q4,2026-02-11,6.1618,SEK
SWEC A,2026-Q1,2026-04-28,6.0118,SEK
SWEC A,2026-Q2,2026-07-17,6.3027,SEK
SWEC B,2018-Q3,,3.5,SEK
SWEC B,2018-Q4,,3.4467,SEK
SWEC B,2019-Q1,,3.7067,SEK
SWEC B,2019-Q2,,3.5767,SEK
SWEC B,2019-Q3,,3.8,SEK
SWEC B,2019-Q4,,3.8367,SEK
SWEC B,2020-Q1,,3.98,SEK
SWEC B,2020-Q2,,4.0867,SEK
SWEC B,2020-Q3,,4.2133,SEK
SWEC B,2020-Q4,,3.5749,SEK
SWEC B,2021-Q1,,3.4449,SEK
SWEC B,2021-Q2,,3.6272,SEK
SWEC B,2021-Q3,,3.5539,SEK
SWEC B,2021-Q4,,4.1623,SEK
SWEC B,2022-Q1,,4.3672,SEK
SWEC B,2022-Q2,,4.4464,SEK
SWEC B,2022-Q3,,4.4816,SEK
SWEC B,2022-Q4,,4.6087,SEK
SWEC B,2023-Q1,,5.0538,SEK
SWEC B,2023-Q2,,4.9067,SEK
SWEC B,2023-Q3,2023-10-27,4.8715,SEK
SWEC B,2023-Q4,2024-02-09,4.6356,SEK
SWEC B,2024-Q1,2024-05-16,4.4493,SEK
SWEC B,2024-Q2,2024-07-16,4.9566,SEK
SWEC B,2024-Q3,2024-10-30,5.2566,SEK
SWEC B,2024-Q4,2025-02-07,5.7455,SEK
SWEC B,2025-Q1,2025-04-29,5.9718,SEK
SWEC B,2025-Q2,2025-07-16,5.8435,SEK
SWEC B,2025-Q3,2025-10-29,5.9735,SEK
SWEC B,2025-Q4,2026-02-11,6.1618,SEK
SWEC B,2026-Q1,2026-04-28,6.0118,SEK
SWEC B,2026-Q2,2026-07-17,6.3027,SEK
SWED A,2018-Q3,,19.0353,SEK
SWED A,2018-Q4,,18.9009,SEK
SWED A,2019-Q1,,19.1034,SEK
SWED A,2019-Q2,,18.4869,SEK
SWED A,2019-Q3,,17.712,SEK
SWED A,2019-Q4,,17.5633,SEK
SWED A,2020-Q1,,11.3532,SEK
SWED A,2020-Q2,,10.9104,SEK
SWED A,2020-Q3,,11.435,SEK
SWED A,2020-Q4,,11.5007,SEK
SWED A,2021-Q1,,17.4387,SEK
SWED A,2021-Q2,,18.0784,SEK
SWED A,2021-Q3,,18.2821,SEK
SWED A,2021-Q4,,18.5666,SEK
SWED A,2022-Q1,,18.2399,SEK
SWED A,2022-Q2,,17.473,SEK
SWED A,2022-Q3,,17.6821,SEK
SWED A,2022-Q4,,19.4351,SEK
SWED A,2023-Q1,,22.0438,SEK
SWED A,2023-Q2,,25.952,SEK
SWED A,2023-Q3,2023-10-26,28.9497,SEK
SWED A,2023-Q4,2024-01-24,30.2982,SEK
SWED A,2024-Q1,2024-04-25,31.0566,SEK
SWED A,2024-Q2,2024-07-16,30.577,SEK
SWED A,2024-Q3,2024-10-23,30.7826,SEK
SWED A,2024-Q4,2025-01-23,30.8757,SEK
SWED A,2025-Q1,2025-04-29,30.665,SEK
SWED A,2025-Q2,2025-07-17,30.0386,SEK
SWED A,2025-Q3,2025-10-23,29.2716,SEK
SWED A,2025-Q4,2026-01-29,29.0007,SEK
SWED A,2026-Q1,2026-04-29,28.2414,SEK
SWED A,2026-Q2,2026-07-17,27.6204,SEK
SYSR,2018-Q4,,1.212,SEK
SYSR,2019-Q1,,1.225,SEK
SYSR,2019-Q2,,1.549,SEK
SYSR,2019-Q3,,1.8096,SEK
SYSR,2019-Q4,,2.1341,SEK
SYSR,2020-Q1,,2.2221,SEK
SYSR,2020-Q2,,1.8346,SEK
SYSR,2020-Q3,,1.6183,SEK
SYSR,2020-Q4,,1.3644,SEK
SYSR,2021-Q1,,1.3933,SEK
SYSR,2021-Q2,,1.9529,SEK
SYSR,2021-Q3,,2.3058,SEK
SYSR,2021-Q4,,2.3698,SEK
SYSR,2022-Q1,,2.5097,SEK
SYSR,2022-Q2,,2.6179,SEK
SYSR,2022-Q3,,2.9126,SEK
SYSR,2022-Q4,,2.3803,SEK
SYSR,2023-Q1,,2.6992,SEK
SYSR,2023-Q2,,5.0006,SEK
SYSR,2023-Q3,,5.132,SEK
SYSR,2023-Q4,2023-12-07,6.1007,SEK
SYSR,2024-Q1,2024-03-05,5.1924,SEK
SYSR,2024-Q2,2024-06-04,3.1121,SEK
SYSR,2024-Q3,2024-08-29,2.9479,SEK
SYSR,2024-Q4,2024-12-04,2.9145,SEK
SYSR,2025-Q1,2025-03-06,3.6529,SEK
SYSR,2025-Q2,,3.2685,SEK
SYSR,2025-Q3,2025-08-28,3.1855,SEK
SYSR,2025-Q4,2025-12-04,3.3187,SEK
SYSR,2026-Q1,2026-03-05,3.33,SEK
SYSR,2026-Q2,2026-06-10,3.6633,SEK
SYSR,2026-Q3,2026-09-04,3.8374,SEK
SYSR,2026-Q4,,3.67,SEK
TEL2 B,2018-Q3,,1.2075,SEK
TEL2 B,2018-Q4,,1.8782,SEK
TEL2 B,2019-Q1,,2.4354,SEK
TEL2 B,2019-Q2,,1.8685,SEK
TEL2 B,2019-Q3,,2.491,SEK
TEL2 B,2019-Q4,,4.1671,SEK
TEL2 B,2020-Q1,,4.1854,SEK
TEL2 B,2020-Q2,,5.1794,SEK
TEL2 B,2020-Q3,,5.3297,SEK
TEL2 B,2020-Q4,,10.1029,SEK
TEL2 B,2021-Q1,,10.1178,SEK
TEL2 B,2021-Q2,,10.5362,SEK
TEL2 B,2021-Q3,,10.3561,SEK
TEL2 B,2021-Q4,,5.7161,SEK
TEL2 B,2022-Q1,,8.0458,SEK
TEL2 B,2022-Q2,,7.6104,SEK
TEL2 B,2022-Q3,,7.549,SEK
TEL2 B,2022-Q4,,7.5718,SEK
TEL2 B,2023-Q1,,5.2231,SEK
TEL2 B,2023-Q2,,5.2871,SEK
TEL2 B,2023-Q3,2023-10-18,5.3783,SEK
TEL2 B,2023-Q4,,5.3855,SEK
TEL2 B,2024-Q1,2024-04-18,5.3159,SEK
TEL2 B,2024-Q2,2024-07-17,5.3969,SEK
TEL2 B,2024-Q3,2024-10-22,5.4569,SEK
TEL2 B,2024-Q4,2025-01-28,5.5069,SEK
TEL2 B,2025-Q1,2025-04-23,5.601,SEK
TEL2 B,2025-Q2,2025-07-17,5.9683,SEK
TEL2 B,2025-Q3,2025-10-21,6.2283,SEK
TEL2 B,2025-Q4,2026-01-28,6.5874,SEK
TEL2 B,2026-Q1,2026-04-22,14.4867,SEK
TEL2 B,2026-Q2,2026-07-16,14.5075,SEK
THULE,2018-Q3,,7.3114,SEK
THULE,2018-Q4,,8.1378,SEK
THULE,2019-Q1,,8.4378,SEK
THULE,2019-Q2,,8.7578,SEK
THULE,2019-Q3,,8.6802,SEK
THULE,2019-Q4,,8.5446,SEK
THULE,2020-Q1,,8.4298,SEK
THULE,2020-Q2,,7.4031,SEK
THULE,2020-Q3,,9.9492,SEK
THULE,2020-Q4,,11.2185,SEK
THULE,2021-Q1,,13.1233,SEK
THULE,2021-Q2,,16.47,SEK
THULE,2021-Q3,,17.06,SEK
THULE,2021-Q4,,16.96,SEK
THULE,2022-Q1,,17.71,SEK
THULE,2022-Q2,,17.29,SEK
THULE,2022-Q3,,13.7098,SEK
THULE,2022-Q4,,12.0968,SEK
THULE,2023-Q1,,9.7268,SEK
THULE,2023-Q2,,8.9248,SEK
THULE,2023-Q3,2023-10-27,10.0938,SEK
THULE,2023-Q4,,10.4738,SEK
THULE,2024-Q1,2024-04-26,10.692,SEK
THULE,2024-Q2,2024-07-17,10.8325,SEK
THULE,2024-Q3,2024-10-23,11.192,SEK
THULE,2024-Q4,2025-02-07,10.6219,SEK
THULE,2025-Q1,2025-04-28,10.2512,SEK
THULE,2025-Q2,2025-07-15,9.7122,SEK
THULE,2025-Q3,2025-10-22,9.7868,SEK
THULE,2025-Q4,2026-02-10,10.3247,SEK
THULE,2026-Q1,2026-04-29,10.5751,SEK
THULE,2026-Q2,2026-07-20,10.8071,SEK
TREL B,2018-Q3,,10.5639,SEK
TREL B,2018-Q4,,11.771,SEK
TREL B,2019-Q1,,11.5541,SEK
TREL B,2019-Q2,,11.2184,SEK
TREL B,2019-Q3,,10.7757,SEK
TREL B,2019-Q4,,-0.7341,SEK
TREL B,2020-Q1,,-0.8263,SEK
TREL B,2020-Q2,,-1.6896,SEK
TREL B,2020-Q3,,-1.7265,SEK
TREL B,2020-Q4,,10.0047,SEK
TREL B,2021-Q1,,11.0266,SEK
TREL B,2021-Q2,,12.576,SEK
TREL B,2021-Q3,,13.3765,SEK
TREL B,2021-Q4,,13.7122,SEK
TREL B,2022-Q1,,14.4465,SEK
TREL B,2022-Q2,,16.4744,SEK
TREL B,2022-Q3,,18.0504,SEK
TREL B,2022-Q4,,19.9194,SEK
TREL B,2023-Q1,,20.4388,SEK
TREL B,2023-Q2,,42.5588,SEK
TREL B,2023-Q3,2023-10-26,41.4234,SEK
TREL B,2023-Q4,,39.9701,SEK
TREL B,2024-Q1,2024-04-24,38.7048,SEK
TREL B,2024-Q2,2024-07-18,15.0357,SEK
TREL B,2024-Q3,2024-10-24,14.9222,SEK
TREL B,2024-Q4,2025-01-28,15.7263,SEK
TREL B,2025-Q1,2025-04-24,15.7428,SEK
TREL B,2025-Q2,2025-07-17,15.6398,SEK
TREL B,2025-Q3,2025-10-24,16.0499,SEK
TREL B,2025-Q4,2026-01-29,15.7581,SEK
TREL B,2026-Q1,2026-04-23,16.036,SEK
TREL B,2026-Q2,2026-07-16,16.8458,SEK
VBG B,2018-Q3,,9.729,SEK
VBG B,2018-Q4,,10.9186,SEK
VBG B,2019-Q1,,11.9381,SEK
VBG B,2019-Q2,,12.154,SEK
VBG B,2019-Q3,,12.254,SEK
VBG B,2019-Q4,,11.9781,SEK
VBG B,2020-Q1,,11.5981,SEK
VBG B,2020-Q2,,9.1665,SEK
VBG B,2020-Q3,,9.1745,SEK
VBG B,2020-Q4,,9.0665,SEK
VBG B,2021-Q1,,10.0104,SEK
VBG B,2021-Q2,,12.8659,SEK
VBG B,2021-Q3,,13.1979,SEK
VBG B,2021-Q4,,13.4818,SEK
VBG B,2022-Q1,,13.9338,SEK
VBG B,2022-Q2,,14.2017,SEK
VBG B,2022-Q3,,13.4218,SEK
VBG B,2022-Q4,,14.7256,SEK
VBG B,2023-Q1,,15.8334,SEK
VBG B,2023-Q2,,17.3412,SEK
VBG B,2023-Q3,2023-10-24,21.1886,SEK
VBG B,2023-Q4,2024-02-20,22.7443,SEK
VBG B,2024-Q1,2024-04-25,24.892,SEK
VBG B,2024-Q2,2024-07-19,26.0758,SEK
VBG B,2024-Q3,2024-10-23,24.2121,SEK
VBG B,2024-Q4,2025-02-19,23.5202,SEK
VBG B,2025-Q1,2025-04-28,20.2687,SEK
VBG B,2025-Q2,2025-07-17,17.5572,SEK
VBG B,2025-Q3,2025-10-28,16.9333,SEK
VBG B,2025-Q4,2026-02-18,16.8813,SEK
VBG B,2026-Q1,2026-04-27,16.8293,SEK
VBG B,2026-Q2,2026-07-17,16.4133,SEK
VIT B,2018-Q3,,3.09,SEK
VIT B,2018-Q4,,3.1925,SEK
VIT B,2019-Q1,,3.3185,SEK
VIT B,2019-Q2,,3.4465,SEK
VIT B,2019-Q3,,3.5819,SEK
VIT B,2019-Q4,,3.1124,SEK
VIT B,2020-Q1,,2.9834,SEK
VIT B,2020-Q2,,3.8043,SEK
VIT B,2020-Q3,,3.9962,SEK
VIT B,2020-Q4,,4.9036,SEK
VIT B,2021-Q1,,5.3466,SEK
VIT B,2021-Q2,,5.7691,SEK
VIT B,2021-Q3,,5.1937,SEK
VIT B,2021-Q4,,5.1937,SEK
VIT B,2022-Q1,,5.1937,SEK
VIT B,2022-Q2,,5.1937,SEK
VIT B,2022-Q3,,5.1937,SEK
VIT B,2022-Q4,,6.8736,SEK
VIT B,2023-Q1,,7.1522,SEK
VIT B,2023-Q2,,8.1557,SEK
VIT B,2023-Q3,2023-10-19,8.6736,SEK
VIT B,2023-Q4,,9.0363,SEK
VIT B,2024-Q1,2024-04-18,9.2735,SEK
VIT B,2024-Q2,2024-07-12,9.876,SEK
VIT B,2024-Q3,2024-10-17,10.3412,SEK
VIT B,2024-Q4,,10.7393,SEK
VIT B,2025-Q1,2025-04-23,10.5148,SEK
VIT B,2025-Q2,2025-07-11,9.9685,SEK
VIT B,2025-Q3,2025-10-16,9.9414,SEK
VIT B,2025-Q4,2026-02-06,10.919,SEK
VIT B,2026-Q1,2026-04-23,11.3434,SEK
VIT B,2026-Q2,2026-07-14,11.6753,SEK
VITR,2018-Q3,,2.7095,SEK
VITR,2018-Q4,,2.8534,SEK
VITR,2019-Q1,,2.9813,SEK
VITR,2019-Q2,,3.1231,SEK
VITR,2019-Q3,,3.4146,SEK
VITR,2019-Q4,,3.5263,SEK
VITR,2020-Q1,,3.4758,SEK
VITR,2020-Q2,,2.7111,SEK
VITR,2020-Q3,,2.5403,SEK
VITR,2020-Q4,,2.6425,SEK
VITR,2021-Q1,,2.996,SEK
VITR,2021-Q2,,3.6793,SEK
VITR,2021-Q3,,3.7562,SEK
VITR,2021-Q4,,3.0312,SEK
VITR,2022-Q1,,2.5479,SEK
VITR,2022-Q2,,2.7176,SEK
VITR,2022-Q3,,2.6263,SEK
VITR,2022-Q4,,2.91,SEK
VITR,2023-Q1,,3.043,SEK
VITR,2023-Q2,,2.8657,SEK
VITR,2023-Q3,2023-10-27,2.9691,SEK
VITR,2023-Q4,2024-02-02,-28.4428,SEK
VITR,2024-Q1,2024-04-18,-28.332,SEK
VITR,2024-Q2,2024-07-17,-28.0588,SEK
VITR,2024-Q3,2024-10-24,-28.1042,SEK
VITR,2024-Q4,,3.7854,SEK
VITR,2025-Q1,2025-04-24,3.6744,SEK
VITR,2025-Q2,2025-07-17,3.3568,SEK
VITR,2025-Q3,,3.2543,SEK
VITR,2025-Q4,2026-02-03,-37.0101,SEK
VITR,2026-Q1,2026-04-23,-37.0027,SEK
VITR,2026-Q2,2026-07-16,-36.7885,SEK
VIVA,2021-Q4,,4.6603,SEK
VIVA,2022-Q1,,4.6125,SEK
VIVA,2022-Q2,,4.9528,SEK
VIVA,2022-Q3,,5.4823,SEK
VIVA,2022-Q4,,2.8593,SEK
VIVA,2023-Q1,,2.6004,SEK
VIVA,2023-Q2,,2.2402,SEK
VIVA,2023-Q3,,1.7111,SEK
VIVA,2023-Q4,2024-02-22,1.1933,SEK
VIVA,2024-Q1,,1.3284,SEK
VIVA,2024-Q2,2024-08-28,1.2383,SEK
VIVA,2024-Q3,2024-11-20,1.3171,SEK
VIVA,2024-Q4,2025-02-20,1.9137,SEK
VIVA,2025-Q1,2025-05-15,1.7111,SEK
VIVA,2025-Q2,2025-08-28,1.8349,SEK
VIVA,2025-Q3,2025-11-20,1.925,SEK
VIVA,2025-Q4,2026-02-19,2.3101,SEK
VIVA,2026-Q1,2026-05-07,2.3638,SEK
VIVA,2026-Q2,2026-08-20,2.3148,SEK
VOLV A,2018-Q3,,13.3757,SEK
VOLV A,2018-Q4,,12.2464,SEK
VOLV A,2019-Q1,,14.6851,SEK
VOLV A,2019-Q2,,15.6249,SEK
VOLV A,2019-Q3,,15.622,SEK
VOLV A,2019-Q4,,17.6368,SEK
VOLV A,2020-Q1,,14.717,SEK
VOLV A,2020-Q2,,9.103,SEK
VOLV A,2020-Q3,,8.2503,SEK
VOLV A,2020-Q4,,9.5011,SEK
VOLV A,2021-Q1,,11.5498,SEK
VOLV A,2021-Q2,,16.0653,SEK
VOLV A,2021-Q3,,16.7189,SEK
VOLV A,2021-Q4,,16.1243,SEK
VOLV A,2022-Q1,,15.2359,SEK
VOLV A,2022-Q2,,15.9948,SEK
VOLV A,2022-Q3,,16.7693,SEK
VOLV A,2022-Q4,,16.0931,SEK
VOLV A,2023-Q1,,18.9839,SEK
VOLV A,2023-Q2,,19.1447,SEK
VOLV A,2023-Q3,,21.8338,SEK
VOLV A,2023-Q4,,24.5069,SEK
VOLV A,2024-Q1,,25.0809,SEK
VOLV A,2024-Q2,,27.4321,SEK
VOLV A,2024-Q3,,25.4266,SEK
VOLV A,2024-Q4,,24.7805,SEK
VOLV A,2025-Q1,,22.72,SEK
VOLV A,2025-Q2,,18.7174,SEK
VOLV A,2025-Q3,,17.4993,SEK
VOLV A,2025-Q4,,16.9446,SEK
VOLV A,2026-Q1,,16.17,SEK
VOLV A,2026-Q2,,17.6252,SEK
WALL B,2018-Q3,,3.75,SEK
WALL B,2018-Q4,,4.6513,SEK
WALL B,2019-Q1,,4.6776,SEK
WALL B,2019-Q2,,3.4914,SEK
WALL B,2019-Q3,,3.5081,SEK
WALL B,2019-Q4,,4.2369,SEK
WALL B,2020-Q1,,4.1889,SEK
WALL B,2020-Q2,,4.3235,SEK
WALL B,2020-Q3,,4.1393,SEK
WALL B,2020-Q4,,2.9551,SEK
WALL B,2021-Q1,,3.596,SEK
WALL B,2021-Q2,,4.7745,SEK
WALL B,2021-Q3,,5.4966,SEK
WALL B,2021-Q4,,7.1826,SEK
WALL B,2022-Q1,,7.8922,SEK
WALL B,2022-Q2,,7.644,SEK
WALL B,2022-Q3,,7.5318,SEK
WALL B,2022-Q4,,1.6696,SEK
WALL B,2023-Q1,,-0.0863,SEK
WALL B,2023-Q2,,-1.8462,SEK
WALL B,2023-Q3,2023-10-20,-2.6666,SEK
WALL B,2023-Q4,,-0.6841,SEK
WALL B,2024-Q1,2024-04-24,-0.2501,SEK
WALL B,2024-Q2,2024-07-08,0.1936,SEK
WALL B,2024-Q3,2024-10-22,-0.5381,SEK
WALL B,2024-Q4,2025-02-06,1.1778,SEK
WALL B,2025-Q1,2025-04-28,1.5479,SEK
WALL B,2025-Q2,2025-07-07,1.4106,SEK
WALL B,2025-Q3,2025-10-21,2.8805,SEK
WALL B,2025-Q4,2026-02-05,3.9841,SEK
WALL B,2026-Q1,,3.8007,SEK
WALL B,2026-Q2,2026-07-06,4.1556,SEK
WIHL,2018-Q3,,8.265,SEK
WIHL,2018-Q4,,7.8131,SEK
WIHL,2019-Q1,,7.8398,SEK
WIHL,2019-Q2,,7.8285,SEK
WIHL,2019-Q3,,7.5173,SEK
WIHL,2019-Q4,,9.508,SEK
WIHL,2020-Q1,,9.6153,SEK
WIHL,2020-Q2,,8.7956,SEK
WIHL,2020-Q3,,9.9992,SEK
WIHL,2020-Q4,,7.2278,SEK
WIHL,2021-Q1,,7.6636,SEK
WIHL,2021-Q2,,8.2004,SEK
WIHL,2021-Q3,,7.7222,SEK
WIHL,2021-Q4,,10.8904,SEK
WIHL,2022-Q1,,11.9899,SEK
WIHL,2022-Q2,,12.6535,SEK
WIHL,2022-Q3,,11.9248,SEK
WIHL,2022-Q4,,7.4424,SEK
WIHL,2023-Q1,,5.6176,SEK
WIHL,2023-Q2,,4.4368,SEK
WIHL,2023-Q3,2023-10-24,1.994,SEK
WIHL,2023-Q4,,-0.0878,SEK
WIHL,2024-Q1,2024-04-23,0.2147,SEK
WIHL,2024-Q2,2024-07-08,0.1496,SEK
WIHL,2024-Q3,2024-10-24,1.6134,SEK
WIHL,2024-Q4,2025-02-11,5.5493,SEK
WIHL,2025-Q1,2025-04-28,5.8193,SEK
WIHL,2025-Q2,2025-07-07,6.1511,SEK
WIHL,2025-Q3,2025-10-23,7.2538,SEK
WIHL,2025-Q4,,7.2212,SEK
WIHL,2026-Q1,,7.6018,SEK
WIHL,2026-Q2,2026-08-15,7.1106,SEK
ZZ B,2018-Q3,,0.1148,SEK
ZZ B,2018-Q4,,0.198,SEK
ZZ B,2019-Q1,,0.2639,SEK
ZZ B,2019-Q2,,0.3527,SEK
ZZ B,2019-Q3,,0.2453,SEK
ZZ B,2019-Q4,,0.3231,SEK
ZZ B,2020-Q1,,0.636,SEK
ZZ B,2020-Q2,,0.7403,SEK
ZZ B,2020-Q3,,1.2654,SEK
ZZ B,2020-Q4,,1.8763,SEK
ZZ B,2021-Q1,,2.0497,SEK
ZZ B,2021-Q2,,2.4329,SEK
ZZ B,2021-Q3,,2.7199,SEK
ZZ B,2021-Q4,,2.4565,SEK
ZZ B,2022-Q1,,2.2422,SEK
ZZ B,2022-Q2,,1.9102,SEK
ZZ B,2022-Q3,,1.5587,SEK
ZZ B,2022-Q4,,1.9738,SEK
ZZ B,2023-Q1,,2.3884,SEK
ZZ B,2023-Q2,,3.1582,SEK
ZZ B,2023-Q3,2023-11-16,4.2958,SEK
ZZ B,2023-Q4,2024-02-27,4.7298,SEK
ZZ B,2024-Q1,,4.8325,SEK
ZZ B,2024-Q2,2024-08-30,5.0759,SEK
ZZ B,2024-Q3,,4.6686,SEK
ZZ B,2024-Q4,,4.5764,SEK
ZZ B,2025-Q1,2025-05-20,5.1077,SEK
ZZ B,2025-Q2,,5.2858,SEK
ZZ B,2025-Q3,2025-11-19,6.4901,SEK
ZZ B,2025-Q4,,8.5732,SEK
ZZ B,2026-Q1,2026-08-15,9.7885,SEK
ZZ B,2026-Q2,2026-08-26,10.9755,SEK
