ticker,period_end,report_period,published_at,effective_date,eps_ttm,source,verified,verified_at,notes
AAK.ST,,2024-Q1,,2024-04-25,12.39,User-supplied historical EPS TTM; report date from Yahoo/official override,True,,historical_eps_same_day_policy_v1; effective_date=report_date; report_currency=SEK; exact publication time not tracked
AAK.ST,,2024-Q2,,2024-07-18,13.14,User-supplied historical EPS TTM; report date from Yahoo/official override,True,,historical_eps_same_day_policy_v1; effective_date=report_date; report_currency=SEK; exact publication time not tracked
AAK.ST,,2024-Q3,,2024-10-24,13.39,User-supplied historical EPS TTM; report date from Yahoo/official override,True,,historical_eps_same_day_policy_v1; effective_date=report_date; report_currency=SEK; exact publication time not tracked
AAK.ST,,2024-Q4,,2025-02-05,13.62,User-supplied historical EPS TTM; report date from Yahoo/official override,True,,historical_eps_same_day_policy_v1; effective_date=report_date; report_currency=SEK; exact publication time not tracked
AAK.ST,,2025-Q1,,2025-04-24,13.62,User-supplied historical EPS TTM; report date from Yahoo/official override,True,,historical_eps_same_day_policy_v1; effective_date=report_date; report_currency=SEK; exact publication time not tracked
AAK.ST,,2025-Q2,,2025-07-17,12.98,User-supplied historical EPS TTM; report date from Yahoo/official override,True,,historical_eps_same_day_policy_v1; effective_date=report_date; report_currency=SEK; exact publication time not tracked
AAK.ST,,2025-Q3,,2025-10-23,13.13,User-supplied historical EPS TTM; report date from Yahoo/official override,True,,historical_eps_same_day_policy_v1; effective_date=report_date; report_currency=SEK; exact publication time not tracked
AAK.ST,,2025-Q4,,2026-02-05,13.17,User-supplied historical EPS TTM; report date from Yahoo/official override,True,,historical_eps_same_day_policy_v1; effective_date=report_date; report_currency=SEK; exact publication time not tracked
AAK.ST,,2026-Q1,,2026-04-28,13.27,User-supplied historical EPS TTM; report date from Yahoo/official override,True,,historical_eps_same_day_policy_v1; effective_date=report_date; report_currency=SEK; exact publication time not tracked
AAK.ST,,2026-Q2,,2026-07-17,13.82,User-supplied historical EPS TTM; report date from Yahoo/official override,True,,historical_eps_same_day_policy_v1; effective_date=report_date; report_currency=SEK; exact publication time not tracked
ABB.ST,,2024-Q1,,2024-04-18,1.98,User-supplied historical EPS TTM; report date from Yahoo/official override,True,,historical_eps_same_day_policy_v1; effective_date=report_date; report_currency=USD; exact publication time not tracked
ABB.ST,,2024-Q2,,2024-07-18,2.07,User-supplied historical EPS TTM; report date from Yahoo/official override,True,,historical_eps_same_day_policy_v1; effective_date=report_date; report_currency=USD; exact publication time not tracked
ABB.ST,,2024-Q3,,2024-10-17,2.1,User-supplied historical EPS TTM; report date from Yahoo/official override,True,,historical_eps_same_day_policy_v1; effective_date=report_date; report_currency=USD; exact publication time not tracked
ABB.ST,,2024-Q4,,2025-01-30,2.13,User-supplied historical EPS TTM; report date from Yahoo/official override,True,,historical_eps_same_day_policy_v1; effective_date=report_date; report_currency=USD; exact publication time not tracked
ABB.ST,,2025-Q1,,2025-04-17,2.25,User-supplied historical EPS TTM; report date from Yahoo/official override,True,,historical_eps_same_day_policy_v1; effective_date=report_date; report_currency=USD; exact publication time not tracked
ABB.ST,,2025-Q2,,2025-07-17,2.29,User-supplied historical EPS TTM; report date from Yahoo/official override,True,,historical_eps_same_day_policy_v1; effective_date=report_date; report_currency=USD; exact publication time not tracked
ABB.ST,,2025-Q3,,2025-10-16,2.44,User-supplied historical EPS TTM; report date from Yahoo/official override,True,,historical_eps_same_day_policy_v1; effective_date=report_date; report_currency=USD; exact publication time not tracked
ABB.ST,,2025-Q4,,2026-01-29,2.5,User-supplied historical EPS TTM; report date from Yahoo/official override,True,,historical_eps_same_day_policy_v1; effective_date=report_date; report_currency=USD; exact publication time not tracked
ABB.ST,,2026-Q1,,2026-04-22,2.72,User-supplied historical EPS TTM; report date from Yahoo/official override,True,,historical_eps_same_day_policy_v1; effective_date=report_date; report_currency=USD; exact publication time not tracked
ABB.ST,,2026-Q2,,2026-07-16,2.75,User-supplied historical EPS TTM; report date from Yahoo/official override,True,,historical_eps_same_day_policy_v1; effective_date=report_date; report_currency=USD; exact publication time not tracked
ADDT-B.ST,,2024-Q4,,2024-05-16,6.0494,User-supplied historical EPS TTM; report date from Yahoo/official override,True,,historical_eps_same_day_policy_v1; effective_date=report_date; report_currency=SEK; exact publication time not tracked
ADDT-B.ST,,2025-Q1,,2024-07-12,6.4268,User-supplied historical EPS TTM; report date from Yahoo/official override,True,,historical_eps_same_day_policy_v1; effective_date=report_date; report_currency=SEK; exact publication time not tracked
ADDT-B.ST,,2025-Q2,,2024-10-24,6.438,User-supplied historical EPS TTM; report date from Yahoo/official override,True,,historical_eps_same_day_policy_v1; effective_date=report_date; report_currency=SEK; exact publication time not tracked
ADDT-B.ST,,2025-Q3,,2025-02-04,6.6529,User-supplied historical EPS TTM; report date from Yahoo/official override,True,,historical_eps_same_day_policy_v1; effective_date=report_date; report_currency=SEK; exact publication time not tracked
ADDT-B.ST,,2025-Q4,,2025-05-15,7.0,User-supplied historical EPS TTM; report date from Yahoo/official override,True,,historical_eps_same_day_policy_v1; effective_date=report_date; report_currency=SEK; exact publication time not tracked
ADDT-B.ST,,2026-Q1,,2025-07-15,7.2,User-supplied historical EPS TTM; report date from Yahoo/official override,True,,historical_eps_same_day_policy_v1; effective_date=report_date; report_currency=SEK; exact publication time not tracked
ADDT-B.ST,,2026-Q2,,2025-10-23,7.42,User-supplied historical EPS TTM; report date from Yahoo/official override,True,,historical_eps_same_day_policy_v1; effective_date=report_date; report_currency=SEK; exact publication time not tracked
ADDT-B.ST,,2026-Q3,,2026-02-05,7.65,User-supplied historical EPS TTM; report date from Yahoo/official override,True,,historical_eps_same_day_policy_v1; effective_date=report_date; report_currency=SEK; exact publication time not tracked
ADDT-B.ST,,2026-Q4,,2026-05-20,7.95,User-supplied historical EPS TTM; report date from Yahoo/official override,True,,historical_eps_same_day_policy_v1; effective_date=report_date; report_currency=SEK; exact publication time not tracked
ADDT-B.ST,,2027-Q1,,2026-07-14,8.23,User-supplied historical EPS TTM; report date from Yahoo/official override,True,,historical_eps_same_day_policy_v1; effective_date=report_date; report_currency=SEK; exact publication time not tracked
ALIG.ST,,2024-Q1,,2024-04-25,4.9324,User-supplied historical EPS TTM; report date from Yahoo/official override,True,,historical_eps_same_day_policy_v1; effective_date=report_date; report_currency=SEK; exact publication time not tracked
ALIG.ST,,2024-Q2,,2024-07-18,5.0647,User-supplied historical EPS TTM; report date from Yahoo/official override,True,,historical_eps_same_day_policy_v1; effective_date=report_date; report_currency=SEK; exact publication time not tracked
ALIG.ST,,2024-Q3,,2024-10-29,5.197,User-supplied historical EPS TTM; report date from Yahoo/official override,True,,historical_eps_same_day_policy_v1; effective_date=report_date; report_currency=SEK; exact publication time not tracked
ALIG.ST,,2024-Q4,,2025-02-13,5.89,User-supplied historical EPS TTM; report date from Yahoo/official override,True,,historical_eps_same_day_policy_v1; effective_date=report_date; report_currency=SEK; exact publication time not tracked
ALIG.ST,,2025-Q1,,2025-04-24,6.39,User-supplied historical EPS TTM; report date from Yahoo/official override,True,,historical_eps_same_day_policy_v1; effective_date=report_date; report_currency=SEK; exact publication time not tracked
ALIG.ST,,2025-Q2,,2025-07-18,6.78,User-supplied historical EPS TTM; report date from Yahoo/official override,True,,historical_eps_same_day_policy_v1; effective_date=report_date; report_currency=SEK; exact publication time not tracked
ALIG.ST,,2025-Q3,,2025-10-23,6.57,User-supplied historical EPS TTM; report date from Yahoo/official override,True,,historical_eps_same_day_policy_v1; effective_date=report_date; report_currency=SEK; exact publication time not tracked
ALIG.ST,,2025-Q4,,2026-02-10,5.71,User-supplied historical EPS TTM; report date from Yahoo/official override,True,,historical_eps_same_day_policy_v1; effective_date=report_date; report_currency=SEK; exact publication time not tracked
ALIG.ST,,2026-Q1,,2026-04-28,5.36,User-supplied historical EPS TTM; report date from Yahoo/official override,True,,historical_eps_same_day_policy_v1; effective_date=report_date; report_currency=SEK; exact publication time not tracked
ALIG.ST,,2026-Q2,,2026-07-17,5.2,User-supplied historical EPS TTM; report date from Yahoo/official override,True,,historical_eps_same_day_policy_v1; effective_date=report_date; report_currency=SEK; exact publication time not tracked
ALIV-SDB.ST,,2024-Q1,,2024-04-26,6.5341,User-supplied historical EPS TTM; report date from Yahoo/official override,True,,historical_eps_same_day_policy_v1; effective_date=report_date; report_currency=USD; exact publication time not tracked
ALIV-SDB.ST,,2024-Q2,,2024-07-19,7.5626,User-supplied historical EPS TTM; report date from Yahoo/official override,True,,historical_eps_same_day_policy_v1; effective_date=report_date; report_currency=USD; exact publication time not tracked
ALIV-SDB.ST,,2024-Q3,,2024-10-18,7.611,User-supplied historical EPS TTM; report date from Yahoo/official override,True,,historical_eps_same_day_policy_v1; effective_date=report_date; report_currency=USD; exact publication time not tracked
ALIV-SDB.ST,,2024-Q4,,2025-01-31,8.04,User-supplied historical EPS TTM; report date from Yahoo/official override,True,,historical_eps_same_day_policy_v1; effective_date=report_date; report_currency=USD; exact publication time not tracked
ALIV-SDB.ST,,2025-Q1,,2025-04-16,8.69,User-supplied historical EPS TTM; report date from Yahoo/official override,True,,historical_eps_same_day_policy_v1; effective_date=report_date; report_currency=USD; exact publication time not tracked
ALIV-SDB.ST,,2025-Q2,,2025-07-18,9.14,User-supplied historical EPS TTM; report date from Yahoo/official override,True,,historical_eps_same_day_policy_v1; effective_date=report_date; report_currency=USD; exact publication time not tracked
ALIV-SDB.ST,,2025-Q3,,2025-10-17,9.84,User-supplied historical EPS TTM; report date from Yahoo/official override,True,,historical_eps_same_day_policy_v1; effective_date=report_date; report_currency=USD; exact publication time not tracked
ALIV-SDB.ST,,2025-Q4,,2026-01-30,9.75,User-supplied historical EPS TTM; report date from Yahoo/official override,True,,historical_eps_same_day_policy_v1; effective_date=report_date; report_currency=USD; exact publication time not tracked
ALIV-SDB.ST,,2026-Q1,,2026-04-17,9.3,User-supplied historical EPS TTM; report date from Yahoo/official override,True,,historical_eps_same_day_policy_v1; effective_date=report_date; report_currency=USD; exact publication time not tracked
ALIV-SDB.ST,,2026-Q2,,2026-07-17,8.49,User-supplied historical EPS TTM; report date from Yahoo/official override,True,,historical_eps_same_day_policy_v1; effective_date=report_date; report_currency=USD; exact publication time not tracked
ALLEI.ST,,2024-Q1,,2024-04-23,3.24,User-supplied historical EPS TTM; report date from Yahoo/official override,True,,historical_eps_same_day_policy_v1; effective_date=report_date; report_currency=SEK; exact publication time not tracked
ALLEI.ST,,2024-Q2,,2024-07-19,4.91,User-supplied historical EPS TTM; report date from Yahoo/official override,True,,historical_eps_same_day_policy_v1; effective_date=report_date; report_currency=SEK; exact publication time not tracked
ALLEI.ST,,2024-Q3,,2024-10-22,5.31,User-supplied historical EPS TTM; report date from Yahoo/official override,True,,historical_eps_same_day_policy_v1; effective_date=report_date; report_currency=SEK; exact publication time not tracked
ALLEI.ST,,2024-Q4,,2025-01-24,4.88,User-supplied historical EPS TTM; report date from Yahoo/official override,True,,historical_eps_same_day_policy_v1; effective_date=report_date; report_currency=SEK; exact publication time not tracked
ALLEI.ST,,2025-Q1,,2025-04-23,6.25,User-supplied historical EPS TTM; report date from Yahoo/official override,True,,historical_eps_same_day_policy_v1; effective_date=report_date; report_currency=SEK; exact publication time not tracked
ALLEI.ST,,2025-Q2,,2025-07-18,4.52,User-supplied historical EPS TTM; report date from Yahoo/official override,True,,historical_eps_same_day_policy_v1; effective_date=report_date; report_currency=SEK; exact publication time not tracked
ALLEI.ST,,2025-Q3,,2025-10-22,3.91,User-supplied historical EPS TTM; report date from Yahoo/official override,True,,historical_eps_same_day_policy_v1; effective_date=report_date; report_currency=SEK; exact publication time not tracked
ALLEI.ST,,2025-Q4,,2026-01-27,2.68,User-supplied historical EPS TTM; report date from Yahoo/official override,True,,historical_eps_same_day_policy_v1; effective_date=report_date; report_currency=SEK; exact publication time not tracked
ALLEI.ST,,2026-Q1,,2026-04-27,2.27,User-supplied historical EPS TTM; report date from Yahoo/official override,True,,historical_eps_same_day_policy_v1; effective_date=report_date; report_currency=SEK; exact publication time not tracked
ALLEI.ST,,2026-Q2,,2026-07-17,3.65,User-supplied historical EPS TTM; report date from Yahoo/official override,True,,historical_eps_same_day_policy_v1; effective_date=report_date; report_currency=SEK; exact publication time not tracked
ANOD-B.ST,,2024-Q1,,2024-04-25,2.21,User-supplied historical EPS TTM; report date from Yahoo/official override,True,,historical_eps_same_day_policy_v1; effective_date=report_date; report_currency=SEK; exact publication time not tracked
ANOD-B.ST,,2024-Q2,,2024-07-12,2.37,User-supplied historical EPS TTM; report date from Yahoo/official override,True,,historical_eps_same_day_policy_v1; effective_date=report_date; report_currency=SEK; exact publication time not tracked
ANOD-B.ST,,2024-Q3,,2024-10-24,2.84,User-supplied historical EPS TTM; report date from Yahoo/official override,True,,historical_eps_same_day_policy_v1; effective_date=report_date; report_currency=SEK; exact publication time not tracked
ANOD-B.ST,,2024-Q4,,2025-01-31,3.01,User-supplied historical EPS TTM; report date from Yahoo/official override,True,,historical_eps_same_day_policy_v1; effective_date=report_date; report_currency=SEK; exact publication time not tracked
ANOD-B.ST,,2025-Q1,,2025-04-25,2.79,User-supplied historical EPS TTM; report date from Yahoo/official override,True,,historical_eps_same_day_policy_v1; effective_date=report_date; report_currency=SEK; exact publication time not tracked
ANOD-B.ST,,2025-Q2,,2025-07-14,3.16,User-supplied historical EPS TTM; report date from Yahoo/official override,True,,historical_eps_same_day_policy_v1; effective_date=report_date; report_currency=SEK; exact publication time not tracked
ANOD-B.ST,,2025-Q3,,2025-10-24,2.8,User-supplied historical EPS TTM; report date from Yahoo/official override,True,,historical_eps_same_day_policy_v1; effective_date=report_date; report_currency=SEK; exact publication time not tracked
ANOD-B.ST,,2025-Q4,,2026-02-03,2.83,User-supplied historical EPS TTM; report date from Yahoo/official override,True,,historical_eps_same_day_policy_v1; effective_date=report_date; report_currency=SEK; exact publication time not tracked
ANOD-B.ST,,2026-Q1,,2026-04-28,3.01,User-supplied historical EPS TTM; report date from Yahoo/official override,True,,historical_eps_same_day_policy_v1; effective_date=report_date; report_currency=SEK; exact publication time not tracked
ANOD-B.ST,,2026-Q2,,2026-07-15,2.39,User-supplied historical EPS TTM; report date from Yahoo/official override,True,,historical_eps_same_day_policy_v1; effective_date=report_date; report_currency=SEK; exact publication time not tracked
ARJO-B.ST,,2024-Q1,,2024-04-18,1.83,User-supplied historical EPS TTM; report date from Yahoo/official override,True,,historical_eps_same_day_policy_v1; effective_date=report_date; report_currency=SEK; exact publication time not tracked
ARJO-B.ST,,2024-Q2,,2024-07-12,1.89,User-supplied historical EPS TTM; report date from Yahoo/official override,True,,historical_eps_same_day_policy_v1; effective_date=report_date; report_currency=SEK; exact publication time not tracked
ARJO-B.ST,,2024-Q3,,2024-10-17,1.86,User-supplied historical EPS TTM; report date from Yahoo/official override,True,,historical_eps_same_day_policy_v1; effective_date=report_date; report_currency=SEK; exact publication time not tracked
ARJO-B.ST,,2024-Q4,,2025-01-30,1.83,User-supplied historical EPS TTM; report date from Yahoo/official override,True,,historical_eps_same_day_policy_v1; effective_date=report_date; report_currency=SEK; exact publication time not tracked
ARJO-B.ST,,2025-Q1,,2025-04-29,1.68,User-supplied historical EPS TTM; report date from Yahoo/official override,True,,historical_eps_same_day_policy_v1; effective_date=report_date; report_currency=SEK; exact publication time not tracked
ARJO-B.ST,,2025-Q2,,2025-07-11,1.58,User-supplied historical EPS TTM; report date from Yahoo/official override,True,,historical_eps_same_day_policy_v1; effective_date=report_date; report_currency=SEK; exact publication time not tracked
ARJO-B.ST,,2025-Q3,,2025-10-22,1.61,User-supplied historical EPS TTM; report date from Yahoo/official override,True,,historical_eps_same_day_policy_v1; effective_date=report_date; report_currency=SEK; exact publication time not tracked
ARJO-B.ST,,2025-Q4,,2026-01-30,1.23,User-supplied historical EPS TTM; report date from Yahoo/official override,True,,historical_eps_same_day_policy_v1; effective_date=report_date; report_currency=SEK; exact publication time not tracked
ARJO-B.ST,,2026-Q1,,2026-04-22,1.29,User-supplied historical EPS TTM; report date from Yahoo/official override,True,,historical_eps_same_day_policy_v1; effective_date=report_date; report_currency=SEK; exact publication time not tracked
ARJO-B.ST,,2026-Q2,,2026-07-14,1.41,User-supplied historical EPS TTM; report date from Yahoo/official override,True,,historical_eps_same_day_policy_v1; effective_date=report_date; report_currency=SEK; exact publication time not tracked
ASSA-B.ST,,2024-Q1,,2024-04-24,12.94,User-supplied historical EPS TTM; report date from Yahoo/official override,True,,historical_eps_same_day_policy_v1; effective_date=report_date; report_currency=SEK; exact publication time not tracked
ASSA-B.ST,,2024-Q2,,2024-07-17,13.25,User-supplied historical EPS TTM; report date from Yahoo/official override,True,,historical_eps_same_day_policy_v1; effective_date=report_date; report_currency=SEK; exact publication time not tracked
ASSA-B.ST,,2024-Q3,,2024-10-23,13.8,User-supplied historical EPS TTM; report date from Yahoo/official override,True,,historical_eps_same_day_policy_v1; effective_date=report_date; report_currency=SEK; exact publication time not tracked
ASSA-B.ST,,2024-Q4,,2025-02-05,14.08,User-supplied historical EPS TTM; report date from Yahoo/official override,True,,historical_eps_same_day_policy_v1; effective_date=report_date; report_currency=SEK; exact publication time not tracked
ASSA-B.ST,,2025-Q1,,2025-04-23,13.18,User-supplied historical EPS TTM; report date from Yahoo/official override,True,,historical_eps_same_day_policy_v1; effective_date=report_date; report_currency=SEK; exact publication time not tracked
ASSA-B.ST,,2025-Q2,,2025-07-17,13.08,User-supplied historical EPS TTM; report date from Yahoo/official override,True,,historical_eps_same_day_policy_v1; effective_date=report_date; report_currency=SEK; exact publication time not tracked
ASSA-B.ST,,2025-Q3,,2025-10-21,13.22,User-supplied historical EPS TTM; report date from Yahoo/official override,True,,historical_eps_same_day_policy_v1; effective_date=report_date; report_currency=SEK; exact publication time not tracked
ASSA-B.ST,,2025-Q4,,2026-02-05,13.23,User-supplied historical EPS TTM; report date from Yahoo/official override,True,,historical_eps_same_day_policy_v1; effective_date=report_date; report_currency=SEK; exact publication time not tracked
ASSA-B.ST,,2026-Q1,,2026-04-28,14.21,User-supplied historical EPS TTM; report date from Yahoo/official override,True,,historical_eps_same_day_policy_v1; effective_date=report_date; report_currency=SEK; exact publication time not tracked
ASSA-B.ST,,2026-Q2,,2026-07-17,14.76,User-supplied historical EPS TTM; report date from Yahoo/official override,True,,historical_eps_same_day_policy_v1; effective_date=report_date; report_currency=SEK; exact publication time not tracked
ATCO-A.ST,,2024-Q1,,2024-04-24,5.88,User-supplied historical EPS TTM; report date from Yahoo/official override,True,,historical_eps_same_day_policy_v1; effective_date=report_date; report_currency=SEK; exact publication time not tracked
ATCO-A.ST,,2024-Q2,,2024-07-18,6.03,User-supplied historical EPS TTM; report date from Yahoo/official override,True,,historical_eps_same_day_policy_v1; effective_date=report_date; report_currency=SEK; exact publication time not tracked
ATCO-A.ST,,2024-Q3,,2024-10-23,5.9,User-supplied historical EPS TTM; report date from Yahoo/official override,True,,historical_eps_same_day_policy_v1; effective_date=report_date; report_currency=SEK; exact publication time not tracked
ATCO-A.ST,,2024-Q4,,2025-01-28,6.1,User-supplied historical EPS TTM; report date from Yahoo/official override,True,,historical_eps_same_day_policy_v1; effective_date=report_date; report_currency=SEK; exact publication time not tracked
ATCO-A.ST,,2025-Q1,,2025-04-29,6.0,User-supplied historical EPS TTM; report date from Yahoo/official override,True,,historical_eps_same_day_policy_v1; effective_date=report_date; report_currency=SEK; exact publication time not tracked
ATCO-A.ST,,2025-Q2,,2025-07-18,5.77,User-supplied historical EPS TTM; report date from Yahoo/official override,True,,historical_eps_same_day_policy_v1; effective_date=report_date; report_currency=SEK; exact publication time not tracked
ATCO-A.ST,,2025-Q3,,2025-10-23,5.67,User-supplied historical EPS TTM; report date from Yahoo/official override,True,,historical_eps_same_day_policy_v1; effective_date=report_date; report_currency=SEK; exact publication time not tracked
ATCO-A.ST,,2025-Q4,,2026-01-27,5.43,User-supplied historical EPS TTM; report date from Yahoo/official override,True,,historical_eps_same_day_policy_v1; effective_date=report_date; report_currency=SEK; exact publication time not tracked
ATCO-A.ST,,2026-Q1,,2026-04-28,5.36,User-supplied historical EPS TTM; report date from Yahoo/official override,True,,historical_eps_same_day_policy_v1; effective_date=report_date; report_currency=SEK; exact publication time not tracked
ATCO-A.ST,,2026-Q2,,2026-07-16,5.47,User-supplied historical EPS TTM; report date from Yahoo/official override,True,,historical_eps_same_day_policy_v1; effective_date=report_date; report_currency=SEK; exact publication time not tracked
ATCO-B.ST,,2024-Q1,,2024-04-24,5.88,User-supplied historical EPS TTM; report date from Yahoo/official override,True,,historical_eps_same_day_policy_v1; effective_date=report_date; report_currency=SEK; exact publication time not tracked
ATCO-B.ST,,2024-Q2,,2024-07-18,6.03,User-supplied historical EPS TTM; report date from Yahoo/official override,True,,historical_eps_same_day_policy_v1; effective_date=report_date; report_currency=SEK; exact publication time not tracked
ATCO-B.ST,,2024-Q3,,2024-10-23,5.9,User-supplied historical EPS TTM; report date from Yahoo/official override,True,,historical_eps_same_day_policy_v1; effective_date=report_date; report_currency=SEK; exact publication time not tracked
ATCO-B.ST,,2024-Q4,,2025-01-28,6.1,User-supplied historical EPS TTM; report date from Yahoo/official override,True,,historical_eps_same_day_policy_v1; effective_date=report_date; report_currency=SEK; exact publication time not tracked
ATCO-B.ST,,2025-Q1,,2025-04-29,6.0,User-supplied historical EPS TTM; report date from Yahoo/official override,True,,historical_eps_same_day_policy_v1; effective_date=report_date; report_currency=SEK; exact publication time not tracked
ATCO-B.ST,,2025-Q2,,2025-07-18,5.77,User-supplied historical EPS TTM; report date from Yahoo/official override,True,,historical_eps_same_day_policy_v1; effective_date=report_date; report_currency=SEK; exact publication time not tracked
ATCO-B.ST,,2025-Q3,,2025-10-23,5.67,User-supplied historical EPS TTM; report date from Yahoo/official override,True,,historical_eps_same_day_policy_v1; effective_date=report_date; report_currency=SEK; exact publication time not tracked
ATCO-B.ST,,2025-Q4,,2026-01-27,5.43,User-supplied historical EPS TTM; report date from Yahoo/official override,True,,historical_eps_same_day_policy_v1; effective_date=report_date; report_currency=SEK; exact publication time not tracked
ATCO-B.ST,,2026-Q1,,2026-04-28,5.36,User-supplied historical EPS TTM; report date from Yahoo/official override,True,,historical_eps_same_day_policy_v1; effective_date=report_date; report_currency=SEK; exact publication time not tracked
ATCO-B.ST,,2026-Q2,,2026-07-16,5.47,User-supplied historical EPS TTM; report date from Yahoo/official override,True,,historical_eps_same_day_policy_v1; effective_date=report_date; report_currency=SEK; exact publication time not tracked
ATRLJ-B.ST,,2024-Q1,,2024-04-12,1.7781,User-supplied historical EPS TTM; report date from Yahoo/official override,True,,historical_eps_same_day_policy_v1; effective_date=report_date; report_currency=SEK; exact publication time not tracked
ATRLJ-B.ST,,2024-Q2,,2024-07-09,1.8272,User-supplied historical EPS TTM; report date from Yahoo/official override,True,,historical_eps_same_day_policy_v1; effective_date=report_date; report_currency=SEK; exact publication time not tracked
ATRLJ-B.ST,,2024-Q3,,2024-10-11,1.8259,User-supplied historical EPS TTM; report date from Yahoo/official override,True,,historical_eps_same_day_policy_v1; effective_date=report_date; report_currency=SEK; exact publication time not tracked
ATRLJ-B.ST,,2024-Q4,,2025-01-31,1.7944,User-supplied historical EPS TTM; report date from Yahoo/official override,True,,historical_eps_same_day_policy_v1; effective_date=report_date; report_currency=SEK; exact publication time not tracked
ATRLJ-B.ST,,2025-Q1,,2025-04-11,1.645,User-supplied historical EPS TTM; report date from Yahoo/official override,True,,historical_eps_same_day_policy_v1; effective_date=report_date; report_currency=SEK; exact publication time not tracked
ATRLJ-B.ST,,2025-Q2,,2025-07-04,1.5806,User-supplied historical EPS TTM; report date from Yahoo/official override,True,,historical_eps_same_day_policy_v1; effective_date=report_date; report_currency=SEK; exact publication time not tracked
ATRLJ-B.ST,,2025-Q3,,2025-10-10,1.5651,User-supplied historical EPS TTM; report date from Yahoo/official override,True,,historical_eps_same_day_policy_v1; effective_date=report_date; report_currency=SEK; exact publication time not tracked
ATRLJ-B.ST,,2025-Q4,,2026-01-30,1.558,User-supplied historical EPS TTM; report date from Yahoo/official override,True,,historical_eps_same_day_policy_v1; effective_date=report_date; report_currency=SEK; exact publication time not tracked
ATRLJ-B.ST,,2026-Q1,,2026-04-10,1.5436,User-supplied historical EPS TTM; report date from Yahoo/official override,True,,historical_eps_same_day_policy_v1; effective_date=report_date; report_currency=SEK; exact publication time not tracked
ATRLJ-B.ST,,2026-Q2,,2026-07-03,1.5472,User-supplied historical EPS TTM; report date from Yahoo/official override,True,,historical_eps_same_day_policy_v1; effective_date=report_date; report_currency=SEK; exact publication time not tracked
ATT.ST,,2023-Q4,,2024-02-08,2.33,User-supplied historical EPS TTM; report date from Yahoo/official override,True,,historical_eps_same_day_policy_v1; effective_date=report_date; report_currency=SEK; exact publication time not tracked
ATT.ST,,2024-Q1,,2024-04-24,2.56,User-supplied historical EPS TTM; report date from Yahoo/official override,True,,historical_eps_same_day_policy_v1; effective_date=report_date; report_currency=SEK; exact publication time not tracked
ATT.ST,,2024-Q2,,2024-07-19,2.48,User-supplied historical EPS TTM; report date from Yahoo/official override,True,,historical_eps_same_day_policy_v1; effective_date=report_date; report_currency=SEK; exact publication time not tracked
ATT.ST,,2024-Q3,,2024-10-24,2.51,User-supplied historical EPS TTM; report date from Yahoo/official override,True,,historical_eps_same_day_policy_v1; effective_date=report_date; report_currency=SEK; exact publication time not tracked
ATT.ST,,2024-Q4,,2025-02-06,2.86,User-supplied historical EPS TTM; report date from Yahoo/official override,True,,historical_eps_same_day_policy_v1; effective_date=report_date; report_currency=SEK; exact publication time not tracked
ATT.ST,,2025-Q1,,2025-05-07,3.35,User-supplied historical EPS TTM; report date from Yahoo/official override,True,,historical_eps_same_day_policy_v1; effective_date=report_date; report_currency=SEK; exact publication time not tracked
ATT.ST,,2025-Q2,,2025-07-18,3.66,User-supplied historical EPS TTM; report date from Yahoo/official override,True,,historical_eps_same_day_policy_v1; effective_date=report_date; report_currency=SEK; exact publication time not tracked
ATT.ST,,2025-Q3,,2025-10-24,4.4,User-supplied historical EPS TTM; report date from Yahoo/official override,True,,historical_eps_same_day_policy_v1; effective_date=report_date; report_currency=SEK; exact publication time not tracked
ATT.ST,,2025-Q4,,2026-02-05,5.49,User-supplied historical EPS TTM; report date from Yahoo/official override,True,,historical_eps_same_day_policy_v1; effective_date=report_date; report_currency=SEK; exact publication time not tracked
ATT.ST,,2026-Q1,,2026-05-06,5.91,User-supplied historical EPS TTM; report date from Yahoo/official override,True,,historical_eps_same_day_policy_v1; effective_date=report_date; report_currency=SEK; exact publication time not tracked
AXFO.ST,,2024-Q1,,2024-04-25,11.33,User-supplied historical EPS TTM; report date from Yahoo/official override,True,,historical_eps_same_day_policy_v1; effective_date=report_date; report_currency=SEK; exact publication time not tracked
AXFO.ST,,2024-Q2,,2024-07-12,11.08,User-supplied historical EPS TTM; report date from Yahoo/official override,True,,historical_eps_same_day_policy_v1; effective_date=report_date; report_currency=SEK; exact publication time not tracked
AXFO.ST,,2024-Q3,,2024-10-24,10.96,User-supplied historical EPS TTM; report date from Yahoo/official override,True,,historical_eps_same_day_policy_v1; effective_date=report_date; report_currency=SEK; exact publication time not tracked
AXFO.ST,,2024-Q4,,2025-01-30,10.16,User-supplied historical EPS TTM; report date from Yahoo/official override,True,,historical_eps_same_day_policy_v1; effective_date=report_date; report_currency=SEK; exact publication time not tracked
AXFO.ST,,2025-Q1,,2025-04-24,9.65,User-supplied historical EPS TTM; report date from Yahoo/official override,True,,historical_eps_same_day_policy_v1; effective_date=report_date; report_currency=SEK; exact publication time not tracked
AXFO.ST,,2025-Q2,,2025-07-11,9.82,User-supplied historical EPS TTM; report date from Yahoo/official override,True,,historical_eps_same_day_policy_v1; effective_date=report_date; report_currency=SEK; exact publication time not tracked
AXFO.ST,,2025-Q3,,2025-10-23,9.8,User-supplied historical EPS TTM; report date from Yahoo/official override,True,,historical_eps_same_day_policy_v1; effective_date=report_date; report_currency=SEK; exact publication time not tracked
AXFO.ST,,2025-Q4,,2026-01-29,10.83,User-supplied historical EPS TTM; report date from Yahoo/official override,True,,historical_eps_same_day_policy_v1; effective_date=report_date; report_currency=SEK; exact publication time not tracked
AXFO.ST,,2026-Q1,,2026-04-23,11.17,User-supplied historical EPS TTM; report date from Yahoo/official override,True,,historical_eps_same_day_policy_v1; effective_date=report_date; report_currency=SEK; exact publication time not tracked
AXFO.ST,,2026-Q2,,2026-07-15,11.26,User-supplied historical EPS TTM; report date from Yahoo/official override,True,,historical_eps_same_day_policy_v1; effective_date=report_date; report_currency=SEK; exact publication time not tracked
AZA.ST,,2024-Q1,,2024-04-19,12.9486,User-supplied historical EPS TTM; report date from Yahoo/official override,True,,historical_eps_same_day_policy_v1; effective_date=report_date; report_currency=SEK; exact publication time not tracked
AZA.ST,,2024-Q2,,2024-07-12,13.1648,User-supplied historical EPS TTM; report date from Yahoo/official override,True,,historical_eps_same_day_policy_v1; effective_date=report_date; report_currency=SEK; exact publication time not tracked
AZA.ST,,2024-Q3,,2024-10-18,13.5337,User-supplied historical EPS TTM; report date from Yahoo/official override,True,,historical_eps_same_day_policy_v1; effective_date=report_date; report_currency=SEK; exact publication time not tracked
AZA.ST,,2024-Q4,,2025-01-21,14.33,User-supplied historical EPS TTM; report date from Yahoo/official override,True,,historical_eps_same_day_policy_v1; effective_date=report_date; report_currency=SEK; exact publication time not tracked
AZA.ST,,2025-Q1,,2025-04-15,15.3017,User-supplied historical EPS TTM; report date from Yahoo/official override,True,,historical_eps_same_day_policy_v1; effective_date=report_date; report_currency=SEK; exact publication time not tracked
AZA.ST,,2025-Q2,,2025-07-11,15.8996,User-supplied historical EPS TTM; report date from Yahoo/official override,True,,historical_eps_same_day_policy_v1; effective_date=report_date; report_currency=SEK; exact publication time not tracked
AZA.ST,,2025-Q3,,2025-10-17,16.6564,User-supplied historical EPS TTM; report date from Yahoo/official override,True,,historical_eps_same_day_policy_v1; effective_date=report_date; report_currency=SEK; exact publication time not tracked
AZA.ST,,2025-Q4,,2026-01-21,16.57,User-supplied historical EPS TTM; report date from Yahoo/official override,True,,historical_eps_same_day_policy_v1; effective_date=report_date; report_currency=SEK; exact publication time not tracked
AZA.ST,,2026-Q1,,2026-04-21,16.7586,User-supplied historical EPS TTM; report date from Yahoo/official override,True,,historical_eps_same_day_policy_v1; effective_date=report_date; report_currency=SEK; exact publication time not tracked
AZA.ST,,2026-Q2,,2026-07-14,17.9308,User-supplied historical EPS TTM; report date from Yahoo/official override,True,,historical_eps_same_day_policy_v1; effective_date=report_date; report_currency=SEK; exact publication time not tracked
AZN.ST,,2024-Q1,,2024-04-25,4.0872,User-supplied historical EPS TTM; report date from Yahoo/official override,True,,historical_eps_same_day_policy_v1; effective_date=report_date; report_currency=USD; exact publication time not tracked
AZN.ST,,2024-Q2,,2024-07-25,4.1575,User-supplied historical EPS TTM; report date from Yahoo/official override,True,,historical_eps_same_day_policy_v1; effective_date=report_date; report_currency=USD; exact publication time not tracked
AZN.ST,,2024-Q3,,2024-11-12,4.1903,User-supplied historical EPS TTM; report date from Yahoo/official override,True,,historical_eps_same_day_policy_v1; effective_date=report_date; report_currency=USD; exact publication time not tracked
AZN.ST,,2024-Q4,,2025-02-06,4.5387,User-supplied historical EPS TTM; report date from Yahoo/official override,True,,historical_eps_same_day_policy_v1; effective_date=report_date; report_currency=USD; exact publication time not tracked
AZN.ST,,2025-Q1,,2025-04-29,5.01,User-supplied historical EPS TTM; report date from Yahoo/official override,True,,historical_eps_same_day_policy_v1; effective_date=report_date; report_currency=USD; exact publication time not tracked
AZN.ST,,2025-Q2,,2025-07-29,5.35,User-supplied historical EPS TTM; report date from Yahoo/official override,True,,historical_eps_same_day_policy_v1; effective_date=report_date; report_currency=USD; exact publication time not tracked
AZN.ST,,2025-Q3,,2025-11-06,6.06,User-supplied historical EPS TTM; report date from Yahoo/official override,True,,historical_eps_same_day_policy_v1; effective_date=report_date; report_currency=USD; exact publication time not tracked
AZN.ST,,2025-Q4,,2026-02-10,6.6,User-supplied historical EPS TTM; report date from Yahoo/official override,True,,historical_eps_same_day_policy_v1; effective_date=report_date; report_currency=USD; exact publication time not tracked
AZN.ST,,2026-Q1,,2026-04-29,6.7,User-supplied historical EPS TTM; report date from Yahoo/official override,True,,historical_eps_same_day_policy_v1; effective_date=report_date; report_currency=USD; exact publication time not tracked
AZN.ST,,2026-Q2,,2026-07-27,6.74,User-supplied historical EPS TTM; report date from Yahoo/official override,True,,historical_eps_same_day_policy_v1; effective_date=report_date; report_currency=USD; exact publication time not tracked
BAHN-B.ST,,2023-Q4,,2024-02-13,1.9954,User-supplied historical EPS TTM; report date from Yahoo/official override,True,,historical_eps_same_day_policy_v1; effective_date=report_date; report_currency=SEK; exact publication time not tracked
BAHN-B.ST,,2024-Q1,,2024-05-07,2.04,User-supplied historical EPS TTM; report date from Yahoo/official override,True,,historical_eps_same_day_policy_v1; effective_date=report_date; report_currency=SEK; exact publication time not tracked
BAHN-B.ST,,2024-Q2,,2024-08-20,2.11,User-supplied historical EPS TTM; report date from Yahoo/official override,True,,historical_eps_same_day_policy_v1; effective_date=report_date; report_currency=SEK; exact publication time not tracked
BAHN-B.ST,,2024-Q3,,2024-11-12,2.12,User-supplied historical EPS TTM; report date from Yahoo/official override,True,,historical_eps_same_day_policy_v1; effective_date=report_date; report_currency=SEK; exact publication time not tracked
BAHN-B.ST,,2024-Q4,,2025-02-18,2.05,User-supplied historical EPS TTM; report date from Yahoo/official override,True,,historical_eps_same_day_policy_v1; effective_date=report_date; report_currency=SEK; exact publication time not tracked
BAHN-B.ST,,2025-Q1,,2025-05-06,2.06,User-supplied historical EPS TTM; report date from Yahoo/official override,True,,historical_eps_same_day_policy_v1; effective_date=report_date; report_currency=SEK; exact publication time not tracked
BAHN-B.ST,,2025-Q2,,2025-05-06,2.09,User-supplied historical EPS TTM; report date from Yahoo/official override,True,,historical_eps_same_day_policy_v1; effective_date=report_date; report_currency=SEK; exact publication time not tracked
BAHN-B.ST,,2025-Q3,,2025-08-19,2.06,User-supplied historical EPS TTM; report date from Yahoo/official override,True,,historical_eps_same_day_policy_v1; effective_date=report_date; report_currency=SEK; exact publication time not tracked
BAHN-B.ST,,2025-Q4,,2025-11-11,1.68,User-supplied historical EPS TTM; report date from Yahoo/official override,True,,historical_eps_same_day_policy_v1; effective_date=report_date; report_currency=SEK; exact publication time not tracked
BAHN-B.ST,,2026-Q1,,2026-02-17,1.72,User-supplied historical EPS TTM; report date from Yahoo/official override,True,,historical_eps_same_day_policy_v1; effective_date=report_date; report_currency=SEK; exact publication time not tracked
BALD-B.ST,,2024-Q1,,2024-05-03,4.1319,User-supplied historical EPS TTM; report date from Yahoo/official override,True,,historical_eps_same_day_policy_v1; effective_date=report_date; report_currency=SEK; exact publication time not tracked
BALD-B.ST,,2024-Q2,,2024-07-16,4.1726,User-supplied historical EPS TTM; report date from Yahoo/official override,True,,historical_eps_same_day_policy_v1; effective_date=report_date; report_currency=SEK; exact publication time not tracked
BALD-B.ST,,2024-Q3,,2024-10-25,4.2613,User-supplied historical EPS TTM; report date from Yahoo/official override,True,,historical_eps_same_day_policy_v1; effective_date=report_date; report_currency=SEK; exact publication time not tracked
BALD-B.ST,,2024-Q4,,2025-02-07,4.309,User-supplied historical EPS TTM; report date from Yahoo/official override,True,,historical_eps_same_day_policy_v1; effective_date=report_date; report_currency=SEK; exact publication time not tracked
BALD-B.ST,,2025-Q1,,2025-05-08,4.4077,User-supplied historical EPS TTM; report date from Yahoo/official override,True,,historical_eps_same_day_policy_v1; effective_date=report_date; report_currency=SEK; exact publication time not tracked
BALD-B.ST,,2025-Q2,,2025-07-15,4.4898,User-supplied historical EPS TTM; report date from Yahoo/official override,True,,historical_eps_same_day_policy_v1; effective_date=report_date; report_currency=SEK; exact publication time not tracked
BALD-B.ST,,2025-Q3,,2025-10-28,4.5345,User-supplied historical EPS TTM; report date from Yahoo/official override,True,,historical_eps_same_day_policy_v1; effective_date=report_date; report_currency=SEK; exact publication time not tracked
BALD-B.ST,,2025-Q4,,2026-02-06,4.5738,User-supplied historical EPS TTM; report date from Yahoo/official override,True,,historical_eps_same_day_policy_v1; effective_date=report_date; report_currency=SEK; exact publication time not tracked
BALD-B.ST,,2026-Q1,,2026-05-08,4.4566,User-supplied historical EPS TTM; report date from Yahoo/official override,True,,historical_eps_same_day_policy_v1; effective_date=report_date; report_currency=SEK; exact publication time not tracked
BALD-B.ST,,2026-Q2,,2026-07-14,4.3532,User-supplied historical EPS TTM; report date from Yahoo/official override,True,,historical_eps_same_day_policy_v1; effective_date=report_date; report_currency=SEK; exact publication time not tracked
BEIA-B.ST,,2024-Q1,,2024-04-26,8.63,User-supplied historical EPS TTM; report date from Yahoo/official override,True,,historical_eps_same_day_policy_v1; effective_date=report_date; report_currency=SEK; exact publication time not tracked
BEIA-B.ST,,2024-Q2,,2024-07-19,8.93,User-supplied historical EPS TTM; report date from Yahoo/official override,True,,historical_eps_same_day_policy_v1; effective_date=report_date; report_currency=SEK; exact publication time not tracked
BEIA-B.ST,,2024-Q3,,2024-10-25,11.73,User-supplied historical EPS TTM; report date from Yahoo/official override,True,,historical_eps_same_day_policy_v1; effective_date=report_date; report_currency=SEK; exact publication time not tracked
BEIA-B.ST,,2024-Q4,,2025-02-06,11.85,User-supplied historical EPS TTM; report date from Yahoo/official override,True,,historical_eps_same_day_policy_v1; effective_date=report_date; report_currency=SEK; exact publication time not tracked
BEIA-B.ST,,2025-Q1,,2025-04-25,12.01,User-supplied historical EPS TTM; report date from Yahoo/official override,True,,historical_eps_same_day_policy_v1; effective_date=report_date; report_currency=SEK; exact publication time not tracked
BEIA-B.ST,,2025-Q2,,2025-07-18,11.02,User-supplied historical EPS TTM; report date from Yahoo/official override,True,,historical_eps_same_day_policy_v1; effective_date=report_date; report_currency=SEK; exact publication time not tracked
BEIA-B.ST,,2025-Q3,,2025-10-24,8.91,User-supplied historical EPS TTM; report date from Yahoo/official override,True,,historical_eps_same_day_policy_v1; effective_date=report_date; report_currency=SEK; exact publication time not tracked
BEIA-B.ST,,2025-Q4,,2026-02-06,9.43,User-supplied historical EPS TTM; report date from Yahoo/official override,True,,historical_eps_same_day_policy_v1; effective_date=report_date; report_currency=SEK; exact publication time not tracked
BEIA-B.ST,,2026-Q1,,2026-04-24,10.24,User-supplied historical EPS TTM; report date from Yahoo/official override,True,,historical_eps_same_day_policy_v1; effective_date=report_date; report_currency=SEK; exact publication time not tracked
BEIA-B.ST,,2026-Q2,,2026-07-17,12.46,User-supplied historical EPS TTM; report date from Yahoo/official override,True,,historical_eps_same_day_policy_v1; effective_date=report_date; report_currency=SEK; exact publication time not tracked
BERG-B.ST,,2024-Q4,,2024-05-15,7.1517,User-supplied historical EPS TTM; report date from Yahoo/official override,True,,historical_eps_same_day_policy_v1; effective_date=report_date; report_currency=SEK; exact publication time not tracked
BERG-B.ST,,2025-Q1,,2024-07-16,7.41,User-supplied historical EPS TTM; report date from Yahoo/official override,True,,historical_eps_same_day_policy_v1; effective_date=report_date; report_currency=SEK; exact publication time not tracked
BERG-B.ST,,2025-Q2,,2024-10-23,7.56,User-supplied historical EPS TTM; report date from Yahoo/official override,True,,historical_eps_same_day_policy_v1; effective_date=report_date; report_currency=SEK; exact publication time not tracked
BERG-B.ST,,2025-Q3,,2025-02-05,7.6,User-supplied historical EPS TTM; report date from Yahoo/official override,True,,historical_eps_same_day_policy_v1; effective_date=report_date; report_currency=SEK; exact publication time not tracked
BERG-B.ST,,2025-Q4,,2025-05-09,8.05,User-supplied historical EPS TTM; report date from Yahoo/official override,True,,historical_eps_same_day_policy_v1; effective_date=report_date; report_currency=SEK; exact publication time not tracked
BERG-B.ST,,2026-Q1,,2025-07-16,8.26,User-supplied historical EPS TTM; report date from Yahoo/official override,True,,historical_eps_same_day_policy_v1; effective_date=report_date; report_currency=SEK; exact publication time not tracked
BERG-B.ST,,2026-Q2,,2025-10-22,7.31,User-supplied historical EPS TTM; report date from Yahoo/official override,True,,historical_eps_same_day_policy_v1; effective_date=report_date; report_currency=SEK; exact publication time not tracked
BERG-B.ST,,2026-Q3,,2026-02-04,7.5,User-supplied historical EPS TTM; report date from Yahoo/official override,True,,historical_eps_same_day_policy_v1; effective_date=report_date; report_currency=SEK; exact publication time not tracked
BERG-B.ST,,2026-Q4,,2026-05-13,8.53,User-supplied historical EPS TTM; report date from Yahoo/official override,True,,historical_eps_same_day_policy_v1; effective_date=report_date; report_currency=SEK; exact publication time not tracked
BERG-B.ST,,2027-Q1,,2026-07-16,8.57,User-supplied historical EPS TTM; report date from Yahoo/official override,True,,historical_eps_same_day_policy_v1; effective_date=report_date; report_currency=SEK; exact publication time not tracked
BETS-B.ST,,2024-Q1,,2024-04-26,1.32,User-supplied historical EPS TTM; report date from Yahoo/official override,True,,historical_eps_same_day_policy_v1; effective_date=report_date; report_currency=EUR; exact publication time not tracked
BETS-B.ST,,2024-Q2,,2024-07-19,1.28,User-supplied historical EPS TTM; report date from Yahoo/official override,True,,historical_eps_same_day_policy_v1; effective_date=report_date; report_currency=EUR; exact publication time not tracked
BETS-B.ST,,2024-Q3,,2024-10-24,1.24,User-supplied historical EPS TTM; report date from Yahoo/official override,True,,historical_eps_same_day_policy_v1; effective_date=report_date; report_currency=EUR; exact publication time not tracked
BETS-B.ST,,2024-Q4,,2025-02-06,1.31,User-supplied historical EPS TTM; report date from Yahoo/official override,True,,historical_eps_same_day_policy_v1; effective_date=report_date; report_currency=EUR; exact publication time not tracked
BETS-B.ST,,2025-Q1,,2025-04-29,1.36,User-supplied historical EPS TTM; report date from Yahoo/official override,True,,historical_eps_same_day_policy_v1; effective_date=report_date; report_currency=EUR; exact publication time not tracked
BETS-B.ST,,2025-Q2,,2025-07-18,1.39,User-supplied historical EPS TTM; report date from Yahoo/official override,True,,historical_eps_same_day_policy_v1; effective_date=report_date; report_currency=EUR; exact publication time not tracked
BETS-B.ST,,2025-Q3,,2025-10-24,1.43,User-supplied historical EPS TTM; report date from Yahoo/official override,True,,historical_eps_same_day_policy_v1; effective_date=report_date; report_currency=EUR; exact publication time not tracked
BETS-B.ST,,2025-Q4,,2026-02-05,1.29,User-supplied historical EPS TTM; report date from Yahoo/official override,True,,historical_eps_same_day_policy_v1; effective_date=report_date; report_currency=EUR; exact publication time not tracked
BETS-B.ST,,2026-Q1,,2026-04-24,1.12,User-supplied historical EPS TTM; report date from Yahoo/official override,True,,historical_eps_same_day_policy_v1; effective_date=report_date; report_currency=EUR; exact publication time not tracked
BETS-B.ST,,2026-Q2,,2026-07-17,0.98,User-supplied historical EPS TTM; report date from Yahoo/official override,True,,historical_eps_same_day_policy_v1; effective_date=report_date; report_currency=EUR; exact publication time not tracked
BILI-A.ST,,2024-Q1,,2024-04-24,9.09,User-supplied historical EPS TTM; report date from Yahoo/official override,True,,historical_eps_same_day_policy_v1; effective_date=report_date; report_currency=SEK; exact publication time not tracked
BILI-A.ST,,2024-Q2,,2024-07-18,8.48,User-supplied historical EPS TTM; report date from Yahoo/official override,True,,historical_eps_same_day_policy_v1; effective_date=report_date; report_currency=SEK; exact publication time not tracked
BILI-A.ST,,2024-Q3,,2024-10-23,7.8,User-supplied historical EPS TTM; report date from Yahoo/official override,True,,historical_eps_same_day_policy_v1; effective_date=report_date; report_currency=SEK; exact publication time not tracked
BILI-A.ST,,2024-Q4,,2025-02-05,7.19,User-supplied historical EPS TTM; report date from Yahoo/official override,True,,historical_eps_same_day_policy_v1; effective_date=report_date; report_currency=SEK; exact publication time not tracked
BILI-A.ST,,2025-Q1,,2025-04-25,7.08,User-supplied historical EPS TTM; report date from Yahoo/official override,True,,historical_eps_same_day_policy_v1; effective_date=report_date; report_currency=SEK; exact publication time not tracked
BILI-A.ST,,2025-Q2,,2025-07-18,6.93,User-supplied historical EPS TTM; report date from Yahoo/official override,True,,historical_eps_same_day_policy_v1; effective_date=report_date; report_currency=SEK; exact publication time not tracked
BILI-A.ST,,2025-Q3,,2025-10-23,7.85,User-supplied historical EPS TTM; report date from Yahoo/official override,True,,historical_eps_same_day_policy_v1; effective_date=report_date; report_currency=SEK; exact publication time not tracked
BILI-A.ST,,2025-Q4,,2026-02-05,8.22,User-supplied historical EPS TTM; report date from Yahoo/official override,True,,historical_eps_same_day_policy_v1; effective_date=report_date; report_currency=SEK; exact publication time not tracked
BILI-A.ST,,2026-Q1,,2026-04-29,8.7,User-supplied historical EPS TTM; report date from Yahoo/official override,True,,historical_eps_same_day_policy_v1; effective_date=report_date; report_currency=SEK; exact publication time not tracked
BILI-A.ST,,2026-Q2,,2026-07-17,9.18,User-supplied historical EPS TTM; report date from Yahoo/official override,True,,historical_eps_same_day_policy_v1; effective_date=report_date; report_currency=SEK; exact publication time not tracked
BIOG-B.ST,,2024-Q1,,2024-05-07,3.69,User-supplied historical EPS TTM; report date from Yahoo/official override,True,,historical_eps_same_day_policy_v1; effective_date=report_date; report_currency=SEK; exact publication time not tracked
BIOG-B.ST,,2024-Q2,,2024-07-23,3.99,User-supplied historical EPS TTM; report date from Yahoo/official override,True,,historical_eps_same_day_policy_v1; effective_date=report_date; report_currency=SEK; exact publication time not tracked
BIOG-B.ST,,2024-Q3,,2024-10-22,3.34,User-supplied historical EPS TTM; report date from Yahoo/official override,True,,historical_eps_same_day_policy_v1; effective_date=report_date; report_currency=SEK; exact publication time not tracked
BIOG-B.ST,,2024-Q4,,2025-02-12,3.48,User-supplied historical EPS TTM; report date from Yahoo/official override,True,,historical_eps_same_day_policy_v1; effective_date=report_date; report_currency=SEK; exact publication time not tracked
BIOG-B.ST,,2025-Q1,,2025-05-07,3.06,User-supplied historical EPS TTM; report date from Yahoo/official override,True,,historical_eps_same_day_policy_v1; effective_date=report_date; report_currency=SEK; exact publication time not tracked
BIOG-B.ST,,2025-Q2,,2025-07-18,2.83,User-supplied historical EPS TTM; report date from Yahoo/official override,True,,historical_eps_same_day_policy_v1; effective_date=report_date; report_currency=SEK; exact publication time not tracked
BIOG-B.ST,,2025-Q3,,2025-10-22,3.12,User-supplied historical EPS TTM; report date from Yahoo/official override,True,,historical_eps_same_day_policy_v1; effective_date=report_date; report_currency=SEK; exact publication time not tracked
BIOG-B.ST,,2025-Q4,,2026-02-12,3.29,User-supplied historical EPS TTM; report date from Yahoo/official override,True,,historical_eps_same_day_policy_v1; effective_date=report_date; report_currency=SEK; exact publication time not tracked
BIOG-B.ST,,2026-Q1,,2026-05-07,3.28,User-supplied historical EPS TTM; report date from Yahoo/official override,True,,historical_eps_same_day_policy_v1; effective_date=report_date; report_currency=SEK; exact publication time not tracked
BIOG-B.ST,,2026-Q2,,2026-07-17,3.43,User-supplied historical EPS TTM; report date from Yahoo/official override,True,,historical_eps_same_day_policy_v1; effective_date=report_date; report_currency=SEK; exact publication time not tracked
BOL.ST,,2024-Q1,,2024-04-23,17.0804,User-supplied historical EPS TTM; report date from Yahoo/official override,True,,historical_eps_same_day_policy_v1; effective_date=report_date; report_currency=SEK; exact publication time not tracked
BOL.ST,,2024-Q2,,2024-07-19,28.376,User-supplied historical EPS TTM; report date from Yahoo/official override,True,,historical_eps_same_day_policy_v1; effective_date=report_date; report_currency=SEK; exact publication time not tracked
BOL.ST,,2024-Q3,,2024-10-22,31.7584,User-supplied historical EPS TTM; report date from Yahoo/official override,True,,historical_eps_same_day_policy_v1; effective_date=report_date; report_currency=SEK; exact publication time not tracked
BOL.ST,,2024-Q4,,2025-02-06,36.6474,User-supplied historical EPS TTM; report date from Yahoo/official override,True,,historical_eps_same_day_policy_v1; effective_date=report_date; report_currency=SEK; exact publication time not tracked
BOL.ST,,2025-Q1,,2025-04-23,40.49,User-supplied historical EPS TTM; report date from Yahoo/official override,True,,historical_eps_same_day_policy_v1; effective_date=report_date; report_currency=SEK; exact publication time not tracked
BOL.ST,,2025-Q2,,2025-07-18,29.3,User-supplied historical EPS TTM; report date from Yahoo/official override,True,,historical_eps_same_day_policy_v1; effective_date=report_date; report_currency=SEK; exact publication time not tracked
BOL.ST,,2025-Q3,,2025-10-22,29.03,User-supplied historical EPS TTM; report date from Yahoo/official override,True,,historical_eps_same_day_policy_v1; effective_date=report_date; report_currency=SEK; exact publication time not tracked
BOL.ST,,2025-Q4,,2026-02-03,33.39,User-supplied historical EPS TTM; report date from Yahoo/official override,True,,historical_eps_same_day_policy_v1; effective_date=report_date; report_currency=SEK; exact publication time not tracked
BOL.ST,,2026-Q1,,2026-04-28,38.85,User-supplied historical EPS TTM; report date from Yahoo/official override,True,,historical_eps_same_day_policy_v1; effective_date=report_date; report_currency=SEK; exact publication time not tracked
BOL.ST,,2026-Q2,,2026-07-21,44.64,User-supplied historical EPS TTM; report date from Yahoo/official override,True,,historical_eps_same_day_policy_v1; effective_date=report_date; report_currency=SEK; exact publication time not tracked
BORG.ST,,2024-Q1,,2024-05-16,2.8788,User-supplied historical EPS TTM; report date from Yahoo/official override,True,,historical_eps_same_day_policy_v1; effective_date=report_date; report_currency=SEK; exact publication time not tracked
BORG.ST,,2024-Q2,,2024-08-16,2.9715,User-supplied historical EPS TTM; report date from Yahoo/official override,True,,historical_eps_same_day_policy_v1; effective_date=report_date; report_currency=SEK; exact publication time not tracked
BORG.ST,,2024-Q3,,2024-08-16,3.087,User-supplied historical EPS TTM; report date from Yahoo/official override,True,,historical_eps_same_day_policy_v1; effective_date=report_date; report_currency=SEK; exact publication time not tracked
BORG.ST,,2024-Q4,,2024-11-15,2.8896,User-supplied historical EPS TTM; report date from Yahoo/official override,True,,historical_eps_same_day_policy_v1; effective_date=report_date; report_currency=SEK; exact publication time not tracked
BORG.ST,,2025-Q1,,2025-02-20,3.47,User-supplied historical EPS TTM; report date from Yahoo/official override,True,,historical_eps_same_day_policy_v1; effective_date=report_date; report_currency=SEK; exact publication time not tracked
BORG.ST,,2025-Q2,,2025-05-15,3.37,User-supplied historical EPS TTM; report date from Yahoo/official override,True,,historical_eps_same_day_policy_v1; effective_date=report_date; report_currency=SEK; exact publication time not tracked
BORG.ST,,2025-Q3,,2025-08-15,3.45,User-supplied historical EPS TTM; report date from Yahoo/official override,True,,historical_eps_same_day_policy_v1; effective_date=report_date; report_currency=SEK; exact publication time not tracked
BORG.ST,,2025-Q4,,2025-11-14,3.66,User-supplied historical EPS TTM; report date from Yahoo/official override,True,,historical_eps_same_day_policy_v1; effective_date=report_date; report_currency=SEK; exact publication time not tracked
BORG.ST,,2026-Q1,,2026-02-13,3.7,User-supplied historical EPS TTM; report date from Yahoo/official override,True,,historical_eps_same_day_policy_v1; effective_date=report_date; report_currency=SEK; exact publication time not tracked
BORG.ST,,2026-Q2,,2026-04-29,3.88,User-supplied historical EPS TTM; report date from Yahoo/official override,True,,historical_eps_same_day_policy_v1; effective_date=report_date; report_currency=SEK; exact publication time not tracked
BRAV.ST,,2024-Q1,,2024-05-07,5.67,User-supplied historical EPS TTM; report date from Yahoo/official override,True,,historical_eps_same_day_policy_v1; effective_date=report_date; report_currency=SEK; exact publication time not tracked
BRAV.ST,,2024-Q2,,2024-07-12,5.38,User-supplied historical EPS TTM; report date from Yahoo/official override,True,,historical_eps_same_day_policy_v1; effective_date=report_date; report_currency=SEK; exact publication time not tracked
BRAV.ST,,2024-Q3,,2024-10-22,5.13,User-supplied historical EPS TTM; report date from Yahoo/official override,True,,historical_eps_same_day_policy_v1; effective_date=report_date; report_currency=SEK; exact publication time not tracked
BRAV.ST,,2024-Q4,,2025-02-11,5.17,User-supplied historical EPS TTM; report date from Yahoo/official override,True,,historical_eps_same_day_policy_v1; effective_date=report_date; report_currency=SEK; exact publication time not tracked
BRAV.ST,,2025-Q1,,2025-05-06,5.3,User-supplied historical EPS TTM; report date from Yahoo/official override,True,,historical_eps_same_day_policy_v1; effective_date=report_date; report_currency=SEK; exact publication time not tracked
BRAV.ST,,2025-Q2,,2025-07-11,5.45,User-supplied historical EPS TTM; report date from Yahoo/official override,True,,historical_eps_same_day_policy_v1; effective_date=report_date; report_currency=SEK; exact publication time not tracked
BRAV.ST,,2025-Q3,,2025-10-24,5.68,User-supplied historical EPS TTM; report date from Yahoo/official override,True,,historical_eps_same_day_policy_v1; effective_date=report_date; report_currency=SEK; exact publication time not tracked
BRAV.ST,,2025-Q4,,2026-02-18,6.02,User-supplied historical EPS TTM; report date from Yahoo/official override,True,,historical_eps_same_day_policy_v1; effective_date=report_date; report_currency=SEK; exact publication time not tracked
BRAV.ST,,2026-Q1,,2026-05-05,6.08,User-supplied historical EPS TTM; report date from Yahoo/official override,True,,historical_eps_same_day_policy_v1; effective_date=report_date; report_currency=SEK; exact publication time not tracked
BRAV.ST,,2026-Q2,,2026-07-13,6.87,User-supplied historical EPS TTM; report date from Yahoo/official override,True,,historical_eps_same_day_policy_v1; effective_date=report_date; report_currency=SEK; exact publication time not tracked
BTS-B.ST,,2024-Q1,,2024-05-03,12.655,User-supplied historical EPS TTM; report date from Yahoo/official override,True,,historical_eps_same_day_policy_v1; effective_date=report_date; report_currency=SEK; exact publication time not tracked
BTS-B.ST,,2024-Q2,,2024-08-15,12.6378,User-supplied historical EPS TTM; report date from Yahoo/official override,True,,historical_eps_same_day_policy_v1; effective_date=report_date; report_currency=SEK; exact publication time not tracked
BTS-B.ST,,2024-Q3,,2024-11-08,21.2954,User-supplied historical EPS TTM; report date from Yahoo/official override,True,,historical_eps_same_day_policy_v1; effective_date=report_date; report_currency=SEK; exact publication time not tracked
BTS-B.ST,,2024-Q4,,2025-02-26,19.9496,User-supplied historical EPS TTM; report date from Yahoo/official override,True,,historical_eps_same_day_policy_v1; effective_date=report_date; report_currency=SEK; exact publication time not tracked
BTS-B.ST,,2025-Q1,,2025-05-16,18.53,User-supplied historical EPS TTM; report date from Yahoo/official override,True,,historical_eps_same_day_policy_v1; effective_date=report_date; report_currency=SEK; exact publication time not tracked
BTS-B.ST,,2025-Q2,,2025-08-22,17.45,User-supplied historical EPS TTM; report date from Yahoo/official override,True,,historical_eps_same_day_policy_v1; effective_date=report_date; report_currency=SEK; exact publication time not tracked
BTS-B.ST,,2025-Q3,,2025-11-12,8.36,User-supplied historical EPS TTM; report date from Yahoo/official override,True,,historical_eps_same_day_policy_v1; effective_date=report_date; report_currency=SEK; exact publication time not tracked
BTS-B.ST,,2025-Q4,,2026-02-20,6.89,User-supplied historical EPS TTM; report date from Yahoo/official override,True,,historical_eps_same_day_policy_v1; effective_date=report_date; report_currency=SEK; exact publication time not tracked
BTS-B.ST,,2026-Q1,,2026-05-21,6.99,User-supplied historical EPS TTM; report date from Yahoo/official override,True,,historical_eps_same_day_policy_v1; effective_date=report_date; report_currency=SEK; exact publication time not tracked
BTS-B.ST,,2026-Q2,,2026-08-14,4.9,User-supplied historical EPS TTM; report date from Yahoo/official override,True,,historical_eps_same_day_policy_v1; effective_date=report_date; report_currency=SEK; exact publication time not tracked
CAST.ST,,2024-Q1,,2024-05-03,7.2646,User-supplied historical EPS TTM; report date from Yahoo/official override,True,,historical_eps_same_day_policy_v1; effective_date=report_date; report_currency=SEK; exact publication time not tracked
CAST.ST,,2024-Q2,,2024-07-16,7.5999,User-supplied historical EPS TTM; report date from Yahoo/official override,True,,historical_eps_same_day_policy_v1; effective_date=report_date; report_currency=SEK; exact publication time not tracked
CAST.ST,,2024-Q3,,2024-10-25,7.6805,User-supplied historical EPS TTM; report date from Yahoo/official override,True,,historical_eps_same_day_policy_v1; effective_date=report_date; report_currency=SEK; exact publication time not tracked
CAST.ST,,2024-Q4,,2025-02-19,7.7675,User-supplied historical EPS TTM; report date from Yahoo/official override,True,,historical_eps_same_day_policy_v1; effective_date=report_date; report_currency=SEK; exact publication time not tracked
CAST.ST,,2025-Q1,,2025-05-05,7.6321,User-supplied historical EPS TTM; report date from Yahoo/official override,True,,historical_eps_same_day_policy_v1; effective_date=report_date; report_currency=SEK; exact publication time not tracked
CAST.ST,,2025-Q2,,2025-07-14,7.4242,User-supplied historical EPS TTM; report date from Yahoo/official override,True,,historical_eps_same_day_policy_v1; effective_date=report_date; report_currency=SEK; exact publication time not tracked
CAST.ST,,2025-Q3,,2025-10-23,7.3484,User-supplied historical EPS TTM; report date from Yahoo/official override,True,,historical_eps_same_day_policy_v1; effective_date=report_date; report_currency=SEK; exact publication time not tracked
CAST.ST,,2025-Q4,,2026-02-18,7.4242,User-supplied historical EPS TTM; report date from Yahoo/official override,True,,historical_eps_same_day_policy_v1; effective_date=report_date; report_currency=SEK; exact publication time not tracked
CAST.ST,,2026-Q1,,2026-04-24,7.7345,User-supplied historical EPS TTM; report date from Yahoo/official override,True,,historical_eps_same_day_policy_v1; effective_date=report_date; report_currency=SEK; exact publication time not tracked
CAST.ST,,2026-Q2,,2026-07-15,8.2102,User-supplied historical EPS TTM; report date from Yahoo/official override,True,,historical_eps_same_day_policy_v1; effective_date=report_date; report_currency=SEK; exact publication time not tracked
CATE.ST,,2024-Q1,,2024-04-25,17.6156,User-supplied historical EPS TTM; report date from Yahoo/official override,True,,historical_eps_same_day_policy_v1; effective_date=report_date; report_currency=SEK; exact publication time not tracked
CATE.ST,,2024-Q2,,2024-07-05,16.3798,User-supplied historical EPS TTM; report date from Yahoo/official override,True,,historical_eps_same_day_policy_v1; effective_date=report_date; report_currency=SEK; exact publication time not tracked
CATE.ST,,2024-Q3,,2024-10-25,16.9152,User-supplied historical EPS TTM; report date from Yahoo/official override,True,,historical_eps_same_day_policy_v1; effective_date=report_date; report_currency=SEK; exact publication time not tracked
CATE.ST,,2024-Q4,,2025-02-20,18.2464,User-supplied historical EPS TTM; report date from Yahoo/official override,True,,historical_eps_same_day_policy_v1; effective_date=report_date; report_currency=SEK; exact publication time not tracked
CATE.ST,,2025-Q1,,2025-04-28,19.8815,User-supplied historical EPS TTM; report date from Yahoo/official override,True,,historical_eps_same_day_policy_v1; effective_date=report_date; report_currency=SEK; exact publication time not tracked
CATE.ST,,2025-Q2,,2025-07-04,21.0391,User-supplied historical EPS TTM; report date from Yahoo/official override,True,,historical_eps_same_day_policy_v1; effective_date=report_date; report_currency=SEK; exact publication time not tracked
CATE.ST,,2025-Q3,,2025-10-24,22.4571,User-supplied historical EPS TTM; report date from Yahoo/official override,True,,historical_eps_same_day_policy_v1; effective_date=report_date; report_currency=SEK; exact publication time not tracked
CATE.ST,,2025-Q4,,2026-02-20,23.3397,User-supplied historical EPS TTM; report date from Yahoo/official override,True,,historical_eps_same_day_policy_v1; effective_date=report_date; report_currency=SEK; exact publication time not tracked
CATE.ST,,2026-Q1,,2026-04-23,19.6,User-supplied historical EPS TTM; report date from Yahoo/official override,True,,historical_eps_same_day_policy_v1; effective_date=report_date; report_currency=SEK; exact publication time not tracked
CATE.ST,,2026-Q2,,2026-07-06,20.6643,User-supplied historical EPS TTM; report date from Yahoo/official override,True,,historical_eps_same_day_policy_v1; effective_date=report_date; report_currency=SEK; exact publication time not tracked
CIBUS.ST,,2024-Q1,,2024-04-23,0.7264,User-supplied historical EPS TTM; report date from Yahoo/official override,True,,historical_eps_same_day_policy_v1; effective_date=report_date; report_currency=EUR; exact publication time not tracked
CIBUS.ST,,2024-Q2,,2024-07-17,0.7095,User-supplied historical EPS TTM; report date from Yahoo/official override,True,,historical_eps_same_day_policy_v1; effective_date=report_date; report_currency=EUR; exact publication time not tracked
CIBUS.ST,,2024-Q3,,2024-11-05,0.5993,User-supplied historical EPS TTM; report date from Yahoo/official override,True,,historical_eps_same_day_policy_v1; effective_date=report_date; report_currency=EUR; exact publication time not tracked
CIBUS.ST,,2024-Q4,,2025-02-19,0.5908,User-supplied historical EPS TTM; report date from Yahoo/official override,True,,historical_eps_same_day_policy_v1; effective_date=report_date; report_currency=EUR; exact publication time not tracked
CIBUS.ST,,2025-Q1,,2025-04-23,0.7559,User-supplied historical EPS TTM; report date from Yahoo/official override,True,,historical_eps_same_day_policy_v1; effective_date=report_date; report_currency=EUR; exact publication time not tracked
CIBUS.ST,,2025-Q2,,2025-07-17,0.8515,User-supplied historical EPS TTM; report date from Yahoo/official override,True,,historical_eps_same_day_policy_v1; effective_date=report_date; report_currency=EUR; exact publication time not tracked
CIBUS.ST,,2025-Q3,,2025-11-04,0.8746,User-supplied historical EPS TTM; report date from Yahoo/official override,True,,historical_eps_same_day_policy_v1; effective_date=report_date; report_currency=EUR; exact publication time not tracked
CIBUS.ST,,2025-Q4,,2026-03-19,0.9537,User-supplied historical EPS TTM; report date from Yahoo/official override,True,,historical_eps_same_day_policy_v1; effective_date=report_date; report_currency=EUR; exact publication time not tracked
CIBUS.ST,,2026-Q1,,2026-04-29,0.7874,User-supplied historical EPS TTM; report date from Yahoo/official override,True,,historical_eps_same_day_policy_v1; effective_date=report_date; report_currency=EUR; exact publication time not tracked
CIBUS.ST,,2026-Q2,,2026-07-16,0.8193,User-supplied historical EPS TTM; report date from Yahoo/official override,True,,historical_eps_same_day_policy_v1; effective_date=report_date; report_currency=EUR; exact publication time not tracked
CLA-B.ST,,2024-Q1,,2024-04-26,1.67,User-supplied historical EPS TTM; report date from Yahoo/official override,True,,historical_eps_same_day_policy_v1; effective_date=report_date; report_currency=SEK; exact publication time not tracked
CLA-B.ST,,2024-Q2,,2024-07-12,1.7,User-supplied historical EPS TTM; report date from Yahoo/official override,True,,historical_eps_same_day_policy_v1; effective_date=report_date; report_currency=SEK; exact publication time not tracked
CLA-B.ST,,2024-Q3,,2024-10-25,1.59,User-supplied historical EPS TTM; report date from Yahoo/official override,True,,historical_eps_same_day_policy_v1; effective_date=report_date; report_currency=SEK; exact publication time not tracked
CLA-B.ST,,2024-Q4,,2025-01-29,1.67,User-supplied historical EPS TTM; report date from Yahoo/official override,True,,historical_eps_same_day_policy_v1; effective_date=report_date; report_currency=SEK; exact publication time not tracked
CLA-B.ST,,2025-Q1,,2025-05-07,2.18,User-supplied historical EPS TTM; report date from Yahoo/official override,True,,historical_eps_same_day_policy_v1; effective_date=report_date; report_currency=SEK; exact publication time not tracked
CLA-B.ST,,2025-Q2,,2025-07-17,2.29,User-supplied historical EPS TTM; report date from Yahoo/official override,True,,historical_eps_same_day_policy_v1; effective_date=report_date; report_currency=SEK; exact publication time not tracked
CLA-B.ST,,2025-Q3,,2025-11-05,2.51,User-supplied historical EPS TTM; report date from Yahoo/official override,True,,historical_eps_same_day_policy_v1; effective_date=report_date; report_currency=SEK; exact publication time not tracked
CLA-B.ST,,2025-Q4,,2026-02-04,2.78,User-supplied historical EPS TTM; report date from Yahoo/official override,True,,historical_eps_same_day_policy_v1; effective_date=report_date; report_currency=SEK; exact publication time not tracked
CLA-B.ST,,2026-Q1,,2026-05-06,2.61,User-supplied historical EPS TTM; report date from Yahoo/official override,True,,historical_eps_same_day_policy_v1; effective_date=report_date; report_currency=SEK; exact publication time not tracked
CLA-B.ST,,2026-Q2,,2026-07-15,2.95,User-supplied historical EPS TTM; report date from Yahoo/official override,True,,historical_eps_same_day_policy_v1; effective_date=report_date; report_currency=SEK; exact publication time not tracked
CLAS-B.ST,,2024-Q3,,2024-03-06,7.0205,User-supplied historical EPS TTM; report date from Yahoo/official override,True,,historical_eps_same_day_policy_v1; effective_date=report_date; report_currency=SEK; exact publication time not tracked
CLAS-B.ST,,2024-Q4,,2024-06-05,8.0275,User-supplied historical EPS TTM; report date from Yahoo/official override,True,,historical_eps_same_day_policy_v1; effective_date=report_date; report_currency=SEK; exact publication time not tracked
CLAS-B.ST,,2025-Q1,,2024-09-04,10.7455,User-supplied historical EPS TTM; report date from Yahoo/official override,True,,historical_eps_same_day_policy_v1; effective_date=report_date; report_currency=SEK; exact publication time not tracked
CLAS-B.ST,,2025-Q2,,2024-12-04,11.6404,User-supplied historical EPS TTM; report date from Yahoo/official override,True,,historical_eps_same_day_policy_v1; effective_date=report_date; report_currency=SEK; exact publication time not tracked
CLAS-B.ST,,2025-Q3,,2025-03-12,13.29,User-supplied historical EPS TTM; report date from Yahoo/official override,True,,historical_eps_same_day_policy_v1; effective_date=report_date; report_currency=SEK; exact publication time not tracked
CLAS-B.ST,,2025-Q4,,2025-06-12,13.91,User-supplied historical EPS TTM; report date from Yahoo/official override,True,,historical_eps_same_day_policy_v1; effective_date=report_date; report_currency=SEK; exact publication time not tracked
CLAS-B.ST,,2026-Q1,,2025-09-10,14.88,User-supplied historical EPS TTM; report date from Yahoo/official override,True,,historical_eps_same_day_policy_v1; effective_date=report_date; report_currency=SEK; exact publication time not tracked
CLAS-B.ST,,2026-Q2,,2025-12-10,16.11,User-supplied historical EPS TTM; report date from Yahoo/official override,True,,historical_eps_same_day_policy_v1; effective_date=report_date; report_currency=SEK; exact publication time not tracked
CLAS-B.ST,,2026-Q3,,2026-03-11,17.47,User-supplied historical EPS TTM; report date from Yahoo/official override,True,,historical_eps_same_day_policy_v1; effective_date=report_date; report_currency=SEK; exact publication time not tracked
CLAS-B.ST,,2026-Q4,,2026-06-03,18.4,User-supplied historical EPS TTM; report date from Yahoo/official override,True,,historical_eps_same_day_policy_v1; effective_date=report_date; report_currency=SEK; exact publication time not tracked
COOR.ST,,2024-Q1,,2024-04-24,1.7,User-supplied historical EPS TTM; report date from Yahoo/official override,True,,historical_eps_same_day_policy_v1; effective_date=report_date; report_currency=SEK; exact publication time not tracked
COOR.ST,,2024-Q2,,2024-07-12,1.9,User-supplied historical EPS TTM; report date from Yahoo/official override,True,,historical_eps_same_day_policy_v1; effective_date=report_date; report_currency=SEK; exact publication time not tracked
COOR.ST,,2024-Q3,,2024-10-24,1.8,User-supplied historical EPS TTM; report date from Yahoo/official override,True,,historical_eps_same_day_policy_v1; effective_date=report_date; report_currency=SEK; exact publication time not tracked
COOR.ST,,2024-Q4,,2025-02-06,1.3,User-supplied historical EPS TTM; report date from Yahoo/official override,True,,historical_eps_same_day_policy_v1; effective_date=report_date; report_currency=SEK; exact publication time not tracked
COOR.ST,,2025-Q1,,2025-04-23,1.2,User-supplied historical EPS TTM; report date from Yahoo/official override,True,,historical_eps_same_day_policy_v1; effective_date=report_date; report_currency=SEK; exact publication time not tracked
COOR.ST,,2025-Q2,,2025-07-14,1.3,User-supplied historical EPS TTM; report date from Yahoo/official override,True,,historical_eps_same_day_policy_v1; effective_date=report_date; report_currency=SEK; exact publication time not tracked
COOR.ST,,2025-Q3,,2025-10-23,1.6,User-supplied historical EPS TTM; report date from Yahoo/official override,True,,historical_eps_same_day_policy_v1; effective_date=report_date; report_currency=SEK; exact publication time not tracked
COOR.ST,,2025-Q4,,2026-02-11,2.3,User-supplied historical EPS TTM; report date from Yahoo/official override,True,,historical_eps_same_day_policy_v1; effective_date=report_date; report_currency=SEK; exact publication time not tracked
COOR.ST,,2026-Q1,,2026-04-22,2.5,User-supplied historical EPS TTM; report date from Yahoo/official override,True,,historical_eps_same_day_policy_v1; effective_date=report_date; report_currency=SEK; exact publication time not tracked
COOR.ST,,2026-Q2,,2026-07-15,2.7,User-supplied historical EPS TTM; report date from Yahoo/official override,True,,historical_eps_same_day_policy_v1; effective_date=report_date; report_currency=SEK; exact publication time not tracked
CTT.ST,,2024-Q1,,2024-04-26,8.1411,User-supplied historical EPS TTM; report date from Yahoo/official override,True,,historical_eps_same_day_policy_v1; effective_date=report_date; report_currency=SEK; exact publication time not tracked
CTT.ST,,2024-Q2,,2024-07-19,8.1331,User-supplied historical EPS TTM; report date from Yahoo/official override,True,,historical_eps_same_day_policy_v1; effective_date=report_date; report_currency=SEK; exact publication time not tracked
CTT.ST,,2024-Q3,,2024-10-25,7.0876,User-supplied historical EPS TTM; report date from Yahoo/official override,True,,historical_eps_same_day_policy_v1; effective_date=report_date; report_currency=SEK; exact publication time not tracked
CTT.ST,,2024-Q4,,2025-02-07,6.8242,User-supplied historical EPS TTM; report date from Yahoo/official override,True,,historical_eps_same_day_policy_v1; effective_date=report_date; report_currency=SEK; exact publication time not tracked
CTT.ST,,2025-Q1,,2025-04-25,5.16,User-supplied historical EPS TTM; report date from Yahoo/official override,True,,historical_eps_same_day_policy_v1; effective_date=report_date; report_currency=SEK; exact publication time not tracked
CTT.ST,,2025-Q2,,2025-07-18,4.38,User-supplied historical EPS TTM; report date from Yahoo/official override,True,,historical_eps_same_day_policy_v1; effective_date=report_date; report_currency=SEK; exact publication time not tracked
CTT.ST,,2025-Q3,,2025-10-24,4.56,User-supplied historical EPS TTM; report date from Yahoo/official override,True,,historical_eps_same_day_policy_v1; effective_date=report_date; report_currency=SEK; exact publication time not tracked
CTT.ST,,2025-Q4,,2026-02-06,3.08,User-supplied historical EPS TTM; report date from Yahoo/official override,True,,historical_eps_same_day_policy_v1; effective_date=report_date; report_currency=SEK; exact publication time not tracked
CTT.ST,,2026-Q1,,2026-04-28,3.31,User-supplied historical EPS TTM; report date from Yahoo/official override,True,,historical_eps_same_day_policy_v1; effective_date=report_date; report_currency=SEK; exact publication time not tracked
CTT.ST,,2026-Q2,,2026-07-21,2.92,User-supplied historical EPS TTM; report date from Yahoo/official override,True,,historical_eps_same_day_policy_v1; effective_date=report_date; report_currency=SEK; exact publication time not tracked
DIOS.ST,,2024-Q1,,2024-04-26,4.9572,User-supplied historical EPS TTM; report date from Yahoo/official override,True,,historical_eps_same_day_policy_v1; effective_date=report_date; report_currency=SEK; exact publication time not tracked
DIOS.ST,,2024-Q2,,2024-07-05,5.0751,User-supplied historical EPS TTM; report date from Yahoo/official override,True,,historical_eps_same_day_policy_v1; effective_date=report_date; report_currency=SEK; exact publication time not tracked
DIOS.ST,,2024-Q3,,2024-10-25,5.2098,User-supplied historical EPS TTM; report date from Yahoo/official override,True,,historical_eps_same_day_policy_v1; effective_date=report_date; report_currency=SEK; exact publication time not tracked
DIOS.ST,,2024-Q4,,2025-02-14,5.0077,User-supplied historical EPS TTM; report date from Yahoo/official override,True,,historical_eps_same_day_policy_v1; effective_date=report_date; report_currency=SEK; exact publication time not tracked
DIOS.ST,,2025-Q1,,2025-04-29,5.1256,User-supplied historical EPS TTM; report date from Yahoo/official override,True,,historical_eps_same_day_policy_v1; effective_date=report_date; report_currency=SEK; exact publication time not tracked
DIOS.ST,,2025-Q2,,2025-07-04,5.2828,User-supplied historical EPS TTM; report date from Yahoo/official override,True,,historical_eps_same_day_policy_v1; effective_date=report_date; report_currency=SEK; exact publication time not tracked
DIOS.ST,,2025-Q3,,2025-10-24,5.3333,User-supplied historical EPS TTM; report date from Yahoo/official override,True,,historical_eps_same_day_policy_v1; effective_date=report_date; report_currency=SEK; exact publication time not tracked
DIOS.ST,,2025-Q4,,2026-02-13,5.5074,User-supplied historical EPS TTM; report date from Yahoo/official override,True,,historical_eps_same_day_policy_v1; effective_date=report_date; report_currency=SEK; exact publication time not tracked
DIOS.ST,,2026-Q1,,2026-04-29,5.6014,User-supplied historical EPS TTM; report date from Yahoo/official override,True,,historical_eps_same_day_policy_v1; effective_date=report_date; report_currency=SEK; exact publication time not tracked
DIOS.ST,,2026-Q2,,2026-07-06,5.6642,User-supplied historical EPS TTM; report date from Yahoo/official override,True,,historical_eps_same_day_policy_v1; effective_date=report_date; report_currency=SEK; exact publication time not tracked
DOM.ST,,2024-Q1,,2024-04-19,3.97,User-supplied historical EPS TTM; report date from Yahoo/official override,True,,historical_eps_same_day_policy_v1; effective_date=report_date; report_currency=SEK; exact publication time not tracked
DOM.ST,,2024-Q2,,2024-07-18,3.69,User-supplied historical EPS TTM; report date from Yahoo/official override,True,,historical_eps_same_day_policy_v1; effective_date=report_date; report_currency=SEK; exact publication time not tracked
DOM.ST,,2024-Q3,,2024-10-23,-3.61,User-supplied historical EPS TTM; report date from Yahoo/official override,True,,historical_eps_same_day_policy_v1; effective_date=report_date; report_currency=SEK; exact publication time not tracked
DOM.ST,,2024-Q4,,2025-01-29,-7.21,User-supplied historical EPS TTM; report date from Yahoo/official override,True,,historical_eps_same_day_policy_v1; effective_date=report_date; report_currency=SEK; exact publication time not tracked
DOM.ST,,2025-Q1,,2025-04-24,-7.5,User-supplied historical EPS TTM; report date from Yahoo/official override,True,,historical_eps_same_day_policy_v1; effective_date=report_date; report_currency=SEK; exact publication time not tracked
DOM.ST,,2025-Q2,,2025-07-15,-7.79,User-supplied historical EPS TTM; report date from Yahoo/official override,True,,historical_eps_same_day_policy_v1; effective_date=report_date; report_currency=SEK; exact publication time not tracked
DOM.ST,,2025-Q3,,2025-10-23,-1.43,User-supplied historical EPS TTM; report date from Yahoo/official override,True,,historical_eps_same_day_policy_v1; effective_date=report_date; report_currency=SEK; exact publication time not tracked
DOM.ST,,2025-Q4,,2026-01-28,1.34,User-supplied historical EPS TTM; report date from Yahoo/official override,True,,historical_eps_same_day_policy_v1; effective_date=report_date; report_currency=SEK; exact publication time not tracked
DOM.ST,,2026-Q1,,2026-04-23,1.31,User-supplied historical EPS TTM; report date from Yahoo/official override,True,,historical_eps_same_day_policy_v1; effective_date=report_date; report_currency=SEK; exact publication time not tracked
DOM.ST,,2026-Q2,,2026-07-14,0.97,User-supplied historical EPS TTM; report date from Yahoo/official override,True,,historical_eps_same_day_policy_v1; effective_date=report_date; report_currency=SEK; exact publication time not tracked
DUNI.ST,,2024-Q1,,2024-04-24,8.31,User-supplied historical EPS TTM; report date from Yahoo/official override,True,,historical_eps_same_day_policy_v1; effective_date=report_date; report_currency=SEK; exact publication time not tracked
DUNI.ST,,2024-Q2,,2024-07-12,7.83,User-supplied historical EPS TTM; report date from Yahoo/official override,True,,historical_eps_same_day_policy_v1; effective_date=report_date; report_currency=SEK; exact publication time not tracked
DUNI.ST,,2024-Q3,,2024-10-24,4.99,User-supplied historical EPS TTM; report date from Yahoo/official override,True,,historical_eps_same_day_policy_v1; effective_date=report_date; report_currency=SEK; exact publication time not tracked
DUNI.ST,,2024-Q4,,2025-02-11,5.48,User-supplied historical EPS TTM; report date from Yahoo/official override,True,,historical_eps_same_day_policy_v1; effective_date=report_date; report_currency=SEK; exact publication time not tracked
DUNI.ST,,2025-Q1,,2025-04-25,5.17,User-supplied historical EPS TTM; report date from Yahoo/official override,True,,historical_eps_same_day_policy_v1; effective_date=report_date; report_currency=SEK; exact publication time not tracked
DUNI.ST,,2025-Q2,,2025-07-11,4.68,User-supplied historical EPS TTM; report date from Yahoo/official override,True,,historical_eps_same_day_policy_v1; effective_date=report_date; report_currency=SEK; exact publication time not tracked
DUNI.ST,,2025-Q3,,2025-10-24,6.96,User-supplied historical EPS TTM; report date from Yahoo/official override,True,,historical_eps_same_day_policy_v1; effective_date=report_date; report_currency=SEK; exact publication time not tracked
DUNI.ST,,2025-Q4,,2026-02-06,6.64,User-supplied historical EPS TTM; report date from Yahoo/official override,True,,historical_eps_same_day_policy_v1; effective_date=report_date; report_currency=SEK; exact publication time not tracked
DUNI.ST,,2026-Q1,,2026-04-24,6.02,User-supplied historical EPS TTM; report date from Yahoo/official override,True,,historical_eps_same_day_policy_v1; effective_date=report_date; report_currency=SEK; exact publication time not tracked
DUNI.ST,,2026-Q2,,2026-07-14,4.32,User-supplied historical EPS TTM; report date from Yahoo/official override,True,,historical_eps_same_day_policy_v1; effective_date=report_date; report_currency=SEK; exact publication time not tracked
DYVOX.ST,,2024-Q1,,2024-04-23,1.02,User-supplied historical EPS TTM; report date from Yahoo/official override,True,,historical_eps_same_day_policy_v1; effective_date=report_date; report_currency=SEK; exact publication time not tracked
DYVOX.ST,,2024-Q2,,2024-07-18,1.2,User-supplied historical EPS TTM; report date from Yahoo/official override,True,,historical_eps_same_day_policy_v1; effective_date=report_date; report_currency=SEK; exact publication time not tracked
DYVOX.ST,,2024-Q3,,2024-10-23,1.3,User-supplied historical EPS TTM; report date from Yahoo/official override,True,,historical_eps_same_day_policy_v1; effective_date=report_date; report_currency=SEK; exact publication time not tracked
DYVOX.ST,,2024-Q4,,2025-02-05,1.39,User-supplied historical EPS TTM; report date from Yahoo/official override,True,,historical_eps_same_day_policy_v1; effective_date=report_date; report_currency=SEK; exact publication time not tracked
DYVOX.ST,,2025-Q1,,2025-04-25,1.52,User-supplied historical EPS TTM; report date from Yahoo/official override,True,,historical_eps_same_day_policy_v1; effective_date=report_date; report_currency=SEK; exact publication time not tracked
DYVOX.ST,,2025-Q2,,2025-07-18,1.44,User-supplied historical EPS TTM; report date from Yahoo/official override,True,,historical_eps_same_day_policy_v1; effective_date=report_date; report_currency=SEK; exact publication time not tracked
DYVOX.ST,,2025-Q3,,2025-10-23,1.37,User-supplied historical EPS TTM; report date from Yahoo/official override,True,,historical_eps_same_day_policy_v1; effective_date=report_date; report_currency=SEK; exact publication time not tracked
DYVOX.ST,,2025-Q4,,2026-02-05,1.57,User-supplied historical EPS TTM; report date from Yahoo/official override,True,,historical_eps_same_day_policy_v1; effective_date=report_date; report_currency=SEK; exact publication time not tracked
DYVOX.ST,,2026-Q1,,2026-04-24,1.71,User-supplied historical EPS TTM; report date from Yahoo/official override,True,,historical_eps_same_day_policy_v1; effective_date=report_date; report_currency=SEK; exact publication time not tracked
DYVOX.ST,,2026-Q2,,2026-07-22,2.14,User-supplied historical EPS TTM; report date from Yahoo/official override,True,,historical_eps_same_day_policy_v1; effective_date=report_date; report_currency=SEK; exact publication time not tracked
EAST.ST,,2024-Q1,,2024-04-24,0.1651,User-supplied historical EPS TTM; report date from Yahoo/official override,True,,historical_eps_same_day_policy_v1; effective_date=report_date; report_currency=EUR; exact publication time not tracked
EAST.ST,,2024-Q2,,2024-07-04,0.1747,User-supplied historical EPS TTM; report date from Yahoo/official override,True,,historical_eps_same_day_policy_v1; effective_date=report_date; report_currency=EUR; exact publication time not tracked
EAST.ST,,2024-Q3,,2024-10-24,0.1821,User-supplied historical EPS TTM; report date from Yahoo/official override,True,,historical_eps_same_day_policy_v1; effective_date=report_date; report_currency=EUR; exact publication time not tracked
EAST.ST,,2024-Q4,,2025-02-05,0.1969,User-supplied historical EPS TTM; report date from Yahoo/official override,True,,historical_eps_same_day_policy_v1; effective_date=report_date; report_currency=EUR; exact publication time not tracked
EAST.ST,,2025-Q1,,2025-04-28,0.2188,User-supplied historical EPS TTM; report date from Yahoo/official override,True,,historical_eps_same_day_policy_v1; effective_date=report_date; report_currency=EUR; exact publication time not tracked
EAST.ST,,2025-Q2,,2025-07-07,0.2217,User-supplied historical EPS TTM; report date from Yahoo/official override,True,,historical_eps_same_day_policy_v1; effective_date=report_date; report_currency=EUR; exact publication time not tracked
EAST.ST,,2025-Q3,,2025-10-23,0.2433,User-supplied historical EPS TTM; report date from Yahoo/official override,True,,historical_eps_same_day_policy_v1; effective_date=report_date; report_currency=EUR; exact publication time not tracked
EAST.ST,,2025-Q4,,2026-02-05,0.2506,User-supplied historical EPS TTM; report date from Yahoo/official override,True,,historical_eps_same_day_policy_v1; effective_date=report_date; report_currency=EUR; exact publication time not tracked
EAST.ST,,2026-Q1,,2026-04-28,0.2495,User-supplied historical EPS TTM; report date from Yahoo/official override,True,,historical_eps_same_day_policy_v1; effective_date=report_date; report_currency=EUR; exact publication time not tracked
EAST.ST,,2026-Q2,,2026-07-07,0.2451,User-supplied historical EPS TTM; report date from Yahoo/official override,True,,historical_eps_same_day_policy_v1; effective_date=report_date; report_currency=EUR; exact publication time not tracked
EKTA-B.ST,,2024-Q3,,2024-02-29,3.7505,User-supplied historical EPS TTM; report date from Yahoo/official override,True,,historical_eps_same_day_policy_v1; effective_date=report_date; report_currency=SEK; exact publication time not tracked
EKTA-B.ST,,2024-Q4,,2024-06-05,3.4076,User-supplied historical EPS TTM; report date from Yahoo/official override,True,,historical_eps_same_day_policy_v1; effective_date=report_date; report_currency=SEK; exact publication time not tracked
EKTA-B.ST,,2025-Q1,,2024-08-28,2.97,User-supplied historical EPS TTM; report date from Yahoo/official override,True,,historical_eps_same_day_policy_v1; effective_date=report_date; report_currency=SEK; exact publication time not tracked
EKTA-B.ST,,2025-Q2,,2024-11-27,2.62,User-supplied historical EPS TTM; report date from Yahoo/official override,True,,historical_eps_same_day_policy_v1; effective_date=report_date; report_currency=SEK; exact publication time not tracked
EKTA-B.ST,,2025-Q3,,2025-02-20,2.72,User-supplied historical EPS TTM; report date from Yahoo/official override,True,,historical_eps_same_day_policy_v1; effective_date=report_date; report_currency=SEK; exact publication time not tracked
EKTA-B.ST,,2025-Q4,,2025-05-28,0.62,User-supplied historical EPS TTM; report date from Yahoo/official override,True,,historical_eps_same_day_policy_v1; effective_date=report_date; report_currency=SEK; exact publication time not tracked
EKTA-B.ST,,2026-Q1,,2025-08-27,0.72,User-supplied historical EPS TTM; report date from Yahoo/official override,True,,historical_eps_same_day_policy_v1; effective_date=report_date; report_currency=SEK; exact publication time not tracked
EKTA-B.ST,,2026-Q2,,2025-11-26,0.76,User-supplied historical EPS TTM; report date from Yahoo/official override,True,,historical_eps_same_day_policy_v1; effective_date=report_date; report_currency=SEK; exact publication time not tracked
EKTA-B.ST,,2026-Q3,,2026-03-05,-0.1,User-supplied historical EPS TTM; report date from Yahoo/official override,True,,historical_eps_same_day_policy_v1; effective_date=report_date; report_currency=SEK; exact publication time not tracked
EKTA-B.ST,,2026-Q4,,2026-05-28,-1.36,User-supplied historical EPS TTM; report date from Yahoo/official override,True,,historical_eps_same_day_policy_v1; effective_date=report_date; report_currency=SEK; exact publication time not tracked
EMBRAC-B.ST,,2024-Q4,,2024-05-23,-91.68,User-supplied historical EPS TTM; report date from Yahoo/official override,True,,historical_eps_same_day_policy_v1; effective_date=report_date; report_currency=SEK; exact publication time not tracked
EMBRAC-B.ST,,2025-Q1,,2024-08-15,-73.91,User-supplied historical EPS TTM; report date from Yahoo/official override,True,,historical_eps_same_day_policy_v1; effective_date=report_date; report_currency=SEK; exact publication time not tracked
EMBRAC-B.ST,,2025-Q2,,2024-11-14,-72.55,User-supplied historical EPS TTM; report date from Yahoo/official override,True,,historical_eps_same_day_policy_v1; effective_date=report_date; report_currency=SEK; exact publication time not tracked
EMBRAC-B.ST,,2025-Q3,,2025-02-13,-60.29,User-supplied historical EPS TTM; report date from Yahoo/official override,True,,historical_eps_same_day_policy_v1; effective_date=report_date; report_currency=SEK; exact publication time not tracked
EMBRAC-B.ST,,2025-Q4,,2025-05-22,12.31,User-supplied historical EPS TTM; report date from Yahoo/official override,True,,historical_eps_same_day_policy_v1; effective_date=report_date; report_currency=SEK; exact publication time not tracked
EMBRAC-B.ST,,2026-Q1,,2025-08-14,18.08,User-supplied historical EPS TTM; report date from Yahoo/official override,True,,historical_eps_same_day_policy_v1; effective_date=report_date; report_currency=SEK; exact publication time not tracked
EMBRAC-B.ST,,2026-Q2,,2025-11-13,19.69,User-supplied historical EPS TTM; report date from Yahoo/official override,True,,historical_eps_same_day_policy_v1; effective_date=report_date; report_currency=SEK; exact publication time not tracked
EMBRAC-B.ST,,2026-Q3,,2026-02-12,18.91,User-supplied historical EPS TTM; report date from Yahoo/official override,True,,historical_eps_same_day_policy_v1; effective_date=report_date; report_currency=SEK; exact publication time not tracked
EMBRAC-B.ST,,2026-Q4,,2026-05-20,-32.76,User-supplied historical EPS TTM; report date from Yahoo/official override,True,,historical_eps_same_day_policy_v1; effective_date=report_date; report_currency=SEK; exact publication time not tracked
EMBRAC-B.ST,,2027-Q1,,2026-08-13,-27.84,User-supplied historical EPS TTM; report date from Yahoo/official override,True,,historical_eps_same_day_policy_v1; effective_date=report_date; report_currency=SEK; exact publication time not tracked
EPI-A.ST,,2024-Q1,,2024-04-23,7.57,User-supplied historical EPS TTM; report date from Yahoo/official override,True,,historical_eps_same_day_policy_v1; effective_date=report_date; report_currency=SEK; exact publication time not tracked
EPI-A.ST,,2024-Q2,,2024-07-19,7.07,User-supplied historical EPS TTM; report date from Yahoo/official override,True,,historical_eps_same_day_policy_v1; effective_date=report_date; report_currency=SEK; exact publication time not tracked
EPI-A.ST,,2024-Q3,,2024-10-25,7.14,User-supplied historical EPS TTM; report date from Yahoo/official override,True,,historical_eps_same_day_policy_v1; effective_date=report_date; report_currency=SEK; exact publication time not tracked
EPI-A.ST,,2024-Q4,,2025-01-30,7.23,User-supplied historical EPS TTM; report date from Yahoo/official override,True,,historical_eps_same_day_policy_v1; effective_date=report_date; report_currency=SEK; exact publication time not tracked
EPI-A.ST,,2025-Q1,,2025-04-29,7.38,User-supplied historical EPS TTM; report date from Yahoo/official override,True,,historical_eps_same_day_policy_v1; effective_date=report_date; report_currency=SEK; exact publication time not tracked
EPI-A.ST,,2025-Q2,,2025-07-18,7.43,User-supplied historical EPS TTM; report date from Yahoo/official override,True,,historical_eps_same_day_policy_v1; effective_date=report_date; report_currency=SEK; exact publication time not tracked
EPI-A.ST,,2025-Q3,,2025-10-29,7.14,User-supplied historical EPS TTM; report date from Yahoo/official override,True,,historical_eps_same_day_policy_v1; effective_date=report_date; report_currency=SEK; exact publication time not tracked
EPI-A.ST,,2025-Q4,,2026-01-26,7.12,User-supplied historical EPS TTM; report date from Yahoo/official override,True,,historical_eps_same_day_policy_v1; effective_date=report_date; report_currency=SEK; exact publication time not tracked
EPI-A.ST,,2026-Q1,,2026-04-29,7.03,User-supplied historical EPS TTM; report date from Yahoo/official override,True,,historical_eps_same_day_policy_v1; effective_date=report_date; report_currency=SEK; exact publication time not tracked
EPI-A.ST,,2026-Q2,,2026-07-17,7.3,User-supplied historical EPS TTM; report date from Yahoo/official override,True,,historical_eps_same_day_policy_v1; effective_date=report_date; report_currency=SEK; exact publication time not tracked
EPI-B.ST,,2024-Q1,,2024-04-23,7.57,User-supplied historical EPS TTM; report date from Yahoo/official override,True,,historical_eps_same_day_policy_v1; effective_date=report_date; report_currency=SEK; exact publication time not tracked
EPI-B.ST,,2024-Q2,,2024-07-19,7.07,User-supplied historical EPS TTM; report date from Yahoo/official override,True,,historical_eps_same_day_policy_v1; effective_date=report_date; report_currency=SEK; exact publication time not tracked
EPI-B.ST,,2024-Q3,,2024-10-25,7.14,User-supplied historical EPS TTM; report date from Yahoo/official override,True,,historical_eps_same_day_policy_v1; effective_date=report_date; report_currency=SEK; exact publication time not tracked
EPI-B.ST,,2024-Q4,,2025-01-30,7.23,User-supplied historical EPS TTM; report date from Yahoo/official override,True,,historical_eps_same_day_policy_v1; effective_date=report_date; report_currency=SEK; exact publication time not tracked
EPI-B.ST,,2025-Q1,,2025-04-29,7.38,User-supplied historical EPS TTM; report date from Yahoo/official override,True,,historical_eps_same_day_policy_v1; effective_date=report_date; report_currency=SEK; exact publication time not tracked
EPI-B.ST,,2025-Q2,,2025-07-18,7.43,User-supplied historical EPS TTM; report date from Yahoo/official override,True,,historical_eps_same_day_policy_v1; effective_date=report_date; report_currency=SEK; exact publication time not tracked
EPI-B.ST,,2025-Q3,,2025-10-29,7.14,User-supplied historical EPS TTM; report date from Yahoo/official override,True,,historical_eps_same_day_policy_v1; effective_date=report_date; report_currency=SEK; exact publication time not tracked
EPI-B.ST,,2025-Q4,,2026-01-26,7.12,User-supplied historical EPS TTM; report date from Yahoo/official override,True,,historical_eps_same_day_policy_v1; effective_date=report_date; report_currency=SEK; exact publication time not tracked
EPI-B.ST,,2026-Q1,,2026-04-29,7.03,User-supplied historical EPS TTM; report date from Yahoo/official override,True,,historical_eps_same_day_policy_v1; effective_date=report_date; report_currency=SEK; exact publication time not tracked
EPI-B.ST,,2026-Q2,,2026-07-17,7.3,User-supplied historical EPS TTM; report date from Yahoo/official override,True,,historical_eps_same_day_policy_v1; effective_date=report_date; report_currency=SEK; exact publication time not tracked
EQL.ST,,2024-Q4,,2024-05-14,0.7812,User-supplied historical EPS TTM; report date from Yahoo/official override,True,,historical_eps_same_day_policy_v1; effective_date=report_date; report_currency=SEK; exact publication time not tracked
EQL.ST,,2025-Q1,,2024-05-14,0.9047,User-supplied historical EPS TTM; report date from Yahoo/official override,True,,historical_eps_same_day_policy_v1; effective_date=report_date; report_currency=SEK; exact publication time not tracked
EQL.ST,,2025-Q2,,2024-08-08,1.0726,User-supplied historical EPS TTM; report date from Yahoo/official override,True,,historical_eps_same_day_policy_v1; effective_date=report_date; report_currency=SEK; exact publication time not tracked
EQL.ST,,2025-Q3,,2024-11-06,1.1949,User-supplied historical EPS TTM; report date from Yahoo/official override,True,,historical_eps_same_day_policy_v1; effective_date=report_date; report_currency=SEK; exact publication time not tracked
EQL.ST,,2025-Q4,,2025-02-05,1.4838,User-supplied historical EPS TTM; report date from Yahoo/official override,True,,historical_eps_same_day_policy_v1; effective_date=report_date; report_currency=SEK; exact publication time not tracked
EQL.ST,,2026-Q1,,2025-05-08,1.46,User-supplied historical EPS TTM; report date from Yahoo/official override,True,,historical_eps_same_day_policy_v1; effective_date=report_date; report_currency=SEK; exact publication time not tracked
EQL.ST,,2026-Q2,,2025-08-08,1.0,User-supplied historical EPS TTM; report date from Yahoo/official override,True,,historical_eps_same_day_policy_v1; effective_date=report_date; report_currency=SEK; exact publication time not tracked
EQL.ST,,2026-Q3,,2025-11-05,0.99,User-supplied historical EPS TTM; report date from Yahoo/official override,True,,historical_eps_same_day_policy_v1; effective_date=report_date; report_currency=SEK; exact publication time not tracked
EQL.ST,,2026-Q4,,2026-02-03,0.42,User-supplied historical EPS TTM; report date from Yahoo/official override,True,,historical_eps_same_day_policy_v1; effective_date=report_date; report_currency=SEK; exact publication time not tracked
EQL.ST,,2027-Q1,,2026-05-08,-0.48,User-supplied historical EPS TTM; report date from Yahoo/official override,True,,historical_eps_same_day_policy_v1; effective_date=report_date; report_currency=SEK; exact publication time not tracked
EQT.ST,,2021-Q4,,2022-01-19,0.9288,User-supplied historical EPS TTM; report date from Yahoo/official override,True,,historical_eps_same_day_policy_v1; effective_date=report_date; report_currency=EUR; exact publication time not tracked
EQT.ST,,2022-Q2,,2022-07-14,0.7881,User-supplied historical EPS TTM; report date from Yahoo/official override,True,,historical_eps_same_day_policy_v1; effective_date=report_date; report_currency=EUR; exact publication time not tracked
EQT.ST,,2022-Q4,,2023-01-18,0.1706,User-supplied historical EPS TTM; report date from Yahoo/official override,True,,historical_eps_same_day_policy_v1; effective_date=report_date; report_currency=EUR; exact publication time not tracked
EQT.ST,,2023-Q2,,2023-07-14,-0.0455,User-supplied historical EPS TTM; report date from Yahoo/official override,True,,historical_eps_same_day_policy_v1; effective_date=report_date; report_currency=EUR; exact publication time not tracked
EQT.ST,,2023-Q4,,2024-01-18,0.1096,User-supplied historical EPS TTM; report date from Yahoo/official override,True,,historical_eps_same_day_policy_v1; effective_date=report_date; report_currency=EUR; exact publication time not tracked
EQT.ST,,2024-Q2,,2024-07-18,0.3385,User-supplied historical EPS TTM; report date from Yahoo/official override,True,,historical_eps_same_day_policy_v1; effective_date=report_date; report_currency=EUR; exact publication time not tracked
EQT.ST,,2024-Q4,,2025-01-23,0.6567,User-supplied historical EPS TTM; report date from Yahoo/official override,True,,historical_eps_same_day_policy_v1; effective_date=report_date; report_currency=EUR; exact publication time not tracked
EQT.ST,,2025-Q2,,2025-07-17,0.712,User-supplied historical EPS TTM; report date from Yahoo/official override,True,,historical_eps_same_day_policy_v1; effective_date=report_date; report_currency=EUR; exact publication time not tracked
EQT.ST,,2025-Q4,,2026-01-22,0.617,User-supplied historical EPS TTM; report date from Yahoo/official override,True,,historical_eps_same_day_policy_v1; effective_date=report_date; report_currency=EUR; exact publication time not tracked
EQT.ST,,2026-Q2,,2026-07-17,0.8922,User-supplied historical EPS TTM; report date from Yahoo/official override,True,,historical_eps_same_day_policy_v1; effective_date=report_date; report_currency=EUR; exact publication time not tracked
ERIC-B.ST,,2024-Q1,,2024-04-16,-7.63,User-supplied historical EPS TTM; report date from Yahoo/official override,True,,historical_eps_same_day_policy_v1; effective_date=report_date; report_currency=SEK; exact publication time not tracked
ERIC-B.ST,,2024-Q2,,2024-07-12,-10.76,User-supplied historical EPS TTM; report date from Yahoo/official override,True,,historical_eps_same_day_policy_v1; effective_date=report_date; report_currency=SEK; exact publication time not tracked
ERIC-B.ST,,2024-Q3,,2024-10-15,-0.41,User-supplied historical EPS TTM; report date from Yahoo/official override,True,,historical_eps_same_day_policy_v1; effective_date=report_date; report_currency=SEK; exact publication time not tracked
ERIC-B.ST,,2024-Q4,,2025-01-24,0.01,User-supplied historical EPS TTM; report date from Yahoo/official override,True,,historical_eps_same_day_policy_v1; effective_date=report_date; report_currency=SEK; exact publication time not tracked
ERIC-B.ST,,2025-Q1,,2025-04-15,0.48,User-supplied historical EPS TTM; report date from Yahoo/official override,True,,historical_eps_same_day_policy_v1; effective_date=report_date; report_currency=SEK; exact publication time not tracked
ERIC-B.ST,,2025-Q2,,2025-07-15,5.19,User-supplied historical EPS TTM; report date from Yahoo/official override,True,,historical_eps_same_day_policy_v1; effective_date=report_date; report_currency=SEK; exact publication time not tracked
ERIC-B.ST,,2025-Q3,,2025-10-14,7.39,User-supplied historical EPS TTM; report date from Yahoo/official override,True,,historical_eps_same_day_policy_v1; effective_date=report_date; report_currency=SEK; exact publication time not tracked
ERIC-B.ST,,2025-Q4,,2026-01-23,8.51,User-supplied historical EPS TTM; report date from Yahoo/official override,True,,historical_eps_same_day_policy_v1; effective_date=report_date; report_currency=SEK; exact publication time not tracked
ERIC-B.ST,,2026-Q1,,2026-04-17,7.54,User-supplied historical EPS TTM; report date from Yahoo/official override,True,,historical_eps_same_day_policy_v1; effective_date=report_date; report_currency=SEK; exact publication time not tracked
ERIC-B.ST,,2026-Q2,,2026-07-14,7.39,User-supplied historical EPS TTM; report date from Yahoo/official override,True,,historical_eps_same_day_policy_v1; effective_date=report_date; report_currency=SEK; exact publication time not tracked
ESSITY-B.ST,,2024-Q1,,2024-04-25,13.21,User-supplied historical EPS TTM; report date from Yahoo/official override,True,,historical_eps_same_day_policy_v1; effective_date=report_date; report_currency=SEK; exact publication time not tracked
ESSITY-B.ST,,2024-Q2,,2024-07-18,14.47,User-supplied historical EPS TTM; report date from Yahoo/official override,True,,historical_eps_same_day_policy_v1; effective_date=report_date; report_currency=SEK; exact publication time not tracked
ESSITY-B.ST,,2024-Q3,,2024-10-23,17.0,User-supplied historical EPS TTM; report date from Yahoo/official override,True,,historical_eps_same_day_policy_v1; effective_date=report_date; report_currency=SEK; exact publication time not tracked
ESSITY-B.ST,,2024-Q4,,2025-01-23,17.09,User-supplied historical EPS TTM; report date from Yahoo/official override,True,,historical_eps_same_day_policy_v1; effective_date=report_date; report_currency=SEK; exact publication time not tracked
ESSITY-B.ST,,2025-Q1,,2025-04-24,18.01,User-supplied historical EPS TTM; report date from Yahoo/official override,True,,historical_eps_same_day_policy_v1; effective_date=report_date; report_currency=SEK; exact publication time not tracked
ESSITY-B.ST,,2025-Q2,,2025-07-17,17.68,User-supplied historical EPS TTM; report date from Yahoo/official override,True,,historical_eps_same_day_policy_v1; effective_date=report_date; report_currency=SEK; exact publication time not tracked
ESSITY-B.ST,,2025-Q3,,2025-10-23,17.81,User-supplied historical EPS TTM; report date from Yahoo/official override,True,,historical_eps_same_day_policy_v1; effective_date=report_date; report_currency=SEK; exact publication time not tracked
ESSITY-B.ST,,2025-Q4,,2026-01-22,18.37,User-supplied historical EPS TTM; report date from Yahoo/official override,True,,historical_eps_same_day_policy_v1; effective_date=report_date; report_currency=SEK; exact publication time not tracked
ESSITY-B.ST,,2026-Q1,,2026-04-23,18.0,User-supplied historical EPS TTM; report date from Yahoo/official override,True,,historical_eps_same_day_policy_v1; effective_date=report_date; report_currency=SEK; exact publication time not tracked
ESSITY-B.ST,,2026-Q2,,2026-07-16,17.48,User-supplied historical EPS TTM; report date from Yahoo/official override,True,,historical_eps_same_day_policy_v1; effective_date=report_date; report_currency=SEK; exact publication time not tracked
EVO.ST,,2024-Q1,,2024-04-24,5.11,User-supplied historical EPS TTM; report date from Yahoo/official override,True,,historical_eps_same_day_policy_v1; effective_date=report_date; report_currency=EUR; exact publication time not tracked
EVO.ST,,2024-Q2,,2024-07-19,5.15,User-supplied historical EPS TTM; report date from Yahoo/official override,True,,historical_eps_same_day_policy_v1; effective_date=report_date; report_currency=EUR; exact publication time not tracked
EVO.ST,,2024-Q3,,2024-10-24,5.44,User-supplied historical EPS TTM; report date from Yahoo/official override,True,,historical_eps_same_day_policy_v1; effective_date=report_date; report_currency=EUR; exact publication time not tracked
EVO.ST,,2024-Q4,,2025-01-30,6.02,User-supplied historical EPS TTM; report date from Yahoo/official override,True,,historical_eps_same_day_policy_v1; effective_date=report_date; report_currency=EUR; exact publication time not tracked
EVO.ST,,2025-Q1,,2025-04-30,6.01,User-supplied historical EPS TTM; report date from Yahoo/official override,True,,historical_eps_same_day_policy_v1; effective_date=report_date; report_currency=EUR; exact publication time not tracked
EVO.ST,,2025-Q2,,2025-07-17,5.94,User-supplied historical EPS TTM; report date from Yahoo/official override,True,,historical_eps_same_day_policy_v1; effective_date=report_date; report_currency=EUR; exact publication time not tracked
EVO.ST,,2025-Q3,,2025-10-23,5.64,User-supplied historical EPS TTM; report date from Yahoo/official override,True,,historical_eps_same_day_policy_v1; effective_date=report_date; report_currency=EUR; exact publication time not tracked
EVO.ST,,2025-Q4,,2026-02-05,5.33,User-supplied historical EPS TTM; report date from Yahoo/official override,True,,historical_eps_same_day_policy_v1; effective_date=report_date; report_currency=EUR; exact publication time not tracked
EVO.ST,,2026-Q1,,2026-04-22,5.27,User-supplied historical EPS TTM; report date from Yahoo/official override,True,,historical_eps_same_day_policy_v1; effective_date=report_date; report_currency=EUR; exact publication time not tracked
EVO.ST,,2026-Q2,,2026-07-17,5.32,User-supplied historical EPS TTM; report date from Yahoo/official override,True,,historical_eps_same_day_policy_v1; effective_date=report_date; report_currency=EUR; exact publication time not tracked
FABG.ST,,2024-Q1,,2024-04-25,3.6245,User-supplied historical EPS TTM; report date from Yahoo/official override,True,,historical_eps_same_day_policy_v1; effective_date=report_date; report_currency=SEK; exact publication time not tracked
FABG.ST,,2024-Q2,,2024-07-05,3.569,User-supplied historical EPS TTM; report date from Yahoo/official override,True,,historical_eps_same_day_policy_v1; effective_date=report_date; report_currency=SEK; exact publication time not tracked
FABG.ST,,2024-Q3,,2024-10-22,3.4251,User-supplied historical EPS TTM; report date from Yahoo/official override,True,,historical_eps_same_day_policy_v1; effective_date=report_date; report_currency=SEK; exact publication time not tracked
FABG.ST,,2024-Q4,,2025-02-06,3.3948,User-supplied historical EPS TTM; report date from Yahoo/official override,True,,historical_eps_same_day_policy_v1; effective_date=report_date; report_currency=SEK; exact publication time not tracked
FABG.ST,,2025-Q1,,2025-04-14,3.2838,User-supplied historical EPS TTM; report date from Yahoo/official override,True,,historical_eps_same_day_policy_v1; effective_date=report_date; report_currency=SEK; exact publication time not tracked
FABG.ST,,2025-Q2,,2025-07-07,3.3898,User-supplied historical EPS TTM; report date from Yahoo/official override,True,,historical_eps_same_day_policy_v1; effective_date=report_date; report_currency=SEK; exact publication time not tracked
FABG.ST,,2025-Q3,,2025-10-21,3.4907,User-supplied historical EPS TTM; report date from Yahoo/official override,True,,historical_eps_same_day_policy_v1; effective_date=report_date; report_currency=SEK; exact publication time not tracked
FABG.ST,,2025-Q4,,2026-02-05,3.5866,User-supplied historical EPS TTM; report date from Yahoo/official override,True,,historical_eps_same_day_policy_v1; effective_date=report_date; report_currency=SEK; exact publication time not tracked
FABG.ST,,2026-Q1,,2026-04-23,3.8012,User-supplied historical EPS TTM; report date from Yahoo/official override,True,,historical_eps_same_day_policy_v1; effective_date=report_date; report_currency=SEK; exact publication time not tracked
FABG.ST,,2026-Q2,,2026-07-06,3.8794,User-supplied historical EPS TTM; report date from Yahoo/official override,True,,historical_eps_same_day_policy_v1; effective_date=report_date; report_currency=SEK; exact publication time not tracked
