ticker,period_end,report_date,report_lag_days,eps_ttm,currency,alignment_status,eps_source,date_status
AAK.ST,2023-09-30,2023-10-25,25,10.01,SEK,yahoo_trailing_diluted,Yahoo Finance / trailingDilutedEPS historical timeseries,existing_canonical
AAK.ST,2023-12-31,2024-02-07,38,11.35,SEK,yahoo_trailing_diluted,Yahoo Finance / trailingDilutedEPS historical timeseries,existing_canonical
AAK.ST,2024-03-31,2024-04-25,25,12.39,SEK,yahoo_trailing_diluted,Yahoo Finance / trailingDilutedEPS historical timeseries,existing_canonical
AAK.ST,2024-06-30,2024-07-18,18,13.13,SEK,yahoo_trailing_diluted,Yahoo Finance / trailingDilutedEPS historical timeseries,existing_canonical
AAK.ST,2024-09-30,2024-10-24,24,13.35,SEK,yahoo_trailing_diluted,Yahoo Finance / trailingDilutedEPS historical timeseries,existing_canonical
AAK.ST,2024-12-31,2025-02-05,36,13.57,SEK,yahoo_trailing_diluted,Yahoo Finance / trailingDilutedEPS historical timeseries,existing_canonical
AAK.ST,2025-03-31,2025-04-24,24,13.56,SEK,yahoo_trailing_diluted,Yahoo Finance / trailingDilutedEPS historical timeseries,existing_canonical
AAK.ST,2025-06-30,2025-07-17,17,12.92,SEK,yahoo_trailing_diluted,Yahoo Finance / trailingDilutedEPS historical timeseries,existing_canonical
AAK.ST,2025-09-30,2025-10-23,23,13.080000000000002,SEK,yahoo_reconstructed_diluted_ttm,Yahoo Finance / trailingDilutedEPS reconstructed from quarterlyDilutedEPS,existing_canonical
AAK.ST,2025-12-31,2026-02-05,36,13.16,SEK,yahoo_trailing_diluted,Yahoo Finance / trailingDilutedEPS historical timeseries,existing_canonical
AAK.ST,2026-03-31,2026-04-28,28,13.27,SEK,yahoo_trailing_diluted,Yahoo Finance / trailingDilutedEPS historical timeseries,existing_canonical
AAK.ST,2026-06-30,2026-07-17,17,13.87,SEK,yahoo_trailing_diluted,Yahoo Finance / trailingDilutedEPS historical timeseries,existing_canonical
ABB.ST,2023-09-30,2023-10-18,18,2.11,USD,yahoo_trailing_diluted,Yahoo Finance / trailingDilutedEPS historical timeseries,existing_canonical
ABB.ST,2023-12-31,2024-02-01,32,2.01,USD,yahoo_trailing_diluted,Yahoo Finance / trailingDilutedEPS historical timeseries,existing_canonical
ABB.ST,2024-03-31,2024-04-18,18,1.94,USD,yahoo_trailing_diluted,Yahoo Finance / trailingDilutedEPS historical timeseries,existing_canonical
ABB.ST,2024-06-30,2024-07-18,18,2.05,USD,yahoo_trailing_diluted,Yahoo Finance / trailingDilutedEPS historical timeseries,existing_canonical
ABB.ST,2024-09-30,2024-10-17,17,2.09,USD,yahoo_trailing_diluted,Yahoo Finance / trailingDilutedEPS historical timeseries,existing_canonical
ABB.ST,2024-12-31,2025-01-30,30,2.13,USD,yahoo_trailing_diluted,Yahoo Finance / trailingDilutedEPS historical timeseries,existing_canonical
ABB.ST,2025-03-31,2025-04-17,17,2.24,USD,yahoo_trailing_diluted,Yahoo Finance / trailingDilutedEPS historical timeseries,existing_canonical
ABB.ST,2025-06-30,2025-07-17,17,2.27,USD,yahoo_trailing_diluted,Yahoo Finance / trailingDilutedEPS historical timeseries,existing_canonical
ABB.ST,2025-09-30,2025-10-16,16,2.42,USD,yahoo_reconstructed_diluted_ttm,Yahoo Finance / trailingDilutedEPS reconstructed from quarterlyDilutedEPS,existing_canonical
ABB.ST,2025-12-31,2026-01-29,29,2.59,USD,yahoo_trailing_diluted,Yahoo Finance / trailingDilutedEPS historical timeseries,existing_canonical
ABB.ST,2026-03-31,2026-04-22,22,2.72,USD,yahoo_trailing_diluted,Yahoo Finance / trailingDilutedEPS historical timeseries,existing_canonical
ABB.ST,2026-06-30,2026-07-16,16,2.76,USD,yahoo_trailing_diluted,Yahoo Finance / trailingDilutedEPS historical timeseries,existing_canonical
ADDT-B.ST,2023-09-30,2023-10-26,26,6.05,SEK,yahoo_trailing_diluted,Yahoo Finance / trailingDilutedEPS historical timeseries,existing_canonical
ADDT-B.ST,2023-12-31,2024-02-07,38,6.1,SEK,yahoo_trailing_diluted,Yahoo Finance / trailingDilutedEPS historical timeseries,existing_canonical
ADDT-B.ST,2024-03-31,2024-05-16,46,6.05,SEK,yahoo_trailing_diluted,Yahoo Finance / trailingDilutedEPS historical timeseries,existing_canonical
ADDT-B.ST,2024-06-30,2024-07-12,12,6.45,SEK,yahoo_trailing_diluted,Yahoo Finance / trailingDilutedEPS historical timeseries,existing_canonical
ADDT-B.ST,2024-09-30,2024-10-24,24,6.45,SEK,yahoo_trailing_diluted,Yahoo Finance / trailingDilutedEPS historical timeseries,existing_canonical
ADDT-B.ST,2024-12-31,2025-02-04,35,6.65,SEK,yahoo_trailing_diluted,Yahoo Finance / trailingDilutedEPS historical timeseries,existing_canonical
ADDT-B.ST,2025-03-31,2025-05-15,45,7.0,SEK,yahoo_trailing_diluted,Yahoo Finance / trailingDilutedEPS historical timeseries,existing_canonical
ADDT-B.ST,2025-06-30,2025-07-15,15,7.2,SEK,yahoo_trailing_diluted,Yahoo Finance / trailingDilutedEPS historical timeseries,existing_canonical
ADDT-B.ST,2025-09-30,2025-10-23,23,7.4,SEK,yahoo_reconstructed_diluted_ttm,Yahoo Finance / trailingDilutedEPS reconstructed from quarterlyDilutedEPS,existing_canonical
ADDT-B.ST,2025-12-31,2026-02-05,36,7.65,SEK,yahoo_trailing_diluted,Yahoo Finance / trailingDilutedEPS historical timeseries,existing_canonical
ADDT-B.ST,2026-03-31,2026-05-20,50,7.95,SEK,yahoo_trailing_diluted,Yahoo Finance / trailingDilutedEPS historical timeseries,existing_canonical
ADDT-B.ST,2026-06-30,2026-07-14,14,8.25,SEK,yahoo_trailing_diluted,Yahoo Finance / trailingDilutedEPS historical timeseries,existing_canonical
ALIG.ST,2023-09-30,2023-10-24,24,5.94589,SEK,yahoo_trailing_diluted,Yahoo Finance / trailingDilutedEPS historical timeseries,existing_canonical
ALIG.ST,2023-12-31,2024-02-12,43,5.25,SEK,yahoo_trailing_diluted,Yahoo Finance / trailingDilutedEPS historical timeseries,existing_canonical
ALIG.ST,2024-03-31,2024-04-25,25,4.77,SEK,yahoo_trailing_diluted,Yahoo Finance / trailingDilutedEPS historical timeseries,existing_canonical
ALIG.ST,2024-06-30,2024-07-18,18,4.89,SEK,yahoo_trailing_diluted,Yahoo Finance / trailingDilutedEPS historical timeseries,existing_canonical
ALIG.ST,2024-09-30,2024-10-29,29,5.15,SEK,yahoo_trailing_diluted,Yahoo Finance / trailingDilutedEPS historical timeseries,existing_canonical
ALIG.ST,2024-12-31,2025-02-13,44,5.87,SEK,yahoo_trailing_diluted,Yahoo Finance / trailingDilutedEPS historical timeseries,existing_canonical
ALIG.ST,2025-03-31,2025-04-24,24,6.36,SEK,yahoo_trailing_diluted,Yahoo Finance / trailingDilutedEPS historical timeseries,existing_canonical
ALIG.ST,2025-06-30,2025-07-18,18,6.75,SEK,yahoo_trailing_diluted,Yahoo Finance / trailingDilutedEPS historical timeseries,existing_canonical
ALIG.ST,2025-09-30,2025-10-23,23,6.510000000000001,SEK,yahoo_reconstructed_diluted_ttm,Yahoo Finance / trailingDilutedEPS reconstructed from quarterlyDilutedEPS,existing_canonical
ALIG.ST,2025-12-31,2026-02-10,41,5.65,SEK,yahoo_trailing_diluted,Yahoo Finance / trailingDilutedEPS historical timeseries,existing_canonical
ALIG.ST,2026-03-31,2026-04-28,28,5.3,SEK,yahoo_trailing_diluted,Yahoo Finance / trailingDilutedEPS historical timeseries,existing_canonical
ALIG.ST,2026-06-30,2026-07-17,17,5.14,SEK,yahoo_trailing_diluted,Yahoo Finance / trailingDilutedEPS historical timeseries,existing_canonical
ALIV-SDB.ST,2023-09-30,2023-10-20,20,4.83,USD,yahoo_trailing_diluted,Yahoo Finance / trailingDilutedEPS historical timeseries,existing_canonical
ALIV-SDB.ST,2023-12-31,2024-01-26,26,5.72,USD,yahoo_trailing_diluted,Yahoo Finance / trailingDilutedEPS historical timeseries,existing_canonical
ALIV-SDB.ST,2024-03-31,2024-04-26,26,6.38,USD,yahoo_trailing_diluted,Yahoo Finance / trailingDilutedEPS historical timeseries,existing_canonical
ALIV-SDB.ST,2024-06-30,2024-07-19,19,7.48,USD,yahoo_trailing_diluted,Yahoo Finance / trailingDilutedEPS historical timeseries,existing_canonical
ALIV-SDB.ST,2024-09-30,2024-10-18,18,7.66,USD,yahoo_trailing_diluted,Yahoo Finance / trailingDilutedEPS historical timeseries,existing_canonical
ALIV-SDB.ST,2024-12-31,2025-01-31,31,8.04,USD,yahoo_trailing_diluted,Yahoo Finance / trailingDilutedEPS historical timeseries,existing_canonical
ALIV-SDB.ST,2025-03-31,2025-04-16,16,8.66,USD,yahoo_trailing_diluted,Yahoo Finance / trailingDilutedEPS historical timeseries,existing_canonical
ALIV-SDB.ST,2025-06-30,2025-07-18,18,9.12,USD,yahoo_trailing_diluted,Yahoo Finance / trailingDilutedEPS historical timeseries,existing_canonical
ALIV-SDB.ST,2025-09-30,2025-10-17,17,9.67,USD,yahoo_reconstructed_diluted_ttm,Yahoo Finance / trailingDilutedEPS reconstructed from quarterlyDilutedEPS,existing_canonical
ALIV-SDB.ST,2025-12-31,2026-01-30,30,9.55,USD,yahoo_trailing_diluted,Yahoo Finance / trailingDilutedEPS historical timeseries,existing_canonical
ALIV-SDB.ST,2026-03-31,2026-04-17,17,9.29,USD,yahoo_trailing_diluted,Yahoo Finance / trailingDilutedEPS historical timeseries,existing_canonical
ALIV-SDB.ST,2026-06-30,2026-07-17,17,8.48,USD,yahoo_trailing_diluted,Yahoo Finance / trailingDilutedEPS historical timeseries,existing_canonical
ALLEI.ST,2023-09-30,2023-10-24,24,6.32,SEK,yahoo_trailing_diluted,Yahoo Finance / trailingDilutedEPS historical timeseries,existing_canonical
ALLEI.ST,2024-03-31,2024-04-23,23,3.23,SEK,yahoo_trailing_diluted,Yahoo Finance / trailingDilutedEPS historical timeseries,existing_canonical
ALLEI.ST,2024-06-30,2024-07-19,19,4.89,SEK,yahoo_trailing_diluted,Yahoo Finance / trailingDilutedEPS historical timeseries,existing_canonical
ALLEI.ST,2024-09-30,2024-10-22,22,5.29,SEK,yahoo_trailing_diluted,Yahoo Finance / trailingDilutedEPS historical timeseries,existing_canonical
ALLEI.ST,2024-12-31,2025-01-24,24,4.87,SEK,yahoo_trailing_diluted,Yahoo Finance / trailingDilutedEPS historical timeseries,existing_canonical
ALLEI.ST,2025-03-31,2025-04-23,23,6.23,SEK,yahoo_trailing_diluted,Yahoo Finance / trailingDilutedEPS historical timeseries,existing_canonical
ALLEI.ST,2025-06-30,2025-07-18,18,4.51,SEK,yahoo_trailing_diluted,Yahoo Finance / trailingDilutedEPS historical timeseries,existing_canonical
ALLEI.ST,2025-09-30,2025-10-22,22,3.91,SEK,yahoo_reconstructed_diluted_ttm,Yahoo Finance / trailingDilutedEPS reconstructed from quarterlyDilutedEPS,existing_canonical
ALLEI.ST,2025-12-31,2026-01-27,27,2.68,SEK,yahoo_trailing_diluted,Yahoo Finance / trailingDilutedEPS historical timeseries,existing_canonical
ALLEI.ST,2026-03-31,2026-04-27,27,2.27,SEK,yahoo_trailing_diluted,Yahoo Finance / trailingDilutedEPS historical timeseries,existing_canonical
ALLEI.ST,2026-06-30,2026-07-17,17,3.65,SEK,yahoo_trailing_diluted,Yahoo Finance / trailingDilutedEPS historical timeseries,existing_canonical
ANOD-B.ST,2023-09-30,2023-10-27,27,2.07,SEK,yahoo_trailing_diluted,Yahoo Finance / trailingDilutedEPS historical timeseries,existing_canonical
ANOD-B.ST,2023-12-31,2024-02-02,33,2.09,SEK,yahoo_trailing_diluted,Yahoo Finance / trailingDilutedEPS historical timeseries,existing_canonical
ANOD-B.ST,2024-03-31,2024-04-25,25,2.21,SEK,yahoo_trailing_diluted,Yahoo Finance / trailingDilutedEPS historical timeseries,existing_canonical
ANOD-B.ST,2024-06-30,2024-07-12,12,2.37,SEK,yahoo_trailing_diluted,Yahoo Finance / trailingDilutedEPS historical timeseries,existing_canonical
ANOD-B.ST,2024-09-30,2024-10-24,24,2.82,SEK,yahoo_trailing_diluted,Yahoo Finance / trailingDilutedEPS historical timeseries,existing_canonical
ANOD-B.ST,2025-03-31,2025-04-25,25,2.79,SEK,yahoo_trailing_diluted,Yahoo Finance / trailingDilutedEPS historical timeseries,existing_canonical
ANOD-B.ST,2025-06-30,2025-07-14,14,3.16,SEK,yahoo_trailing_diluted,Yahoo Finance / trailingDilutedEPS historical timeseries,existing_canonical
ANOD-B.ST,2025-09-30,2025-10-24,24,2.84,SEK,yahoo_reconstructed_diluted_ttm,Yahoo Finance / trailingDilutedEPS reconstructed from quarterlyDilutedEPS,existing_canonical
ANOD-B.ST,2025-12-31,2026-02-03,34,2.87,SEK,yahoo_trailing_diluted,Yahoo Finance / trailingDilutedEPS historical timeseries,existing_canonical
ANOD-B.ST,2026-03-31,2026-04-28,28,3.03,SEK,yahoo_trailing_diluted,Yahoo Finance / trailingDilutedEPS historical timeseries,existing_canonical
ANOD-B.ST,2026-06-30,2026-07-15,15,2.4,SEK,yahoo_trailing_diluted,Yahoo Finance / trailingDilutedEPS historical timeseries,existing_canonical
ARJO-B.ST,2023-09-30,2023-10-19,19,1.42,SEK,yahoo_trailing_diluted,Yahoo Finance / trailingDilutedEPS historical timeseries,existing_canonical
ARJO-B.ST,2024-03-31,2024-04-18,18,1.82,SEK,yahoo_trailing_diluted,Yahoo Finance / trailingDilutedEPS historical timeseries,existing_canonical
ARJO-B.ST,2024-06-30,2024-07-12,12,1.88,SEK,yahoo_trailing_diluted,Yahoo Finance / trailingDilutedEPS historical timeseries,existing_canonical
ARJO-B.ST,2024-09-30,2024-10-17,17,1.85,SEK,yahoo_trailing_diluted,Yahoo Finance / trailingDilutedEPS historical timeseries,existing_canonical
ARJO-B.ST,2025-03-31,2025-04-29,29,1.69,SEK,yahoo_trailing_diluted,Yahoo Finance / trailingDilutedEPS historical timeseries,existing_canonical
ARJO-B.ST,2025-06-30,2025-07-11,11,1.58,SEK,yahoo_trailing_diluted,Yahoo Finance / trailingDilutedEPS historical timeseries,existing_canonical
ARJO-B.ST,2025-09-30,2025-10-22,22,1.6099999999999999,SEK,yahoo_reconstructed_diluted_ttm,Yahoo Finance / trailingDilutedEPS reconstructed from quarterlyDilutedEPS,existing_canonical
ARJO-B.ST,2025-12-31,2026-01-30,30,1.23,SEK,yahoo_trailing_diluted,Yahoo Finance / trailingDilutedEPS historical timeseries,existing_canonical
ARJO-B.ST,2026-03-31,2026-04-22,22,1.29,SEK,yahoo_trailing_diluted,Yahoo Finance / trailingDilutedEPS historical timeseries,existing_canonical
ARJO-B.ST,2026-06-30,2026-07-14,14,1.42,SEK,yahoo_trailing_diluted,Yahoo Finance / trailingDilutedEPS historical timeseries,existing_canonical
ASSA-B.ST,2023-09-30,2023-10-25,25,12.07,SEK,yahoo_trailing_diluted,Yahoo Finance / trailingDilutedEPS historical timeseries,existing_canonical
ASSA-B.ST,2023-12-31,2024-02-07,38,12.27,SEK,yahoo_trailing_diluted,Yahoo Finance / trailingDilutedEPS historical timeseries,existing_canonical
ASSA-B.ST,2024-03-31,2024-04-24,24,12.94,SEK,yahoo_trailing_diluted,Yahoo Finance / trailingDilutedEPS historical timeseries,existing_canonical
ASSA-B.ST,2024-06-30,2024-07-17,17,13.24,SEK,yahoo_trailing_diluted,Yahoo Finance / trailingDilutedEPS historical timeseries,existing_canonical
ASSA-B.ST,2024-09-30,2024-10-23,23,13.79,SEK,yahoo_trailing_diluted,Yahoo Finance / trailingDilutedEPS historical timeseries,existing_canonical
ASSA-B.ST,2024-12-31,2025-02-05,36,14.08,SEK,yahoo_trailing_diluted,Yahoo Finance / trailingDilutedEPS historical timeseries,existing_canonical
ASSA-B.ST,2025-03-31,2025-04-23,23,13.18,SEK,yahoo_trailing_diluted,Yahoo Finance / trailingDilutedEPS historical timeseries,existing_canonical
ASSA-B.ST,2025-06-30,2025-07-17,17,13.09,SEK,yahoo_trailing_diluted,Yahoo Finance / trailingDilutedEPS historical timeseries,existing_canonical
ASSA-B.ST,2025-12-31,2026-02-05,36,13.23,SEK,yahoo_trailing_diluted,Yahoo Finance / trailingDilutedEPS historical timeseries,existing_canonical
ASSA-B.ST,2026-03-31,2026-04-28,28,14.2,SEK,yahoo_trailing_diluted,Yahoo Finance / trailingDilutedEPS historical timeseries,existing_canonical
ASSA-B.ST,2026-06-30,2026-07-17,17,14.75,SEK,yahoo_trailing_diluted,Yahoo Finance / trailingDilutedEPS historical timeseries,existing_canonical
ATCO-A.ST,2023-09-30,2023-10-25,25,5.6,SEK,yahoo_trailing_diluted,Yahoo Finance / trailingDilutedEPS historical timeseries,existing_canonical
ATCO-A.ST,2024-03-31,2024-04-24,24,5.88,SEK,yahoo_trailing_diluted,Yahoo Finance / trailingDilutedEPS historical timeseries,existing_canonical
ATCO-A.ST,2024-06-30,2024-07-18,18,6.03,SEK,yahoo_trailing_diluted,Yahoo Finance / trailingDilutedEPS historical timeseries,existing_canonical
ATCO-A.ST,2024-09-30,2024-10-23,23,5.89,SEK,yahoo_trailing_diluted,Yahoo Finance / trailingDilutedEPS historical timeseries,existing_canonical
ATCO-A.ST,2024-12-31,2025-01-28,28,6.1,SEK,yahoo_trailing_diluted,Yahoo Finance / trailingDilutedEPS historical timeseries,existing_canonical
ATCO-A.ST,2025-03-31,2025-04-29,29,5.98,SEK,yahoo_trailing_diluted,Yahoo Finance / trailingDilutedEPS historical timeseries,existing_canonical
ATCO-A.ST,2025-06-30,2025-07-18,18,5.75,SEK,yahoo_trailing_diluted,Yahoo Finance / trailingDilutedEPS historical timeseries,existing_canonical
ATCO-A.ST,2025-09-30,2025-10-23,23,5.66,SEK,yahoo_reconstructed_diluted_ttm,Yahoo Finance / trailingDilutedEPS reconstructed from quarterlyDilutedEPS,existing_canonical
ATCO-A.ST,2025-12-31,2026-01-27,27,5.42,SEK,yahoo_trailing_diluted,Yahoo Finance / trailingDilutedEPS historical timeseries,existing_canonical
ATCO-A.ST,2026-03-31,2026-04-28,28,5.35,SEK,yahoo_trailing_diluted,Yahoo Finance / trailingDilutedEPS historical timeseries,existing_canonical
ATCO-A.ST,2026-06-30,2026-07-16,16,5.46,SEK,yahoo_trailing_diluted,Yahoo Finance / trailingDilutedEPS historical timeseries,existing_canonical
ATCO-B.ST,2023-09-30,,,5.6,SEK,yahoo_trailing_diluted,Yahoo Finance / trailingDilutedEPS historical timeseries,missing
ATCO-B.ST,2023-12-31,,,5.75,SEK,yahoo_trailing_diluted,Yahoo Finance / trailingDilutedEPS historical timeseries,missing
ATCO-B.ST,2024-03-31,2024-04-24,24,5.88,SEK,yahoo_trailing_diluted,Yahoo Finance / trailingDilutedEPS historical timeseries,existing_canonical
ATCO-B.ST,2024-06-30,2024-07-18,18,6.03,SEK,yahoo_trailing_diluted,Yahoo Finance / trailingDilutedEPS historical timeseries,existing_canonical
ATCO-B.ST,2024-09-30,2024-10-23,23,5.89,SEK,yahoo_trailing_diluted,Yahoo Finance / trailingDilutedEPS historical timeseries,existing_canonical
ATCO-B.ST,2024-12-31,2025-01-28,28,6.1,SEK,yahoo_trailing_diluted,Yahoo Finance / trailingDilutedEPS historical timeseries,existing_canonical
ATCO-B.ST,2025-03-31,2025-04-29,29,5.98,SEK,yahoo_trailing_diluted,Yahoo Finance / trailingDilutedEPS historical timeseries,existing_canonical
ATCO-B.ST,2025-06-30,2025-07-18,18,5.75,SEK,yahoo_trailing_diluted,Yahoo Finance / trailingDilutedEPS historical timeseries,existing_canonical
ATCO-B.ST,2025-09-30,2025-10-23,23,5.66,SEK,yahoo_reconstructed_diluted_ttm,Yahoo Finance / trailingDilutedEPS reconstructed from quarterlyDilutedEPS,existing_canonical
ATCO-B.ST,2025-12-31,2026-01-27,27,5.42,SEK,yahoo_trailing_diluted,Yahoo Finance / trailingDilutedEPS historical timeseries,existing_canonical
ATCO-B.ST,2026-03-31,2026-04-28,28,5.35,SEK,yahoo_trailing_diluted,Yahoo Finance / trailingDilutedEPS historical timeseries,existing_canonical
ATCO-B.ST,2026-06-30,2026-07-16,16,5.46,SEK,yahoo_trailing_diluted,Yahoo Finance / trailingDilutedEPS historical timeseries,existing_canonical
ATRLJ-B.ST,2023-09-30,2023-10-12,12,-11.25,SEK,yahoo_trailing_diluted,Yahoo Finance / trailingDilutedEPS historical timeseries,existing_canonical
ATRLJ-B.ST,2023-12-31,2024-01-31,31,-7.56,SEK,yahoo_trailing_diluted,Yahoo Finance / trailingDilutedEPS historical timeseries,existing_canonical
ATRLJ-B.ST,2024-03-31,2024-04-12,12,-2.02,SEK,yahoo_trailing_diluted,Yahoo Finance / trailingDilutedEPS historical timeseries,existing_canonical
ATRLJ-B.ST,2024-06-30,2024-07-09,9,1.18,SEK,yahoo_trailing_diluted,Yahoo Finance / trailingDilutedEPS historical timeseries,existing_canonical
ATRLJ-B.ST,2024-09-30,2024-10-11,11,0.51,SEK,yahoo_trailing_diluted,Yahoo Finance / trailingDilutedEPS historical timeseries,existing_canonical
ATRLJ-B.ST,2024-12-31,2025-01-31,31,6.74,SEK,yahoo_trailing_diluted,Yahoo Finance / trailingDilutedEPS historical timeseries,existing_canonical
ATRLJ-B.ST,2025-03-31,2025-04-11,11,1.422,SEK,yahoo_trailing_diluted,Yahoo Finance / trailingDilutedEPS historical timeseries,existing_canonical
ATRLJ-B.ST,2025-06-30,2025-07-04,4,1.118,SEK,yahoo_trailing_diluted,Yahoo Finance / trailingDilutedEPS historical timeseries,existing_canonical
ATRLJ-B.ST,2025-09-30,2025-10-10,10,1.71,SEK,yahoo_reconstructed_diluted_ttm,Yahoo Finance / trailingDilutedEPS reconstructed from quarterlyDilutedEPS,existing_canonical
ATRLJ-B.ST,2025-12-31,2026-01-30,30,1.31,SEK,yahoo_trailing_diluted,Yahoo Finance / trailingDilutedEPS historical timeseries,existing_canonical
ATRLJ-B.ST,2026-03-31,2026-04-10,10,0.72,SEK,yahoo_trailing_diluted,Yahoo Finance / trailingDilutedEPS historical timeseries,existing_canonical
ATRLJ-B.ST,2026-06-30,2026-07-03,3,0.91,SEK,yahoo_trailing_diluted,Yahoo Finance / trailingDilutedEPS historical timeseries,existing_canonical
ATT.ST,2023-09-30,,,1.696214,SEK,yahoo_trailing_diluted,Yahoo Finance / trailingDilutedEPS historical timeseries,missing
ATT.ST,2023-12-31,2024-02-08,39,2.33,SEK,yahoo_trailing_diluted,Yahoo Finance / trailingDilutedEPS historical timeseries,existing_canonical
ATT.ST,2024-03-31,2024-04-24,24,2.55,SEK,yahoo_trailing_diluted,Yahoo Finance / trailingDilutedEPS historical timeseries,existing_canonical
ATT.ST,2024-06-30,2024-07-19,19,2.45,SEK,yahoo_trailing_diluted,Yahoo Finance / trailingDilutedEPS historical timeseries,existing_canonical
ATT.ST,2024-09-30,2024-10-24,24,2.51,SEK,yahoo_trailing_diluted,Yahoo Finance / trailingDilutedEPS historical timeseries,existing_canonical
ATT.ST,2024-12-31,2025-02-06,37,2.85,SEK,yahoo_trailing_diluted,Yahoo Finance / trailingDilutedEPS historical timeseries,existing_canonical
ATT.ST,2025-03-31,2025-05-07,37,3.33,SEK,yahoo_trailing_diluted,Yahoo Finance / trailingDilutedEPS historical timeseries,existing_canonical
ATT.ST,2025-06-30,2025-07-18,18,3.64,SEK,yahoo_trailing_diluted,Yahoo Finance / trailingDilutedEPS historical timeseries,existing_canonical
ATT.ST,2025-09-30,2025-10-24,24,4.37,SEK,yahoo_reconstructed_diluted_ttm,Yahoo Finance / trailingDilutedEPS reconstructed from quarterlyDilutedEPS,existing_canonical
ATT.ST,2025-12-31,2026-02-05,36,5.42,SEK,yahoo_trailing_diluted,Yahoo Finance / trailingDilutedEPS historical timeseries,existing_canonical
ATT.ST,2026-03-31,2026-05-06,36,5.88,SEK,yahoo_trailing_diluted,Yahoo Finance / trailingDilutedEPS historical timeseries,existing_canonical
ATT.ST,2026-06-30,2026-08-20,51,6.61,SEK,yahoo_trailing_diluted,Yahoo Finance / trailingDilutedEPS historical timeseries,existing_canonical
AXFO.ST,2023-09-30,2023-10-25,25,10.06,SEK,yahoo_trailing_diluted,Yahoo Finance / trailingDilutedEPS historical timeseries,existing_canonical
AXFO.ST,2024-03-31,2024-04-25,25,11.27,SEK,yahoo_trailing_diluted,Yahoo Finance / trailingDilutedEPS historical timeseries,existing_canonical
AXFO.ST,2024-06-30,2024-07-12,12,11.02,SEK,yahoo_trailing_diluted,Yahoo Finance / trailingDilutedEPS historical timeseries,existing_canonical
AXFO.ST,2024-09-30,2024-10-24,24,10.91,SEK,yahoo_trailing_diluted,Yahoo Finance / trailingDilutedEPS historical timeseries,existing_canonical
AXFO.ST,2024-12-31,2025-01-30,30,10.11,SEK,yahoo_trailing_diluted,Yahoo Finance / trailingDilutedEPS historical timeseries,existing_canonical
AXFO.ST,2025-03-31,2025-04-24,24,9.6,SEK,yahoo_trailing_diluted,Yahoo Finance / trailingDilutedEPS historical timeseries,existing_canonical
AXFO.ST,2025-06-30,2025-07-11,11,9.77,SEK,yahoo_trailing_diluted,Yahoo Finance / trailingDilutedEPS historical timeseries,existing_canonical
AXFO.ST,2025-09-30,2025-10-23,23,9.809999999999999,SEK,yahoo_reconstructed_diluted_ttm,Yahoo Finance / trailingDilutedEPS reconstructed from quarterlyDilutedEPS,existing_canonical
AXFO.ST,2025-12-31,2026-01-29,29,10.79,SEK,yahoo_trailing_diluted,Yahoo Finance / trailingDilutedEPS historical timeseries,existing_canonical
AXFO.ST,2026-03-31,2026-04-23,23,11.12,SEK,yahoo_trailing_diluted,Yahoo Finance / trailingDilutedEPS historical timeseries,existing_canonical
AXFO.ST,2026-06-30,2026-07-15,15,11.22,SEK,yahoo_trailing_diluted,Yahoo Finance / trailingDilutedEPS historical timeseries,existing_canonical
AZA.ST,2023-09-30,2023-10-20,20,12.6,SEK,yahoo_trailing_diluted,Yahoo Finance / trailingDilutedEPS historical timeseries,existing_canonical
AZA.ST,2023-12-31,2024-01-19,19,12.64,SEK,yahoo_trailing_diluted,Yahoo Finance / trailingDilutedEPS historical timeseries,existing_canonical
AZA.ST,2024-03-31,2024-04-19,19,12.97,SEK,yahoo_trailing_diluted,Yahoo Finance / trailingDilutedEPS historical timeseries,existing_canonical
AZA.ST,2024-06-30,2024-07-12,12,13.18,SEK,yahoo_trailing_diluted,Yahoo Finance / trailingDilutedEPS historical timeseries,existing_canonical
AZA.ST,2024-09-30,2024-10-18,18,13.53,SEK,yahoo_trailing_diluted,Yahoo Finance / trailingDilutedEPS historical timeseries,existing_canonical
AZA.ST,2024-12-31,2025-01-21,21,14.32,SEK,yahoo_trailing_diluted,Yahoo Finance / trailingDilutedEPS historical timeseries,existing_canonical
AZA.ST,2025-03-31,2025-04-15,15,15.27,SEK,yahoo_trailing_diluted,Yahoo Finance / trailingDilutedEPS historical timeseries,existing_canonical
AZA.ST,2025-06-30,2025-07-11,11,15.85,SEK,yahoo_trailing_diluted,Yahoo Finance / trailingDilutedEPS historical timeseries,existing_canonical
AZA.ST,2025-09-30,2025-10-17,17,16.62,SEK,yahoo_reconstructed_diluted_ttm,Yahoo Finance / trailingDilutedEPS reconstructed from quarterlyDilutedEPS,existing_canonical
AZA.ST,2025-12-31,2026-01-21,21,16.53,SEK,yahoo_trailing_diluted,Yahoo Finance / trailingDilutedEPS historical timeseries,existing_canonical
AZA.ST,2026-03-31,2026-04-21,21,16.75,SEK,yahoo_reconstructed_diluted_ttm,Yahoo Finance / trailingDilutedEPS reconstructed from quarterlyDilutedEPS,existing_canonical
AZA.ST,2026-06-30,2026-07-14,14,17.91,SEK,yahoo_trailing_diluted,Yahoo Finance / trailingDilutedEPS historical timeseries,existing_canonical
AZN.ST,2023-09-30,2023-11-09,40,3.78,USD,yahoo_trailing_diluted,Yahoo Finance / trailingDilutedEPS historical timeseries,existing_canonical
AZN.ST,2024-03-31,2024-04-25,25,4.05,USD,yahoo_trailing_diluted,Yahoo Finance / trailingDilutedEPS historical timeseries,existing_canonical
AZN.ST,2024-06-30,2024-07-25,25,4.12,USD,yahoo_trailing_diluted,Yahoo Finance / trailingDilutedEPS historical timeseries,existing_canonical
AZN.ST,2024-09-30,2024-11-12,43,4.15,USD,yahoo_trailing_diluted,Yahoo Finance / trailingDilutedEPS historical timeseries,existing_canonical
AZN.ST,2025-03-31,2025-04-29,29,4.97,USD,yahoo_trailing_diluted,Yahoo Finance / trailingDilutedEPS historical timeseries,existing_canonical
AZN.ST,2025-06-30,2025-07-29,29,5.31,USD,yahoo_trailing_diluted,Yahoo Finance / trailingDilutedEPS historical timeseries,existing_canonical
AZN.ST,2025-09-30,2025-11-06,37,6.01,USD,yahoo_reconstructed_diluted_ttm,Yahoo Finance / trailingDilutedEPS reconstructed from quarterlyDilutedEPS,existing_canonical
AZN.ST,2025-12-31,2026-02-10,41,6.54,USD,yahoo_trailing_diluted,Yahoo Finance / trailingDilutedEPS historical timeseries,existing_canonical
AZN.ST,2026-03-31,2026-04-29,29,6.64,USD,yahoo_trailing_diluted,Yahoo Finance / trailingDilutedEPS historical timeseries,existing_canonical
AZN.ST,2026-06-30,2026-07-27,27,6.68,USD,yahoo_trailing_diluted,Yahoo Finance / trailingDilutedEPS historical timeseries,existing_canonical
BAHN-B.ST,2023-09-30,,,1.86,SEK,yahoo_trailing_diluted,Yahoo Finance / trailingDilutedEPS historical timeseries,missing
BAHN-B.ST,2023-12-31,2024-02-13,44,2.0,SEK,yahoo_trailing_diluted,Yahoo Finance / trailingDilutedEPS historical timeseries,existing_canonical
BAHN-B.ST,2024-03-31,2024-05-07,37,2.05,SEK,yahoo_trailing_diluted,Yahoo Finance / trailingDilutedEPS historical timeseries,existing_canonical
BAHN-B.ST,2024-06-30,2024-08-20,51,2.12,SEK,yahoo_trailing_diluted,Yahoo Finance / trailingDilutedEPS historical timeseries,existing_canonical
BAHN-B.ST,2024-09-30,2024-11-12,43,2.14,SEK,yahoo_trailing_diluted,Yahoo Finance / trailingDilutedEPS historical timeseries,existing_canonical
BAHN-B.ST,2024-12-31,2025-02-18,49,2.05,SEK,yahoo_trailing_diluted,Yahoo Finance / trailingDilutedEPS historical timeseries,existing_canonical
BAHN-B.ST,2025-03-31,2025-05-06,36,2.07,SEK,yahoo_trailing_diluted,Yahoo Finance / trailingDilutedEPS historical timeseries,existing_canonical
BAHN-B.ST,2025-06-30,2025-08-19,50,2.09,SEK,yahoo_trailing_diluted,Yahoo Finance / trailingDilutedEPS historical timeseries,existing_canonical
BAHN-B.ST,2025-09-30,2025-11-11,42,2.06,SEK,yahoo_trailing_diluted,Yahoo Finance / trailingDilutedEPS historical timeseries,existing_canonical
BAHN-B.ST,2025-12-31,2026-02-17,48,1.7,SEK,yahoo_trailing_diluted,Yahoo Finance / trailingDilutedEPS historical timeseries,existing_canonical
BAHN-B.ST,2026-03-31,,,1.74,SEK,yahoo_trailing_diluted,Yahoo Finance / trailingDilutedEPS historical timeseries,missing
BALD-B.ST,2023-09-30,,,-0.96,SEK,yahoo_trailing_diluted,Yahoo Finance / trailingDilutedEPS historical timeseries,missing
BALD-B.ST,2023-12-31,2024-02-09,40,-6.03,SEK,yahoo_trailing_diluted,Yahoo Finance / trailingDilutedEPS historical timeseries,existing_canonical
BALD-B.ST,2024-03-31,2024-05-03,33,-6.5,SEK,yahoo_trailing_diluted,Yahoo Finance / trailingDilutedEPS historical timeseries,existing_canonical
BALD-B.ST,2024-06-30,2024-07-16,16,-5.08,SEK,yahoo_trailing_diluted,Yahoo Finance / trailingDilutedEPS historical timeseries,existing_canonical
BALD-B.ST,2024-09-30,2024-10-25,25,-4.42,SEK,yahoo_trailing_diluted,Yahoo Finance / trailingDilutedEPS historical timeseries,existing_canonical
BALD-B.ST,2024-12-31,2025-02-07,38,2.82,SEK,yahoo_trailing_diluted,Yahoo Finance / trailingDilutedEPS historical timeseries,existing_canonical
BALD-B.ST,2025-03-31,2025-05-08,38,5.12,SEK,yahoo_trailing_diluted,Yahoo Finance / trailingDilutedEPS historical timeseries,existing_canonical
BALD-B.ST,2025-06-30,2025-07-15,15,5.24,SEK,yahoo_trailing_diluted,Yahoo Finance / trailingDilutedEPS historical timeseries,existing_canonical
BALD-B.ST,2025-09-30,2025-10-28,28,6.5200000000000005,SEK,yahoo_reconstructed_diluted_ttm,Yahoo Finance / trailingDilutedEPS reconstructed from quarterlyDilutedEPS,existing_canonical
BALD-B.ST,2025-12-31,2026-02-06,37,5.86,SEK,yahoo_trailing_diluted,Yahoo Finance / trailingDilutedEPS historical timeseries,existing_canonical
BALD-B.ST,2026-03-31,2026-05-08,38,5.37,SEK,yahoo_trailing_diluted,Yahoo Finance / trailingDilutedEPS historical timeseries,existing_canonical
BALD-B.ST,2026-06-30,2026-07-14,14,5.18,SEK,yahoo_trailing_diluted,Yahoo Finance / trailingDilutedEPS historical timeseries,existing_canonical
BEIA-B.ST,2023-09-30,2023-10-26,26,14.37,SEK,yahoo_trailing_diluted,Yahoo Finance / trailingDilutedEPS historical timeseries,existing_canonical
BEIA-B.ST,2023-12-31,2024-02-15,46,8.61,SEK,yahoo_trailing_diluted,Yahoo Finance / trailingDilutedEPS historical timeseries,existing_canonical
BEIA-B.ST,2024-03-31,2024-04-26,26,8.643188,SEK,yahoo_trailing_diluted,Yahoo Finance / trailingDilutedEPS historical timeseries,existing_canonical
BEIA-B.ST,2024-06-30,2024-07-19,19,8.945709,SEK,yahoo_trailing_diluted,Yahoo Finance / trailingDilutedEPS historical timeseries,existing_canonical
BEIA-B.ST,2024-09-30,2024-10-25,25,11.74,SEK,yahoo_trailing_diluted,Yahoo Finance / trailingDilutedEPS historical timeseries,existing_canonical
BEIA-B.ST,2024-12-31,2025-02-06,37,11.848223,SEK,yahoo_trailing_diluted,Yahoo Finance / trailingDilutedEPS historical timeseries,existing_canonical
BEIA-B.ST,2025-03-31,2025-04-25,25,12.0,SEK,yahoo_trailing_diluted,Yahoo Finance / trailingDilutedEPS historical timeseries,existing_canonical
BEIA-B.ST,2025-06-30,2025-07-18,18,11.01,SEK,yahoo_trailing_diluted,Yahoo Finance / trailingDilutedEPS historical timeseries,existing_canonical
BEIA-B.ST,2025-09-30,2025-10-24,24,8.91,SEK,yahoo_reconstructed_diluted_ttm,Yahoo Finance / trailingDilutedEPS reconstructed from quarterlyDilutedEPS,existing_canonical
BEIA-B.ST,2025-12-31,2026-02-06,37,9.43,SEK,yahoo_trailing_diluted,Yahoo Finance / trailingDilutedEPS historical timeseries,existing_canonical
BEIA-B.ST,2026-03-31,2026-04-24,24,10.23,SEK,yahoo_trailing_diluted,Yahoo Finance / trailingDilutedEPS historical timeseries,existing_canonical
BEIA-B.ST,2026-06-30,2026-07-17,17,12.456137,SEK,yahoo_trailing_diluted,Yahoo Finance / trailingDilutedEPS historical timeseries,existing_canonical
BEIJ-B.ST,2023-09-30,2023-10-24,24,3.713373,SEK,yahoo_trailing_diluted,Yahoo Finance / trailingDilutedEPS historical timeseries,existing_canonical
BEIJ-B.ST,2023-12-31,2024-01-31,31,4.88,SEK,yahoo_trailing_diluted,Yahoo Finance / trailingDilutedEPS historical timeseries,existing_canonical
BEIJ-B.ST,2024-03-31,2024-04-23,23,4.85,SEK,yahoo_trailing_diluted,Yahoo Finance / trailingDilutedEPS historical timeseries,existing_canonical
BEIJ-B.ST,2024-06-30,2024-07-19,19,4.83,SEK,yahoo_trailing_diluted,Yahoo Finance / trailingDilutedEPS historical timeseries,existing_canonical
BEIJ-B.ST,2024-09-30,2024-10-24,24,5.01,SEK,yahoo_trailing_diluted,Yahoo Finance / trailingDilutedEPS historical timeseries,existing_canonical
BEIJ-B.ST,2024-12-31,2025-01-31,31,4.88,SEK,yahoo_trailing_diluted,Yahoo Finance / trailingDilutedEPS historical timeseries,existing_canonical
BEIJ-B.ST,2025-03-31,2025-04-24,24,4.54,SEK,yahoo_trailing_diluted,Yahoo Finance / trailingDilutedEPS historical timeseries,existing_canonical
BEIJ-B.ST,2025-06-30,2025-07-18,18,4.68,SEK,yahoo_trailing_diluted,Yahoo Finance / trailingDilutedEPS historical timeseries,existing_canonical
BEIJ-B.ST,2025-09-30,2025-10-24,24,4.84,SEK,yahoo_reconstructed_diluted_ttm,Yahoo Finance / trailingDilutedEPS reconstructed from quarterlyDilutedEPS,existing_canonical
BEIJ-B.ST,2025-12-31,2026-01-30,30,4.59,SEK,yahoo_trailing_diluted,Yahoo Finance / trailingDilutedEPS historical timeseries,existing_canonical
BEIJ-B.ST,2026-03-31,2026-04-23,23,4.59,SEK,yahoo_trailing_diluted,Yahoo Finance / trailingDilutedEPS historical timeseries,existing_canonical
BEIJ-B.ST,2026-06-30,2026-07-17,17,4.67,SEK,yahoo_trailing_diluted,Yahoo Finance / trailingDilutedEPS historical timeseries,existing_canonical
BERG-B.ST,2023-09-30,2023-10-19,19,7.4,SEK,yahoo_trailing_diluted,Yahoo Finance / trailingDilutedEPS historical timeseries,existing_canonical
BERG-B.ST,2023-12-31,2024-02-09,40,7.3,SEK,yahoo_trailing_diluted,Yahoo Finance / trailingDilutedEPS historical timeseries,existing_canonical
BERG-B.ST,2024-03-31,2024-05-15,45,7.15,SEK,yahoo_trailing_diluted,Yahoo Finance / trailingDilutedEPS historical timeseries,existing_canonical
BERG-B.ST,2024-06-30,2024-07-16,16,7.4,SEK,yahoo_trailing_diluted,Yahoo Finance / trailingDilutedEPS historical timeseries,existing_canonical
BERG-B.ST,2024-09-30,2024-10-23,23,7.55,SEK,yahoo_trailing_diluted,Yahoo Finance / trailingDilutedEPS historical timeseries,existing_canonical
BERG-B.ST,2024-12-31,2025-02-05,36,7.55,SEK,yahoo_trailing_diluted,Yahoo Finance / trailingDilutedEPS historical timeseries,existing_canonical
BERG-B.ST,2025-03-31,2025-05-09,39,-1.95,SEK,yahoo_trailing_diluted,Yahoo Finance / trailingDilutedEPS historical timeseries,existing_canonical
BERG-B.ST,2025-06-30,2025-07-16,16,-1.85,SEK,yahoo_trailing_diluted,Yahoo Finance / trailingDilutedEPS historical timeseries,existing_canonical
BERG-B.ST,2025-09-30,2025-10-22,22,-2.749999999999999,SEK,yahoo_reconstructed_diluted_ttm,Yahoo Finance / trailingDilutedEPS reconstructed from quarterlyDilutedEPS,existing_canonical
BERG-B.ST,2025-12-31,2026-02-04,35,-2.55,SEK,yahoo_trailing_diluted,Yahoo Finance / trailingDilutedEPS historical timeseries,existing_canonical
BERG-B.ST,2026-03-31,2026-05-13,43,8.5,SEK,yahoo_trailing_diluted,Yahoo Finance / trailingDilutedEPS historical timeseries,existing_canonical
BERG-B.ST,2026-06-30,2026-07-16,16,8.55,SEK,yahoo_trailing_diluted,Yahoo Finance / trailingDilutedEPS historical timeseries,existing_canonical
BETS-B.ST,2023-09-30,2023-10-26,26,1.25,EUR,yahoo_trailing_diluted,Yahoo Finance / trailingDilutedEPS historical timeseries,existing_canonical
BETS-B.ST,2023-12-31,2024-02-15,46,1.29,EUR,yahoo_trailing_diluted,Yahoo Finance / trailingDilutedEPS historical timeseries,existing_canonical
BETS-B.ST,2024-03-31,2024-04-26,26,1.315574,EUR,yahoo_trailing_diluted,Yahoo Finance / trailingDilutedEPS historical timeseries,existing_canonical
BETS-B.ST,2024-06-30,2024-07-19,19,1.280476,EUR,yahoo_trailing_diluted,Yahoo Finance / trailingDilutedEPS historical timeseries,existing_canonical
BETS-B.ST,2024-09-30,2024-10-24,24,1.24,EUR,yahoo_trailing_diluted,Yahoo Finance / trailingDilutedEPS historical timeseries,existing_canonical
BETS-B.ST,2024-12-31,2025-02-06,37,1.32,EUR,yahoo_trailing_diluted,Yahoo Finance / trailingDilutedEPS historical timeseries,existing_canonical
BETS-B.ST,2025-03-31,2025-04-29,29,1.34,EUR,yahoo_trailing_diluted,Yahoo Finance / trailingDilutedEPS historical timeseries,existing_canonical
BETS-B.ST,2025-06-30,2025-07-18,18,1.38,EUR,yahoo_trailing_diluted,Yahoo Finance / trailingDilutedEPS historical timeseries,existing_canonical
BETS-B.ST,2025-09-30,2025-10-24,24,1.4,EUR,yahoo_reconstructed_diluted_ttm,Yahoo Finance / trailingDilutedEPS reconstructed from quarterlyDilutedEPS,existing_canonical
BETS-B.ST,2025-12-31,2026-02-05,36,1.27,EUR,yahoo_trailing_diluted,Yahoo Finance / trailingDilutedEPS historical timeseries,existing_canonical
BETS-B.ST,2026-03-31,2026-04-24,24,1.11,EUR,yahoo_trailing_diluted,Yahoo Finance / trailingDilutedEPS historical timeseries,existing_canonical
BETS-B.ST,2026-06-30,2026-07-17,17,0.96,EUR,yahoo_trailing_diluted,Yahoo Finance / trailingDilutedEPS historical timeseries,existing_canonical
BILI-A.ST,2023-09-30,2023-10-24,24,11.29,SEK,yahoo_trailing_diluted,Yahoo Finance / trailingDilutedEPS historical timeseries,existing_canonical
BILI-A.ST,2023-12-31,2024-02-07,38,10.1,SEK,yahoo_trailing_diluted,Yahoo Finance / trailingDilutedEPS historical timeseries,existing_canonical
BILI-A.ST,2024-03-31,2024-04-24,24,9.07,SEK,yahoo_trailing_diluted,Yahoo Finance / trailingDilutedEPS historical timeseries,existing_canonical
BILI-A.ST,2024-06-30,2024-07-18,18,8.46,SEK,yahoo_trailing_diluted,Yahoo Finance / trailingDilutedEPS historical timeseries,existing_canonical
BILI-A.ST,2024-09-30,2024-10-23,23,7.77,SEK,yahoo_trailing_diluted,Yahoo Finance / trailingDilutedEPS historical timeseries,existing_canonical
BILI-A.ST,2024-12-31,2025-02-05,36,7.16,SEK,yahoo_trailing_diluted,Yahoo Finance / trailingDilutedEPS historical timeseries,existing_canonical
BILI-A.ST,2025-03-31,2025-04-25,25,7.07,SEK,yahoo_trailing_diluted,Yahoo Finance / trailingDilutedEPS historical timeseries,existing_canonical
BILI-A.ST,2025-06-30,2025-07-18,18,6.9,SEK,yahoo_trailing_diluted,Yahoo Finance / trailingDilutedEPS historical timeseries,existing_canonical
BILI-A.ST,2025-09-30,2025-10-23,23,7.82,SEK,yahoo_reconstructed_diluted_ttm,Yahoo Finance / trailingDilutedEPS reconstructed from quarterlyDilutedEPS,existing_canonical
BILI-A.ST,2025-12-31,2026-02-05,36,8.17,SEK,yahoo_trailing_diluted,Yahoo Finance / trailingDilutedEPS historical timeseries,existing_canonical
BILI-A.ST,2026-03-31,2026-04-29,29,8.66,SEK,yahoo_trailing_diluted,Yahoo Finance / trailingDilutedEPS historical timeseries,existing_canonical
BILI-A.ST,2026-06-30,2026-07-17,17,9.08,SEK,yahoo_trailing_diluted,Yahoo Finance / trailingDilutedEPS historical timeseries,existing_canonical
BIOG-B.ST,2023-09-30,,,4.33,SEK,yahoo_trailing_diluted,Yahoo Finance / trailingDilutedEPS historical timeseries,missing
BIOG-B.ST,2023-12-31,,,3.62,SEK,yahoo_trailing_diluted,Yahoo Finance / trailingDilutedEPS historical timeseries,missing
BIOG-B.ST,2024-03-31,2024-05-07,37,3.68,SEK,yahoo_trailing_diluted,Yahoo Finance / trailingDilutedEPS historical timeseries,existing_canonical
BIOG-B.ST,2024-06-30,2024-07-23,23,3.98,SEK,yahoo_trailing_diluted,Yahoo Finance / trailingDilutedEPS historical timeseries,existing_canonical
BIOG-B.ST,2024-09-30,2024-10-22,22,3.34,SEK,yahoo_trailing_diluted,Yahoo Finance / trailingDilutedEPS historical timeseries,existing_canonical
BIOG-B.ST,2024-12-31,2025-02-12,43,3.48,SEK,yahoo_trailing_diluted,Yahoo Finance / trailingDilutedEPS historical timeseries,existing_canonical
BIOG-B.ST,2025-03-31,2025-05-07,37,3.06,SEK,yahoo_trailing_diluted,Yahoo Finance / trailingDilutedEPS historical timeseries,existing_canonical
BIOG-B.ST,2025-06-30,2025-07-18,18,2.83,SEK,yahoo_trailing_diluted,Yahoo Finance / trailingDilutedEPS historical timeseries,existing_canonical
BIOG-B.ST,2025-09-30,2025-10-22,22,3.12,SEK,yahoo_reconstructed_diluted_ttm,Yahoo Finance / trailingDilutedEPS reconstructed from quarterlyDilutedEPS,existing_canonical
BIOG-B.ST,2025-12-31,2026-02-12,43,3.29,SEK,yahoo_trailing_diluted,Yahoo Finance / trailingDilutedEPS historical timeseries,existing_canonical
BIOG-B.ST,2026-03-31,2026-05-07,37,3.28,SEK,yahoo_trailing_diluted,Yahoo Finance / trailingDilutedEPS historical timeseries,existing_canonical
BIOG-B.ST,2026-06-30,2026-07-17,17,3.43,SEK,yahoo_trailing_diluted,Yahoo Finance / trailingDilutedEPS historical timeseries,existing_canonical
BOL.ST,2023-09-30,2023-10-20,20,25.57,SEK,yahoo_trailing_diluted,Yahoo Finance / trailingDilutedEPS historical timeseries,existing_canonical
BOL.ST,2023-12-31,2024-02-08,39,22.21,SEK,yahoo_trailing_diluted,Yahoo Finance / trailingDilutedEPS historical timeseries,existing_canonical
BOL.ST,2024-03-31,2024-04-23,23,17.08,SEK,yahoo_trailing_diluted,Yahoo Finance / trailingDilutedEPS historical timeseries,existing_canonical
BOL.ST,2024-06-30,2024-07-19,19,28.38,SEK,yahoo_trailing_diluted,Yahoo Finance / trailingDilutedEPS historical timeseries,existing_canonical
BOL.ST,2024-09-30,2024-10-22,22,31.76,SEK,yahoo_trailing_diluted,Yahoo Finance / trailingDilutedEPS historical timeseries,existing_canonical
BOL.ST,2024-12-31,2025-02-06,37,36.65,SEK,yahoo_trailing_diluted,Yahoo Finance / trailingDilutedEPS historical timeseries,existing_canonical
BOL.ST,2025-03-31,2025-04-23,23,40.48,SEK,yahoo_trailing_diluted,Yahoo Finance / trailingDilutedEPS historical timeseries,existing_canonical
BOL.ST,2025-06-30,2025-07-18,18,29.19,SEK,yahoo_trailing_diluted,Yahoo Finance / trailingDilutedEPS historical timeseries,existing_canonical
BOL.ST,2025-09-30,2025-10-22,22,29.029999999999998,SEK,yahoo_reconstructed_diluted_ttm,Yahoo Finance / trailingDilutedEPS reconstructed from quarterlyDilutedEPS,existing_canonical
BOL.ST,2025-12-31,2026-02-03,34,33.39,SEK,yahoo_trailing_diluted,Yahoo Finance / trailingDilutedEPS historical timeseries,existing_canonical
BOL.ST,2026-03-31,2026-04-28,28,38.85,SEK,yahoo_trailing_diluted,Yahoo Finance / trailingDilutedEPS historical timeseries,existing_canonical
BOL.ST,2026-06-30,2026-07-21,21,44.74,SEK,yahoo_trailing_diluted,Yahoo Finance / trailingDilutedEPS historical timeseries,existing_canonical
BORG.ST,2023-09-30,,,2.64,SEK,yahoo_trailing_diluted,Yahoo Finance / trailingDilutedEPS historical timeseries,missing
BORG.ST,2023-12-31,,,3.02,SEK,yahoo_trailing_diluted,Yahoo Finance / trailingDilutedEPS historical timeseries,missing
BORG.ST,2024-03-31,2024-05-16,46,2.87,SEK,yahoo_trailing_diluted,Yahoo Finance / trailingDilutedEPS historical timeseries,existing_canonical
BORG.ST,2024-06-30,2024-08-16,47,2.97,SEK,yahoo_trailing_diluted,Yahoo Finance / trailingDilutedEPS historical timeseries,existing_canonical
BORG.ST,2024-09-30,2024-11-15,46,3.08,SEK,yahoo_trailing_diluted,Yahoo Finance / trailingDilutedEPS historical timeseries,existing_canonical
BORG.ST,2024-12-31,2025-02-20,51,2.89,SEK,yahoo_trailing_diluted,Yahoo Finance / trailingDilutedEPS historical timeseries,existing_canonical
BORG.ST,2025-03-31,2025-05-15,45,3.48,SEK,yahoo_trailing_diluted,Yahoo Finance / trailingDilutedEPS historical timeseries,existing_canonical
BORG.ST,2025-06-30,2025-08-15,46,3.38,SEK,yahoo_trailing_diluted,Yahoo Finance / trailingDilutedEPS historical timeseries,existing_canonical
BORG.ST,2025-09-30,2025-11-14,45,3.45,SEK,yahoo_trailing_diluted,Yahoo Finance / trailingDilutedEPS historical timeseries,existing_canonical
BORG.ST,2025-12-31,2026-02-13,44,3.66,SEK,yahoo_trailing_diluted,Yahoo Finance / trailingDilutedEPS historical timeseries,existing_canonical
BORG.ST,2026-03-31,2026-04-29,29,3.7,SEK,yahoo_trailing_diluted,Yahoo Finance / trailingDilutedEPS historical timeseries,existing_canonical
BRAV.ST,2023-09-30,2023-10-25,25,6.4,SEK,yahoo_trailing_diluted,Yahoo Finance / trailingDilutedEPS historical timeseries,existing_canonical
BRAV.ST,2023-12-31,2024-02-15,46,6.0,SEK,yahoo_trailing_diluted,Yahoo Finance / trailingDilutedEPS historical timeseries,existing_canonical
BRAV.ST,2024-03-31,2024-05-07,37,5.66,SEK,yahoo_trailing_diluted,Yahoo Finance / trailingDilutedEPS historical timeseries,existing_canonical
BRAV.ST,2024-06-30,2024-07-12,12,5.37,SEK,yahoo_trailing_diluted,Yahoo Finance / trailingDilutedEPS historical timeseries,existing_canonical
BRAV.ST,2024-09-30,2024-10-22,22,5.12,SEK,yahoo_trailing_diluted,Yahoo Finance / trailingDilutedEPS historical timeseries,existing_canonical
BRAV.ST,2024-12-31,2025-02-11,42,5.16,SEK,yahoo_trailing_diluted,Yahoo Finance / trailingDilutedEPS historical timeseries,existing_canonical
BRAV.ST,2025-03-31,2025-05-06,36,5.29,SEK,yahoo_trailing_diluted,Yahoo Finance / trailingDilutedEPS historical timeseries,existing_canonical
BRAV.ST,2025-06-30,2025-07-11,11,5.44,SEK,yahoo_trailing_diluted,Yahoo Finance / trailingDilutedEPS historical timeseries,existing_canonical
BRAV.ST,2025-09-30,2025-10-24,24,5.66,SEK,yahoo_reconstructed_diluted_ttm,Yahoo Finance / trailingDilutedEPS reconstructed from quarterlyDilutedEPS,existing_canonical
BRAV.ST,2025-12-31,2026-02-18,49,6.01,SEK,yahoo_trailing_diluted,Yahoo Finance / trailingDilutedEPS historical timeseries,existing_canonical
BRAV.ST,2026-03-31,2026-05-05,35,6.07,SEK,yahoo_trailing_diluted,Yahoo Finance / trailingDilutedEPS historical timeseries,existing_canonical
BRAV.ST,2026-06-30,2026-07-13,13,6.85,SEK,yahoo_trailing_diluted,Yahoo Finance / trailingDilutedEPS historical timeseries,existing_canonical
BTS-B.ST,2023-09-30,2023-11-10,41,8.91,SEK,yahoo_trailing_diluted,Yahoo Finance / trailingDilutedEPS historical timeseries,existing_canonical
BTS-B.ST,2023-12-31,2024-02-22,53,11.08,SEK,yahoo_trailing_diluted,Yahoo Finance / trailingDilutedEPS historical timeseries,existing_canonical
BTS-B.ST,2024-03-31,2024-05-03,33,12.66,SEK,yahoo_trailing_diluted,Yahoo Finance / trailingDilutedEPS historical timeseries,existing_canonical
BTS-B.ST,2024-06-30,2024-08-15,46,12.64,SEK,yahoo_trailing_diluted,Yahoo Finance / trailingDilutedEPS historical timeseries,existing_canonical
BTS-B.ST,2024-09-30,2024-11-08,39,21.3,SEK,yahoo_trailing_diluted,Yahoo Finance / trailingDilutedEPS historical timeseries,existing_canonical
BTS-B.ST,2024-12-31,2025-02-26,57,19.93,SEK,yahoo_trailing_diluted,Yahoo Finance / trailingDilutedEPS historical timeseries,existing_canonical
BTS-B.ST,2025-03-31,2025-05-16,46,18.51,SEK,yahoo_trailing_diluted,Yahoo Finance / trailingDilutedEPS historical timeseries,existing_canonical
BTS-B.ST,2025-06-30,2025-08-22,53,17.42,SEK,yahoo_trailing_diluted,Yahoo Finance / trailingDilutedEPS historical timeseries,existing_canonical
BTS-B.ST,2025-09-30,2025-11-12,43,8.34,SEK,yahoo_trailing_diluted,Yahoo Finance / trailingDilutedEPS historical timeseries,existing_canonical
BTS-B.ST,2025-12-31,2026-02-20,51,6.89,SEK,yahoo_trailing_diluted,Yahoo Finance / trailingDilutedEPS historical timeseries,existing_canonical
BTS-B.ST,2026-03-31,2026-05-21,51,6.98,SEK,yahoo_trailing_diluted,Yahoo Finance / trailingDilutedEPS historical timeseries,existing_canonical
CAST.ST,2023-09-30,2023-10-27,27,-23.756163,SEK,yahoo_trailing_diluted,Yahoo Finance / trailingDilutedEPS historical timeseries,existing_canonical
CAST.ST,2023-12-31,2024-02-14,45,-25.68,SEK,yahoo_trailing_diluted,Yahoo Finance / trailingDilutedEPS historical timeseries,existing_canonical
CAST.ST,2024-03-31,2024-05-03,33,-15.04,SEK,yahoo_trailing_diluted,Yahoo Finance / trailingDilutedEPS historical timeseries,existing_canonical
CAST.ST,2024-06-30,2024-07-16,16,-16.56,SEK,yahoo_trailing_diluted,Yahoo Finance / trailingDilutedEPS historical timeseries,existing_canonical
CAST.ST,2024-09-30,2024-10-25,25,-12.86,SEK,yahoo_trailing_diluted,Yahoo Finance / trailingDilutedEPS historical timeseries,existing_canonical
CAST.ST,2024-12-31,2025-02-19,50,4.79,SEK,yahoo_trailing_diluted,Yahoo Finance / trailingDilutedEPS historical timeseries,existing_canonical
CAST.ST,2025-03-31,2025-05-05,35,5.16,SEK,yahoo_trailing_diluted,Yahoo Finance / trailingDilutedEPS historical timeseries,existing_canonical
CAST.ST,2025-06-30,2025-07-14,14,5.39,SEK,yahoo_trailing_diluted,Yahoo Finance / trailingDilutedEPS historical timeseries,existing_canonical
CAST.ST,2025-09-30,2025-10-23,23,6.18,SEK,yahoo_reconstructed_diluted_ttm,Yahoo Finance / trailingDilutedEPS reconstructed from quarterlyDilutedEPS,existing_canonical
CAST.ST,2025-12-31,2026-02-18,49,1.91,SEK,yahoo_trailing_diluted,Yahoo Finance / trailingDilutedEPS historical timeseries,existing_canonical
CAST.ST,2026-03-31,2026-04-24,24,4.57,SEK,yahoo_trailing_diluted,Yahoo Finance / trailingDilutedEPS historical timeseries,existing_canonical
CAST.ST,2026-06-30,2026-07-15,15,5.59,SEK,yahoo_trailing_diluted,Yahoo Finance / trailingDilutedEPS historical timeseries,existing_canonical
CATE.ST,2023-09-30,2023-10-27,27,-0.46,SEK,yahoo_trailing_diluted,Yahoo Finance / trailingDilutedEPS historical timeseries,existing_canonical
CATE.ST,2024-03-31,2024-04-25,25,30.99,SEK,yahoo_trailing_diluted,Yahoo Finance / trailingDilutedEPS historical timeseries,existing_canonical
CATE.ST,2024-06-30,2024-07-05,5,27.33,SEK,yahoo_trailing_diluted,Yahoo Finance / trailingDilutedEPS historical timeseries,existing_canonical
CATE.ST,2024-09-30,2024-10-25,25,27.31,SEK,yahoo_trailing_diluted,Yahoo Finance / trailingDilutedEPS historical timeseries,existing_canonical
CATE.ST,2024-12-31,2025-02-20,51,19.36,SEK,yahoo_trailing_diluted,Yahoo Finance / trailingDilutedEPS historical timeseries,existing_canonical
CATE.ST,2025-03-31,2025-04-28,28,24.07,SEK,yahoo_trailing_diluted,Yahoo Finance / trailingDilutedEPS historical timeseries,existing_canonical
CATE.ST,2025-06-30,2025-07-04,4,23.58,SEK,yahoo_trailing_diluted,Yahoo Finance / trailingDilutedEPS historical timeseries,existing_canonical
CATE.ST,2025-09-30,2025-10-24,24,26.709999999999997,SEK,yahoo_reconstructed_diluted_ttm,Yahoo Finance / trailingDilutedEPS reconstructed from quarterlyDilutedEPS,existing_canonical
CATE.ST,2025-12-31,2026-02-20,51,27.24,SEK,yahoo_trailing_diluted,Yahoo Finance / trailingDilutedEPS historical timeseries,existing_canonical
CATE.ST,2026-03-31,2026-04-23,23,27.33,SEK,yahoo_trailing_diluted,Yahoo Finance / trailingDilutedEPS historical timeseries,existing_canonical
CATE.ST,2026-06-30,2026-07-06,6,34.05,SEK,yahoo_trailing_diluted,Yahoo Finance / trailingDilutedEPS historical timeseries,existing_canonical
CIBUS.ST,2023-09-30,,,-0.01,EUR,yahoo_trailing_diluted,Yahoo Finance / trailingDilutedEPS historical timeseries,missing
CIBUS.ST,2024-03-31,2024-04-23,23,-0.52,EUR,yahoo_trailing_diluted,Yahoo Finance / trailingDilutedEPS historical timeseries,existing_canonical
CIBUS.ST,2024-06-30,2024-07-17,17,-0.55,EUR,yahoo_trailing_diluted,Yahoo Finance / trailingDilutedEPS historical timeseries,existing_canonical
CIBUS.ST,2024-09-30,2024-11-05,36,-0.8,EUR,yahoo_trailing_diluted,Yahoo Finance / trailingDilutedEPS historical timeseries,existing_canonical
CIBUS.ST,2024-12-31,2025-02-19,50,-0.12,EUR,yahoo_trailing_diluted,Yahoo Finance / trailingDilutedEPS historical timeseries,existing_canonical
CIBUS.ST,2025-03-31,2025-04-23,23,0.38,EUR,yahoo_trailing_diluted,Yahoo Finance / trailingDilutedEPS historical timeseries,existing_canonical
CIBUS.ST,2025-06-30,2025-07-17,17,0.51,EUR,yahoo_trailing_diluted,Yahoo Finance / trailingDilutedEPS historical timeseries,existing_canonical
CIBUS.ST,2025-09-30,2025-11-04,35,0.8399999999999999,EUR,yahoo_reconstructed_diluted_ttm,Yahoo Finance / trailingDilutedEPS reconstructed from quarterlyDilutedEPS,existing_canonical
CIBUS.ST,2025-12-31,2026-03-19,78,1.14,EUR,yahoo_trailing_diluted,Yahoo Finance / trailingDilutedEPS historical timeseries,existing_canonical
CIBUS.ST,2026-03-31,2026-04-29,29,1.02,EUR,yahoo_trailing_diluted,Yahoo Finance / trailingDilutedEPS historical timeseries,existing_canonical
CIBUS.ST,2026-06-30,2026-07-16,16,1.03,EUR,yahoo_trailing_diluted,Yahoo Finance / trailingDilutedEPS historical timeseries,existing_canonical
CLA-B.ST,2023-09-30,2023-10-27,27,1.43,SEK,yahoo_trailing_diluted,Yahoo Finance / trailingDilutedEPS historical timeseries,existing_canonical
CLA-B.ST,2023-12-31,2024-01-26,26,1.53,SEK,yahoo_trailing_diluted,Yahoo Finance / trailingDilutedEPS historical timeseries,existing_canonical
CLA-B.ST,2024-03-31,2024-04-26,26,1.67,SEK,yahoo_trailing_diluted,Yahoo Finance / trailingDilutedEPS historical timeseries,existing_canonical
CLA-B.ST,2024-06-30,2024-07-12,12,1.71,SEK,yahoo_trailing_diluted,Yahoo Finance / trailingDilutedEPS historical timeseries,existing_canonical
CLA-B.ST,2024-09-30,2024-10-25,25,1.6,SEK,yahoo_trailing_diluted,Yahoo Finance / trailingDilutedEPS historical timeseries,existing_canonical
CLA-B.ST,2024-12-31,2025-01-29,29,1.67,SEK,yahoo_trailing_diluted,Yahoo Finance / trailingDilutedEPS historical timeseries,existing_canonical
CLA-B.ST,2025-03-31,2025-05-07,37,2.19,SEK,yahoo_trailing_diluted,Yahoo Finance / trailingDilutedEPS historical timeseries,existing_canonical
CLA-B.ST,2025-06-30,2025-07-17,17,2.31,SEK,yahoo_trailing_diluted,Yahoo Finance / trailingDilutedEPS historical timeseries,existing_canonical
CLA-B.ST,2025-09-30,2025-11-05,36,2.51,SEK,yahoo_reconstructed_diluted_ttm,Yahoo Finance / trailingDilutedEPS reconstructed from quarterlyDilutedEPS,existing_canonical
CLA-B.ST,2025-12-31,2026-02-04,35,2.78,SEK,yahoo_trailing_diluted,Yahoo Finance / trailingDilutedEPS historical timeseries,existing_canonical
CLA-B.ST,2026-03-31,2026-05-06,36,2.63,SEK,yahoo_trailing_diluted,Yahoo Finance / trailingDilutedEPS historical timeseries,existing_canonical
CLA-B.ST,2026-06-30,2026-07-15,15,2.98,SEK,yahoo_trailing_diluted,Yahoo Finance / trailingDilutedEPS historical timeseries,existing_canonical
CLAS-B.ST,2023-10-31,,,4.45,SEK,yahoo_trailing_diluted,Yahoo Finance / trailingDilutedEPS historical timeseries,missing
CLAS-B.ST,2024-01-31,2024-03-06,35,7.01,SEK,yahoo_trailing_diluted,Yahoo Finance / trailingDilutedEPS historical timeseries,existing_canonical
CLAS-B.ST,2024-04-30,2024-06-05,36,8.01,SEK,yahoo_trailing_diluted,Yahoo Finance / trailingDilutedEPS historical timeseries,existing_canonical
CLAS-B.ST,2024-07-31,2024-09-04,35,10.73,SEK,yahoo_trailing_diluted,Yahoo Finance / trailingDilutedEPS historical timeseries,existing_canonical
CLAS-B.ST,2024-10-31,2024-12-04,34,11.61,SEK,yahoo_trailing_diluted,Yahoo Finance / trailingDilutedEPS historical timeseries,existing_canonical
CLAS-B.ST,2025-01-31,2025-03-12,40,13.22,SEK,yahoo_trailing_diluted,Yahoo Finance / trailingDilutedEPS historical timeseries,existing_canonical
CLAS-B.ST,2025-04-30,2025-06-12,43,13.82,SEK,yahoo_trailing_diluted,Yahoo Finance / trailingDilutedEPS historical timeseries,existing_canonical
CLAS-B.ST,2025-07-31,2025-09-10,41,14.77,SEK,yahoo_trailing_diluted,Yahoo Finance / trailingDilutedEPS historical timeseries,existing_canonical
CLAS-B.ST,2025-10-31,2025-12-10,40,15.98,SEK,yahoo_trailing_diluted,Yahoo Finance / trailingDilutedEPS historical timeseries,existing_canonical
CLAS-B.ST,2026-01-31,2026-03-11,39,17.36,SEK,yahoo_trailing_diluted,Yahoo Finance / trailingDilutedEPS historical timeseries,existing_canonical
CLAS-B.ST,2026-04-30,2026-06-03,34,18.29,SEK,yahoo_trailing_diluted,Yahoo Finance / trailingDilutedEPS historical timeseries,existing_canonical
COOR.ST,2023-09-30,2023-10-25,25,1.89,SEK,yahoo_trailing_diluted,Yahoo Finance / trailingDilutedEPS historical timeseries,existing_canonical
COOR.ST,2023-12-31,2024-02-08,39,1.64,SEK,yahoo_trailing_diluted,Yahoo Finance / trailingDilutedEPS historical timeseries,existing_canonical
COOR.ST,2024-03-31,2024-04-24,24,1.74,SEK,yahoo_trailing_diluted,Yahoo Finance / trailingDilutedEPS historical timeseries,existing_canonical
COOR.ST,2024-06-30,2024-07-12,12,1.94,SEK,yahoo_trailing_diluted,Yahoo Finance / trailingDilutedEPS historical timeseries,existing_canonical
COOR.ST,2024-09-30,2024-10-24,24,1.78,SEK,yahoo_trailing_diluted,Yahoo Finance / trailingDilutedEPS historical timeseries,existing_canonical
COOR.ST,2024-12-31,2025-02-06,37,1.3,SEK,yahoo_trailing_diluted,Yahoo Finance / trailingDilutedEPS historical timeseries,existing_canonical
COOR.ST,2025-03-31,2025-04-23,23,1.13,SEK,yahoo_trailing_diluted,Yahoo Finance / trailingDilutedEPS historical timeseries,existing_canonical
COOR.ST,2025-06-30,2025-07-14,14,1.26,SEK,yahoo_trailing_diluted,Yahoo Finance / trailingDilutedEPS historical timeseries,existing_canonical
COOR.ST,2025-09-30,2025-10-23,23,1.5999999999999996,SEK,yahoo_reconstructed_diluted_ttm,Yahoo Finance / trailingDilutedEPS reconstructed from quarterlyDilutedEPS,existing_canonical
COOR.ST,2025-12-31,2026-02-11,42,2.3,SEK,yahoo_trailing_diluted,Yahoo Finance / trailingDilutedEPS historical timeseries,existing_canonical
COOR.ST,2026-03-31,2026-04-22,22,2.5,SEK,yahoo_trailing_diluted,Yahoo Finance / trailingDilutedEPS historical timeseries,existing_canonical
COOR.ST,2026-06-30,2026-07-15,15,2.8,SEK,yahoo_trailing_diluted,Yahoo Finance / trailingDilutedEPS historical timeseries,existing_canonical
CTT.ST,2023-09-30,,,6.85,SEK,yahoo_trailing_diluted,Yahoo Finance / trailingDilutedEPS historical timeseries,missing
CTT.ST,2024-03-31,2024-04-26,26,8.15,SEK,yahoo_trailing_diluted,Yahoo Finance / trailingDilutedEPS historical timeseries,existing_canonical
CTT.ST,2024-06-30,2024-07-19,19,8.13,SEK,yahoo_trailing_diluted,Yahoo Finance / trailingDilutedEPS historical timeseries,existing_canonical
CTT.ST,2024-09-30,2024-10-25,25,7.08,SEK,yahoo_trailing_diluted,Yahoo Finance / trailingDilutedEPS historical timeseries,existing_canonical
CTT.ST,2024-12-31,2025-02-07,38,6.82,SEK,yahoo_trailing_diluted,Yahoo Finance / trailingDilutedEPS historical timeseries,existing_canonical
CTT.ST,2025-03-31,2025-04-25,25,5.16,SEK,yahoo_trailing_diluted,Yahoo Finance / trailingDilutedEPS historical timeseries,existing_canonical
CTT.ST,2025-06-30,2025-07-18,18,4.38,SEK,yahoo_trailing_diluted,Yahoo Finance / trailingDilutedEPS historical timeseries,existing_canonical
CTT.ST,2025-09-30,2025-10-24,24,4.56,SEK,yahoo_reconstructed_diluted_ttm,Yahoo Finance / trailingDilutedEPS reconstructed from quarterlyDilutedEPS,existing_canonical
CTT.ST,2025-12-31,2026-02-06,37,3.08,SEK,yahoo_trailing_diluted,Yahoo Finance / trailingDilutedEPS historical timeseries,existing_canonical
CTT.ST,2026-03-31,2026-04-28,28,3.31,SEK,yahoo_trailing_diluted,Yahoo Finance / trailingDilutedEPS historical timeseries,existing_canonical
CTT.ST,2026-06-30,2026-07-21,21,2.92,SEK,yahoo_trailing_diluted,Yahoo Finance / trailingDilutedEPS historical timeseries,existing_canonical
DIOS.ST,2023-09-30,,,-1.95,SEK,yahoo_trailing_diluted,Yahoo Finance / trailingDilutedEPS historical timeseries,missing
DIOS.ST,2023-12-31,,,-6.01,SEK,yahoo_trailing_diluted,Yahoo Finance / trailingDilutedEPS historical timeseries,missing
DIOS.ST,2024-03-31,2024-04-26,26,-1.82,SEK,yahoo_trailing_diluted,Yahoo Finance / trailingDilutedEPS historical timeseries,existing_canonical
DIOS.ST,2024-06-30,2024-07-05,5,-1.57,SEK,yahoo_trailing_diluted,Yahoo Finance / trailingDilutedEPS historical timeseries,existing_canonical
DIOS.ST,2024-09-30,2024-10-25,25,-2.28,SEK,yahoo_trailing_diluted,Yahoo Finance / trailingDilutedEPS historical timeseries,existing_canonical
DIOS.ST,2025-03-31,2025-04-29,29,4.19,SEK,yahoo_trailing_diluted,Yahoo Finance / trailingDilutedEPS historical timeseries,existing_canonical
DIOS.ST,2025-06-30,2025-07-04,4,3.42,SEK,yahoo_trailing_diluted,Yahoo Finance / trailingDilutedEPS historical timeseries,existing_canonical
DIOS.ST,2025-09-30,2025-10-24,24,5.63,SEK,yahoo_reconstructed_diluted_ttm,Yahoo Finance / trailingDilutedEPS reconstructed from quarterlyDilutedEPS,existing_canonical
DIOS.ST,2025-12-31,2026-02-13,44,5.7,SEK,yahoo_trailing_diluted,Yahoo Finance / trailingDilutedEPS historical timeseries,existing_canonical
DIOS.ST,2026-03-31,2026-04-29,29,6.33,SEK,yahoo_trailing_diluted,Yahoo Finance / trailingDilutedEPS historical timeseries,existing_canonical
DIOS.ST,2026-06-30,2026-07-06,6,7.97,SEK,yahoo_trailing_diluted,Yahoo Finance / trailingDilutedEPS historical timeseries,existing_canonical
DOM.ST,2023-09-30,2023-10-26,26,4.09,SEK,yahoo_trailing_diluted,Yahoo Finance / trailingDilutedEPS historical timeseries,existing_canonical
DOM.ST,2023-12-31,2024-01-31,31,4.17,SEK,yahoo_trailing_diluted,Yahoo Finance / trailingDilutedEPS historical timeseries,existing_canonical
DOM.ST,2024-03-31,2024-04-19,19,3.98,SEK,yahoo_trailing_diluted,Yahoo Finance / trailingDilutedEPS historical timeseries,existing_canonical
DOM.ST,2024-06-30,2024-07-18,18,3.69,SEK,yahoo_trailing_diluted,Yahoo Finance / trailingDilutedEPS historical timeseries,existing_canonical
DOM.ST,2024-09-30,2024-10-23,23,-3.61,SEK,yahoo_trailing_diluted,Yahoo Finance / trailingDilutedEPS historical timeseries,existing_canonical
DOM.ST,2024-12-31,2025-01-29,29,-7.21,SEK,yahoo_trailing_diluted,Yahoo Finance / trailingDilutedEPS historical timeseries,existing_canonical
DOM.ST,2025-03-31,2025-04-24,24,-7.49,SEK,yahoo_trailing_diluted,Yahoo Finance / trailingDilutedEPS historical timeseries,existing_canonical
DOM.ST,2025-06-30,2025-07-15,15,-7.79,SEK,yahoo_trailing_diluted,Yahoo Finance / trailingDilutedEPS historical timeseries,existing_canonical
DOM.ST,2025-09-30,2025-10-23,23,-1.4299999999999997,SEK,yahoo_reconstructed_diluted_ttm,Yahoo Finance / trailingDilutedEPS reconstructed from quarterlyDilutedEPS,existing_canonical
DOM.ST,2025-12-31,2026-01-28,28,1.34,SEK,yahoo_trailing_diluted,Yahoo Finance / trailingDilutedEPS historical timeseries,existing_canonical
DOM.ST,2026-03-31,2026-04-23,23,1.3,SEK,yahoo_trailing_diluted,Yahoo Finance / trailingDilutedEPS historical timeseries,existing_canonical
DOM.ST,2026-06-30,2026-07-14,14,0.96,SEK,yahoo_trailing_diluted,Yahoo Finance / trailingDilutedEPS historical timeseries,existing_canonical
DUNI.ST,2022-09-30,,,3.16,SEK,yahoo_trailing_diluted,Yahoo Finance / trailingDilutedEPS historical timeseries,missing
DUNI.ST,2023-09-30,,,7.93,SEK,yahoo_trailing_diluted,Yahoo Finance / trailingDilutedEPS historical timeseries,missing
DUNI.ST,2023-12-31,,,8.3,SEK,yahoo_trailing_diluted,Yahoo Finance / trailingDilutedEPS historical timeseries,missing
DUNI.ST,2024-03-31,2024-04-24,24,8.31,SEK,yahoo_trailing_diluted,Yahoo Finance / trailingDilutedEPS historical timeseries,existing_canonical
DUNI.ST,2024-06-30,2024-07-12,12,7.82,SEK,yahoo_trailing_diluted,Yahoo Finance / trailingDilutedEPS historical timeseries,existing_canonical
DUNI.ST,2024-09-30,2024-10-24,24,4.99,SEK,yahoo_trailing_diluted,Yahoo Finance / trailingDilutedEPS historical timeseries,existing_canonical
DUNI.ST,2024-12-31,2025-02-11,42,5.48,SEK,yahoo_trailing_diluted,Yahoo Finance / trailingDilutedEPS historical timeseries,existing_canonical
DUNI.ST,2025-03-31,2025-04-25,25,5.17,SEK,yahoo_trailing_diluted,Yahoo Finance / trailingDilutedEPS historical timeseries,existing_canonical
DUNI.ST,2025-06-30,2025-07-11,11,4.7,SEK,yahoo_trailing_diluted,Yahoo Finance / trailingDilutedEPS historical timeseries,existing_canonical
DUNI.ST,2025-09-30,2025-10-24,24,6.959999999999999,SEK,yahoo_reconstructed_diluted_ttm,Yahoo Finance / trailingDilutedEPS reconstructed from quarterlyDilutedEPS,existing_canonical
DUNI.ST,2025-12-31,2026-02-06,37,6.64,SEK,yahoo_trailing_diluted,Yahoo Finance / trailingDilutedEPS historical timeseries,existing_canonical
DUNI.ST,2026-03-31,2026-04-24,24,6.02,SEK,yahoo_trailing_diluted,Yahoo Finance / trailingDilutedEPS historical timeseries,existing_canonical
DUNI.ST,2026-06-30,2026-07-14,14,4.33,SEK,yahoo_trailing_diluted,Yahoo Finance / trailingDilutedEPS historical timeseries,existing_canonical
DYVOX.ST,2023-09-30,2023-10-27,27,0.71,SEK,yahoo_trailing_diluted,Yahoo Finance / trailingDilutedEPS historical timeseries,existing_canonical
DYVOX.ST,2024-03-31,2024-04-23,23,1.01,SEK,yahoo_trailing_diluted,Yahoo Finance / trailingDilutedEPS historical timeseries,existing_canonical
DYVOX.ST,2024-06-30,2024-07-18,18,1.19,SEK,yahoo_trailing_diluted,Yahoo Finance / trailingDilutedEPS historical timeseries,existing_canonical
DYVOX.ST,2024-09-30,2024-10-23,23,1.3,SEK,yahoo_trailing_diluted,Yahoo Finance / trailingDilutedEPS historical timeseries,existing_canonical
DYVOX.ST,2024-12-31,2025-02-05,36,1.37,SEK,yahoo_trailing_diluted,Yahoo Finance / trailingDilutedEPS historical timeseries,existing_canonical
DYVOX.ST,2025-03-31,2025-04-25,25,1.49,SEK,yahoo_trailing_diluted,Yahoo Finance / trailingDilutedEPS historical timeseries,existing_canonical
DYVOX.ST,2025-06-30,2025-07-18,18,1.42,SEK,yahoo_trailing_diluted,Yahoo Finance / trailingDilutedEPS historical timeseries,existing_canonical
DYVOX.ST,2025-09-30,2025-10-23,23,1.36,SEK,yahoo_reconstructed_diluted_ttm,Yahoo Finance / trailingDilutedEPS reconstructed from quarterlyDilutedEPS,existing_canonical
DYVOX.ST,2025-12-31,2026-02-05,36,1.56,SEK,yahoo_trailing_diluted,Yahoo Finance / trailingDilutedEPS historical timeseries,existing_canonical
DYVOX.ST,2026-03-31,2026-04-24,24,1.69,SEK,yahoo_trailing_diluted,Yahoo Finance / trailingDilutedEPS historical timeseries,existing_canonical
DYVOX.ST,2026-06-30,2026-07-22,22,2.12,SEK,yahoo_trailing_diluted,Yahoo Finance / trailingDilutedEPS historical timeseries,existing_canonical
EAST.ST,2023-09-30,,,-3.27,EUR,yahoo_trailing_diluted,Yahoo Finance / trailingDilutedEPS historical timeseries,missing
EAST.ST,2023-12-31,,,-3.24,EUR,yahoo_trailing_diluted,Yahoo Finance / trailingDilutedEPS historical timeseries,missing
EAST.ST,2024-03-31,2024-04-24,24,-0.62,EUR,yahoo_trailing_diluted,Yahoo Finance / trailingDilutedEPS historical timeseries,existing_canonical
EAST.ST,2024-06-30,2024-07-04,4,-0.23,EUR,yahoo_trailing_diluted,Yahoo Finance / trailingDilutedEPS historical timeseries,existing_canonical
EAST.ST,2024-09-30,2024-10-24,24,0.07,EUR,yahoo_trailing_diluted,Yahoo Finance / trailingDilutedEPS historical timeseries,existing_canonical
EAST.ST,2024-12-31,2025-02-05,36,0.07,EUR,yahoo_trailing_diluted,Yahoo Finance / trailingDilutedEPS historical timeseries,existing_canonical
EAST.ST,2025-03-31,2025-04-28,28,0.24,EUR,yahoo_trailing_diluted,Yahoo Finance / trailingDilutedEPS historical timeseries,existing_canonical
EAST.ST,2025-06-30,2025-07-07,7,0.29,EUR,yahoo_trailing_diluted,Yahoo Finance / trailingDilutedEPS historical timeseries,existing_canonical
EAST.ST,2025-09-30,2025-10-23,23,0.38,EUR,yahoo_reconstructed_diluted_ttm,Yahoo Finance / trailingDilutedEPS reconstructed from quarterlyDilutedEPS,existing_canonical
EAST.ST,2025-12-31,2026-02-05,36,0.43,EUR,yahoo_trailing_diluted,Yahoo Finance / trailingDilutedEPS historical timeseries,existing_canonical
EAST.ST,2026-03-31,2026-04-28,28,0.28,EUR,yahoo_trailing_diluted,Yahoo Finance / trailingDilutedEPS historical timeseries,existing_canonical
EAST.ST,2026-06-30,2026-07-07,7,0.28,EUR,yahoo_trailing_diluted,Yahoo Finance / trailingDilutedEPS historical timeseries,existing_canonical
EKTA-B.ST,2023-10-31,2023-11-30,30,3.52,SEK,yahoo_trailing_diluted,Yahoo Finance / trailingDilutedEPS historical timeseries,existing_canonical
EKTA-B.ST,2024-01-31,2024-02-29,29,3.75,SEK,yahoo_trailing_diluted,Yahoo Finance / trailingDilutedEPS historical timeseries,existing_canonical
EKTA-B.ST,2024-04-30,2024-06-05,36,3.41,SEK,yahoo_trailing_diluted,Yahoo Finance / trailingDilutedEPS historical timeseries,existing_canonical
EKTA-B.ST,2024-07-31,2024-08-28,28,2.97,SEK,yahoo_trailing_diluted,Yahoo Finance / trailingDilutedEPS historical timeseries,existing_canonical
EKTA-B.ST,2024-10-31,2024-11-27,27,2.63,SEK,yahoo_trailing_diluted,Yahoo Finance / trailingDilutedEPS historical timeseries,existing_canonical
EKTA-B.ST,2025-01-31,2025-02-20,20,2.72,SEK,yahoo_trailing_diluted,Yahoo Finance / trailingDilutedEPS historical timeseries,existing_canonical
EKTA-B.ST,2025-07-31,2025-08-27,27,0.72,SEK,yahoo_trailing_diluted,Yahoo Finance / trailingDilutedEPS historical timeseries,existing_canonical
EKTA-B.ST,2025-10-31,2025-11-26,26,0.76,SEK,yahoo_trailing_diluted,Yahoo Finance / trailingDilutedEPS historical timeseries,existing_canonical
EKTA-B.ST,2026-01-31,2026-03-05,33,-0.1,SEK,yahoo_trailing_diluted,Yahoo Finance / trailingDilutedEPS historical timeseries,existing_canonical
EKTA-B.ST,2026-04-30,2026-05-28,28,-1.36,SEK,yahoo_trailing_diluted,Yahoo Finance / trailingDilutedEPS historical timeseries,existing_canonical
EMBRAC-B.ST,2023-09-30,2023-11-16,47,3.49,SEK,yahoo_trailing_diluted,Yahoo Finance / trailingDilutedEPS historical timeseries,existing_canonical
EMBRAC-B.ST,2023-12-31,2024-02-15,46,0.61,SEK,yahoo_trailing_diluted,Yahoo Finance / trailingDilutedEPS historical timeseries,existing_canonical
EMBRAC-B.ST,2024-03-31,2024-05-23,53,-15.28,SEK,yahoo_trailing_diluted,Yahoo Finance / trailingDilutedEPS historical timeseries,existing_canonical
EMBRAC-B.ST,2024-06-30,2024-08-15,46,-19.07,SEK,yahoo_trailing_diluted,Yahoo Finance / trailingDilutedEPS historical timeseries,existing_canonical
EMBRAC-B.ST,2024-09-30,2024-11-14,45,-18.82,SEK,yahoo_trailing_diluted,Yahoo Finance / trailingDilutedEPS historical timeseries,existing_canonical
EMBRAC-B.ST,2024-12-31,2025-02-13,44,-91.8,SEK,yahoo_trailing_diluted,Yahoo Finance / trailingDilutedEPS historical timeseries,existing_canonical
EMBRAC-B.ST,2025-06-30,2025-08-14,45,37.66,SEK,yahoo_trailing_diluted,Yahoo Finance / trailingDilutedEPS historical timeseries,existing_canonical
EMBRAC-B.ST,2025-09-30,2025-11-13,44,38.05,SEK,yahoo_trailing_diluted,Yahoo Finance / trailingDilutedEPS historical timeseries,existing_canonical
EMBRAC-B.ST,2025-12-31,2026-02-12,43,41.33,SEK,yahoo_trailing_diluted,Yahoo Finance / trailingDilutedEPS historical timeseries,existing_canonical
EMBRAC-B.ST,2026-03-31,2026-05-20,50,-27.67,SEK,yahoo_trailing_diluted,Yahoo Finance / trailingDilutedEPS historical timeseries,existing_canonical
EPI-A.ST,2023-09-30,2023-10-27,27,7.92,SEK,yahoo_trailing_diluted,Yahoo Finance / trailingDilutedEPS historical timeseries,existing_canonical
EPI-A.ST,2024-03-31,2024-04-23,23,7.57,SEK,yahoo_trailing_diluted,Yahoo Finance / trailingDilutedEPS historical timeseries,existing_canonical
EPI-A.ST,2024-06-30,2024-07-19,19,7.07,SEK,yahoo_trailing_diluted,Yahoo Finance / trailingDilutedEPS historical timeseries,existing_canonical
EPI-A.ST,2024-09-30,2024-10-25,25,7.14,SEK,yahoo_trailing_diluted,Yahoo Finance / trailingDilutedEPS historical timeseries,existing_canonical
EPI-A.ST,2024-12-31,2025-01-30,30,7.23,SEK,yahoo_trailing_diluted,Yahoo Finance / trailingDilutedEPS historical timeseries,existing_canonical
EPI-A.ST,2025-03-31,2025-04-29,29,7.39,SEK,yahoo_trailing_diluted,Yahoo Finance / trailingDilutedEPS historical timeseries,existing_canonical
EPI-A.ST,2025-06-30,2025-07-18,18,7.44,SEK,yahoo_trailing_diluted,Yahoo Finance / trailingDilutedEPS historical timeseries,existing_canonical
EPI-A.ST,2025-09-30,2025-10-29,29,7.14,SEK,yahoo_reconstructed_diluted_ttm,Yahoo Finance / trailingDilutedEPS reconstructed from quarterlyDilutedEPS,existing_canonical
EPI-A.ST,2025-12-31,2026-01-26,26,7.12,SEK,yahoo_trailing_diluted,Yahoo Finance / trailingDilutedEPS historical timeseries,existing_canonical
EPI-A.ST,2026-03-31,2026-04-29,29,7.04,SEK,yahoo_trailing_diluted,Yahoo Finance / trailingDilutedEPS historical timeseries,existing_canonical
EPI-A.ST,2026-06-30,2026-07-17,17,7.31,SEK,yahoo_trailing_diluted,Yahoo Finance / trailingDilutedEPS historical timeseries,existing_canonical
EPI-B.ST,2023-09-30,,,7.92,SEK,yahoo_trailing_diluted,Yahoo Finance / trailingDilutedEPS historical timeseries,missing
EPI-B.ST,2023-12-31,,,7.81,SEK,yahoo_trailing_diluted,Yahoo Finance / trailingDilutedEPS historical timeseries,missing
EPI-B.ST,2024-03-31,2024-04-23,23,7.57,SEK,yahoo_trailing_diluted,Yahoo Finance / trailingDilutedEPS historical timeseries,existing_canonical
EPI-B.ST,2024-06-30,2024-07-19,19,7.07,SEK,yahoo_trailing_diluted,Yahoo Finance / trailingDilutedEPS historical timeseries,existing_canonical
EPI-B.ST,2024-09-30,2024-10-25,25,7.14,SEK,yahoo_trailing_diluted,Yahoo Finance / trailingDilutedEPS historical timeseries,existing_canonical
EPI-B.ST,2024-12-31,2025-01-30,30,7.23,SEK,yahoo_trailing_diluted,Yahoo Finance / trailingDilutedEPS historical timeseries,existing_canonical
EPI-B.ST,2025-03-31,2025-04-29,29,7.39,SEK,yahoo_trailing_diluted,Yahoo Finance / trailingDilutedEPS historical timeseries,existing_canonical
EPI-B.ST,2025-06-30,2025-07-18,18,7.44,SEK,yahoo_trailing_diluted,Yahoo Finance / trailingDilutedEPS historical timeseries,existing_canonical
EPI-B.ST,2025-09-30,2025-10-29,29,7.14,SEK,yahoo_reconstructed_diluted_ttm,Yahoo Finance / trailingDilutedEPS reconstructed from quarterlyDilutedEPS,existing_canonical
EPI-B.ST,2025-12-31,2026-01-26,26,7.12,SEK,yahoo_trailing_diluted,Yahoo Finance / trailingDilutedEPS historical timeseries,existing_canonical
EPI-B.ST,2026-03-31,2026-04-29,29,7.04,SEK,yahoo_trailing_diluted,Yahoo Finance / trailingDilutedEPS historical timeseries,existing_canonical
EPI-B.ST,2026-06-30,2026-07-17,17,7.31,SEK,yahoo_trailing_diluted,Yahoo Finance / trailingDilutedEPS historical timeseries,existing_canonical
EQL.ST,2024-03-31,2024-05-14,44,0.76,SEK,yahoo_trailing_diluted,Yahoo Finance / trailingDilutedEPS historical timeseries,existing_canonical
EQL.ST,2024-06-30,2024-08-08,39,0.89,SEK,yahoo_trailing_diluted,Yahoo Finance / trailingDilutedEPS historical timeseries,existing_canonical
EQL.ST,2024-09-30,2024-11-06,37,1.06,SEK,yahoo_trailing_diluted,Yahoo Finance / trailingDilutedEPS historical timeseries,existing_canonical
EQL.ST,2024-12-31,2025-02-05,36,1.16,SEK,yahoo_trailing_diluted,Yahoo Finance / trailingDilutedEPS historical timeseries,existing_canonical
EQL.ST,2025-03-31,2025-05-08,38,1.44,SEK,yahoo_trailing_diluted,Yahoo Finance / trailingDilutedEPS historical timeseries,existing_canonical
EQL.ST,2025-06-30,2025-08-08,39,1.41,SEK,yahoo_trailing_diluted,Yahoo Finance / trailingDilutedEPS historical timeseries,existing_canonical
EQL.ST,2025-09-30,2025-11-05,36,0.99,SEK,yahoo_reconstructed_diluted_ttm,Yahoo Finance / trailingDilutedEPS reconstructed from quarterlyDilutedEPS,existing_canonical
EQL.ST,2025-12-31,2026-02-03,34,0.98,SEK,yahoo_trailing_diluted,Yahoo Finance / trailingDilutedEPS historical timeseries,existing_canonical
EQL.ST,2026-03-31,2026-05-08,38,0.42,SEK,yahoo_trailing_diluted,Yahoo Finance / trailingDilutedEPS historical timeseries,existing_canonical
EQL.ST,2026-06-30,2026-08-15,46,-0.49,SEK,yahoo_trailing_diluted,Yahoo Finance / trailingDilutedEPS historical timeseries,existing_canonical
EQT.ST,2023-06-30,2023-07-14,14,-0.055,EUR,yahoo_trailing_diluted,Yahoo Finance / trailingDilutedEPS historical timeseries,existing_canonical
EQT.ST,2023-12-31,2024-01-18,18,0.109,EUR,yahoo_trailing_diluted,Yahoo Finance / trailingDilutedEPS historical timeseries,existing_canonical
EQT.ST,2024-12-31,2025-01-23,23,0.656,EUR,yahoo_trailing_diluted,Yahoo Finance / trailingDilutedEPS historical timeseries,existing_canonical
EQT.ST,2025-06-30,2025-07-17,17,0.711,EUR,yahoo_trailing_diluted,Yahoo Finance / trailingDilutedEPS historical timeseries,existing_canonical
EQT.ST,2025-12-31,2026-01-22,22,0.618,EUR,yahoo_trailing_diluted,Yahoo Finance / trailingDilutedEPS historical timeseries,existing_canonical
ERIC-B.ST,2023-09-30,2023-10-17,17,-7.14,SEK,yahoo_trailing_diluted,Yahoo Finance / trailingDilutedEPS historical timeseries,existing_canonical
ERIC-B.ST,2023-12-31,2024-01-23,23,-7.94,SEK,yahoo_trailing_diluted,Yahoo Finance / trailingDilutedEPS historical timeseries,existing_canonical
ERIC-B.ST,2024-03-31,2024-04-16,16,-7.63,SEK,yahoo_trailing_diluted,Yahoo Finance / trailingDilutedEPS historical timeseries,existing_canonical
ERIC-B.ST,2024-06-30,2024-07-12,12,-10.76,SEK,yahoo_trailing_diluted,Yahoo Finance / trailingDilutedEPS historical timeseries,existing_canonical
ERIC-B.ST,2024-09-30,2024-10-15,15,-0.41,SEK,yahoo_trailing_diluted,Yahoo Finance / trailingDilutedEPS historical timeseries,existing_canonical
ERIC-B.ST,2024-12-31,2025-01-24,24,0.01,SEK,yahoo_trailing_diluted,Yahoo Finance / trailingDilutedEPS historical timeseries,existing_canonical
ERIC-B.ST,2025-03-31,2025-04-15,15,0.48,SEK,yahoo_trailing_diluted,Yahoo Finance / trailingDilutedEPS historical timeseries,existing_canonical
ERIC-B.ST,2025-06-30,2025-07-15,15,5.19,SEK,yahoo_trailing_diluted,Yahoo Finance / trailingDilutedEPS historical timeseries,existing_canonical
ERIC-B.ST,2025-09-30,2025-10-14,14,7.379999999999999,SEK,yahoo_reconstructed_diluted_ttm,Yahoo Finance / trailingDilutedEPS reconstructed from quarterlyDilutedEPS,existing_canonical
ERIC-B.ST,2025-12-31,2026-01-23,23,8.51,SEK,yahoo_trailing_diluted,Yahoo Finance / trailingDilutedEPS historical timeseries,existing_canonical
ERIC-B.ST,2026-03-31,2026-04-17,17,7.54,SEK,yahoo_trailing_diluted,Yahoo Finance / trailingDilutedEPS historical timeseries,existing_canonical
ERIC-B.ST,2026-06-30,2026-07-14,14,7.38,SEK,yahoo_trailing_diluted,Yahoo Finance / trailingDilutedEPS historical timeseries,existing_canonical
ESSITY-B.ST,2023-09-30,2023-10-26,26,12.73,SEK,yahoo_trailing_diluted,Yahoo Finance / trailingDilutedEPS historical timeseries,existing_canonical
ESSITY-B.ST,2023-12-31,2024-01-25,25,13.6,SEK,yahoo_trailing_diluted,Yahoo Finance / trailingDilutedEPS historical timeseries,existing_canonical
ESSITY-B.ST,2024-03-31,2024-04-25,25,26.02,SEK,yahoo_trailing_diluted,Yahoo Finance / trailingDilutedEPS historical timeseries,existing_canonical
ESSITY-B.ST,2024-06-30,2024-07-18,18,27.21,SEK,yahoo_trailing_diluted,Yahoo Finance / trailingDilutedEPS historical timeseries,existing_canonical
ESSITY-B.ST,2024-09-30,2024-10-23,23,29.7,SEK,yahoo_trailing_diluted,Yahoo Finance / trailingDilutedEPS historical timeseries,existing_canonical
ESSITY-B.ST,2024-12-31,2025-01-23,23,29.83,SEK,yahoo_trailing_diluted,Yahoo Finance / trailingDilutedEPS historical timeseries,existing_canonical
ESSITY-B.ST,2025-03-31,2025-04-24,24,18.05,SEK,yahoo_trailing_diluted,Yahoo Finance / trailingDilutedEPS historical timeseries,existing_canonical
ESSITY-B.ST,2025-06-30,2025-07-17,17,17.72,SEK,yahoo_trailing_diluted,Yahoo Finance / trailingDilutedEPS historical timeseries,existing_canonical
ESSITY-B.ST,2025-09-30,2025-10-23,23,17.81,SEK,yahoo_reconstructed_diluted_ttm,Yahoo Finance / trailingDilutedEPS reconstructed from quarterlyDilutedEPS,existing_canonical
ESSITY-B.ST,2025-12-31,2026-01-22,22,18.37,SEK,yahoo_trailing_diluted,Yahoo Finance / trailingDilutedEPS historical timeseries,existing_canonical
ESSITY-B.ST,2026-03-31,2026-04-23,23,18.17,SEK,yahoo_trailing_diluted,Yahoo Finance / trailingDilutedEPS historical timeseries,existing_canonical
ESSITY-B.ST,2026-06-30,2026-07-16,16,17.73,SEK,yahoo_trailing_diluted,Yahoo Finance / trailingDilutedEPS historical timeseries,existing_canonical
EVO.ST,2023-09-30,2023-10-26,26,4.65,EUR,yahoo_trailing_diluted,Yahoo Finance / trailingDilutedEPS historical timeseries,existing_canonical
EVO.ST,2024-03-31,2024-04-24,24,5.04,EUR,yahoo_trailing_diluted,Yahoo Finance / trailingDilutedEPS historical timeseries,existing_canonical
EVO.ST,2024-06-30,2024-07-19,19,5.1,EUR,yahoo_trailing_diluted,Yahoo Finance / trailingDilutedEPS historical timeseries,existing_canonical
EVO.ST,2024-09-30,2024-10-24,24,5.4,EUR,yahoo_trailing_diluted,Yahoo Finance / trailingDilutedEPS historical timeseries,existing_canonical
EVO.ST,2024-12-31,2025-01-30,30,5.91,EUR,yahoo_trailing_diluted,Yahoo Finance / trailingDilutedEPS historical timeseries,existing_canonical
EVO.ST,2025-06-30,2025-07-17,17,5.84,EUR,yahoo_trailing_diluted,Yahoo Finance / trailingDilutedEPS historical timeseries,existing_canonical
EVO.ST,2025-09-30,2025-10-23,23,5.5200000000000005,EUR,yahoo_reconstructed_diluted_ttm,Yahoo Finance / trailingDilutedEPS reconstructed from quarterlyDilutedEPS,existing_canonical
EVO.ST,2025-12-31,2026-02-05,36,5.23,EUR,yahoo_trailing_diluted,Yahoo Finance / trailingDilutedEPS historical timeseries,existing_canonical
EVO.ST,2026-03-31,2026-04-22,22,5.25,EUR,yahoo_trailing_diluted,Yahoo Finance / trailingDilutedEPS historical timeseries,existing_canonical
EVO.ST,2026-06-30,2026-07-17,17,5.31,EUR,yahoo_trailing_diluted,Yahoo Finance / trailingDilutedEPS historical timeseries,existing_canonical
FABG.ST,2023-09-30,2023-10-19,19,-19.77,SEK,yahoo_trailing_diluted,Yahoo Finance / trailingDilutedEPS historical timeseries,existing_canonical
FABG.ST,2024-03-31,2024-04-25,25,-14.72,SEK,yahoo_trailing_diluted,Yahoo Finance / trailingDilutedEPS historical timeseries,existing_canonical
FABG.ST,2024-06-30,2024-07-05,5,-11.65,SEK,yahoo_trailing_diluted,Yahoo Finance / trailingDilutedEPS historical timeseries,existing_canonical
FABG.ST,2024-09-30,2024-10-22,22,-8.45,SEK,yahoo_trailing_diluted,Yahoo Finance / trailingDilutedEPS historical timeseries,existing_canonical
FABG.ST,2024-12-31,2025-02-06,37,-0.68,SEK,yahoo_trailing_diluted,Yahoo Finance / trailingDilutedEPS historical timeseries,existing_canonical
FABG.ST,2025-03-31,2025-04-14,14,1.06,SEK,yahoo_trailing_diluted,Yahoo Finance / trailingDilutedEPS historical timeseries,existing_canonical
FABG.ST,2025-06-30,2025-07-07,7,0.64,SEK,yahoo_trailing_diluted,Yahoo Finance / trailingDilutedEPS historical timeseries,existing_canonical
FABG.ST,2025-09-30,2025-10-21,21,0.9099999999999998,SEK,yahoo_reconstructed_diluted_ttm,Yahoo Finance / trailingDilutedEPS reconstructed from quarterlyDilutedEPS,existing_canonical
FABG.ST,2025-12-31,2026-02-05,36,-1.11,SEK,yahoo_trailing_diluted,Yahoo Finance / trailingDilutedEPS historical timeseries,existing_canonical
FABG.ST,2026-03-31,2026-04-23,23,-0.23,SEK,yahoo_trailing_diluted,Yahoo Finance / trailingDilutedEPS historical timeseries,existing_canonical
FABG.ST,2026-06-30,2026-07-06,6,1.37,SEK,yahoo_trailing_diluted,Yahoo Finance / trailingDilutedEPS historical timeseries,existing_canonical
FOI-B.ST,2023-09-30,,,0.523953,EUR,yahoo_trailing_diluted,Yahoo Finance / trailingDilutedEPS historical timeseries,missing
FOI-B.ST,2023-12-31,,,0.903925,EUR,yahoo_trailing_diluted,Yahoo Finance / trailingDilutedEPS historical timeseries,missing
FOI-B.ST,2024-03-31,,,0.623925,EUR,yahoo_trailing_diluted,Yahoo Finance / trailingDilutedEPS historical timeseries,missing
FOI-B.ST,2024-06-30,,,0.571859,EUR,yahoo_trailing_diluted,Yahoo Finance / trailingDilutedEPS historical timeseries,missing
FOI-B.ST,2024-09-30,,,-0.666075,EUR,yahoo_trailing_diluted,Yahoo Finance / trailingDilutedEPS historical timeseries,missing
FOI-B.ST,2024-12-31,,,0.417357,EUR,yahoo_trailing_diluted,Yahoo Finance / trailingDilutedEPS historical timeseries,missing
FOI-B.ST,2025-03-31,,,0.058,EUR,yahoo_trailing_diluted,Yahoo Finance / trailingDilutedEPS historical timeseries,missing
FOI-B.ST,2025-06-30,,,-0.542,EUR,yahoo_trailing_diluted,Yahoo Finance / trailingDilutedEPS historical timeseries,missing
FOI-B.ST,2025-09-30,,,0.269,EUR,yahoo_reconstructed_diluted_ttm,Yahoo Finance / trailingDilutedEPS reconstructed from quarterlyDilutedEPS,missing
FOI-B.ST,2025-12-31,,,0.039,EUR,yahoo_trailing_diluted,Yahoo Finance / trailingDilutedEPS historical timeseries,missing
FOI-B.ST,2026-03-31,,,0.399,EUR,yahoo_trailing_diluted,Yahoo Finance / trailingDilutedEPS historical timeseries,missing
FOI-B.ST,2026-06-30,,,0.179,EUR,yahoo_trailing_diluted,Yahoo Finance / trailingDilutedEPS historical timeseries,missing
GENO.ST,2023-09-30,2023-11-15,46,0.83,SEK,yahoo_trailing_diluted,Yahoo Finance / trailingDilutedEPS historical timeseries,existing_canonical
GENO.ST,2023-12-31,2024-02-15,46,0.94,SEK,yahoo_trailing_diluted,Yahoo Finance / trailingDilutedEPS historical timeseries,existing_canonical
GENO.ST,2024-03-31,2024-05-15,45,0.46,SEK,yahoo_trailing_diluted,Yahoo Finance / trailingDilutedEPS historical timeseries,existing_canonical
GENO.ST,2024-06-30,2024-08-20,51,0.26,SEK,yahoo_trailing_diluted,Yahoo Finance / trailingDilutedEPS historical timeseries,existing_canonical
GENO.ST,2024-09-30,2024-11-08,39,0.42,SEK,yahoo_trailing_diluted,Yahoo Finance / trailingDilutedEPS historical timeseries,existing_canonical
GENO.ST,2024-12-31,2025-02-14,45,0.5,SEK,yahoo_trailing_diluted,Yahoo Finance / trailingDilutedEPS historical timeseries,existing_canonical
GENO.ST,2025-03-31,2025-05-21,51,0.36,SEK,yahoo_trailing_diluted,Yahoo Finance / trailingDilutedEPS historical timeseries,existing_canonical
GENO.ST,2025-06-30,2025-08-12,43,0.41,SEK,yahoo_trailing_diluted,Yahoo Finance / trailingDilutedEPS historical timeseries,existing_canonical
GENO.ST,2025-09-30,2025-11-07,38,0.32,SEK,yahoo_trailing_diluted,Yahoo Finance / trailingDilutedEPS historical timeseries,existing_canonical
GENO.ST,2025-12-31,2026-02-12,43,0.36,SEK,yahoo_trailing_diluted,Yahoo Finance / trailingDilutedEPS historical timeseries,existing_canonical
GENO.ST,2026-03-31,2026-04-28,28,0.37,SEK,yahoo_trailing_diluted,Yahoo Finance / trailingDilutedEPS historical timeseries,existing_canonical
GENO.ST,2026-06-30,2026-08-15,46,0.31,SEK,yahoo_trailing_diluted,Yahoo Finance / trailingDilutedEPS historical timeseries,existing_canonical
GETI-B.ST,2023-09-30,2023-10-23,23,8.27,SEK,yahoo_trailing_diluted,Yahoo Finance / trailingDilutedEPS historical timeseries,existing_canonical
GETI-B.ST,2023-12-31,2024-02-01,32,8.86,SEK,yahoo_trailing_diluted,Yahoo Finance / trailingDilutedEPS historical timeseries,existing_canonical
GETI-B.ST,2024-03-31,2024-04-22,22,8.4,SEK,yahoo_trailing_diluted,Yahoo Finance / trailingDilutedEPS historical timeseries,existing_canonical
GETI-B.ST,2024-06-30,2024-07-18,18,9.49,SEK,yahoo_trailing_diluted,Yahoo Finance / trailingDilutedEPS historical timeseries,existing_canonical
GETI-B.ST,2024-09-30,2024-10-18,18,6.22,SEK,yahoo_trailing_diluted,Yahoo Finance / trailingDilutedEPS historical timeseries,existing_canonical
GETI-B.ST,2024-12-31,2025-01-28,28,6.01,SEK,yahoo_trailing_diluted,Yahoo Finance / trailingDilutedEPS historical timeseries,existing_canonical
GETI-B.ST,2025-03-31,2025-04-22,22,5.42,SEK,yahoo_trailing_diluted,Yahoo Finance / trailingDilutedEPS historical timeseries,existing_canonical
GETI-B.ST,2025-06-30,2025-07-18,18,5.46,SEK,yahoo_trailing_diluted,Yahoo Finance / trailingDilutedEPS historical timeseries,existing_canonical
GETI-B.ST,2025-09-30,2025-10-21,21,7.539999999999999,SEK,yahoo_reconstructed_diluted_ttm,Yahoo Finance / trailingDilutedEPS reconstructed from quarterlyDilutedEPS,existing_canonical
GETI-B.ST,2025-12-31,2026-01-27,27,8.29,SEK,yahoo_trailing_diluted,Yahoo Finance / trailingDilutedEPS historical timeseries,existing_canonical
GETI-B.ST,2026-03-31,2026-04-21,21,8.66,SEK,yahoo_trailing_diluted,Yahoo Finance / trailingDilutedEPS historical timeseries,existing_canonical
GETI-B.ST,2026-06-30,2026-07-17,17,9.83,SEK,yahoo_trailing_diluted,Yahoo Finance / trailingDilutedEPS historical timeseries,existing_canonical
HANZA.ST,2023-09-30,2023-11-07,38,5.24,SEK,yahoo_trailing_diluted,Yahoo Finance / trailingDilutedEPS historical timeseries,existing_canonical
HANZA.ST,2023-12-31,2024-02-13,44,5.31,SEK,yahoo_trailing_diluted,Yahoo Finance / trailingDilutedEPS historical timeseries,existing_canonical
HANZA.ST,2024-03-31,2024-05-07,37,4.61,SEK,yahoo_trailing_diluted,Yahoo Finance / trailingDilutedEPS historical timeseries,existing_canonical
HANZA.ST,2024-06-30,2024-07-23,23,3.27,SEK,yahoo_trailing_diluted,Yahoo Finance / trailingDilutedEPS historical timeseries,existing_canonical
HANZA.ST,2024-09-30,2024-10-29,29,2.95,SEK,yahoo_trailing_diluted,Yahoo Finance / trailingDilutedEPS historical timeseries,existing_canonical
HANZA.ST,2024-12-31,2025-02-11,42,2.54,SEK,yahoo_trailing_diluted,Yahoo Finance / trailingDilutedEPS historical timeseries,existing_canonical
HANZA.ST,2025-03-31,2025-05-06,36,2.67,SEK,yahoo_trailing_diluted,Yahoo Finance / trailingDilutedEPS historical timeseries,existing_canonical
HANZA.ST,2025-06-30,2025-07-22,22,3.65,SEK,yahoo_trailing_diluted,Yahoo Finance / trailingDilutedEPS historical timeseries,existing_canonical
HANZA.ST,2025-09-30,2025-10-28,28,4.4399999999999995,SEK,yahoo_reconstructed_diluted_ttm,Yahoo Finance / trailingDilutedEPS reconstructed from quarterlyDilutedEPS,existing_canonical
HANZA.ST,2025-12-31,2026-02-24,55,5.38,SEK,yahoo_trailing_diluted,Yahoo Finance / trailingDilutedEPS historical timeseries,existing_canonical
HANZA.ST,2026-03-31,2026-05-05,35,6.56,SEK,yahoo_trailing_diluted,Yahoo Finance / trailingDilutedEPS historical timeseries,existing_canonical
HANZA.ST,2026-06-30,2026-07-21,21,6.26,SEK,yahoo_trailing_diluted,Yahoo Finance / trailingDilutedEPS historical timeseries,existing_canonical
HEXA-B.ST,2023-09-30,2023-10-27,27,0.321,EUR,yahoo_trailing_diluted,Yahoo Finance / trailingDilutedEPS historical timeseries,existing_canonical
HEXA-B.ST,2023-12-31,2024-02-01,32,0.317,EUR,yahoo_trailing_diluted,Yahoo Finance / trailingDilutedEPS historical timeseries,existing_canonical
HEXA-B.ST,2024-03-31,2024-04-26,26,0.315,EUR,yahoo_trailing_diluted,Yahoo Finance / trailingDilutedEPS historical timeseries,existing_canonical
HEXA-B.ST,2024-06-30,2024-07-26,26,0.316,EUR,yahoo_trailing_diluted,Yahoo Finance / trailingDilutedEPS historical timeseries,existing_canonical
HEXA-B.ST,2024-09-30,2024-10-25,25,0.372,EUR,yahoo_trailing_diluted,Yahoo Finance / trailingDilutedEPS historical timeseries,existing_canonical
HEXA-B.ST,2024-12-31,2025-01-31,31,0.378,EUR,yahoo_trailing_diluted,Yahoo Finance / trailingDilutedEPS historical timeseries,existing_canonical
HEXA-B.ST,2025-06-30,2025-07-25,25,0.348,EUR,yahoo_trailing_diluted,Yahoo Finance / trailingDilutedEPS historical timeseries,existing_canonical
HEXA-B.ST,2025-09-30,2025-10-24,24,0.248,EUR,yahoo_reconstructed_diluted_ttm,Yahoo Finance / trailingDilutedEPS reconstructed from quarterlyDilutedEPS,existing_canonical
HEXA-B.ST,2025-12-31,2026-01-30,30,0.228,EUR,yahoo_trailing_diluted,Yahoo Finance / trailingDilutedEPS historical timeseries,existing_canonical
HEXA-B.ST,2026-03-31,2026-04-23,23,0.752,EUR,yahoo_trailing_diluted,Yahoo Finance / trailingDilutedEPS historical timeseries,existing_canonical
HEXA-B.ST,2026-06-30,2026-07-29,29,0.788,EUR,yahoo_trailing_diluted,Yahoo Finance / trailingDilutedEPS historical timeseries,existing_canonical
HMS.ST,2023-09-30,2023-10-18,18,13.07,SEK,yahoo_trailing_diluted,Yahoo Finance / trailingDilutedEPS historical timeseries,existing_canonical
HMS.ST,2024-03-31,2024-04-16,16,10.78,SEK,yahoo_trailing_diluted,Yahoo Finance / trailingDilutedEPS historical timeseries,existing_canonical
HMS.ST,2024-06-30,2024-07-12,12,8.96,SEK,yahoo_trailing_diluted,Yahoo Finance / trailingDilutedEPS historical timeseries,existing_canonical
HMS.ST,2024-09-30,2024-10-18,18,7.2,SEK,yahoo_trailing_diluted,Yahoo Finance / trailingDilutedEPS historical timeseries,existing_canonical
HMS.ST,2024-12-31,2025-01-28,28,6.34,SEK,yahoo_trailing_diluted,Yahoo Finance / trailingDilutedEPS historical timeseries,existing_canonical
HMS.ST,2025-03-31,2025-04-23,23,6.35,SEK,yahoo_trailing_diluted,Yahoo Finance / trailingDilutedEPS historical timeseries,existing_canonical
HMS.ST,2025-06-30,2025-07-11,11,7.37,SEK,yahoo_trailing_diluted,Yahoo Finance / trailingDilutedEPS historical timeseries,existing_canonical
HMS.ST,2025-09-30,2025-10-21,21,8.700000000000001,SEK,yahoo_reconstructed_diluted_ttm,Yahoo Finance / trailingDilutedEPS reconstructed from quarterlyDilutedEPS,existing_canonical
HMS.ST,2025-12-31,2026-01-27,27,8.65,SEK,yahoo_trailing_diluted,Yahoo Finance / trailingDilutedEPS historical timeseries,existing_canonical
HMS.ST,2026-03-31,2026-04-23,23,9.59,SEK,yahoo_trailing_diluted,Yahoo Finance / trailingDilutedEPS historical timeseries,existing_canonical
HMS.ST,2026-06-30,2026-07-14,14,11.01,SEK,yahoo_trailing_diluted,Yahoo Finance / trailingDilutedEPS historical timeseries,existing_canonical
HOLM-A.ST,2023-09-30,,,27.4,SEK,yahoo_trailing_diluted,Yahoo Finance / trailingDilutedEPS historical timeseries,missing
HOLM-A.ST,2023-12-31,,,23.0,SEK,yahoo_trailing_diluted,Yahoo Finance / trailingDilutedEPS historical timeseries,missing
HOLM-A.ST,2024-03-31,,,19.2,SEK,yahoo_trailing_diluted,Yahoo Finance / trailingDilutedEPS historical timeseries,missing
HOLM-A.ST,2024-06-30,,,18.3,SEK,yahoo_trailing_diluted,Yahoo Finance / trailingDilutedEPS historical timeseries,missing
HOLM-A.ST,2024-09-30,,,17.9,SEK,yahoo_trailing_diluted,Yahoo Finance / trailingDilutedEPS historical timeseries,missing
HOLM-A.ST,2024-12-31,,,18.0,SEK,yahoo_trailing_diluted,Yahoo Finance / trailingDilutedEPS historical timeseries,missing
HOLM-A.ST,2025-03-31,,,18.1,SEK,yahoo_trailing_diluted,Yahoo Finance / trailingDilutedEPS historical timeseries,missing
HOLM-A.ST,2025-06-30,,,17.3,SEK,yahoo_trailing_diluted,Yahoo Finance / trailingDilutedEPS historical timeseries,missing
HOLM-A.ST,2025-09-30,,,18.2,SEK,yahoo_reconstructed_diluted_ttm,Yahoo Finance / trailingDilutedEPS reconstructed from quarterlyDilutedEPS,missing
HOLM-A.ST,2025-12-31,,,18.5,SEK,yahoo_trailing_diluted,Yahoo Finance / trailingDilutedEPS historical timeseries,missing
HOLM-A.ST,2026-03-31,,,17.7,SEK,yahoo_trailing_diluted,Yahoo Finance / trailingDilutedEPS historical timeseries,missing
HOLM-A.ST,2026-06-30,,,17.3,SEK,yahoo_trailing_diluted,Yahoo Finance / trailingDilutedEPS historical timeseries,missing
HPOL-B.ST,2023-09-30,2023-10-27,27,7.67,SEK,yahoo_trailing_diluted,Yahoo Finance / trailingDilutedEPS historical timeseries,existing_canonical
HPOL-B.ST,2024-03-31,2024-04-26,26,7.29,SEK,yahoo_trailing_diluted,Yahoo Finance / trailingDilutedEPS historical timeseries,existing_canonical
HPOL-B.ST,2024-06-30,2024-07-17,17,7.22,SEK,yahoo_trailing_diluted,Yahoo Finance / trailingDilutedEPS historical timeseries,existing_canonical
HPOL-B.ST,2024-09-30,2024-10-25,25,6.89,SEK,yahoo_trailing_diluted,Yahoo Finance / trailingDilutedEPS historical timeseries,existing_canonical
HPOL-B.ST,2024-12-31,2025-01-28,28,6.45,SEK,yahoo_trailing_diluted,Yahoo Finance / trailingDilutedEPS historical timeseries,existing_canonical
HPOL-B.ST,2025-03-31,2025-04-25,25,6.3,SEK,yahoo_trailing_diluted,Yahoo Finance / trailingDilutedEPS historical timeseries,existing_canonical
HPOL-B.ST,2025-06-30,2025-07-18,18,5.96,SEK,yahoo_trailing_diluted,Yahoo Finance / trailingDilutedEPS historical timeseries,existing_canonical
HPOL-B.ST,2025-09-30,2025-10-24,24,5.68,SEK,yahoo_reconstructed_diluted_ttm,Yahoo Finance / trailingDilutedEPS reconstructed from quarterlyDilutedEPS,existing_canonical
HPOL-B.ST,2025-12-31,2026-01-29,29,5.64,SEK,yahoo_trailing_diluted,Yahoo Finance / trailingDilutedEPS historical timeseries,existing_canonical
HPOL-B.ST,2026-03-31,2026-05-04,34,5.36,SEK,yahoo_trailing_diluted,Yahoo Finance / trailingDilutedEPS historical timeseries,existing_canonical
HPOL-B.ST,2026-06-30,2026-07-20,20,5.3,SEK,yahoo_trailing_diluted,Yahoo Finance / trailingDilutedEPS historical timeseries,existing_canonical
HTRO.ST,2023-09-30,2023-10-27,27,4.28,SEK,yahoo_trailing_diluted,Yahoo Finance / trailingDilutedEPS historical timeseries,existing_canonical
HTRO.ST,2023-12-31,2024-02-09,40,4.17,SEK,yahoo_trailing_diluted,Yahoo Finance / trailingDilutedEPS historical timeseries,existing_canonical
HTRO.ST,2024-03-31,2024-04-26,26,3.39,SEK,yahoo_trailing_diluted,Yahoo Finance / trailingDilutedEPS historical timeseries,existing_canonical
HTRO.ST,2024-06-30,2024-07-16,16,2.55,SEK,yahoo_trailing_diluted,Yahoo Finance / trailingDilutedEPS historical timeseries,existing_canonical
HTRO.ST,2024-09-30,2024-10-25,25,2.22,SEK,yahoo_trailing_diluted,Yahoo Finance / trailingDilutedEPS historical timeseries,existing_canonical
HTRO.ST,2024-12-31,2025-02-07,38,1.69,SEK,yahoo_trailing_diluted,Yahoo Finance / trailingDilutedEPS historical timeseries,existing_canonical
HTRO.ST,2025-03-31,2025-04-29,29,1.8,SEK,yahoo_trailing_diluted,Yahoo Finance / trailingDilutedEPS historical timeseries,existing_canonical
HTRO.ST,2025-06-30,2025-07-14,14,1.74,SEK,yahoo_trailing_diluted,Yahoo Finance / trailingDilutedEPS historical timeseries,existing_canonical
HTRO.ST,2025-09-30,2025-10-24,24,0.62,SEK,yahoo_reconstructed_diluted_ttm,Yahoo Finance / trailingDilutedEPS reconstructed from quarterlyDilutedEPS,existing_canonical
HTRO.ST,2025-12-31,2026-02-05,36,-0.07,SEK,yahoo_trailing_diluted,Yahoo Finance / trailingDilutedEPS historical timeseries,existing_canonical
HTRO.ST,2026-03-31,2026-04-29,29,-0.09,SEK,yahoo_trailing_diluted,Yahoo Finance / trailingDilutedEPS historical timeseries,existing_canonical
HTRO.ST,2026-06-30,2026-07-15,15,0.19,SEK,yahoo_trailing_diluted,Yahoo Finance / trailingDilutedEPS historical timeseries,existing_canonical
HUFV-A.ST,2023-09-30,2023-11-09,40,-9.46,SEK,yahoo_trailing_diluted,Yahoo Finance / trailingDilutedEPS historical timeseries,existing_canonical
HUFV-A.ST,2024-03-31,2024-05-08,38,-9.02,SEK,yahoo_trailing_diluted,Yahoo Finance / trailingDilutedEPS historical timeseries,existing_canonical
HUFV-A.ST,2024-06-30,2024-08-22,53,-4.5,SEK,yahoo_trailing_diluted,Yahoo Finance / trailingDilutedEPS historical timeseries,existing_canonical
HUFV-A.ST,2024-09-30,2024-11-07,38,-2.74,SEK,yahoo_trailing_diluted,Yahoo Finance / trailingDilutedEPS historical timeseries,existing_canonical
HUFV-A.ST,2024-12-31,2025-02-13,44,1.8,SEK,yahoo_trailing_diluted,Yahoo Finance / trailingDilutedEPS historical timeseries,existing_canonical
HUFV-A.ST,2025-03-31,2025-05-08,38,4.16,SEK,yahoo_trailing_diluted,Yahoo Finance / trailingDilutedEPS historical timeseries,existing_canonical
HUFV-A.ST,2025-06-30,2025-08-20,51,4.86,SEK,yahoo_trailing_diluted,Yahoo Finance / trailingDilutedEPS historical timeseries,existing_canonical
HUFV-A.ST,2025-09-30,2025-11-06,37,5.43,SEK,yahoo_reconstructed_diluted_ttm,Yahoo Finance / trailingDilutedEPS reconstructed from quarterlyDilutedEPS,existing_canonical
HUFV-A.ST,2025-12-31,2026-02-12,43,4.18,SEK,yahoo_trailing_diluted,Yahoo Finance / trailingDilutedEPS historical timeseries,existing_canonical
HUFV-A.ST,2026-03-31,2026-05-08,38,5.29,SEK,yahoo_trailing_diluted,Yahoo Finance / trailingDilutedEPS historical timeseries,existing_canonical
HUFV-A.ST,2026-06-30,2026-08-20,51,5.92,SEK,yahoo_trailing_diluted,Yahoo Finance / trailingDilutedEPS historical timeseries,existing_canonical
INDT.ST,2023-09-30,2023-10-27,27,7.78,SEK,yahoo_trailing_diluted,Yahoo Finance / trailingDilutedEPS historical timeseries,existing_canonical
INDT.ST,2023-12-31,2024-02-01,32,7.86,SEK,yahoo_trailing_diluted,Yahoo Finance / trailingDilutedEPS historical timeseries,existing_canonical
INDT.ST,2024-03-31,2024-04-25,25,7.41,SEK,yahoo_trailing_diluted,Yahoo Finance / trailingDilutedEPS historical timeseries,existing_canonical
INDT.ST,2024-06-30,2024-07-18,18,7.42,SEK,yahoo_trailing_diluted,Yahoo Finance / trailingDilutedEPS historical timeseries,existing_canonical
INDT.ST,2024-09-30,2024-10-25,25,7.47,SEK,yahoo_trailing_diluted,Yahoo Finance / trailingDilutedEPS historical timeseries,existing_canonical
INDT.ST,2024-12-31,2025-01-30,30,7.54,SEK,yahoo_trailing_diluted,Yahoo Finance / trailingDilutedEPS historical timeseries,existing_canonical
INDT.ST,2025-03-31,2025-04-25,25,7.64,SEK,yahoo_trailing_diluted,Yahoo Finance / trailingDilutedEPS historical timeseries,existing_canonical
INDT.ST,2025-06-30,2025-07-15,15,7.39,SEK,yahoo_trailing_diluted,Yahoo Finance / trailingDilutedEPS historical timeseries,existing_canonical
INDT.ST,2025-09-30,2025-10-21,21,7.32,SEK,yahoo_reconstructed_diluted_ttm,Yahoo Finance / trailingDilutedEPS reconstructed from quarterlyDilutedEPS,existing_canonical
INDT.ST,2025-12-31,2026-01-29,29,7.03,SEK,yahoo_trailing_diluted,Yahoo Finance / trailingDilutedEPS historical timeseries,existing_canonical
INDT.ST,2026-03-31,2026-04-24,24,6.96,SEK,yahoo_trailing_diluted,Yahoo Finance / trailingDilutedEPS historical timeseries,existing_canonical
INDT.ST,2026-06-30,2026-07-16,16,7.36,SEK,yahoo_trailing_diluted,Yahoo Finance / trailingDilutedEPS historical timeseries,existing_canonical
INDU-A.ST,2022-12-31,,,-32.34,SEK,yahoo_trailing_diluted,Yahoo Finance / trailingDilutedEPS historical timeseries,missing
INDU-A.ST,2023-09-30,,,69.93,SEK,yahoo_trailing_diluted,Yahoo Finance / trailingDilutedEPS historical timeseries,missing
INDU-A.ST,2023-12-31,,,62.15,SEK,yahoo_trailing_diluted,Yahoo Finance / trailingDilutedEPS historical timeseries,missing
INDU-A.ST,2024-03-31,,,73.05,SEK,yahoo_trailing_diluted,Yahoo Finance / trailingDilutedEPS historical timeseries,missing
INDU-A.ST,2024-06-30,,,52.33,SEK,yahoo_trailing_diluted,Yahoo Finance / trailingDilutedEPS historical timeseries,missing
INDU-A.ST,2024-09-30,,,72.73,SEK,yahoo_trailing_diluted,Yahoo Finance / trailingDilutedEPS historical timeseries,missing
INDU-A.ST,2024-12-31,,,29.3,SEK,yahoo_trailing_diluted,Yahoo Finance / trailingDilutedEPS historical timeseries,missing
INDU-A.ST,2025-03-31,,,9.01,SEK,yahoo_trailing_diluted,Yahoo Finance / trailingDilutedEPS historical timeseries,missing
INDU-A.ST,2025-06-30,,,30.37,SEK,yahoo_trailing_diluted,Yahoo Finance / trailingDilutedEPS historical timeseries,missing
INDU-A.ST,2025-09-30,,,31.95,SEK,yahoo_reconstructed_diluted_ttm,Yahoo Finance / trailingDilutedEPS reconstructed from quarterlyDilutedEPS,missing
INDU-A.ST,2025-12-31,,,81.97,SEK,yahoo_trailing_diluted,Yahoo Finance / trailingDilutedEPS historical timeseries,missing
INDU-A.ST,2026-03-31,,,92.78,SEK,yahoo_trailing_diluted,Yahoo Finance / trailingDilutedEPS historical timeseries,missing
INDU-A.ST,2026-06-30,,,145.54,SEK,yahoo_trailing_diluted,Yahoo Finance / trailingDilutedEPS historical timeseries,missing
INTRUM.ST,2023-09-30,2023-10-25,25,-33.23,SEK,yahoo_trailing_diluted,Yahoo Finance / trailingDilutedEPS historical timeseries,existing_canonical
INTRUM.ST,2024-03-31,2024-04-24,24,-3.73,SEK,yahoo_trailing_diluted,Yahoo Finance / trailingDilutedEPS historical timeseries,existing_canonical
INTRUM.ST,2024-06-30,2024-07-18,18,-14.9,SEK,yahoo_trailing_diluted,Yahoo Finance / trailingDilutedEPS historical timeseries,existing_canonical
INTRUM.ST,2024-09-30,2024-10-23,23,-21.53,SEK,yahoo_trailing_diluted,Yahoo Finance / trailingDilutedEPS historical timeseries,existing_canonical
INTRUM.ST,2025-03-31,2025-05-07,37,-27.86,SEK,yahoo_trailing_diluted,Yahoo Finance / trailingDilutedEPS historical timeseries,existing_canonical
INTRUM.ST,2025-06-30,2025-07-25,25,-14.11,SEK,yahoo_trailing_diluted,Yahoo Finance / trailingDilutedEPS historical timeseries,existing_canonical
INTRUM.ST,2025-09-30,2025-10-30,30,-9.425729,SEK,yahoo_reconstructed_diluted_ttm,Yahoo Finance / trailingDilutedEPS reconstructed from quarterlyDilutedEPS,existing_canonical
INTRUM.ST,2025-12-31,2026-01-29,29,-11.25,SEK,yahoo_trailing_diluted,Yahoo Finance / trailingDilutedEPS historical timeseries,existing_canonical
INTRUM.ST,2026-03-31,2026-05-07,37,-2.97296,SEK,yahoo_trailing_diluted,Yahoo Finance / trailingDilutedEPS historical timeseries,existing_canonical
INVE-A.ST,2023-09-30,,,38.72,SEK,yahoo_trailing_diluted,Yahoo Finance / trailingDilutedEPS historical timeseries,missing
INVE-A.ST,2023-12-31,,,41.46,SEK,yahoo_trailing_diluted,Yahoo Finance / trailingDilutedEPS historical timeseries,missing
INVE-A.ST,2024-03-31,,,52.61,SEK,yahoo_trailing_diluted,Yahoo Finance / trailingDilutedEPS historical timeseries,missing
INVE-A.ST,2024-06-30,,,59.09,SEK,yahoo_trailing_diluted,Yahoo Finance / trailingDilutedEPS historical timeseries,missing
INVE-A.ST,2024-09-30,,,66.88,SEK,yahoo_trailing_diluted,Yahoo Finance / trailingDilutedEPS historical timeseries,missing
INVE-A.ST,2025-03-31,,,14.12,SEK,yahoo_trailing_diluted,Yahoo Finance / trailingDilutedEPS historical timeseries,missing
INVE-A.ST,2025-06-30,,,7.63,SEK,yahoo_trailing_diluted,Yahoo Finance / trailingDilutedEPS historical timeseries,missing
INVE-A.ST,2025-09-30,,,22.97,SEK,yahoo_reconstructed_diluted_ttm,Yahoo Finance / trailingDilutedEPS reconstructed from quarterlyDilutedEPS,missing
INVE-A.ST,2025-12-31,,,51.39,SEK,yahoo_trailing_diluted,Yahoo Finance / trailingDilutedEPS historical timeseries,missing
INVE-A.ST,2026-03-31,,,62.21,SEK,yahoo_reconstructed_diluted_ttm,Yahoo Finance / trailingDilutedEPS reconstructed from quarterlyDilutedEPS,missing
INVE-A.ST,2026-06-30,,,85.69,SEK,yahoo_trailing_diluted,Yahoo Finance / trailingDilutedEPS historical timeseries,missing
INWI.ST,2023-09-30,2023-10-24,24,12.64,SEK,yahoo_trailing_diluted,Yahoo Finance / trailingDilutedEPS historical timeseries,existing_canonical
INWI.ST,2023-12-31,,,11.72,SEK,yahoo_trailing_diluted,Yahoo Finance / trailingDilutedEPS historical timeseries,missing
INWI.ST,2024-03-31,2024-04-23,23,10.19,SEK,yahoo_trailing_diluted,Yahoo Finance / trailingDilutedEPS historical timeseries,existing_canonical
INWI.ST,2024-06-30,,,9.35,SEK,yahoo_trailing_diluted,Yahoo Finance / trailingDilutedEPS historical timeseries,missing
INWI.ST,2024-09-30,2024-10-22,22,9.3,SEK,yahoo_trailing_diluted,Yahoo Finance / trailingDilutedEPS historical timeseries,existing_canonical
INWI.ST,2024-12-31,2025-02-04,35,9.26,SEK,yahoo_trailing_diluted,Yahoo Finance / trailingDilutedEPS historical timeseries,existing_canonical
INWI.ST,2025-03-31,2025-04-24,24,9.54,SEK,yahoo_trailing_diluted,Yahoo Finance / trailingDilutedEPS historical timeseries,existing_canonical
INWI.ST,2025-06-30,2025-07-14,14,9.7,SEK,yahoo_trailing_diluted,Yahoo Finance / trailingDilutedEPS historical timeseries,existing_canonical
INWI.ST,2025-09-30,2025-10-21,21,9.14,SEK,yahoo_reconstructed_diluted_ttm,Yahoo Finance / trailingDilutedEPS reconstructed from quarterlyDilutedEPS,existing_canonical
INWI.ST,2025-12-31,2026-02-03,34,8.85,SEK,yahoo_trailing_diluted,Yahoo Finance / trailingDilutedEPS historical timeseries,existing_canonical
INWI.ST,2026-03-31,2026-04-28,28,8.38,SEK,yahoo_trailing_diluted,Yahoo Finance / trailingDilutedEPS historical timeseries,existing_canonical
INWI.ST,2026-06-30,2026-07-15,15,9.1,SEK,yahoo_trailing_diluted,Yahoo Finance / trailingDilutedEPS historical timeseries,existing_canonical
KAMBI.ST,2023-09-30,2023-11-01,32,0.794,EUR,yahoo_trailing_diluted,Yahoo Finance / trailingDilutedEPS historical timeseries,existing_canonical
KAMBI.ST,2024-03-31,2024-04-24,24,0.487,EUR,yahoo_trailing_diluted,Yahoo Finance / trailingDilutedEPS historical timeseries,existing_canonical
KAMBI.ST,2024-06-30,2024-07-24,24,0.557,EUR,yahoo_trailing_diluted,Yahoo Finance / trailingDilutedEPS historical timeseries,existing_canonical
KAMBI.ST,2024-09-30,2024-11-06,37,0.526,EUR,yahoo_trailing_diluted,Yahoo Finance / trailingDilutedEPS historical timeseries,existing_canonical
KAMBI.ST,2024-12-31,2025-02-26,57,0.515,EUR,yahoo_trailing_diluted,Yahoo Finance / trailingDilutedEPS historical timeseries,existing_canonical
KAMBI.ST,2025-03-31,2025-04-30,30,0.435,EUR,yahoo_trailing_diluted,Yahoo Finance / trailingDilutedEPS historical timeseries,existing_canonical
KAMBI.ST,2025-06-30,2025-07-23,23,0.291,EUR,yahoo_trailing_diluted,Yahoo Finance / trailingDilutedEPS historical timeseries,existing_canonical
KAMBI.ST,2025-09-30,2025-11-05,36,0.23600000000000002,EUR,yahoo_reconstructed_diluted_ttm,Yahoo Finance / trailingDilutedEPS reconstructed from quarterlyDilutedEPS,existing_canonical
KAMBI.ST,2025-12-31,2026-02-18,49,0.238,EUR,yahoo_trailing_diluted,Yahoo Finance / trailingDilutedEPS historical timeseries,existing_canonical
KAMBI.ST,2026-03-31,2026-04-29,29,0.297,EUR,yahoo_trailing_diluted,Yahoo Finance / trailingDilutedEPS historical timeseries,existing_canonical
KAMBI.ST,2026-06-30,2026-07-22,22,0.413,EUR,yahoo_trailing_diluted,Yahoo Finance / trailingDilutedEPS historical timeseries,existing_canonical
KNOW.ST,2023-09-30,2023-10-25,25,9.74,SEK,yahoo_trailing_diluted,Yahoo Finance / trailingDilutedEPS historical timeseries,existing_canonical
KNOW.ST,2023-12-31,2024-02-08,39,8.74,SEK,yahoo_trailing_diluted,Yahoo Finance / trailingDilutedEPS historical timeseries,existing_canonical
KNOW.ST,2024-03-31,2024-05-03,33,7.33,SEK,yahoo_trailing_diluted,Yahoo Finance / trailingDilutedEPS historical timeseries,existing_canonical
KNOW.ST,2024-06-30,2024-07-19,19,6.73,SEK,yahoo_trailing_diluted,Yahoo Finance / trailingDilutedEPS historical timeseries,existing_canonical
KNOW.ST,2024-09-30,2024-10-25,25,5.76,SEK,yahoo_trailing_diluted,Yahoo Finance / trailingDilutedEPS historical timeseries,existing_canonical
KNOW.ST,2024-12-31,2025-02-07,38,3.88,SEK,yahoo_trailing_diluted,Yahoo Finance / trailingDilutedEPS historical timeseries,existing_canonical
KNOW.ST,2025-03-31,2025-04-29,29,3.05,SEK,yahoo_trailing_diluted,Yahoo Finance / trailingDilutedEPS historical timeseries,existing_canonical
KNOW.ST,2025-06-30,2025-07-18,18,2.96,SEK,yahoo_trailing_diluted,Yahoo Finance / trailingDilutedEPS historical timeseries,existing_canonical
KNOW.ST,2025-09-30,2025-10-24,24,3.5700000000000003,SEK,yahoo_reconstructed_diluted_ttm,Yahoo Finance / trailingDilutedEPS reconstructed from quarterlyDilutedEPS,existing_canonical
KNOW.ST,2025-12-31,2026-02-06,37,-10.43,SEK,yahoo_trailing_diluted,Yahoo Finance / trailingDilutedEPS historical timeseries,existing_canonical
KNOW.ST,2026-03-31,2026-04-29,29,-10.73,SEK,yahoo_trailing_diluted,Yahoo Finance / trailingDilutedEPS historical timeseries,existing_canonical
KNOW.ST,2026-06-30,2026-07-17,17,-10.62,SEK,yahoo_trailing_diluted,Yahoo Finance / trailingDilutedEPS historical timeseries,existing_canonical
LAGR-B.ST,2023-09-30,2023-10-25,25,4.0,SEK,yahoo_trailing_diluted,Yahoo Finance / trailingDilutedEPS historical timeseries,existing_canonical
LAGR-B.ST,2023-12-31,2024-02-06,37,4.12,SEK,yahoo_trailing_diluted,Yahoo Finance / trailingDilutedEPS historical timeseries,existing_canonical
LAGR-B.ST,2024-03-31,2024-05-17,47,4.25,SEK,yahoo_trailing_diluted,Yahoo Finance / trailingDilutedEPS historical timeseries,existing_canonical
LAGR-B.ST,2024-06-30,2024-07-18,18,4.32,SEK,yahoo_trailing_diluted,Yahoo Finance / trailingDilutedEPS historical timeseries,existing_canonical
LAGR-B.ST,2024-09-30,2024-10-25,25,4.4,SEK,yahoo_trailing_diluted,Yahoo Finance / trailingDilutedEPS historical timeseries,existing_canonical
LAGR-B.ST,2024-12-31,2025-01-31,31,4.61,SEK,yahoo_trailing_diluted,Yahoo Finance / trailingDilutedEPS historical timeseries,existing_canonical
LAGR-B.ST,2025-03-31,2025-05-20,50,4.93,SEK,yahoo_trailing_diluted,Yahoo Finance / trailingDilutedEPS historical timeseries,existing_canonical
LAGR-B.ST,2025-06-30,2025-07-18,18,5.12,SEK,yahoo_trailing_diluted,Yahoo Finance / trailingDilutedEPS historical timeseries,existing_canonical
LAGR-B.ST,2025-09-30,2025-10-24,24,5.31,SEK,yahoo_reconstructed_diluted_ttm,Yahoo Finance / trailingDilutedEPS reconstructed from quarterlyDilutedEPS,existing_canonical
LAGR-B.ST,2025-12-31,2026-02-06,37,5.53,SEK,yahoo_trailing_diluted,Yahoo Finance / trailingDilutedEPS historical timeseries,existing_canonical
LAGR-B.ST,2026-03-31,2026-05-19,49,5.81,SEK,yahoo_trailing_diluted,Yahoo Finance / trailingDilutedEPS historical timeseries,existing_canonical
LAGR-B.ST,2026-06-30,2026-07-17,17,6.07,SEK,yahoo_trailing_diluted,Yahoo Finance / trailingDilutedEPS historical timeseries,existing_canonical
LIFCO-B.ST,2023-09-30,2023-10-20,20,6.88,SEK,yahoo_trailing_diluted,Yahoo Finance / trailingDilutedEPS historical timeseries,existing_canonical
LIFCO-B.ST,2024-03-31,,,7.01,SEK,yahoo_trailing_diluted,Yahoo Finance / trailingDilutedEPS historical timeseries,missing
LIFCO-B.ST,2024-06-30,2024-07-12,12,7.11,SEK,yahoo_trailing_diluted,Yahoo Finance / trailingDilutedEPS historical timeseries,existing_canonical
LIFCO-B.ST,2024-09-30,,,7.12,SEK,yahoo_trailing_diluted,Yahoo Finance / trailingDilutedEPS historical timeseries,missing
LIFCO-B.ST,2024-12-31,2025-01-31,31,7.27,SEK,yahoo_trailing_diluted,Yahoo Finance / trailingDilutedEPS historical timeseries,existing_canonical
LIFCO-B.ST,2025-03-31,2025-04-25,25,7.59,SEK,yahoo_trailing_diluted,Yahoo Finance / trailingDilutedEPS historical timeseries,existing_canonical
LIFCO-B.ST,2025-06-30,2025-07-14,14,7.52,SEK,yahoo_trailing_diluted,Yahoo Finance / trailingDilutedEPS historical timeseries,existing_canonical
LIFCO-B.ST,2025-09-30,2025-10-23,23,7.8500000000000005,SEK,yahoo_reconstructed_diluted_ttm,Yahoo Finance / trailingDilutedEPS reconstructed from quarterlyDilutedEPS,existing_canonical
LIFCO-B.ST,2025-12-31,2026-01-30,30,8.0,SEK,yahoo_trailing_diluted,Yahoo Finance / trailingDilutedEPS historical timeseries,existing_canonical
LIFCO-B.ST,2026-03-31,2026-04-24,24,8.14,SEK,yahoo_trailing_diluted,Yahoo Finance / trailingDilutedEPS historical timeseries,existing_canonical
LIFCO-B.ST,2026-06-30,2026-07-14,14,8.48,SEK,yahoo_trailing_diluted,Yahoo Finance / trailingDilutedEPS historical timeseries,existing_canonical
LIME.ST,2023-09-30,2023-10-19,19,5.88,SEK,yahoo_trailing_diluted,Yahoo Finance / trailingDilutedEPS historical timeseries,existing_canonical
LIME.ST,2023-12-31,2024-02-14,45,6.21,SEK,yahoo_trailing_diluted,Yahoo Finance / trailingDilutedEPS historical timeseries,existing_canonical
LIME.ST,2024-06-30,2024-07-12,12,6.39,SEK,yahoo_trailing_diluted,Yahoo Finance / trailingDilutedEPS historical timeseries,existing_canonical
LIME.ST,2024-09-30,2024-10-23,23,6.62,SEK,yahoo_trailing_diluted,Yahoo Finance / trailingDilutedEPS historical timeseries,existing_canonical
LIME.ST,2025-03-31,2025-04-24,24,7.0,SEK,yahoo_trailing_diluted,Yahoo Finance / trailingDilutedEPS historical timeseries,existing_canonical
LIME.ST,2025-06-30,2025-07-12,12,7.43,SEK,yahoo_trailing_diluted,Yahoo Finance / trailingDilutedEPS historical timeseries,existing_canonical
LIME.ST,2025-09-30,2025-10-21,21,7.759999999999999,SEK,yahoo_reconstructed_diluted_ttm,Yahoo Finance / trailingDilutedEPS reconstructed from quarterlyDilutedEPS,existing_canonical
LIME.ST,2025-12-31,2026-02-12,43,8.35,SEK,yahoo_trailing_diluted,Yahoo Finance / trailingDilutedEPS historical timeseries,existing_canonical
LIME.ST,2026-03-31,2026-04-21,21,8.53,SEK,yahoo_trailing_diluted,Yahoo Finance / trailingDilutedEPS historical timeseries,existing_canonical
LIME.ST,2026-06-30,2026-07-14,14,8.98,SEK,yahoo_trailing_diluted,Yahoo Finance / trailingDilutedEPS historical timeseries,existing_canonical
LOOMIS.ST,2023-09-30,2023-10-26,26,23.57,SEK,yahoo_trailing_diluted,Yahoo Finance / trailingDilutedEPS historical timeseries,existing_canonical
LOOMIS.ST,2023-12-31,2024-01-31,31,20.96,SEK,yahoo_trailing_diluted,Yahoo Finance / trailingDilutedEPS historical timeseries,existing_canonical
LOOMIS.ST,2024-03-31,2024-05-06,36,20.37,SEK,yahoo_trailing_diluted,Yahoo Finance / trailingDilutedEPS historical timeseries,existing_canonical
LOOMIS.ST,2024-06-30,2024-07-24,24,20.99,SEK,yahoo_trailing_diluted,Yahoo Finance / trailingDilutedEPS historical timeseries,existing_canonical
LOOMIS.ST,2024-09-30,2024-10-29,29,21.97,SEK,yahoo_trailing_diluted,Yahoo Finance / trailingDilutedEPS historical timeseries,existing_canonical
LOOMIS.ST,2025-03-31,2025-05-07,37,23.96,SEK,yahoo_trailing_diluted,Yahoo Finance / trailingDilutedEPS historical timeseries,existing_canonical
LOOMIS.ST,2025-06-30,2025-07-25,25,25.32,SEK,yahoo_trailing_diluted,Yahoo Finance / trailingDilutedEPS historical timeseries,existing_canonical
LOOMIS.ST,2025-09-30,2025-10-31,31,26.22,SEK,yahoo_reconstructed_diluted_ttm,Yahoo Finance / trailingDilutedEPS reconstructed from quarterlyDilutedEPS,existing_canonical
LOOMIS.ST,2025-12-31,2026-02-04,35,23.21,SEK,yahoo_trailing_diluted,Yahoo Finance / trailingDilutedEPS historical timeseries,existing_canonical
LOOMIS.ST,2026-03-31,2026-05-07,37,25.53,SEK,yahoo_trailing_diluted,Yahoo Finance / trailingDilutedEPS historical timeseries,existing_canonical
LOOMIS.ST,2026-06-30,2026-07-24,24,27.6,SEK,yahoo_trailing_diluted,Yahoo Finance / trailingDilutedEPS historical timeseries,existing_canonical
LUMI.ST,2023-09-30,2023-11-01,32,0.45,USD,yahoo_trailing_diluted,Yahoo Finance / trailingDilutedEPS historical timeseries,existing_canonical
LUMI.ST,2023-12-31,2024-02-22,53,0.31,USD,yahoo_trailing_diluted,Yahoo Finance / trailingDilutedEPS historical timeseries,existing_canonical
LUMI.ST,2024-03-31,2024-05-01,31,0.14,USD,yahoo_trailing_diluted,Yahoo Finance / trailingDilutedEPS historical timeseries,existing_canonical
LUMI.ST,2024-06-30,2024-07-30,30,0.21,USD,yahoo_trailing_diluted,Yahoo Finance / trailingDilutedEPS historical timeseries,existing_canonical
LUMI.ST,2024-09-30,2024-11-06,37,0.35,USD,yahoo_trailing_diluted,Yahoo Finance / trailingDilutedEPS historical timeseries,existing_canonical
LUMI.ST,2025-03-31,2025-05-08,38,-0.13,USD,yahoo_trailing_diluted,Yahoo Finance / trailingDilutedEPS historical timeseries,existing_canonical
LUMI.ST,2025-06-30,2025-08-06,37,-0.03,USD,yahoo_trailing_diluted,Yahoo Finance / trailingDilutedEPS historical timeseries,existing_canonical
LUMI.ST,2025-12-31,2026-02-20,51,1.49,USD,yahoo_trailing_diluted,Yahoo Finance / trailingDilutedEPS historical timeseries,existing_canonical
LUMI.ST,2026-03-31,2026-05-06,36,1.67,USD,yahoo_trailing_diluted,Yahoo Finance / trailingDilutedEPS historical timeseries,existing_canonical
LUMI.ST,2026-06-30,2026-08-05,36,1.75,USD,yahoo_trailing_diluted,Yahoo Finance / trailingDilutedEPS historical timeseries,existing_canonical
MCAP.ST,2023-09-30,,,10.1,SEK,yahoo_trailing_diluted,Yahoo Finance / trailingDilutedEPS historical timeseries,missing
MCAP.ST,2024-03-31,,,13.7,SEK,yahoo_trailing_diluted,Yahoo Finance / trailingDilutedEPS historical timeseries,missing
MCAP.ST,2024-06-30,,,14.4,SEK,yahoo_trailing_diluted,Yahoo Finance / trailingDilutedEPS historical timeseries,missing
MCAP.ST,2024-09-30,,,15.3,SEK,yahoo_trailing_diluted,Yahoo Finance / trailingDilutedEPS historical timeseries,missing
MCAP.ST,2024-12-31,2025-01-31,31,14.0,SEK,yahoo_trailing_diluted,Yahoo Finance / trailingDilutedEPS historical timeseries,existing_canonical
MCAP.ST,2025-03-31,,,13.6,SEK,yahoo_trailing_diluted,Yahoo Finance / trailingDilutedEPS historical timeseries,missing
MCAP.ST,2025-06-30,,,13.3,SEK,yahoo_trailing_diluted,Yahoo Finance / trailingDilutedEPS historical timeseries,missing
MCAP.ST,2025-09-30,,,13.2,SEK,yahoo_reconstructed_diluted_ttm,Yahoo Finance / trailingDilutedEPS reconstructed from quarterlyDilutedEPS,missing
MCAP.ST,2025-12-31,,,14.7,SEK,yahoo_trailing_diluted,Yahoo Finance / trailingDilutedEPS historical timeseries,missing
MCAP.ST,2026-03-31,,,15.0,SEK,yahoo_trailing_diluted,Yahoo Finance / trailingDilutedEPS historical timeseries,missing
MCAP.ST,2026-06-30,2026-07-21,21,16.1,SEK,yahoo_trailing_diluted,Yahoo Finance / trailingDilutedEPS historical timeseries,existing_canonical
MCOV-B.ST,2023-09-30,,,0.055,EUR,yahoo_trailing_diluted,Yahoo Finance / trailingDilutedEPS historical timeseries,missing
MCOV-B.ST,2023-12-31,,,0.118,EUR,yahoo_trailing_diluted,Yahoo Finance / trailingDilutedEPS historical timeseries,missing
MCOV-B.ST,2024-03-31,,,0.149,EUR,yahoo_trailing_diluted,Yahoo Finance / trailingDilutedEPS historical timeseries,missing
MCOV-B.ST,2024-06-30,,,0.155,EUR,yahoo_trailing_diluted,Yahoo Finance / trailingDilutedEPS historical timeseries,missing
MCOV-B.ST,2024-09-30,,,0.131,EUR,yahoo_trailing_diluted,Yahoo Finance / trailingDilutedEPS historical timeseries,missing
MCOV-B.ST,2024-12-31,2025-02-12,43,0.112,EUR,yahoo_trailing_diluted,Yahoo Finance / trailingDilutedEPS historical timeseries,existing_canonical
MCOV-B.ST,2025-03-31,2025-04-29,29,0.204,EUR,yahoo_trailing_diluted,Yahoo Finance / trailingDilutedEPS historical timeseries,existing_canonical
MCOV-B.ST,2025-06-30,2025-07-24,24,0.288,EUR,yahoo_trailing_diluted,Yahoo Finance / trailingDilutedEPS historical timeseries,existing_canonical
MCOV-B.ST,2025-09-30,2025-11-05,36,0.447,EUR,yahoo_reconstructed_diluted_ttm,Yahoo Finance / trailingDilutedEPS reconstructed from quarterlyDilutedEPS,existing_canonical
MCOV-B.ST,2025-12-31,2026-02-10,41,0.513,EUR,yahoo_trailing_diluted,Yahoo Finance / trailingDilutedEPS historical timeseries,existing_canonical
MCOV-B.ST,2026-03-31,2026-04-29,29,0.526,EUR,yahoo_trailing_diluted,Yahoo Finance / trailingDilutedEPS historical timeseries,existing_canonical
MCOV-B.ST,2026-06-30,2026-07-22,22,0.559,EUR,yahoo_trailing_diluted,Yahoo Finance / trailingDilutedEPS historical timeseries,existing_canonical
MSAB-B.ST,2023-09-30,2023-10-26,26,1.9,SEK,yahoo_trailing_diluted,Yahoo Finance / trailingDilutedEPS historical timeseries,existing_canonical
MSAB-B.ST,2023-12-31,2024-01-25,25,1.62,SEK,yahoo_trailing_diluted,Yahoo Finance / trailingDilutedEPS historical timeseries,existing_canonical
MSAB-B.ST,2024-03-31,2024-04-30,30,0.85,SEK,yahoo_trailing_diluted,Yahoo Finance / trailingDilutedEPS historical timeseries,existing_canonical
MSAB-B.ST,2024-06-30,2024-07-19,19,0.53,SEK,yahoo_trailing_diluted,Yahoo Finance / trailingDilutedEPS historical timeseries,existing_canonical
MSAB-B.ST,2024-09-30,,,0.76,SEK,yahoo_trailing_diluted,Yahoo Finance / trailingDilutedEPS historical timeseries,missing
MSAB-B.ST,2024-12-31,2025-01-28,28,2.02,SEK,yahoo_trailing_diluted,Yahoo Finance / trailingDilutedEPS historical timeseries,existing_canonical
MSAB-B.ST,2025-03-31,2025-04-29,29,2.28,SEK,yahoo_trailing_diluted,Yahoo Finance / trailingDilutedEPS historical timeseries,existing_canonical
MSAB-B.ST,2025-06-30,2025-07-18,18,1.66,SEK,yahoo_trailing_diluted,Yahoo Finance / trailingDilutedEPS historical timeseries,existing_canonical
MSAB-B.ST,2025-09-30,,,2.26,SEK,yahoo_reconstructed_diluted_ttm,Yahoo Finance / trailingDilutedEPS reconstructed from quarterlyDilutedEPS,missing
MSAB-B.ST,2025-12-31,2026-01-27,27,2.63,SEK,yahoo_trailing_diluted,Yahoo Finance / trailingDilutedEPS historical timeseries,existing_canonical
MSAB-B.ST,2026-03-31,2026-04-28,28,2.47,SEK,yahoo_trailing_diluted,Yahoo Finance / trailingDilutedEPS historical timeseries,existing_canonical
MSAB-B.ST,2026-06-30,2026-08-15,46,3.76,SEK,yahoo_trailing_diluted,Yahoo Finance / trailingDilutedEPS historical timeseries,existing_canonical
MTG-B.ST,2023-09-30,2023-10-25,25,-1.63,SEK,yahoo_trailing_diluted,Yahoo Finance / trailingDilutedEPS historical timeseries,existing_canonical
MTG-B.ST,2023-12-31,2024-02-08,39,1.32,SEK,yahoo_trailing_diluted,Yahoo Finance / trailingDilutedEPS historical timeseries,existing_canonical
MTG-B.ST,2024-03-31,2024-04-24,24,0.86,SEK,yahoo_trailing_diluted,Yahoo Finance / trailingDilutedEPS historical timeseries,existing_canonical
MTG-B.ST,2024-06-30,2024-07-18,18,-0.51,SEK,yahoo_trailing_diluted,Yahoo Finance / trailingDilutedEPS historical timeseries,existing_canonical
MTG-B.ST,2024-09-30,2024-10-24,24,-0.65,SEK,yahoo_trailing_diluted,Yahoo Finance / trailingDilutedEPS historical timeseries,existing_canonical
MTG-B.ST,2024-12-31,2025-02-06,37,-1.74,SEK,yahoo_trailing_diluted,Yahoo Finance / trailingDilutedEPS historical timeseries,existing_canonical
MTG-B.ST,2025-03-31,2025-04-29,29,-0.93,SEK,yahoo_trailing_diluted,Yahoo Finance / trailingDilutedEPS historical timeseries,existing_canonical
MTG-B.ST,2025-06-30,2025-07-18,18,-0.57,SEK,yahoo_trailing_diluted,Yahoo Finance / trailingDilutedEPS historical timeseries,existing_canonical
MTG-B.ST,2025-09-30,2025-11-13,44,-1.65,SEK,yahoo_trailing_diluted,Yahoo Finance / trailingDilutedEPS historical timeseries,existing_canonical
MTG-B.ST,2025-12-31,2026-02-05,36,-0.53,SEK,yahoo_trailing_diluted,Yahoo Finance / trailingDilutedEPS historical timeseries,existing_canonical
MTG-B.ST,2026-03-31,2026-04-29,29,0.08,SEK,yahoo_trailing_diluted,Yahoo Finance / trailingDilutedEPS historical timeseries,existing_canonical
MTG-B.ST,2026-06-30,2026-07-21,21,1.43,SEK,yahoo_trailing_diluted,Yahoo Finance / trailingDilutedEPS historical timeseries,existing_canonical
MTRS.ST,2023-09-30,2023-10-24,24,4.7,SEK,yahoo_trailing_diluted,Yahoo Finance / trailingDilutedEPS historical timeseries,existing_canonical
MTRS.ST,2023-12-31,2024-01-22,22,4.3,SEK,yahoo_trailing_diluted,Yahoo Finance / trailingDilutedEPS historical timeseries,existing_canonical
MTRS.ST,2024-03-31,2024-04-24,24,4.31,SEK,yahoo_trailing_diluted,Yahoo Finance / trailingDilutedEPS historical timeseries,existing_canonical
MTRS.ST,2024-06-30,2024-07-17,17,4.72,SEK,yahoo_trailing_diluted,Yahoo Finance / trailingDilutedEPS historical timeseries,existing_canonical
MTRS.ST,2024-09-30,2024-10-22,22,4.74,SEK,yahoo_trailing_diluted,Yahoo Finance / trailingDilutedEPS historical timeseries,existing_canonical
MTRS.ST,2024-12-31,2025-02-05,36,5.33,SEK,yahoo_trailing_diluted,Yahoo Finance / trailingDilutedEPS historical timeseries,existing_canonical
MTRS.ST,2025-03-31,2025-04-29,29,3.32,SEK,yahoo_trailing_diluted,Yahoo Finance / trailingDilutedEPS historical timeseries,existing_canonical
MTRS.ST,2025-06-30,2025-07-18,18,2.02,SEK,yahoo_trailing_diluted,Yahoo Finance / trailingDilutedEPS historical timeseries,existing_canonical
MTRS.ST,2025-09-30,2025-10-24,24,1.511296,SEK,yahoo_reconstructed_diluted_ttm,Yahoo Finance / trailingDilutedEPS reconstructed from quarterlyDilutedEPS,existing_canonical
MTRS.ST,2025-12-31,2026-01-29,29,0.58,SEK,yahoo_trailing_diluted,Yahoo Finance / trailingDilutedEPS historical timeseries,existing_canonical
MTRS.ST,2026-03-31,2026-04-28,28,2.079298,SEK,yahoo_trailing_diluted,Yahoo Finance / trailingDilutedEPS historical timeseries,existing_canonical
MTRS.ST,2026-06-30,2026-07-17,17,2.68,SEK,yahoo_trailing_diluted,Yahoo Finance / trailingDilutedEPS historical timeseries,existing_canonical
MYCR.ST,2022-12-31,,,7.59,SEK,yahoo_trailing_diluted,Yahoo Finance / trailingDilutedEPS historical timeseries,missing
MYCR.ST,2023-09-30,,,7.56,SEK,yahoo_trailing_diluted,Yahoo Finance / trailingDilutedEPS historical timeseries,missing
MYCR.ST,2023-12-31,,,10.22,SEK,yahoo_trailing_diluted,Yahoo Finance / trailingDilutedEPS historical timeseries,missing
MYCR.ST,2024-03-31,2024-04-18,18,13.7,SEK,yahoo_trailing_diluted,Yahoo Finance / trailingDilutedEPS historical timeseries,existing_canonical
MYCR.ST,2024-06-30,,,15.26,SEK,yahoo_trailing_diluted,Yahoo Finance / trailingDilutedEPS historical timeseries,missing
MYCR.ST,2024-09-30,,,17.75,SEK,yahoo_trailing_diluted,Yahoo Finance / trailingDilutedEPS historical timeseries,missing
MYCR.ST,2024-12-31,,,17.24,SEK,yahoo_trailing_diluted,Yahoo Finance / trailingDilutedEPS historical timeseries,missing
MYCR.ST,2025-03-31,2025-04-25,25,18.59,SEK,yahoo_trailing_diluted,Yahoo Finance / trailingDilutedEPS historical timeseries,existing_canonical
MYCR.ST,2025-06-30,2025-07-11,11,10.11,SEK,yahoo_trailing_diluted,Yahoo Finance / trailingDilutedEPS historical timeseries,existing_canonical
MYCR.ST,2025-09-30,2025-10-23,23,8.92,SEK,yahoo_reconstructed_diluted_ttm,Yahoo Finance / trailingDilutedEPS reconstructed from quarterlyDilutedEPS,existing_canonical
MYCR.ST,2025-12-31,2026-02-05,36,7.99,SEK,yahoo_trailing_diluted,Yahoo Finance / trailingDilutedEPS historical timeseries,existing_canonical
MYCR.ST,2026-03-31,2026-04-24,24,8.47,SEK,yahoo_trailing_diluted,Yahoo Finance / trailingDilutedEPS historical timeseries,existing_canonical
MYCR.ST,2026-06-30,2026-07-14,14,8.88,SEK,yahoo_trailing_diluted,Yahoo Finance / trailingDilutedEPS historical timeseries,existing_canonical
NDA-SE.ST,2023-09-30,2023-10-19,19,1.41,EUR,yahoo_trailing_diluted,Yahoo Finance / trailingDilutedEPS historical timeseries,existing_canonical
NDA-SE.ST,2023-12-31,2024-02-05,36,1.37,EUR,yahoo_trailing_diluted,Yahoo Finance / trailingDilutedEPS historical timeseries,existing_canonical
NDA-SE.ST,2024-03-31,2024-04-18,18,1.44,EUR,yahoo_trailing_diluted,Yahoo Finance / trailingDilutedEPS historical timeseries,existing_canonical
NDA-SE.ST,2024-06-30,2024-07-15,15,1.44,EUR,yahoo_trailing_diluted,Yahoo Finance / trailingDilutedEPS historical timeseries,existing_canonical
NDA-SE.ST,2024-09-30,2024-10-17,17,1.42,EUR,yahoo_trailing_diluted,Yahoo Finance / trailingDilutedEPS historical timeseries,existing_canonical
NDA-SE.ST,2024-12-31,2025-01-30,30,1.44,EUR,yahoo_trailing_diluted,Yahoo Finance / trailingDilutedEPS historical timeseries,existing_canonical
NDA-SE.ST,2025-03-31,2025-04-16,16,1.41,EUR,yahoo_trailing_diluted,Yahoo Finance / trailingDilutedEPS historical timeseries,existing_canonical
NDA-SE.ST,2025-06-30,2025-07-17,17,1.39,EUR,yahoo_trailing_diluted,Yahoo Finance / trailingDilutedEPS historical timeseries,existing_canonical
NDA-SE.ST,2025-09-30,2025-10-16,16,1.3699999999999999,EUR,yahoo_reconstructed_diluted_ttm,Yahoo Finance / trailingDilutedEPS reconstructed from quarterlyDilutedEPS,existing_canonical
NDA-SE.ST,2025-12-31,2026-01-29,29,1.39,EUR,yahoo_trailing_diluted,Yahoo Finance / trailingDilutedEPS historical timeseries,existing_canonical
NDA-SE.ST,2026-03-31,2026-04-22,22,1.36,EUR,yahoo_trailing_diluted,Yahoo Finance / trailingDilutedEPS historical timeseries,existing_canonical
NDA-SE.ST,2026-06-30,2026-07-16,16,1.37,EUR,yahoo_trailing_diluted,Yahoo Finance / trailingDilutedEPS historical timeseries,existing_canonical
NEWA-B.ST,2023-09-30,2023-11-07,38,9.03,SEK,yahoo_trailing_diluted,Yahoo Finance / trailingDilutedEPS historical timeseries,existing_canonical
NEWA-B.ST,2024-03-31,2024-04-25,25,7.67,SEK,yahoo_trailing_diluted,Yahoo Finance / trailingDilutedEPS historical timeseries,existing_canonical
NEWA-B.ST,2024-06-30,2024-08-15,46,7.3,SEK,yahoo_trailing_diluted,Yahoo Finance / trailingDilutedEPS historical timeseries,existing_canonical
NEWA-B.ST,2024-09-30,2024-11-07,38,6.8,SEK,yahoo_trailing_diluted,Yahoo Finance / trailingDilutedEPS historical timeseries,existing_canonical
NEWA-B.ST,2025-03-31,2025-04-24,24,6.81,SEK,yahoo_trailing_diluted,Yahoo Finance / trailingDilutedEPS historical timeseries,existing_canonical
NEWA-B.ST,2025-06-30,2025-08-14,45,6.47,SEK,yahoo_trailing_diluted,Yahoo Finance / trailingDilutedEPS historical timeseries,existing_canonical
NEWA-B.ST,2025-09-30,2025-11-07,38,6.19,SEK,yahoo_reconstructed_diluted_ttm,Yahoo Finance / trailingDilutedEPS reconstructed from quarterlyDilutedEPS,existing_canonical
NEWA-B.ST,2025-12-31,2026-02-05,36,5.9,SEK,yahoo_trailing_diluted,Yahoo Finance / trailingDilutedEPS historical timeseries,existing_canonical
NEWA-B.ST,2026-03-31,2026-04-23,23,5.78,SEK,yahoo_trailing_diluted,Yahoo Finance / trailingDilutedEPS historical timeseries,existing_canonical
NEWA-B.ST,2026-06-30,2026-08-20,51,6.05,SEK,yahoo_trailing_diluted,Yahoo Finance / trailingDilutedEPS historical timeseries,existing_canonical
NIBE-B.ST,2023-09-30,2023-11-15,46,2.57,SEK,yahoo_trailing_diluted,Yahoo Finance / trailingDilutedEPS historical timeseries,existing_canonical
NIBE-B.ST,2023-12-31,2024-02-16,47,2.37,SEK,yahoo_trailing_diluted,Yahoo Finance / trailingDilutedEPS historical timeseries,existing_canonical
NIBE-B.ST,2024-03-31,2024-05-16,46,1.32,SEK,yahoo_trailing_diluted,Yahoo Finance / trailingDilutedEPS historical timeseries,existing_canonical
NIBE-B.ST,2024-06-30,2024-08-16,47,0.77,SEK,yahoo_trailing_diluted,Yahoo Finance / trailingDilutedEPS historical timeseries,existing_canonical
NIBE-B.ST,2024-09-30,2024-11-15,46,0.38,SEK,yahoo_trailing_diluted,Yahoo Finance / trailingDilutedEPS historical timeseries,existing_canonical
NIBE-B.ST,2024-12-31,2025-02-14,45,0.58,SEK,yahoo_trailing_diluted,Yahoo Finance / trailingDilutedEPS historical timeseries,existing_canonical
NIBE-B.ST,2025-03-31,2025-05-15,45,1.19,SEK,yahoo_trailing_diluted,Yahoo Finance / trailingDilutedEPS historical timeseries,existing_canonical
NIBE-B.ST,2025-06-30,2025-08-22,53,1.34,SEK,yahoo_trailing_diluted,Yahoo Finance / trailingDilutedEPS historical timeseries,existing_canonical
NIBE-B.ST,2025-09-30,2025-11-14,45,1.42,SEK,yahoo_trailing_diluted,Yahoo Finance / trailingDilutedEPS historical timeseries,existing_canonical
NIBE-B.ST,2025-12-31,2026-02-12,43,1.13,SEK,yahoo_trailing_diluted,Yahoo Finance / trailingDilutedEPS historical timeseries,existing_canonical
NIBE-B.ST,2026-03-31,2026-05-19,49,1.19,SEK,yahoo_trailing_diluted,Yahoo Finance / trailingDilutedEPS historical timeseries,existing_canonical
NIBE-B.ST,2026-06-30,2026-08-21,52,1.31,SEK,yahoo_trailing_diluted,Yahoo Finance / trailingDilutedEPS historical timeseries,existing_canonical
NMAN.ST,2023-09-30,,,10.1,SEK,yahoo_trailing_diluted,Yahoo Finance / trailingDilutedEPS historical timeseries,missing
NMAN.ST,2023-12-31,,,9.71,SEK,yahoo_trailing_diluted,Yahoo Finance / trailingDilutedEPS historical timeseries,missing
NMAN.ST,2024-03-31,,,10.06,SEK,yahoo_trailing_diluted,Yahoo Finance / trailingDilutedEPS historical timeseries,missing
NMAN.ST,2024-06-30,,,9.97,SEK,yahoo_trailing_diluted,Yahoo Finance / trailingDilutedEPS historical timeseries,missing
NMAN.ST,2024-09-30,,,9.54,SEK,yahoo_trailing_diluted,Yahoo Finance / trailingDilutedEPS historical timeseries,missing
NMAN.ST,2024-12-31,,,9.83,SEK,yahoo_trailing_diluted,Yahoo Finance / trailingDilutedEPS historical timeseries,missing
NMAN.ST,2025-03-31,,,8.95,SEK,yahoo_trailing_diluted,Yahoo Finance / trailingDilutedEPS historical timeseries,missing
NMAN.ST,2025-06-30,,,8.15,SEK,yahoo_trailing_diluted,Yahoo Finance / trailingDilutedEPS historical timeseries,missing
NMAN.ST,2025-09-30,,,8.43,SEK,yahoo_reconstructed_diluted_ttm,Yahoo Finance / trailingDilutedEPS reconstructed from quarterlyDilutedEPS,missing
NMAN.ST,2025-12-31,,,7.8,SEK,yahoo_trailing_diluted,Yahoo Finance / trailingDilutedEPS historical timeseries,missing
NMAN.ST,2026-03-31,,,7.42,SEK,yahoo_trailing_diluted,Yahoo Finance / trailingDilutedEPS historical timeseries,missing
NMAN.ST,2026-06-30,2026-07-16,16,6.99,SEK,yahoo_trailing_diluted,Yahoo Finance / trailingDilutedEPS historical timeseries,existing_canonical
NOLA-B.ST,2023-09-30,2023-10-26,26,1.88,SEK,yahoo_trailing_diluted,Yahoo Finance / trailingDilutedEPS historical timeseries,existing_canonical
NOLA-B.ST,2023-12-31,2024-02-06,37,1.61,SEK,yahoo_trailing_diluted,Yahoo Finance / trailingDilutedEPS historical timeseries,existing_canonical
NOLA-B.ST,2024-03-31,2024-05-06,36,1.71,SEK,yahoo_trailing_diluted,Yahoo Finance / trailingDilutedEPS historical timeseries,existing_canonical
NOLA-B.ST,2024-06-30,2024-07-18,18,1.76,SEK,yahoo_trailing_diluted,Yahoo Finance / trailingDilutedEPS historical timeseries,existing_canonical
NOLA-B.ST,2024-09-30,2024-10-25,25,2.11,SEK,yahoo_trailing_diluted,Yahoo Finance / trailingDilutedEPS historical timeseries,existing_canonical
NOLA-B.ST,2024-12-31,2025-02-07,38,2.44,SEK,yahoo_trailing_diluted,Yahoo Finance / trailingDilutedEPS historical timeseries,existing_canonical
NOLA-B.ST,2025-03-31,2025-05-06,36,2.58,SEK,yahoo_trailing_diluted,Yahoo Finance / trailingDilutedEPS historical timeseries,existing_canonical
NOLA-B.ST,2025-06-30,2025-07-18,18,2.74,SEK,yahoo_trailing_diluted,Yahoo Finance / trailingDilutedEPS historical timeseries,existing_canonical
NOLA-B.ST,2025-09-30,2025-10-28,28,2.9250999999999996,SEK,yahoo_reconstructed_diluted_ttm,Yahoo Finance / trailingDilutedEPS reconstructed from quarterlyDilutedEPS,existing_canonical
NOLA-B.ST,2025-12-31,2026-02-05,36,2.88,SEK,yahoo_trailing_diluted,Yahoo Finance / trailingDilutedEPS historical timeseries,existing_canonical
NOLA-B.ST,2026-03-31,,,2.81,SEK,yahoo_trailing_diluted,Yahoo Finance / trailingDilutedEPS historical timeseries,missing
NOLA-B.ST,2026-06-30,2026-07-17,17,2.65,SEK,yahoo_trailing_diluted,Yahoo Finance / trailingDilutedEPS historical timeseries,existing_canonical
NORION.ST,2023-09-30,2023-10-20,20,6.128778,SEK,yahoo_trailing_diluted,Yahoo Finance / trailingDilutedEPS historical timeseries,existing_canonical
NORION.ST,2023-12-31,2024-02-07,38,6.02,SEK,yahoo_trailing_diluted,Yahoo Finance / trailingDilutedEPS historical timeseries,existing_canonical
NORION.ST,2024-03-31,2024-04-23,23,6.13,SEK,yahoo_trailing_diluted,Yahoo Finance / trailingDilutedEPS historical timeseries,existing_canonical
NORION.ST,2024-06-30,2024-07-12,12,6.12,SEK,yahoo_trailing_diluted,Yahoo Finance / trailingDilutedEPS historical timeseries,existing_canonical
NORION.ST,2024-09-30,2024-10-18,18,6.14,SEK,yahoo_trailing_diluted,Yahoo Finance / trailingDilutedEPS historical timeseries,existing_canonical
NORION.ST,2025-03-31,2025-04-24,24,6.5,SEK,yahoo_trailing_diluted,Yahoo Finance / trailingDilutedEPS historical timeseries,existing_canonical
NORION.ST,2025-06-30,2025-07-14,14,6.79,SEK,yahoo_trailing_diluted,Yahoo Finance / trailingDilutedEPS historical timeseries,existing_canonical
NORION.ST,2025-09-30,2025-10-17,17,6.99,SEK,yahoo_reconstructed_diluted_ttm,Yahoo Finance / trailingDilutedEPS reconstructed from quarterlyDilutedEPS,existing_canonical
NORION.ST,2025-12-31,2026-02-05,36,7.12,SEK,yahoo_trailing_diluted,Yahoo Finance / trailingDilutedEPS historical timeseries,existing_canonical
NORION.ST,2026-03-31,2026-04-23,23,6.65,SEK,yahoo_trailing_diluted,Yahoo Finance / trailingDilutedEPS historical timeseries,existing_canonical
NORION.ST,2026-06-30,2026-08-15,46,6.04,SEK,yahoo_trailing_diluted,Yahoo Finance / trailingDilutedEPS historical timeseries,existing_canonical
PACT.ST,2023-09-30,2023-10-27,27,6.26,SEK,yahoo_trailing_diluted,Yahoo Finance / trailingDilutedEPS historical timeseries,existing_canonical
PACT.ST,2024-03-31,2024-05-07,37,7.49,SEK,yahoo_trailing_diluted,Yahoo Finance / trailingDilutedEPS historical timeseries,existing_canonical
PACT.ST,2024-06-30,2024-07-12,12,8.6,SEK,yahoo_trailing_diluted,Yahoo Finance / trailingDilutedEPS historical timeseries,existing_canonical
PACT.ST,2024-09-30,2024-10-25,25,8.69,SEK,yahoo_trailing_diluted,Yahoo Finance / trailingDilutedEPS historical timeseries,existing_canonical
PACT.ST,2024-12-31,2025-02-11,42,8.15,SEK,yahoo_trailing_diluted,Yahoo Finance / trailingDilutedEPS historical timeseries,existing_canonical
PACT.ST,2025-03-31,2025-05-06,36,7.72,SEK,yahoo_trailing_diluted,Yahoo Finance / trailingDilutedEPS historical timeseries,existing_canonical
PACT.ST,2025-06-30,2025-07-14,14,6.46,SEK,yahoo_trailing_diluted,Yahoo Finance / trailingDilutedEPS historical timeseries,existing_canonical
PACT.ST,2025-09-30,2025-10-24,24,5.9799999999999995,SEK,yahoo_reconstructed_diluted_ttm,Yahoo Finance / trailingDilutedEPS reconstructed from quarterlyDilutedEPS,existing_canonical
PACT.ST,2025-12-31,2026-02-10,41,4.67,SEK,yahoo_trailing_diluted,Yahoo Finance / trailingDilutedEPS historical timeseries,existing_canonical
PACT.ST,2026-03-31,2026-05-05,35,5.92,SEK,yahoo_trailing_diluted,Yahoo Finance / trailingDilutedEPS historical timeseries,existing_canonical
PACT.ST,2026-06-30,2026-07-16,16,7.51,SEK,yahoo_trailing_diluted,Yahoo Finance / trailingDilutedEPS historical timeseries,existing_canonical
PEAB-B.ST,2023-09-30,2023-10-27,27,8.11,SEK,yahoo_trailing_diluted,Yahoo Finance / trailingDilutedEPS historical timeseries,existing_canonical
PEAB-B.ST,2023-12-31,2024-02-02,33,6.92,SEK,yahoo_trailing_diluted,Yahoo Finance / trailingDilutedEPS historical timeseries,existing_canonical
PEAB-B.ST,2024-03-31,2024-05-06,36,6.84,SEK,yahoo_trailing_diluted,Yahoo Finance / trailingDilutedEPS historical timeseries,existing_canonical
PEAB-B.ST,2024-06-30,2024-07-16,16,4.79,SEK,yahoo_trailing_diluted,Yahoo Finance / trailingDilutedEPS historical timeseries,existing_canonical
PEAB-B.ST,2024-09-30,2024-10-25,25,5.16,SEK,yahoo_trailing_diluted,Yahoo Finance / trailingDilutedEPS historical timeseries,existing_canonical
PEAB-B.ST,2024-12-31,2025-02-06,37,8.32,SEK,yahoo_trailing_diluted,Yahoo Finance / trailingDilutedEPS historical timeseries,existing_canonical
PEAB-B.ST,2025-03-31,2025-05-06,36,7.22,SEK,yahoo_trailing_diluted,Yahoo Finance / trailingDilutedEPS historical timeseries,existing_canonical
PEAB-B.ST,2025-06-30,2025-07-15,15,5.39,SEK,yahoo_trailing_diluted,Yahoo Finance / trailingDilutedEPS historical timeseries,existing_canonical
PEAB-B.ST,2025-09-30,2025-10-24,24,5.74,SEK,yahoo_reconstructed_diluted_ttm,Yahoo Finance / trailingDilutedEPS reconstructed from quarterlyDilutedEPS,existing_canonical
PEAB-B.ST,2025-12-31,2026-02-04,35,4.74,SEK,yahoo_trailing_diluted,Yahoo Finance / trailingDilutedEPS historical timeseries,existing_canonical
PEAB-B.ST,2026-03-31,2026-04-29,29,5.43,SEK,yahoo_trailing_diluted,Yahoo Finance / trailingDilutedEPS historical timeseries,existing_canonical
PEAB-B.ST,2026-06-30,2026-07-14,14,7.27,SEK,yahoo_trailing_diluted,Yahoo Finance / trailingDilutedEPS historical timeseries,existing_canonical
PLAZ-B.ST,2023-09-30,,,-6.57,SEK,yahoo_trailing_diluted,Yahoo Finance / trailingDilutedEPS historical timeseries,missing
PLAZ-B.ST,2023-12-31,,,-7.87,SEK,yahoo_trailing_diluted,Yahoo Finance / trailingDilutedEPS historical timeseries,missing
PLAZ-B.ST,2024-03-31,,,-6.18,SEK,yahoo_trailing_diluted,Yahoo Finance / trailingDilutedEPS historical timeseries,missing
PLAZ-B.ST,2024-06-30,,,-4.06,SEK,yahoo_trailing_diluted,Yahoo Finance / trailingDilutedEPS historical timeseries,missing
PLAZ-B.ST,2024-09-30,,,-2.45,SEK,yahoo_trailing_diluted,Yahoo Finance / trailingDilutedEPS historical timeseries,missing
PLAZ-B.ST,2025-03-31,,,2.59,SEK,yahoo_trailing_diluted,Yahoo Finance / trailingDilutedEPS historical timeseries,missing
PLAZ-B.ST,2025-06-30,,,3.25,SEK,yahoo_trailing_diluted,Yahoo Finance / trailingDilutedEPS historical timeseries,missing
PLAZ-B.ST,2025-09-30,,,5.85,SEK,yahoo_reconstructed_diluted_ttm,Yahoo Finance / trailingDilutedEPS reconstructed from quarterlyDilutedEPS,missing
PLAZ-B.ST,2025-12-31,,,5.83,SEK,yahoo_trailing_diluted,Yahoo Finance / trailingDilutedEPS historical timeseries,missing
PLAZ-B.ST,2026-03-31,,,6.54,SEK,yahoo_trailing_diluted,Yahoo Finance / trailingDilutedEPS historical timeseries,missing
PLAZ-B.ST,2026-06-30,2026-07-03,3,6.15,SEK,yahoo_trailing_diluted,Yahoo Finance / trailingDilutedEPS historical timeseries,existing_canonical
PNDX-B.ST,2023-09-30,,,3.53,SEK,yahoo_trailing_diluted,Yahoo Finance / trailingDilutedEPS historical timeseries,missing
PNDX-B.ST,2023-12-31,2024-02-08,39,-3.18,SEK,yahoo_trailing_diluted,Yahoo Finance / trailingDilutedEPS historical timeseries,existing_canonical
PNDX-B.ST,2024-03-31,2024-04-25,25,0.42,SEK,yahoo_trailing_diluted,Yahoo Finance / trailingDilutedEPS historical timeseries,existing_canonical
PNDX-B.ST,2024-06-30,2024-07-12,12,2.69,SEK,yahoo_trailing_diluted,Yahoo Finance / trailingDilutedEPS historical timeseries,existing_canonical
PNDX-B.ST,2024-09-30,2024-10-24,24,-0.03,SEK,yahoo_trailing_diluted,Yahoo Finance / trailingDilutedEPS historical timeseries,existing_canonical
PNDX-B.ST,2024-12-31,2025-02-06,37,9.04,SEK,yahoo_trailing_diluted,Yahoo Finance / trailingDilutedEPS historical timeseries,existing_canonical
PNDX-B.ST,2025-03-31,2025-04-29,29,7.19,SEK,yahoo_trailing_diluted,Yahoo Finance / trailingDilutedEPS historical timeseries,existing_canonical
PNDX-B.ST,2025-06-30,2025-07-11,11,6.97,SEK,yahoo_trailing_diluted,Yahoo Finance / trailingDilutedEPS historical timeseries,existing_canonical
PNDX-B.ST,2025-09-30,2025-10-23,23,10.43,SEK,yahoo_reconstructed_diluted_ttm,Yahoo Finance / trailingDilutedEPS reconstructed from quarterlyDilutedEPS,existing_canonical
PNDX-B.ST,2025-12-31,2026-02-05,36,16.13,SEK,yahoo_trailing_diluted,Yahoo Finance / trailingDilutedEPS historical timeseries,existing_canonical
PNDX-B.ST,2026-03-31,2026-04-29,29,18.84,SEK,yahoo_trailing_diluted,Yahoo Finance / trailingDilutedEPS historical timeseries,existing_canonical
PNDX-B.ST,2026-06-30,2026-07-15,15,16.37,SEK,yahoo_trailing_diluted,Yahoo Finance / trailingDilutedEPS historical timeseries,existing_canonical
REJL-B.ST,2023-09-30,,,8.8,SEK,yahoo_trailing_diluted,Yahoo Finance / trailingDilutedEPS historical timeseries,missing
REJL-B.ST,2023-12-31,,,8.32,SEK,yahoo_trailing_diluted,Yahoo Finance / trailingDilutedEPS historical timeseries,missing
REJL-B.ST,2024-03-31,,,8.85,SEK,yahoo_trailing_diluted,Yahoo Finance / trailingDilutedEPS historical timeseries,missing
REJL-B.ST,2024-06-30,2024-07-15,15,9.04,SEK,yahoo_trailing_diluted,Yahoo Finance / trailingDilutedEPS historical timeseries,existing_canonical
REJL-B.ST,2024-09-30,2024-10-24,24,9.52,SEK,yahoo_trailing_diluted,Yahoo Finance / trailingDilutedEPS historical timeseries,existing_canonical
REJL-B.ST,2024-12-31,2025-02-06,37,10.03,SEK,yahoo_trailing_diluted,Yahoo Finance / trailingDilutedEPS historical timeseries,existing_canonical
REJL-B.ST,2025-03-31,2025-04-24,24,10.08,SEK,yahoo_trailing_diluted,Yahoo Finance / trailingDilutedEPS historical timeseries,existing_canonical
REJL-B.ST,2025-06-30,2025-07-15,15,9.62,SEK,yahoo_trailing_diluted,Yahoo Finance / trailingDilutedEPS historical timeseries,existing_canonical
REJL-B.ST,2025-09-30,2025-10-23,23,9.59,SEK,yahoo_reconstructed_diluted_ttm,Yahoo Finance / trailingDilutedEPS reconstructed from quarterlyDilutedEPS,existing_canonical
REJL-B.ST,2025-12-31,2026-02-05,36,8.74,SEK,yahoo_trailing_diluted,Yahoo Finance / trailingDilutedEPS historical timeseries,existing_canonical
REJL-B.ST,2026-03-31,2026-04-29,29,7.97,SEK,yahoo_trailing_diluted,Yahoo Finance / trailingDilutedEPS historical timeseries,existing_canonical
REJL-B.ST,2026-06-30,2026-07-15,15,7.52,SEK,yahoo_trailing_diluted,Yahoo Finance / trailingDilutedEPS historical timeseries,existing_canonical
SAAB-B.ST,2023-09-30,2023-10-26,26,24.39,SEK,yahoo_trailing_diluted,Yahoo Finance / trailingDilutedEPS historical timeseries,existing_canonical
SAAB-B.ST,2023-12-31,2024-02-09,40,25.16,SEK,yahoo_trailing_diluted,Yahoo Finance / trailingDilutedEPS historical timeseries,existing_canonical
SAAB-B.ST,2024-03-31,2024-04-26,26,6.355,SEK,yahoo_trailing_diluted,Yahoo Finance / trailingDilutedEPS historical timeseries,existing_canonical
SAAB-B.ST,2024-06-30,2024-07-19,19,6.77,SEK,yahoo_trailing_diluted,Yahoo Finance / trailingDilutedEPS historical timeseries,existing_canonical
SAAB-B.ST,2024-09-30,2024-10-22,22,7.35,SEK,yahoo_trailing_diluted,Yahoo Finance / trailingDilutedEPS historical timeseries,existing_canonical
SAAB-B.ST,2024-12-31,2025-02-07,38,7.74,SEK,yahoo_trailing_diluted,Yahoo Finance / trailingDilutedEPS historical timeseries,existing_canonical
SAAB-B.ST,2025-03-31,2025-04-25,25,8.66,SEK,yahoo_trailing_diluted,Yahoo Finance / trailingDilutedEPS historical timeseries,existing_canonical
SAAB-B.ST,2025-06-30,2025-07-18,18,9.63,SEK,yahoo_trailing_diluted,Yahoo Finance / trailingDilutedEPS historical timeseries,existing_canonical
SAAB-B.ST,2025-09-30,2025-10-24,24,9.629999999999999,SEK,yahoo_reconstructed_diluted_ttm,Yahoo Finance / trailingDilutedEPS reconstructed from quarterlyDilutedEPS,existing_canonical
SAAB-B.ST,2025-12-31,2026-02-05,36,11.7,SEK,yahoo_trailing_diluted,Yahoo Finance / trailingDilutedEPS historical timeseries,existing_canonical
SAAB-B.ST,2026-03-31,2026-04-23,23,12.0,SEK,yahoo_trailing_diluted,Yahoo Finance / trailingDilutedEPS historical timeseries,existing_canonical
SAAB-B.ST,2026-06-30,2026-07-17,17,13.14,SEK,yahoo_trailing_diluted,Yahoo Finance / trailingDilutedEPS historical timeseries,existing_canonical
SAGA-A.ST,2023-09-30,,,1.38,SEK,yahoo_trailing_diluted,Yahoo Finance / trailingDilutedEPS historical timeseries,missing
SAGA-A.ST,2023-12-31,,,-0.82,SEK,yahoo_trailing_diluted,Yahoo Finance / trailingDilutedEPS historical timeseries,missing
SAGA-A.ST,2024-03-31,,,3.23,SEK,yahoo_trailing_diluted,Yahoo Finance / trailingDilutedEPS historical timeseries,missing
SAGA-A.ST,2024-06-30,,,5.96,SEK,yahoo_trailing_diluted,Yahoo Finance / trailingDilutedEPS historical timeseries,missing
SAGA-A.ST,2024-09-30,,,10.47,SEK,yahoo_trailing_diluted,Yahoo Finance / trailingDilutedEPS historical timeseries,missing
SAGA-A.ST,2024-12-31,,,14.78,SEK,yahoo_trailing_diluted,Yahoo Finance / trailingDilutedEPS historical timeseries,missing
SAGA-A.ST,2025-03-31,,,14.18,SEK,yahoo_trailing_diluted,Yahoo Finance / trailingDilutedEPS historical timeseries,missing
SAGA-A.ST,2025-06-30,,,12.7,SEK,yahoo_trailing_diluted,Yahoo Finance / trailingDilutedEPS historical timeseries,missing
SAGA-A.ST,2025-09-30,,,8.850000000000001,SEK,yahoo_reconstructed_diluted_ttm,Yahoo Finance / trailingDilutedEPS reconstructed from quarterlyDilutedEPS,missing
SAGA-A.ST,2025-12-31,,,11.22,SEK,yahoo_trailing_diluted,Yahoo Finance / trailingDilutedEPS historical timeseries,missing
SAGA-A.ST,2026-03-31,,,12.69,SEK,yahoo_trailing_diluted,Yahoo Finance / trailingDilutedEPS historical timeseries,missing
SAGA-A.ST,2026-06-30,,,15.08,SEK,yahoo_trailing_diluted,Yahoo Finance / trailingDilutedEPS historical timeseries,missing
SAVE.ST,2023-09-30,2023-10-24,24,9.21,SEK,yahoo_trailing_diluted,Yahoo Finance / trailingDilutedEPS historical timeseries,existing_canonical
SAVE.ST,2023-12-31,2024-01-30,30,9.83,SEK,yahoo_trailing_diluted,Yahoo Finance / trailingDilutedEPS historical timeseries,existing_canonical
SAVE.ST,2024-03-31,2024-04-23,23,10.06,SEK,yahoo_trailing_diluted,Yahoo Finance / trailingDilutedEPS historical timeseries,existing_canonical
SAVE.ST,2024-06-30,2024-07-23,23,10.65,SEK,yahoo_trailing_diluted,Yahoo Finance / trailingDilutedEPS historical timeseries,existing_canonical
SAVE.ST,2024-09-30,2024-10-25,25,10.85,SEK,yahoo_trailing_diluted,Yahoo Finance / trailingDilutedEPS historical timeseries,existing_canonical
SAVE.ST,2024-12-31,2025-01-28,28,10.84,SEK,yahoo_trailing_diluted,Yahoo Finance / trailingDilutedEPS historical timeseries,existing_canonical
SAVE.ST,2025-03-31,2025-04-24,24,11.24,SEK,yahoo_trailing_diluted,Yahoo Finance / trailingDilutedEPS historical timeseries,existing_canonical
SAVE.ST,2025-06-30,2025-07-18,18,11.22,SEK,yahoo_trailing_diluted,Yahoo Finance / trailingDilutedEPS historical timeseries,existing_canonical
SAVE.ST,2025-09-30,2025-10-21,21,11.33,SEK,yahoo_reconstructed_diluted_ttm,Yahoo Finance / trailingDilutedEPS reconstructed from quarterlyDilutedEPS,existing_canonical
SAVE.ST,2025-12-31,2026-01-28,28,11.82,SEK,yahoo_trailing_diluted,Yahoo Finance / trailingDilutedEPS historical timeseries,existing_canonical
SAVE.ST,2026-03-31,2026-04-24,24,12.01,SEK,yahoo_trailing_diluted,Yahoo Finance / trailingDilutedEPS historical timeseries,existing_canonical
SAVE.ST,2026-06-30,2026-07-17,17,12.97,SEK,yahoo_trailing_diluted,Yahoo Finance / trailingDilutedEPS historical timeseries,existing_canonical
SCA-B.ST,2023-09-30,2023-10-27,27,5.78,SEK,yahoo_trailing_diluted,Yahoo Finance / trailingDilutedEPS historical timeseries,existing_canonical
SCA-B.ST,2023-12-31,2024-01-26,26,5.23,SEK,yahoo_trailing_diluted,Yahoo Finance / trailingDilutedEPS historical timeseries,existing_canonical
SCA-B.ST,2024-03-31,2024-04-26,26,4.61,SEK,yahoo_trailing_diluted,Yahoo Finance / trailingDilutedEPS historical timeseries,existing_canonical
SCA-B.ST,2024-06-30,2024-07-26,26,4.66,SEK,yahoo_trailing_diluted,Yahoo Finance / trailingDilutedEPS historical timeseries,existing_canonical
SCA-B.ST,2024-09-30,2024-10-25,25,5.22,SEK,yahoo_trailing_diluted,Yahoo Finance / trailingDilutedEPS historical timeseries,existing_canonical
SCA-B.ST,2024-12-31,2025-01-31,31,5.18,SEK,yahoo_trailing_diluted,Yahoo Finance / trailingDilutedEPS historical timeseries,existing_canonical
SCA-B.ST,2025-03-31,2025-04-25,25,5.2,SEK,yahoo_trailing_diluted,Yahoo Finance / trailingDilutedEPS historical timeseries,existing_canonical
SCA-B.ST,2025-06-30,2025-07-25,25,5.38,SEK,yahoo_trailing_diluted,Yahoo Finance / trailingDilutedEPS historical timeseries,existing_canonical
SCA-B.ST,2025-09-30,2025-10-24,24,5.039999999999999,SEK,yahoo_reconstructed_diluted_ttm,Yahoo Finance / trailingDilutedEPS reconstructed from quarterlyDilutedEPS,existing_canonical
SCA-B.ST,2025-12-31,2026-01-30,30,4.56,SEK,yahoo_trailing_diluted,Yahoo Finance / trailingDilutedEPS historical timeseries,existing_canonical
SCA-B.ST,2026-03-31,2026-04-24,24,3.96,SEK,yahoo_trailing_diluted,Yahoo Finance / trailingDilutedEPS historical timeseries,existing_canonical
SCA-B.ST,2026-06-30,2026-07-22,22,3.16,SEK,yahoo_trailing_diluted,Yahoo Finance / trailingDilutedEPS historical timeseries,existing_canonical
SCST.ST,2023-09-30,2023-10-26,26,3.96,SEK,yahoo_trailing_diluted,Yahoo Finance / trailingDilutedEPS historical timeseries,existing_canonical
SCST.ST,2024-03-31,2024-05-03,33,4.35,SEK,yahoo_trailing_diluted,Yahoo Finance / trailingDilutedEPS historical timeseries,existing_canonical
SCST.ST,2024-06-30,2024-07-17,17,4.32,SEK,yahoo_trailing_diluted,Yahoo Finance / trailingDilutedEPS historical timeseries,existing_canonical
SCST.ST,2024-09-30,,,4.6,SEK,yahoo_trailing_diluted,Yahoo Finance / trailingDilutedEPS historical timeseries,missing
SCST.ST,2024-12-31,2025-02-06,37,4.2,SEK,yahoo_trailing_diluted,Yahoo Finance / trailingDilutedEPS historical timeseries,existing_canonical
SCST.ST,2025-06-30,2025-07-17,17,4.35,SEK,yahoo_trailing_diluted,Yahoo Finance / trailingDilutedEPS historical timeseries,existing_canonical
SCST.ST,2025-09-30,2025-10-23,23,4.750000000000001,SEK,yahoo_reconstructed_diluted_ttm,Yahoo Finance / trailingDilutedEPS reconstructed from quarterlyDilutedEPS,existing_canonical
SCST.ST,2025-12-31,2026-02-05,36,5.61,SEK,yahoo_trailing_diluted,Yahoo Finance / trailingDilutedEPS historical timeseries,existing_canonical
SCST.ST,2026-03-31,2026-04-28,28,6.15,SEK,yahoo_trailing_diluted,Yahoo Finance / trailingDilutedEPS historical timeseries,existing_canonical
SCST.ST,2026-06-30,2026-07-17,17,6.65,SEK,yahoo_trailing_diluted,Yahoo Finance / trailingDilutedEPS historical timeseries,existing_canonical
SEB-A.ST,2023-09-30,2023-10-25,25,17.57,SEK,yahoo_trailing_diluted,Yahoo Finance / trailingDilutedEPS historical timeseries,existing_canonical
SEB-A.ST,2023-12-31,2024-01-25,25,18.06,SEK,yahoo_trailing_diluted,Yahoo Finance / trailingDilutedEPS historical timeseries,existing_canonical
SEB-A.ST,2024-03-31,2024-04-24,24,18.2,SEK,yahoo_trailing_diluted,Yahoo Finance / trailingDilutedEPS historical timeseries,existing_canonical
SEB-A.ST,2024-06-30,2024-07-16,16,18.11,SEK,yahoo_trailing_diluted,Yahoo Finance / trailingDilutedEPS historical timeseries,existing_canonical
SEB-A.ST,2024-09-30,2024-10-24,24,17.67,SEK,yahoo_trailing_diluted,Yahoo Finance / trailingDilutedEPS historical timeseries,existing_canonical
SEB-A.ST,2024-12-31,2025-01-29,29,17.33,SEK,yahoo_trailing_diluted,Yahoo Finance / trailingDilutedEPS historical timeseries,existing_canonical
SEB-A.ST,2025-03-31,2025-04-29,29,16.61,SEK,yahoo_trailing_diluted,Yahoo Finance / trailingDilutedEPS historical timeseries,existing_canonical
SEB-A.ST,2025-06-30,2025-07-16,16,16.16,SEK,yahoo_trailing_diluted,Yahoo Finance / trailingDilutedEPS historical timeseries,existing_canonical
SEB-A.ST,2025-09-30,2025-10-23,23,15.41,SEK,yahoo_reconstructed_diluted_ttm,Yahoo Finance / trailingDilutedEPS reconstructed from quarterlyDilutedEPS,existing_canonical
SEB-A.ST,2025-12-31,2026-01-29,29,15.43,SEK,yahoo_trailing_diluted,Yahoo Finance / trailingDilutedEPS historical timeseries,existing_canonical
SEB-A.ST,2026-03-31,2026-04-29,29,15.38,SEK,yahoo_trailing_diluted,Yahoo Finance / trailingDilutedEPS historical timeseries,existing_canonical
SEB-A.ST,2026-06-30,2026-07-15,15,15.68,SEK,yahoo_trailing_diluted,Yahoo Finance / trailingDilutedEPS historical timeseries,existing_canonical
SECARE.ST,2023-09-30,2023-10-25,25,0.55,SEK,yahoo_trailing_diluted,Yahoo Finance / trailingDilutedEPS historical timeseries,existing_canonical
SECARE.ST,2023-12-31,2024-02-15,46,0.37,SEK,yahoo_trailing_diluted,Yahoo Finance / trailingDilutedEPS historical timeseries,existing_canonical
SECARE.ST,2024-03-31,2024-04-25,25,0.45,SEK,yahoo_trailing_diluted,Yahoo Finance / trailingDilutedEPS historical timeseries,existing_canonical
SECARE.ST,2024-06-30,2024-07-25,25,0.48,SEK,yahoo_trailing_diluted,Yahoo Finance / trailingDilutedEPS historical timeseries,existing_canonical
SECARE.ST,2024-09-30,2024-10-23,23,0.39,SEK,yahoo_trailing_diluted,Yahoo Finance / trailingDilutedEPS historical timeseries,existing_canonical
SECARE.ST,2024-12-31,2025-02-13,44,0.62,SEK,yahoo_trailing_diluted,Yahoo Finance / trailingDilutedEPS historical timeseries,existing_canonical
SECARE.ST,2025-03-31,2025-04-24,24,0.58,SEK,yahoo_trailing_diluted,Yahoo Finance / trailingDilutedEPS historical timeseries,existing_canonical
SECARE.ST,2025-06-30,2025-07-23,23,0.41,SEK,yahoo_trailing_diluted,Yahoo Finance / trailingDilutedEPS historical timeseries,existing_canonical
SECARE.ST,2025-09-30,2025-10-22,22,0.39999999999999997,SEK,yahoo_reconstructed_diluted_ttm,Yahoo Finance / trailingDilutedEPS reconstructed from quarterlyDilutedEPS,existing_canonical
SECARE.ST,2025-12-31,2026-02-12,43,0.35,SEK,yahoo_trailing_diluted,Yahoo Finance / trailingDilutedEPS historical timeseries,existing_canonical
SECARE.ST,2026-03-31,2026-04-23,23,0.31,SEK,yahoo_trailing_diluted,Yahoo Finance / trailingDilutedEPS historical timeseries,existing_canonical
SECARE.ST,2026-06-30,2026-07-22,22,0.5,SEK,yahoo_trailing_diluted,Yahoo Finance / trailingDilutedEPS historical timeseries,existing_canonical
SECT-B.ST,2023-10-31,,,2.28,SEK,yahoo_trailing_diluted,Yahoo Finance / trailingDilutedEPS historical timeseries,missing
SECT-B.ST,2024-01-31,,,2.21,SEK,yahoo_trailing_diluted,Yahoo Finance / trailingDilutedEPS historical timeseries,missing
SECT-B.ST,2024-07-31,,,2.32,SEK,yahoo_trailing_diluted,Yahoo Finance / trailingDilutedEPS historical timeseries,missing
SECT-B.ST,2024-10-31,,,1.99,SEK,yahoo_trailing_diluted,Yahoo Finance / trailingDilutedEPS historical timeseries,missing
SECT-B.ST,2025-01-31,,,3.06,SEK,yahoo_trailing_diluted,Yahoo Finance / trailingDilutedEPS historical timeseries,missing
SECT-B.ST,2025-04-30,,,2.92,SEK,yahoo_trailing_diluted,Yahoo Finance / trailingDilutedEPS historical timeseries,missing
SECT-B.ST,2025-07-31,2025-09-04,35,3.03,SEK,yahoo_trailing_diluted,Yahoo Finance / trailingDilutedEPS historical timeseries,existing_canonical
SECT-B.ST,2025-10-31,2025-12-12,42,3.35,SEK,yahoo_trailing_diluted,Yahoo Finance / trailingDilutedEPS historical timeseries,existing_canonical
SECT-B.ST,2026-01-31,2026-03-06,34,2.79,SEK,yahoo_trailing_diluted,Yahoo Finance / trailingDilutedEPS historical timeseries,existing_canonical
SECT-B.ST,2026-04-30,2026-06-05,36,2.93,SEK,yahoo_trailing_diluted,Yahoo Finance / trailingDilutedEPS historical timeseries,existing_canonical
SECU-B.ST,2023-09-30,2023-11-07,38,2.63,SEK,yahoo_trailing_diluted,Yahoo Finance / trailingDilutedEPS historical timeseries,existing_canonical
SECU-B.ST,2023-12-31,2024-02-07,38,2.24,SEK,yahoo_trailing_diluted,Yahoo Finance / trailingDilutedEPS historical timeseries,existing_canonical
SECU-B.ST,2024-03-31,2024-05-08,38,2.42,SEK,yahoo_trailing_diluted,Yahoo Finance / trailingDilutedEPS historical timeseries,existing_canonical
SECU-B.ST,2024-06-30,2024-07-30,30,2.65,SEK,yahoo_trailing_diluted,Yahoo Finance / trailingDilutedEPS historical timeseries,existing_canonical
SECU-B.ST,2024-09-30,2024-11-06,37,8.26,SEK,yahoo_trailing_diluted,Yahoo Finance / trailingDilutedEPS historical timeseries,existing_canonical
SECU-B.ST,2024-12-31,2025-02-06,37,9.01,SEK,yahoo_trailing_diluted,Yahoo Finance / trailingDilutedEPS historical timeseries,existing_canonical
SECU-B.ST,2025-03-31,2025-05-08,38,9.46,SEK,yahoo_trailing_diluted,Yahoo Finance / trailingDilutedEPS historical timeseries,existing_canonical
SECU-B.ST,2025-06-30,2025-07-30,30,9.75,SEK,yahoo_trailing_diluted,Yahoo Finance / trailingDilutedEPS historical timeseries,existing_canonical
SECU-B.ST,2025-09-30,2025-11-06,37,8.809999999999999,SEK,yahoo_reconstructed_diluted_ttm,Yahoo Finance / trailingDilutedEPS reconstructed from quarterlyDilutedEPS,existing_canonical
SECU-B.ST,2025-12-31,2026-02-04,35,8.93,SEK,yahoo_trailing_diluted,Yahoo Finance / trailingDilutedEPS historical timeseries,existing_canonical
SECU-B.ST,2026-03-31,2026-04-28,28,9.44,SEK,yahoo_trailing_diluted,Yahoo Finance / trailingDilutedEPS historical timeseries,existing_canonical
SECU-B.ST,2026-06-30,2026-07-24,24,9.75,SEK,yahoo_trailing_diluted,Yahoo Finance / trailingDilutedEPS historical timeseries,existing_canonical
SFAST.ST,2023-09-30,,,-1.89,SEK,yahoo_trailing_diluted,Yahoo Finance / trailingDilutedEPS historical timeseries,missing
SFAST.ST,2023-12-31,,,-1.11,SEK,yahoo_trailing_diluted,Yahoo Finance / trailingDilutedEPS historical timeseries,missing
SFAST.ST,2024-03-31,,,-0.64,SEK,yahoo_trailing_diluted,Yahoo Finance / trailingDilutedEPS historical timeseries,missing
SFAST.ST,2024-06-30,,,-0.49,SEK,yahoo_trailing_diluted,Yahoo Finance / trailingDilutedEPS historical timeseries,missing
SFAST.ST,2024-09-30,,,-0.39,SEK,yahoo_trailing_diluted,Yahoo Finance / trailingDilutedEPS historical timeseries,missing
SFAST.ST,2024-12-31,,,0.15,SEK,yahoo_trailing_diluted,Yahoo Finance / trailingDilutedEPS historical timeseries,missing
SFAST.ST,2025-03-31,,,0.47,SEK,yahoo_trailing_diluted,Yahoo Finance / trailingDilutedEPS historical timeseries,missing
SFAST.ST,2025-06-30,,,0.63,SEK,yahoo_trailing_diluted,Yahoo Finance / trailingDilutedEPS historical timeseries,missing
SFAST.ST,2025-09-30,,,0.96,SEK,yahoo_trailing_diluted,Yahoo Finance / trailingDilutedEPS historical timeseries,missing
SFAST.ST,2025-12-31,2026-02-19,50,1.04,SEK,yahoo_trailing_diluted,Yahoo Finance / trailingDilutedEPS historical timeseries,existing_canonical
SFAST.ST,2026-03-31,,,1.34,SEK,yahoo_trailing_diluted,Yahoo Finance / trailingDilutedEPS historical timeseries,missing
SFAST.ST,2026-06-30,2026-08-15,46,1.46,SEK,yahoo_trailing_diluted,Yahoo Finance / trailingDilutedEPS historical timeseries,existing_canonical
SHB-A.ST,2023-09-30,2023-10-18,18,13.96,SEK,yahoo_trailing_diluted,Yahoo Finance / trailingDilutedEPS historical timeseries,existing_canonical
SHB-A.ST,2023-12-31,2024-02-07,38,14.7,SEK,yahoo_trailing_diluted,Yahoo Finance / trailingDilutedEPS historical timeseries,existing_canonical
SHB-A.ST,2024-03-31,2024-04-24,24,14.59,SEK,yahoo_trailing_diluted,Yahoo Finance / trailingDilutedEPS historical timeseries,existing_canonical
SHB-A.ST,2024-06-30,2024-07-17,17,14.436872,SEK,yahoo_trailing_diluted,Yahoo Finance / trailingDilutedEPS historical timeseries,existing_canonical
SHB-A.ST,2024-09-30,2024-10-23,23,14.066921,SEK,yahoo_trailing_diluted,Yahoo Finance / trailingDilutedEPS historical timeseries,existing_canonical
SHB-A.ST,2024-12-31,2025-02-05,36,13.86,SEK,yahoo_trailing_diluted,Yahoo Finance / trailingDilutedEPS historical timeseries,existing_canonical
SHB-A.ST,2025-03-31,2025-04-30,30,13.72,SEK,yahoo_trailing_diluted,Yahoo Finance / trailingDilutedEPS historical timeseries,existing_canonical
SHB-A.ST,2025-06-30,2025-07-16,16,13.05,SEK,yahoo_trailing_diluted,Yahoo Finance / trailingDilutedEPS historical timeseries,existing_canonical
SHB-A.ST,2025-09-30,2025-10-22,22,12.427021,SEK,yahoo_reconstructed_diluted_ttm,Yahoo Finance / trailingDilutedEPS reconstructed from quarterlyDilutedEPS,existing_canonical
SHB-A.ST,2025-12-31,2026-02-04,35,11.98,SEK,yahoo_trailing_diluted,Yahoo Finance / trailingDilutedEPS historical timeseries,existing_canonical
SHB-A.ST,2026-03-31,2026-04-22,22,12.0,SEK,yahoo_trailing_diluted,Yahoo Finance / trailingDilutedEPS historical timeseries,existing_canonical
SHB-A.ST,2026-06-30,2026-07-15,15,11.83,SEK,yahoo_trailing_diluted,Yahoo Finance / trailingDilutedEPS historical timeseries,existing_canonical
SHOT.ST,2023-09-30,2023-10-26,26,2.67,SEK,yahoo_trailing_diluted,Yahoo Finance / trailingDilutedEPS historical timeseries,existing_canonical
SHOT.ST,2023-12-31,2024-02-14,45,2.86,SEK,yahoo_trailing_diluted,Yahoo Finance / trailingDilutedEPS historical timeseries,existing_canonical
SHOT.ST,2024-03-31,2024-04-24,24,2.76,SEK,yahoo_trailing_diluted,Yahoo Finance / trailingDilutedEPS historical timeseries,existing_canonical
SHOT.ST,2024-06-30,2024-07-17,17,2.98,SEK,yahoo_trailing_diluted,Yahoo Finance / trailingDilutedEPS historical timeseries,existing_canonical
SHOT.ST,2024-09-30,2024-10-30,30,2.86,SEK,yahoo_trailing_diluted,Yahoo Finance / trailingDilutedEPS historical timeseries,existing_canonical
SHOT.ST,2024-12-31,2025-02-19,50,3.19,SEK,yahoo_trailing_diluted,Yahoo Finance / trailingDilutedEPS historical timeseries,existing_canonical
SHOT.ST,2025-03-31,2025-04-15,15,3.93,SEK,yahoo_trailing_diluted,Yahoo Finance / trailingDilutedEPS historical timeseries,existing_canonical
SHOT.ST,2025-06-30,2025-07-15,15,3.58,SEK,yahoo_trailing_diluted,Yahoo Finance / trailingDilutedEPS historical timeseries,existing_canonical
SHOT.ST,2025-09-30,2025-10-29,29,3.43,SEK,yahoo_reconstructed_diluted_ttm,Yahoo Finance / trailingDilutedEPS reconstructed from quarterlyDilutedEPS,existing_canonical
SHOT.ST,2025-12-31,2026-02-18,49,2.9,SEK,yahoo_trailing_diluted,Yahoo Finance / trailingDilutedEPS historical timeseries,existing_canonical
SHOT.ST,2026-03-31,2026-04-22,22,2.98,SEK,yahoo_trailing_diluted,Yahoo Finance / trailingDilutedEPS historical timeseries,existing_canonical
SHOT.ST,2026-06-30,2026-07-15,15,3.37,SEK,yahoo_trailing_diluted,Yahoo Finance / trailingDilutedEPS historical timeseries,existing_canonical
SINT.ST,2023-09-30,,,4.87,SEK,yahoo_trailing_diluted,Yahoo Finance / trailingDilutedEPS historical timeseries,missing
SINT.ST,2024-03-31,2024-04-24,24,5.92,SEK,yahoo_trailing_diluted,Yahoo Finance / trailingDilutedEPS historical timeseries,existing_canonical
SINT.ST,2024-06-30,2024-08-21,52,6.53,SEK,yahoo_trailing_diluted,Yahoo Finance / trailingDilutedEPS historical timeseries,existing_canonical
SINT.ST,2024-09-30,2024-11-06,37,5.98,SEK,yahoo_trailing_diluted,Yahoo Finance / trailingDilutedEPS historical timeseries,existing_canonical
SINT.ST,2024-12-31,2025-02-19,50,4.85,SEK,yahoo_trailing_diluted,Yahoo Finance / trailingDilutedEPS historical timeseries,existing_canonical
SINT.ST,2025-03-31,2025-04-30,30,5.06,SEK,yahoo_trailing_diluted,Yahoo Finance / trailingDilutedEPS historical timeseries,existing_canonical
SINT.ST,2025-06-30,2025-08-20,51,4.83,SEK,yahoo_trailing_diluted,Yahoo Finance / trailingDilutedEPS historical timeseries,existing_canonical
SINT.ST,2025-09-30,2025-11-05,36,3.9800000000000004,SEK,yahoo_reconstructed_diluted_ttm,Yahoo Finance / trailingDilutedEPS reconstructed from quarterlyDilutedEPS,existing_canonical
SINT.ST,2025-12-31,2026-02-17,48,3.49,SEK,yahoo_trailing_diluted,Yahoo Finance / trailingDilutedEPS historical timeseries,existing_canonical
SINT.ST,2026-03-31,2026-04-29,29,3.14,SEK,yahoo_trailing_diluted,Yahoo Finance / trailingDilutedEPS historical timeseries,existing_canonical
SINT.ST,2026-06-30,2026-08-23,54,2.71,SEK,yahoo_trailing_diluted,Yahoo Finance / trailingDilutedEPS historical timeseries,existing_canonical
SOBI.ST,2023-09-30,2023-10-30,30,8.843717,SEK,yahoo_trailing_diluted,Yahoo Finance / trailingDilutedEPS historical timeseries,existing_canonical
SOBI.ST,2023-12-31,2024-02-08,39,7.39,SEK,yahoo_trailing_diluted,Yahoo Finance / trailingDilutedEPS historical timeseries,existing_canonical
SOBI.ST,2024-03-31,2024-04-25,25,6.32,SEK,yahoo_trailing_diluted,Yahoo Finance / trailingDilutedEPS historical timeseries,existing_canonical
SOBI.ST,2024-06-30,2024-07-16,16,6.25,SEK,yahoo_trailing_diluted,Yahoo Finance / trailingDilutedEPS historical timeseries,existing_canonical
SOBI.ST,2024-09-30,2024-10-24,24,10.21,SEK,yahoo_trailing_diluted,Yahoo Finance / trailingDilutedEPS historical timeseries,existing_canonical
SOBI.ST,2024-12-31,2025-02-05,36,11.24,SEK,yahoo_trailing_diluted,Yahoo Finance / trailingDilutedEPS historical timeseries,existing_canonical
SOBI.ST,2025-03-31,2025-04-29,29,11.43,SEK,yahoo_trailing_diluted,Yahoo Finance / trailingDilutedEPS historical timeseries,existing_canonical
SOBI.ST,2025-06-30,2025-07-16,16,12.62,SEK,yahoo_trailing_diluted,Yahoo Finance / trailingDilutedEPS historical timeseries,existing_canonical
SOBI.ST,2025-09-30,2025-10-20,20,0.04999999999999982,SEK,yahoo_reconstructed_diluted_ttm,Yahoo Finance / trailingDilutedEPS reconstructed from quarterlyDilutedEPS,existing_canonical
SOBI.ST,2025-12-31,2026-02-05,36,1.37,SEK,yahoo_trailing_diluted,Yahoo Finance / trailingDilutedEPS historical timeseries,existing_canonical
SOBI.ST,2026-03-31,2026-04-28,28,2.62,SEK,yahoo_trailing_diluted,Yahoo Finance / trailingDilutedEPS historical timeseries,existing_canonical
SOBI.ST,2026-06-30,2026-07-16,16,3.92,SEK,yahoo_trailing_diluted,Yahoo Finance / trailingDilutedEPS historical timeseries,existing_canonical
SVED-B.ST,2023-09-30,,,3.6554,SEK,yahoo_trailing_diluted,Yahoo Finance / trailingDilutedEPS historical timeseries,missing
SVED-B.ST,2023-12-31,2024-02-29,60,3.37,SEK,yahoo_trailing_diluted,Yahoo Finance / trailingDilutedEPS historical timeseries,existing_canonical
SVED-B.ST,2024-03-31,2024-04-24,24,3.2,SEK,yahoo_trailing_diluted,Yahoo Finance / trailingDilutedEPS historical timeseries,existing_canonical
SVED-B.ST,2024-06-30,2024-07-18,18,3.07,SEK,yahoo_trailing_diluted,Yahoo Finance / trailingDilutedEPS historical timeseries,existing_canonical
SVED-B.ST,2024-09-30,2024-10-25,25,2.75,SEK,yahoo_trailing_diluted,Yahoo Finance / trailingDilutedEPS historical timeseries,existing_canonical
SVED-B.ST,2025-03-31,2025-04-29,29,3.19,SEK,yahoo_trailing_diluted,Yahoo Finance / trailingDilutedEPS historical timeseries,existing_canonical
SVED-B.ST,2025-06-30,2025-07-18,18,3.41,SEK,yahoo_trailing_diluted,Yahoo Finance / trailingDilutedEPS historical timeseries,existing_canonical
SVED-B.ST,2025-09-30,2025-10-29,29,3.81,SEK,yahoo_reconstructed_diluted_ttm,Yahoo Finance / trailingDilutedEPS reconstructed from quarterlyDilutedEPS,existing_canonical
SVED-B.ST,2025-12-31,2026-02-04,35,4.07,SEK,yahoo_trailing_diluted,Yahoo Finance / trailingDilutedEPS historical timeseries,existing_canonical
SVED-B.ST,2026-03-31,2026-04-23,23,4.21,SEK,yahoo_trailing_diluted,Yahoo Finance / trailingDilutedEPS historical timeseries,existing_canonical
SVED-B.ST,2026-06-30,2026-08-15,46,4.02,SEK,yahoo_trailing_diluted,Yahoo Finance / trailingDilutedEPS historical timeseries,existing_canonical
SWEC-A.ST,2023-09-30,,,4.88,SEK,yahoo_trailing_diluted,Yahoo Finance / trailingDilutedEPS historical timeseries,missing
SWEC-A.ST,2023-12-31,,,4.64,SEK,yahoo_trailing_diluted,Yahoo Finance / trailingDilutedEPS historical timeseries,missing
SWEC-A.ST,2024-03-31,2024-05-16,46,4.45,SEK,yahoo_trailing_diluted,Yahoo Finance / trailingDilutedEPS historical timeseries,existing_canonical
SWEC-A.ST,2024-06-30,2024-07-16,16,4.96,SEK,yahoo_trailing_diluted,Yahoo Finance / trailingDilutedEPS historical timeseries,existing_canonical
SWEC-A.ST,2024-09-30,2024-10-30,30,5.25,SEK,yahoo_trailing_diluted,Yahoo Finance / trailingDilutedEPS historical timeseries,existing_canonical
SWEC-A.ST,2024-12-31,2025-02-07,38,5.75,SEK,yahoo_trailing_diluted,Yahoo Finance / trailingDilutedEPS historical timeseries,existing_canonical
SWEC-A.ST,2025-03-31,2025-04-29,29,5.98,SEK,yahoo_trailing_diluted,Yahoo Finance / trailingDilutedEPS historical timeseries,existing_canonical
SWEC-A.ST,2025-06-30,2025-07-16,16,5.85,SEK,yahoo_trailing_diluted,Yahoo Finance / trailingDilutedEPS historical timeseries,existing_canonical
SWEC-A.ST,2025-09-30,2025-10-29,29,5.970000000000001,SEK,yahoo_reconstructed_diluted_ttm,Yahoo Finance / trailingDilutedEPS reconstructed from quarterlyDilutedEPS,existing_canonical
SWEC-A.ST,2025-12-31,2026-02-11,42,6.16,SEK,yahoo_trailing_diluted,Yahoo Finance / trailingDilutedEPS historical timeseries,existing_canonical
SWEC-A.ST,2026-03-31,2026-04-28,28,6.01,SEK,yahoo_trailing_diluted,Yahoo Finance / trailingDilutedEPS historical timeseries,existing_canonical
SWEC-A.ST,2026-06-30,2026-07-17,17,6.3,SEK,yahoo_trailing_diluted,Yahoo Finance / trailingDilutedEPS historical timeseries,existing_canonical
SWEC-B.ST,2023-09-30,2023-10-27,27,4.88,SEK,yahoo_trailing_diluted,Yahoo Finance / trailingDilutedEPS historical timeseries,existing_canonical
SWEC-B.ST,2023-12-31,2024-02-09,40,4.64,SEK,yahoo_trailing_diluted,Yahoo Finance / trailingDilutedEPS historical timeseries,existing_canonical
SWEC-B.ST,2024-03-31,2024-05-16,46,4.45,SEK,yahoo_trailing_diluted,Yahoo Finance / trailingDilutedEPS historical timeseries,existing_canonical
SWEC-B.ST,2024-06-30,2024-07-16,16,4.96,SEK,yahoo_trailing_diluted,Yahoo Finance / trailingDilutedEPS historical timeseries,existing_canonical
SWEC-B.ST,2024-09-30,2024-10-30,30,5.25,SEK,yahoo_trailing_diluted,Yahoo Finance / trailingDilutedEPS historical timeseries,existing_canonical
SWEC-B.ST,2024-12-31,2025-02-07,38,5.75,SEK,yahoo_trailing_diluted,Yahoo Finance / trailingDilutedEPS historical timeseries,existing_canonical
SWEC-B.ST,2025-03-31,2025-04-29,29,5.98,SEK,yahoo_trailing_diluted,Yahoo Finance / trailingDilutedEPS historical timeseries,existing_canonical
SWEC-B.ST,2025-06-30,2025-07-16,16,5.85,SEK,yahoo_trailing_diluted,Yahoo Finance / trailingDilutedEPS historical timeseries,existing_canonical
SWEC-B.ST,2025-09-30,2025-10-29,29,5.970000000000001,SEK,yahoo_reconstructed_diluted_ttm,Yahoo Finance / trailingDilutedEPS reconstructed from quarterlyDilutedEPS,existing_canonical
SWEC-B.ST,2025-12-31,2026-02-11,42,6.16,SEK,yahoo_trailing_diluted,Yahoo Finance / trailingDilutedEPS historical timeseries,existing_canonical
SWEC-B.ST,2026-03-31,2026-04-28,28,6.01,SEK,yahoo_trailing_diluted,Yahoo Finance / trailingDilutedEPS historical timeseries,existing_canonical
SWEC-B.ST,2026-06-30,2026-07-17,17,6.3,SEK,yahoo_trailing_diluted,Yahoo Finance / trailingDilutedEPS historical timeseries,existing_canonical
SWED-A.ST,2023-09-30,2023-10-26,26,29.38,SEK,yahoo_trailing_diluted,Yahoo Finance / trailingDilutedEPS historical timeseries,existing_canonical
SWED-A.ST,2023-12-31,2024-01-24,24,30.27,SEK,yahoo_trailing_diluted,Yahoo Finance / trailingDilutedEPS historical timeseries,existing_canonical
SWED-A.ST,2024-03-31,2024-04-25,25,31.03,SEK,yahoo_trailing_diluted,Yahoo Finance / trailingDilutedEPS historical timeseries,existing_canonical
SWED-A.ST,2024-06-30,2024-07-16,16,30.55,SEK,yahoo_trailing_diluted,Yahoo Finance / trailingDilutedEPS historical timeseries,existing_canonical
SWED-A.ST,2024-09-30,2024-10-23,23,30.74,SEK,yahoo_trailing_diluted,Yahoo Finance / trailingDilutedEPS historical timeseries,existing_canonical
SWED-A.ST,2024-12-31,2025-01-23,23,30.86,SEK,yahoo_trailing_diluted,Yahoo Finance / trailingDilutedEPS historical timeseries,existing_canonical
SWED-A.ST,2025-03-31,2025-04-29,29,30.65,SEK,yahoo_trailing_diluted,Yahoo Finance / trailingDilutedEPS historical timeseries,existing_canonical
SWED-A.ST,2025-06-30,2025-07-17,17,30.02,SEK,yahoo_trailing_diluted,Yahoo Finance / trailingDilutedEPS historical timeseries,existing_canonical
SWED-A.ST,2025-09-30,2025-10-23,23,29.26,SEK,yahoo_reconstructed_diluted_ttm,Yahoo Finance / trailingDilutedEPS reconstructed from quarterlyDilutedEPS,existing_canonical
SWED-A.ST,2025-12-31,2026-01-29,29,28.98,SEK,yahoo_trailing_diluted,Yahoo Finance / trailingDilutedEPS historical timeseries,existing_canonical
SWED-A.ST,2026-03-31,2026-04-29,29,28.22,SEK,yahoo_trailing_diluted,Yahoo Finance / trailingDilutedEPS historical timeseries,existing_canonical
SWED-A.ST,2026-06-30,2026-07-17,17,27.6,SEK,yahoo_trailing_diluted,Yahoo Finance / trailingDilutedEPS historical timeseries,existing_canonical
SYSR.ST,2023-10-31,2023-12-07,37,6.1,SEK,yahoo_trailing_diluted,Yahoo Finance / trailingDilutedEPS historical timeseries,existing_canonical
SYSR.ST,2024-01-31,2024-03-05,34,5.19,SEK,yahoo_trailing_diluted,Yahoo Finance / trailingDilutedEPS historical timeseries,existing_canonical
SYSR.ST,2024-04-30,2024-06-04,35,3.1,SEK,yahoo_trailing_diluted,Yahoo Finance / trailingDilutedEPS historical timeseries,existing_canonical
SYSR.ST,2024-07-31,2024-08-29,29,2.94,SEK,yahoo_trailing_diluted,Yahoo Finance / trailingDilutedEPS historical timeseries,existing_canonical
SYSR.ST,2024-10-31,2024-12-04,34,2.9,SEK,yahoo_trailing_diluted,Yahoo Finance / trailingDilutedEPS historical timeseries,existing_canonical
SYSR.ST,2025-01-31,2025-03-06,34,3.64,SEK,yahoo_trailing_diluted,Yahoo Finance / trailingDilutedEPS historical timeseries,existing_canonical
SYSR.ST,2025-07-31,2025-08-28,28,3.18,SEK,yahoo_trailing_diluted,Yahoo Finance / trailingDilutedEPS historical timeseries,existing_canonical
SYSR.ST,2025-10-31,2025-12-04,34,3.32,SEK,yahoo_trailing_diluted,Yahoo Finance / trailingDilutedEPS historical timeseries,existing_canonical
SYSR.ST,2026-01-31,2026-03-05,33,3.33,SEK,yahoo_trailing_diluted,Yahoo Finance / trailingDilutedEPS historical timeseries,existing_canonical
SYSR.ST,2026-04-30,2026-06-10,41,3.67,SEK,yahoo_trailing_diluted,Yahoo Finance / trailingDilutedEPS historical timeseries,existing_canonical
TEL2-B.ST,2023-09-30,2023-10-18,18,5.84,SEK,yahoo_trailing_diluted,Yahoo Finance / trailingDilutedEPS historical timeseries,existing_canonical
TEL2-B.ST,2024-03-31,2024-04-18,18,5.35,SEK,yahoo_trailing_diluted,Yahoo Finance / trailingDilutedEPS historical timeseries,existing_canonical
TEL2-B.ST,2024-06-30,2024-07-17,17,5.44,SEK,yahoo_trailing_diluted,Yahoo Finance / trailingDilutedEPS historical timeseries,existing_canonical
TEL2-B.ST,2024-09-30,2024-10-22,22,5.45,SEK,yahoo_trailing_diluted,Yahoo Finance / trailingDilutedEPS historical timeseries,existing_canonical
TEL2-B.ST,2024-12-31,2025-01-28,28,5.56,SEK,yahoo_trailing_diluted,Yahoo Finance / trailingDilutedEPS historical timeseries,existing_canonical
TEL2-B.ST,2025-03-31,2025-04-23,23,5.62,SEK,yahoo_trailing_diluted,Yahoo Finance / trailingDilutedEPS historical timeseries,existing_canonical
TEL2-B.ST,2025-06-30,2025-07-17,17,5.96,SEK,yahoo_trailing_diluted,Yahoo Finance / trailingDilutedEPS historical timeseries,existing_canonical
TEL2-B.ST,2025-09-30,2025-10-21,21,6.21,SEK,yahoo_reconstructed_diluted_ttm,Yahoo Finance / trailingDilutedEPS reconstructed from quarterlyDilutedEPS,existing_canonical
TEL2-B.ST,2025-12-31,2026-01-28,28,6.58,SEK,yahoo_trailing_diluted,Yahoo Finance / trailingDilutedEPS historical timeseries,existing_canonical
TEL2-B.ST,2026-03-31,2026-04-22,22,14.48,SEK,yahoo_trailing_diluted,Yahoo Finance / trailingDilutedEPS historical timeseries,existing_canonical
TEL2-B.ST,2026-06-30,2026-07-16,16,14.5,SEK,yahoo_trailing_diluted,Yahoo Finance / trailingDilutedEPS historical timeseries,existing_canonical
THULE.ST,2023-09-30,2023-10-27,27,10.08,SEK,yahoo_trailing_diluted,Yahoo Finance / trailingDilutedEPS historical timeseries,existing_canonical
THULE.ST,2024-03-31,2024-04-26,26,10.65,SEK,yahoo_trailing_diluted,Yahoo Finance / trailingDilutedEPS historical timeseries,existing_canonical
THULE.ST,2024-06-30,2024-07-17,17,10.79,SEK,yahoo_trailing_diluted,Yahoo Finance / trailingDilutedEPS historical timeseries,existing_canonical
THULE.ST,2024-09-30,2024-10-23,23,11.17,SEK,yahoo_trailing_diluted,Yahoo Finance / trailingDilutedEPS historical timeseries,existing_canonical
THULE.ST,2024-12-31,2025-02-07,38,10.59,SEK,yahoo_trailing_diluted,Yahoo Finance / trailingDilutedEPS historical timeseries,existing_canonical
THULE.ST,2025-03-31,2025-04-28,28,10.22,SEK,yahoo_trailing_diluted,Yahoo Finance / trailingDilutedEPS historical timeseries,existing_canonical
THULE.ST,2025-06-30,2025-07-15,15,9.69,SEK,yahoo_trailing_diluted,Yahoo Finance / trailingDilutedEPS historical timeseries,existing_canonical
THULE.ST,2025-09-30,2025-10-22,22,9.780000000000001,SEK,yahoo_reconstructed_diluted_ttm,Yahoo Finance / trailingDilutedEPS reconstructed from quarterlyDilutedEPS,existing_canonical
THULE.ST,2025-12-31,2026-02-10,41,10.33,SEK,yahoo_trailing_diluted,Yahoo Finance / trailingDilutedEPS historical timeseries,existing_canonical
THULE.ST,2026-03-31,2026-04-29,29,10.58,SEK,yahoo_trailing_diluted,Yahoo Finance / trailingDilutedEPS historical timeseries,existing_canonical
THULE.ST,2026-06-30,2026-07-20,20,10.8,SEK,yahoo_trailing_diluted,Yahoo Finance / trailingDilutedEPS historical timeseries,existing_canonical
TREL-B.ST,2023-09-30,2023-10-26,26,41.5,SEK,yahoo_trailing_diluted,Yahoo Finance / trailingDilutedEPS historical timeseries,existing_canonical
TREL-B.ST,2024-03-31,2024-04-24,24,38.97,SEK,yahoo_trailing_diluted,Yahoo Finance / trailingDilutedEPS historical timeseries,existing_canonical
TREL-B.ST,2024-06-30,2024-07-18,18,15.44,SEK,yahoo_trailing_diluted,Yahoo Finance / trailingDilutedEPS historical timeseries,existing_canonical
TREL-B.ST,2024-09-30,2024-10-24,24,15.14,SEK,yahoo_trailing_diluted,Yahoo Finance / trailingDilutedEPS historical timeseries,existing_canonical
TREL-B.ST,2024-12-31,2025-01-28,28,40.24,SEK,yahoo_trailing_diluted,Yahoo Finance / trailingDilutedEPS historical timeseries,existing_canonical
TREL-B.ST,2025-03-31,2025-04-24,24,40.26,SEK,yahoo_trailing_diluted,Yahoo Finance / trailingDilutedEPS historical timeseries,existing_canonical
TREL-B.ST,2025-06-30,2025-07-17,17,15.64,SEK,yahoo_trailing_diluted,Yahoo Finance / trailingDilutedEPS historical timeseries,existing_canonical
TREL-B.ST,2025-09-30,2025-10-24,24,16.04,SEK,yahoo_reconstructed_diluted_ttm,Yahoo Finance / trailingDilutedEPS reconstructed from quarterlyDilutedEPS,existing_canonical
TREL-B.ST,2025-12-31,2026-01-29,29,15.76,SEK,yahoo_trailing_diluted,Yahoo Finance / trailingDilutedEPS historical timeseries,existing_canonical
TREL-B.ST,2026-03-31,2026-04-23,23,16.03,SEK,yahoo_trailing_diluted,Yahoo Finance / trailingDilutedEPS historical timeseries,existing_canonical
TREL-B.ST,2026-06-30,2026-07-16,16,16.85,SEK,yahoo_trailing_diluted,Yahoo Finance / trailingDilutedEPS historical timeseries,existing_canonical
VBG-B.ST,2023-09-30,2023-10-24,24,21.19,SEK,yahoo_trailing_diluted,Yahoo Finance / trailingDilutedEPS historical timeseries,existing_canonical
VBG-B.ST,2023-12-31,2024-02-20,51,22.74,SEK,yahoo_trailing_diluted,Yahoo Finance / trailingDilutedEPS historical timeseries,existing_canonical
VBG-B.ST,2024-03-31,2024-04-25,25,24.89,SEK,yahoo_trailing_diluted,Yahoo Finance / trailingDilutedEPS historical timeseries,existing_canonical
VBG-B.ST,2024-06-30,2024-07-19,19,26.07,SEK,yahoo_trailing_diluted,Yahoo Finance / trailingDilutedEPS historical timeseries,existing_canonical
VBG-B.ST,2024-09-30,2024-10-23,23,24.21,SEK,yahoo_trailing_diluted,Yahoo Finance / trailingDilutedEPS historical timeseries,existing_canonical
VBG-B.ST,2024-12-31,2025-02-19,50,23.52,SEK,yahoo_trailing_diluted,Yahoo Finance / trailingDilutedEPS historical timeseries,existing_canonical
VBG-B.ST,2025-03-31,2025-04-28,28,20.27,SEK,yahoo_trailing_diluted,Yahoo Finance / trailingDilutedEPS historical timeseries,existing_canonical
VBG-B.ST,2025-06-30,2025-07-17,17,17.56,SEK,yahoo_trailing_diluted,Yahoo Finance / trailingDilutedEPS historical timeseries,existing_canonical
VBG-B.ST,2025-09-30,2025-10-28,28,16.459999999999997,SEK,yahoo_reconstructed_diluted_ttm,Yahoo Finance / trailingDilutedEPS reconstructed from quarterlyDilutedEPS,existing_canonical
VBG-B.ST,2025-12-31,2026-02-18,49,16.88,SEK,yahoo_trailing_diluted,Yahoo Finance / trailingDilutedEPS historical timeseries,existing_canonical
VBG-B.ST,2026-03-31,2026-04-27,27,16.83,SEK,yahoo_trailing_diluted,Yahoo Finance / trailingDilutedEPS historical timeseries,existing_canonical
VBG-B.ST,2026-06-30,2026-07-17,17,16.41,SEK,yahoo_trailing_diluted,Yahoo Finance / trailingDilutedEPS historical timeseries,existing_canonical
VIT-B.ST,2023-09-30,2023-10-19,19,8.75,SEK,yahoo_trailing_diluted,Yahoo Finance / trailingDilutedEPS historical timeseries,existing_canonical
VIT-B.ST,2024-03-31,2024-04-18,18,9.28,SEK,yahoo_trailing_diluted,Yahoo Finance / trailingDilutedEPS historical timeseries,existing_canonical
VIT-B.ST,2024-06-30,2024-07-12,12,9.87,SEK,yahoo_trailing_diluted,Yahoo Finance / trailingDilutedEPS historical timeseries,existing_canonical
VIT-B.ST,2024-09-30,2024-10-17,17,10.47,SEK,yahoo_trailing_diluted,Yahoo Finance / trailingDilutedEPS historical timeseries,existing_canonical
VIT-B.ST,2025-03-31,2025-04-23,23,10.56,SEK,yahoo_trailing_diluted,Yahoo Finance / trailingDilutedEPS historical timeseries,existing_canonical
VIT-B.ST,2025-06-30,2025-07-11,11,10.03,SEK,yahoo_trailing_diluted,Yahoo Finance / trailingDilutedEPS historical timeseries,existing_canonical
VIT-B.ST,2025-09-30,2025-10-16,16,9.98,SEK,yahoo_reconstructed_diluted_ttm,Yahoo Finance / trailingDilutedEPS reconstructed from quarterlyDilutedEPS,existing_canonical
VIT-B.ST,2025-12-31,2026-02-06,37,10.96,SEK,yahoo_trailing_diluted,Yahoo Finance / trailingDilutedEPS historical timeseries,existing_canonical
VIT-B.ST,2026-03-31,2026-04-23,23,11.36,SEK,yahoo_trailing_diluted,Yahoo Finance / trailingDilutedEPS historical timeseries,existing_canonical
VIT-B.ST,2026-06-30,2026-07-14,14,11.7,SEK,yahoo_trailing_diluted,Yahoo Finance / trailingDilutedEPS historical timeseries,existing_canonical
VITR.ST,2023-09-30,2023-10-27,27,2.97,SEK,yahoo_trailing_diluted,Yahoo Finance / trailingDilutedEPS historical timeseries,existing_canonical
VITR.ST,2023-12-31,2024-02-02,33,-28.44,SEK,yahoo_trailing_diluted,Yahoo Finance / trailingDilutedEPS historical timeseries,existing_canonical
VITR.ST,2024-03-31,2024-04-18,18,-28.33,SEK,yahoo_trailing_diluted,Yahoo Finance / trailingDilutedEPS historical timeseries,existing_canonical
VITR.ST,2024-06-30,2024-07-17,17,-28.05,SEK,yahoo_trailing_diluted,Yahoo Finance / trailingDilutedEPS historical timeseries,existing_canonical
VITR.ST,2024-09-30,2024-10-24,24,-28.1,SEK,yahoo_trailing_diluted,Yahoo Finance / trailingDilutedEPS historical timeseries,existing_canonical
VITR.ST,2025-03-31,2025-04-24,24,3.67,SEK,yahoo_trailing_diluted,Yahoo Finance / trailingDilutedEPS historical timeseries,existing_canonical
VITR.ST,2025-06-30,2025-07-17,17,3.35,SEK,yahoo_trailing_diluted,Yahoo Finance / trailingDilutedEPS historical timeseries,existing_canonical
VITR.ST,2025-09-30,,,3.250000000000004,SEK,yahoo_reconstructed_diluted_ttm,Yahoo Finance / trailingDilutedEPS reconstructed from quarterlyDilutedEPS,missing
VITR.ST,2025-12-31,2026-02-03,34,-37.01,SEK,yahoo_trailing_diluted,Yahoo Finance / trailingDilutedEPS historical timeseries,existing_canonical
VITR.ST,2026-03-31,2026-04-23,23,-37.01,SEK,yahoo_trailing_diluted,Yahoo Finance / trailingDilutedEPS historical timeseries,existing_canonical
VITR.ST,2026-06-30,2026-07-16,16,-36.8,SEK,yahoo_trailing_diluted,Yahoo Finance / trailingDilutedEPS historical timeseries,existing_canonical
VIVA.ST,2023-09-30,,,1.71,SEK,yahoo_trailing_diluted,Yahoo Finance / trailingDilutedEPS historical timeseries,missing
VIVA.ST,2023-12-31,2024-02-22,53,1.19,SEK,yahoo_trailing_diluted,Yahoo Finance / trailingDilutedEPS historical timeseries,existing_canonical
VIVA.ST,2024-06-30,2024-08-28,59,1.25,SEK,yahoo_trailing_diluted,Yahoo Finance / trailingDilutedEPS historical timeseries,existing_canonical
VIVA.ST,2024-09-30,2024-11-20,51,1.32,SEK,yahoo_trailing_diluted,Yahoo Finance / trailingDilutedEPS historical timeseries,existing_canonical
VIVA.ST,2024-12-31,2025-02-20,51,1.92,SEK,yahoo_trailing_diluted,Yahoo Finance / trailingDilutedEPS historical timeseries,existing_canonical
VIVA.ST,2025-03-31,2025-05-15,45,1.72,SEK,yahoo_trailing_diluted,Yahoo Finance / trailingDilutedEPS historical timeseries,existing_canonical
VIVA.ST,2025-06-30,2025-08-28,59,1.84,SEK,yahoo_trailing_diluted,Yahoo Finance / trailingDilutedEPS historical timeseries,existing_canonical
VIVA.ST,2025-09-30,2025-11-20,51,1.94,SEK,yahoo_trailing_diluted,Yahoo Finance / trailingDilutedEPS historical timeseries,existing_canonical
VIVA.ST,2025-12-31,2026-02-19,50,2.32,SEK,yahoo_trailing_diluted,Yahoo Finance / trailingDilutedEPS historical timeseries,existing_canonical
VIVA.ST,2026-03-31,,,2.37,SEK,yahoo_trailing_diluted,Yahoo Finance / trailingDilutedEPS historical timeseries,missing
VIVA.ST,2026-06-30,2026-08-23,54,2.32,SEK,yahoo_trailing_diluted,Yahoo Finance / trailingDilutedEPS historical timeseries,existing_canonical
VOLV-A.ST,2023-09-30,,,21.83,SEK,yahoo_trailing_diluted,Yahoo Finance / trailingDilutedEPS historical timeseries,missing
VOLV-A.ST,2023-12-31,,,24.5,SEK,yahoo_trailing_diluted,Yahoo Finance / trailingDilutedEPS historical timeseries,missing
VOLV-A.ST,2024-03-31,,,25.07,SEK,yahoo_trailing_diluted,Yahoo Finance / trailingDilutedEPS historical timeseries,missing
VOLV-A.ST,2024-06-30,,,27.42,SEK,yahoo_trailing_diluted,Yahoo Finance / trailingDilutedEPS historical timeseries,missing
VOLV-A.ST,2024-09-30,,,25.42,SEK,yahoo_trailing_diluted,Yahoo Finance / trailingDilutedEPS historical timeseries,missing
VOLV-A.ST,2024-12-31,,,24.78,SEK,yahoo_trailing_diluted,Yahoo Finance / trailingDilutedEPS historical timeseries,missing
VOLV-A.ST,2025-03-31,,,22.72,SEK,yahoo_trailing_diluted,Yahoo Finance / trailingDilutedEPS historical timeseries,missing
VOLV-A.ST,2025-06-30,,,18.72,SEK,yahoo_trailing_diluted,Yahoo Finance / trailingDilutedEPS historical timeseries,missing
VOLV-A.ST,2025-09-30,,,17.490000000000002,SEK,yahoo_reconstructed_diluted_ttm,Yahoo Finance / trailingDilutedEPS reconstructed from quarterlyDilutedEPS,missing
VOLV-A.ST,2025-12-31,,,16.94,SEK,yahoo_trailing_diluted,Yahoo Finance / trailingDilutedEPS historical timeseries,missing
VOLV-A.ST,2026-03-31,,,16.17,SEK,yahoo_trailing_diluted,Yahoo Finance / trailingDilutedEPS historical timeseries,missing
VOLV-A.ST,2026-06-30,,,17.62,SEK,yahoo_trailing_diluted,Yahoo Finance / trailingDilutedEPS historical timeseries,missing
WALL-B.ST,2023-09-30,2023-10-20,20,-2.6,SEK,yahoo_trailing_diluted,Yahoo Finance / trailingDilutedEPS historical timeseries,existing_canonical
WALL-B.ST,2024-03-31,2024-04-24,24,-0.3,SEK,yahoo_trailing_diluted,Yahoo Finance / trailingDilutedEPS historical timeseries,existing_canonical
WALL-B.ST,2024-06-30,2024-07-08,8,0.2,SEK,yahoo_trailing_diluted,Yahoo Finance / trailingDilutedEPS historical timeseries,existing_canonical
WALL-B.ST,2024-09-30,2024-10-22,22,-0.6,SEK,yahoo_trailing_diluted,Yahoo Finance / trailingDilutedEPS historical timeseries,existing_canonical
WALL-B.ST,2024-12-31,2025-02-06,37,1.2,SEK,yahoo_trailing_diluted,Yahoo Finance / trailingDilutedEPS historical timeseries,existing_canonical
WALL-B.ST,2025-03-31,2025-04-28,28,1.6,SEK,yahoo_trailing_diluted,Yahoo Finance / trailingDilutedEPS historical timeseries,existing_canonical
WALL-B.ST,2025-06-30,2025-07-07,7,1.5,SEK,yahoo_trailing_diluted,Yahoo Finance / trailingDilutedEPS historical timeseries,existing_canonical
WALL-B.ST,2025-09-30,2025-10-21,21,2.9,SEK,yahoo_reconstructed_diluted_ttm,Yahoo Finance / trailingDilutedEPS reconstructed from quarterlyDilutedEPS,existing_canonical
WALL-B.ST,2025-12-31,2026-02-05,36,4.0,SEK,yahoo_trailing_diluted,Yahoo Finance / trailingDilutedEPS historical timeseries,existing_canonical
WALL-B.ST,2026-03-31,,,3.8,SEK,yahoo_reconstructed_diluted_ttm,Yahoo Finance / trailingDilutedEPS reconstructed from quarterlyDilutedEPS,missing
WALL-B.ST,2026-06-30,2026-07-06,6,4.1,SEK,yahoo_trailing_diluted,Yahoo Finance / trailingDilutedEPS historical timeseries,existing_canonical
WIHL.ST,2023-09-30,2023-10-24,24,1.99,SEK,yahoo_trailing_diluted,Yahoo Finance / trailingDilutedEPS historical timeseries,existing_canonical
WIHL.ST,2024-03-31,2024-04-23,23,0.21,SEK,yahoo_trailing_diluted,Yahoo Finance / trailingDilutedEPS historical timeseries,existing_canonical
WIHL.ST,2024-06-30,2024-07-08,8,0.15,SEK,yahoo_trailing_diluted,Yahoo Finance / trailingDilutedEPS historical timeseries,existing_canonical
WIHL.ST,2024-09-30,2024-10-24,24,1.61,SEK,yahoo_trailing_diluted,Yahoo Finance / trailingDilutedEPS historical timeseries,existing_canonical
WIHL.ST,2024-12-31,2025-02-11,42,5.55,SEK,yahoo_trailing_diluted,Yahoo Finance / trailingDilutedEPS historical timeseries,existing_canonical
WIHL.ST,2025-03-31,2025-04-28,28,5.82,SEK,yahoo_trailing_diluted,Yahoo Finance / trailingDilutedEPS historical timeseries,existing_canonical
WIHL.ST,2025-06-30,2025-07-07,7,6.15,SEK,yahoo_trailing_diluted,Yahoo Finance / trailingDilutedEPS historical timeseries,existing_canonical
WIHL.ST,2025-09-30,2025-10-23,23,7.26,SEK,yahoo_reconstructed_diluted_ttm,Yahoo Finance / trailingDilutedEPS reconstructed from quarterlyDilutedEPS,existing_canonical
WIHL.ST,2025-12-31,,,7.22,SEK,yahoo_trailing_diluted,Yahoo Finance / trailingDilutedEPS historical timeseries,missing
WIHL.ST,2026-03-31,,,7.6,SEK,yahoo_trailing_diluted,Yahoo Finance / trailingDilutedEPS historical timeseries,missing
WIHL.ST,2026-06-30,2026-08-15,46,7.11,SEK,yahoo_trailing_diluted,Yahoo Finance / trailingDilutedEPS historical timeseries,existing_canonical
ZZ-B.ST,2023-09-30,2023-11-16,47,4.29,SEK,yahoo_trailing_diluted,Yahoo Finance / trailingDilutedEPS historical timeseries,existing_canonical
ZZ-B.ST,2023-12-31,2024-02-27,58,4.73,SEK,yahoo_trailing_diluted,Yahoo Finance / trailingDilutedEPS historical timeseries,existing_canonical
ZZ-B.ST,2024-06-30,2024-08-30,61,5.08,SEK,yahoo_trailing_diluted,Yahoo Finance / trailingDilutedEPS historical timeseries,existing_canonical
ZZ-B.ST,2024-09-30,,,4.68,SEK,yahoo_trailing_diluted,Yahoo Finance / trailingDilutedEPS historical timeseries,missing
ZZ-B.ST,2024-12-31,,,4.59,SEK,yahoo_trailing_diluted,Yahoo Finance / trailingDilutedEPS historical timeseries,missing
ZZ-B.ST,2025-03-31,2025-05-20,50,5.12,SEK,yahoo_trailing_diluted,Yahoo Finance / trailingDilutedEPS historical timeseries,existing_canonical
ZZ-B.ST,2025-09-30,2025-11-19,50,6.54,SEK,yahoo_trailing_diluted,Yahoo Finance / trailingDilutedEPS historical timeseries,existing_canonical
ZZ-B.ST,2025-12-31,,,8.64,SEK,yahoo_trailing_diluted,Yahoo Finance / trailingDilutedEPS historical timeseries,missing
ZZ-B.ST,2026-03-31,,,9.85,SEK,yahoo_trailing_diluted,Yahoo Finance / trailingDilutedEPS historical timeseries,missing
