date,open,high,low,close,volume,ticker,ma200
2026-08-14,196.0,196.5,193.3999938964844,193.5,624989.0,AAK.ST,245.05699920654297
2026-08-17,193.1000061035156,193.3999938964844,191.1999969482422,191.3000030517578,629821.0,AAK.ST,244.6424991607666
2026-08-18,191.5,193.1999969482422,190.6999969482422,191.8000030517578,566447.0,AAK.ST,244.23949920654297
2026-08-19,191.5,192.6999969482422,190.6000061035156,191.8000030517578,616403.0,AAK.ST,243.8424991607666
2026-08-20,192.6000061035156,194.3000030517578,191.0,194.3000030517578,550447.0,AAK.ST,243.47699920654296
2026-08-21,194.3000030517578,196.5,193.3999938964844,196.3000030517578,463312.0,AAK.ST,243.12349922180175
2026-08-24,196.1000061035156,199.0,195.0,198.0,629993.0,AAK.ST,242.78649925231935
2026-08-25,197.3000030517578,198.8000030517578,196.1000061035156,196.3999938964844,908513.0,AAK.ST,242.42149925231934
2026-08-26,196.3999938964844,197.5,195.8999938964844,196.6999969482422,357174.0,AAK.ST,242.0759992980957
2026-08-27,196.5,197.1999969482422,195.6999969482422,196.1999969482422,285244.0,AAK.ST,241.73299934387208
2026-08-28,196.5,199.1999969482422,196.5,199.0,636463.0,AAK.ST,241.41399940490723
2026-08-31,199.1999969482422,200.0,198.5,198.8999938964844,612250.0,AAK.ST,241.08549934387207
2026-09-01,198.8999938964844,203.5,197.8000030517578,202.8000030517578,761745.0,AAK.ST,240.77649932861328
2026-09-02,202.8000030517578,204.6000061035156,202.1999969482422,204.0,620728.0,AAK.ST,240.43549926757814
2026-09-03,204.0,207.3999938964844,203.1999969482422,204.6000061035156,588514.0,AAK.ST,240.08949935913085
2026-09-04,204.0,208.0,204.0,207.3999938964844,577783.0,AAK.ST,239.78149932861328
2026-09-07,206.6000061035156,207.6000061035156,204.3999938964844,204.6000061035156,547086.0,AAK.ST,239.47049942016602
2026-09-08,205.1999969482422,208.6000061035156,205.0,207.0,625508.0,AAK.ST,239.19049942016602
2026-09-09,205.8000030517578,208.0,205.1999969482422,205.3999938964844,417239.0,AAK.ST,238.92249938964844
2026-09-10,205.3999938964844,206.3999938964844,204.0,204.3999938964844,651427.0,AAK.ST,238.63149932861327
2026-09-11,205.1999969482422,205.3999938964844,199.6999969482422,200.1999969482422,534014.0,AAK.ST,238.34649925231935
2026-09-14,201.0,204.0,200.6000061035156,203.1999969482422,410418.0,AAK.ST,238.06749923706056
2026-09-15,202.60000610351562,202.60000610351562,198.0,198.60000610351562,684294.0,AAK.ST,237.75649932861327
2026-09-16,198.6999969482422,201.1999969482422,198.1999969482422,199.60000610351562,654405.0,AAK.ST,237.4334992980957
2026-09-17,200.39999389648438,201.60000610351562,197.1999969482422,197.1999969482422,485257.0,AAK.ST,237.0874993133545
2026-09-18,196.8000030517578,196.8000030517578,185.1999969482422,185.1999969482422,2971651.0,AAK.ST,236.68149932861328
2026-09-21,186.8000030517578,187.5,184.39999389648438,185.8000030517578,1075497.0,AAK.ST,236.2824993133545
2026-09-22,184.5,187.6999969482422,181.1999969482422,185.89999389648438,977892.0,AAK.ST,235.88399925231934
2026-09-23,186.39999389648438,186.39999389648438,180.5,182.0,956715.0,AAK.ST,235.47199928283692
2026-08-14,981.5999755859376,981.5999755859376,968.7999877929688,971.5999755859376,266887.0,ABB.ST,834.5225000000002
2026-08-17,975.5999755859376,984.4000244140624,973.5999755859376,974.2000122070312,237546.0,ABB.ST,835.9075000000001
2026-08-18,969.0,970.0,939.4000244140624,946.7999877929688,403937.0,ABB.ST,837.1335000610353
2026-08-19,947.0,961.2000122070312,939.4000244140624,949.0,422287.0,ABB.ST,838.361499938965
2026-08-20,946.4000244140624,954.0,943.0,943.7999877929688,215505.0,ABB.ST,839.5794998168947
2026-08-21,942.7999877929688,957.2000122070312,940.2000122070312,946.2000122070312,303897.0,ABB.ST,840.7884997558596
2026-08-24,943.0,949.4000244140624,920.0,924.5999755859376,502070.0,ABB.ST,841.8844995117189
2026-08-25,931.7999877929688,948.4000244140624,931.0,938.2000122070312,555343.0,ABB.ST,843.0924996948244
2026-08-26,938.2000122070312,945.5999755859376,932.2000122070312,941.7999877929688,316730.0,ABB.ST,844.3624996948244
2026-08-27,946.0,954.0,934.7999877929688,938.4000244140624,384272.0,ABB.ST,845.6424996948243
2026-08-28,938.2000122070312,956.4000244140624,934.0,947.2000122070312,344225.0,ABB.ST,847.0244998168947
2026-08-31,949.2000122070312,951.0,932.7999877929688,934.5999755859376,613494.0,ABB.ST,848.3574996948244
2026-09-01,933.4000244140624,939.0,913.7999877929688,919.7999877929688,455306.0,ABB.ST,849.5934997558595
2026-09-02,919.7999877929688,924.2000122070312,909.7999877929688,915.5999755859376,409540.0,ABB.ST,850.7894995117189
2026-09-03,916.5999755859376,922.2000122070312,903.5999755859376,912.0,514408.0,ABB.ST,851.9434994506837
2026-09-04,912.0,919.4000244140624,906.5999755859376,916.0,418271.0,ABB.ST,853.1954995727541
2026-09-07,920.0,940.5999755859376,919.0,935.4000244140624,271696.0,ABB.ST,854.5144998168947
2026-09-08,936.2000122070312,960.0,933.0,958.4000244140624,432554.0,ABB.ST,855.9485000610352
2026-09-09,953.7999877929688,958.2000122070312,927.5999755859376,927.5999755859376,448712.0,ABB.ST,857.3754998779299
2026-09-10,931.2000122070312,935.4000244140624,919.4000244140624,926.5999755859376,266069.0,ABB.ST,858.7754998779299
2026-09-11,932.4000244140624,941.5999755859376,927.0,933.7999877929688,242718.0,ABB.ST,860.1494998168947
2026-09-14,915.2000122070312,921.0,896.5999755859375,902.7999877929688,777387.0,ABB.ST,861.4274996948244
2026-09-15,906.5999755859375,917.5999755859375,898.4000244140625,915.4000244140625,570999.0,ABB.ST,862.7044998168947
2026-09-16,923.0,937.2000122070312,911.5999755859375,934.5999755859375,463635.0,ABB.ST,864.0874996948244
2026-09-17,937.0,954.5999755859375,936.4000244140625,948.4000244140625,409445.0,ABB.ST,865.4754998779298
2026-09-18,943.4000244140625,966.0,942.2000122070312,962.5999755859375,553415.0,ABB.ST,866.9134997558596
2026-09-21,974.5999755859375,987.4000244140625,970.0,984.5999755859375,424313.0,ABB.ST,868.4294995117189
2026-09-22,989.0,1000.0,988.5999755859375,999.4000244140625,403253.0,ABB.ST,870.0574996948244
2026-09-23,1000.0,1004.5,988.4000244140625,993.2000122070312,296231.0,ABB.ST,871.6434997558595
2026-08-17,344.0,344.0,337.20001220703125,338.0,261957.0,ADDT-B.ST,324.87899948120116
2026-08-18,337.0,338.79998779296875,334.79998779296875,336.20001220703125,245699.0,ADDT-B.ST,324.8969995117188
2026-08-19,337.0,337.20001220703125,333.0,335.3999938964844,246390.0,ADDT-B.ST,324.9309994506836
2026-08-20,335.0,337.20001220703125,333.6000061035156,335.0,230911.0,ADDT-B.ST,324.97799942016604
2026-08-21,335.0,339.79998779296875,334.6000061035156,337.79998779296875,350463.0,ADDT-B.ST,325.04399932861327
2026-08-24,337.79998779296875,341.79998779296875,336.0,338.6000061035156,297365.0,ADDT-B.ST,325.1269993591309
2026-08-25,340.3999938964844,343.79998779296875,339.0,342.3999938964844,224909.0,ADDT-B.ST,325.2569993591309
2026-08-26,340.6000061035156,345.0,340.0,342.6000061035156,364593.0,ADDT-B.ST,325.39499938964843
2026-08-27,340.6000061035156,340.6000061035156,336.6000061035156,337.79998779296875,286175.0,ADDT-B.ST,325.4779992675781
2026-08-28,338.79998779296875,343.6000061035156,338.79998779296875,342.0,319679.0,ADDT-B.ST,325.6279992675781
2026-08-31,342.0,342.79998779296875,337.0,338.20001220703125,616822.0,ADDT-B.ST,325.76499938964844
2026-09-01,337.20001220703125,339.0,330.6000061035156,330.6000061035156,498297.0,ADDT-B.ST,325.82199935913087
2026-09-02,329.79998779296875,333.79998779296875,327.20001220703125,328.20001220703125,575039.0,ADDT-B.ST,325.8389994812012
2026-09-03,329.20001220703125,333.3999938964844,328.20001220703125,331.6000061035156,280818.0,ADDT-B.ST,325.86199951171875
2026-09-04,331.6000061035156,332.79998779296875,326.79998779296875,330.3999938964844,284662.0,ADDT-B.ST,325.93699951171874
2026-09-07,332.79998779296875,337.20001220703125,331.6000061035156,333.3999938964844,392174.0,ADDT-B.ST,326.03499954223633
2026-09-08,332.79998779296875,334.20001220703125,330.6000061035156,332.6000061035156,403097.0,ADDT-B.ST,326.1349995422363
2026-09-09,332.20001220703125,332.20001220703125,320.3999938964844,327.0,507360.0,ADDT-B.ST,326.25199951171874
2026-09-10,326.79998779296875,327.79998779296875,324.20001220703125,324.79998779296875,303814.0,ADDT-B.ST,326.33399948120115
2026-09-11,325.3999938964844,326.79998779296875,321.6000061035156,325.6000061035156,277168.0,ADDT-B.ST,326.4209994506836
2026-09-14,323.20001220703125,325.79998779296875,318.20001220703125,319.6000061035156,322642.0,ADDT-B.ST,326.4809994506836
2026-09-15,318.3999938964844,320.79998779296875,313.79998779296875,320.79998779296875,420619.0,ADDT-B.ST,326.53699935913085
2026-09-16,322.0,326.3999938964844,320.79998779296875,325.3999938964844,347657.0,ADDT-B.ST,326.6009992980957
2026-09-17,327.0,332.3999938964844,327.0,330.0,374762.0,ADDT-B.ST,326.67699935913083
2026-09-18,330.0,334.0,327.20001220703125,327.20001220703125,798283.0,ADDT-B.ST,326.7189994812012
2026-09-21,332.20001220703125,337.79998779296875,330.6000061035156,336.0,331550.0,ADDT-B.ST,326.77699951171877
2026-09-22,336.20001220703125,344.3999938964844,336.0,344.3999938964844,434553.0,ADDT-B.ST,326.8709994506836
2026-09-23,345.0,346.20001220703125,341.6000061035156,342.20001220703125,302820.0,ADDT-B.ST,326.97199951171876
2026-08-17,128.0,129.1999969482422,125.1999969482422,125.1999969482422,29200.0,ALIG.ST,125.33700008392334
2026-08-18,125.0,125.1999969482422,122.4000015258789,122.5999984741211,56155.0,ALIG.ST,125.21200004577636
2026-08-19,122.5999984741211,123.0,121.1999969482422,121.4000015258789,26089.0,ALIG.ST,125.09600002288818
2026-08-20,121.8000030517578,123.4000015258789,120.8000030517578,122.8000030517578,36490.0,ALIG.ST,124.9970000076294
2026-08-21,122.8000030517578,126.8000030517578,122.8000030517578,125.1999969482422,39288.0,ALIG.ST,124.924999961853
2026-08-24,125.4000015258789,126.1999969482422,123.4000015258789,124.0,61139.0,ALIG.ST,124.84199993133544
2026-08-25,124.4000015258789,130.39999389648438,124.4000015258789,128.8000030517578,54932.0,ALIG.ST,124.77799991607664
2026-08-26,128.8000030517578,132.39999389648438,128.0,131.60000610351562,101563.0,ALIG.ST,124.73699993133543
2026-08-27,132.8000030517578,133.0,130.0,130.60000610351562,128227.0,ALIG.ST,124.6939999771118
2026-08-28,130.60000610351562,133.39999389648438,130.39999389648438,132.60000610351562,57783.0,ALIG.ST,124.66299999237059
2026-08-31,133.0,134.1999969482422,130.39999389648438,130.39999389648438,110646.0,ALIG.ST,124.62799999237059
2026-09-01,131.60000610351562,131.60000610351562,127.0,127.1999969482422,40187.0,ALIG.ST,124.57599994659422
2026-09-02,127.8000030517578,127.8000030517578,125.5999984741211,125.8000030517578,59464.0,ALIG.ST,124.51299999237058
2026-09-03,126.5999984741211,128.60000610351562,125.5999984741211,127.5999984741211,41982.0,ALIG.ST,124.46299995422362
2026-09-04,127.5999984741211,129.1999969482422,127.5999984741211,128.39999389648438,28093.0,ALIG.ST,124.42199989318846
2026-09-07,129.1999969482422,129.1999969482422,127.0,127.5999984741211,46300.0,ALIG.ST,124.38099987030027
2026-09-08,127.5999984741211,130.0,126.4000015258789,126.5999984741211,78909.0,ALIG.ST,124.32899986267088
2026-09-09,126.1999969482422,127.1999969482422,125.5999984741211,126.0,38837.0,ALIG.ST,124.2849998474121
2026-09-10,125.8000030517578,126.8000030517578,123.1999969482422,123.1999969482422,77365.0,ALIG.ST,124.21499984741209
2026-09-11,123.5999984741211,125.4000015258789,122.8000030517578,125.0,28995.0,ALIG.ST,124.14999984741209
2026-09-14,125.0,126.0,121.0,121.1999969482422,42081.0,ALIG.ST,124.06199981689451
2026-09-15,121.0,122.19999694824219,119.19999694824219,121.80000305175781,32264.0,ALIG.ST,123.96799980163573
2026-09-16,121.0,123.80000305175781,121.0,123.5999984741211,59516.0,ALIG.ST,123.87599979400633
2026-09-17,123.19999694824219,124.5999984741211,121.19999694824219,121.19999694824219,48652.0,ALIG.ST,123.74999980926512
2026-09-18,121.4000015258789,123.19999694824219,120.5999984741211,120.5999984741211,40635.0,ALIG.ST,123.61799980163572
2026-09-21,121.19999694824219,122.5999984741211,120.80000305175781,120.80000305175781,37026.0,ALIG.ST,123.49199981689452
2026-09-22,120.80000305175781,123.80000305175781,120.80000305175781,123.0,34340.0,ALIG.ST,123.38699981689452
2026-09-23,120.5999984741211,123.80000305175781,119.5999984741211,121.5999984741211,31535.0,ALIG.ST,123.27399982452391
2026-08-17,1160.0,1160.0,1147.0,1147.0,35808.0,ALIV-SDB.ST,1113.055
2026-08-18,1147.0,1155.0,1140.0,1152.0,26401.0,ALIV-SDB.ST,1113.325
2026-08-19,1147.0,1160.0,1140.0,1151.0,27663.0,ALIV-SDB.ST,1113.575
2026-08-20,1150.0,1156.0,1136.0,1148.0,68072.0,ALIV-SDB.ST,1113.79
2026-08-21,1150.0,1186.0,1150.0,1184.0,42924.0,ALIV-SDB.ST,1114.205
2026-08-24,1183.0,1195.0,1171.0,1175.0,47242.0,ALIV-SDB.ST,1114.58
2026-08-25,1181.0,1182.0,1169.0,1171.0,154609.0,ALIV-SDB.ST,1114.81
2026-08-26,1172.0,1181.0,1168.0,1170.0,40883.0,ALIV-SDB.ST,1114.93
2026-08-27,1163.0,1167.0,1149.0,1164.0,49660.0,ALIV-SDB.ST,1115.0
2026-08-28,1168.0,1184.0,1165.0,1173.0,55240.0,ALIV-SDB.ST,1115.15
2026-08-31,1173.0,1178.0,1167.0,1170.0,39208.0,ALIV-SDB.ST,1115.26
2026-09-01,1158.0,1171.0,1146.0,1148.0,70070.0,ALIV-SDB.ST,1115.185
2026-09-02,1149.0,1156.0,1134.0,1152.0,45017.0,ALIV-SDB.ST,1115.125
2026-09-03,1160.0,1196.0,1160.0,1187.0,51945.0,ALIV-SDB.ST,1115.19
2026-09-04,1188.0,1198.0,1185.0,1194.0,36676.0,ALIV-SDB.ST,1115.335
2026-09-07,1193.0,1205.0,1192.0,1200.0,22113.0,ALIV-SDB.ST,1115.655
2026-09-08,1195.0,1200.0,1135.0,1137.0,99235.0,ALIV-SDB.ST,1115.7
2026-09-09,1149.0,1166.0,1147.0,1151.0,79997.0,ALIV-SDB.ST,1115.865
2026-09-10,1147.0,1162.0,1144.0,1162.0,35807.0,ALIV-SDB.ST,1116.1
2026-09-11,1169.0,1193.0,1169.0,1175.0,41247.0,ALIV-SDB.ST,1116.63
2026-09-14,1175.0,1178.0,1162.0,1162.0,29976.0,ALIV-SDB.ST,1116.98
2026-09-15,1160.0,1160.0,1143.0,1143.0,33814.0,ALIV-SDB.ST,1117.15
2026-09-16,1143.0,1151.0,1135.0,1140.0,32134.0,ALIV-SDB.ST,1117.265
2026-09-17,1146.0,1156.0,1139.0,1149.0,105326.0,ALIV-SDB.ST,1117.355
2026-09-18,1150.0,1161.0,1144.0,1144.0,33716.0,ALIV-SDB.ST,1117.455
2026-09-21,1150.0,1162.0,1146.0,1153.0,36295.0,ALIV-SDB.ST,1117.59
2026-09-22,1155.0,1170.0,1148.0,1163.0,67415.0,ALIV-SDB.ST,1117.795
2026-09-23,1167.0,1171.0,1124.0,1150.0,121800.0,ALIV-SDB.ST,1118.03
2026-08-17,118.3000030517578,119.8000030517578,117.0999984741211,118.5999984741211,148856.0,ALLEI.ST,86.89474994659423
2026-08-18,118.5999984741211,118.8000030517578,115.5999984741211,115.6999969482422,146666.0,ALLEI.ST,87.05999992370606
2026-08-19,116.0,118.0999984741211,115.0,116.1999969482422,138860.0,ALLEI.ST,87.22224990844727
2026-08-20,116.5,116.5,112.0,113.0999984741211,212368.0,ALLEI.ST,87.37099990844726
2026-08-21,113.5999984741211,115.4000015258789,113.0,114.1999969482422,137649.0,ALLEI.ST,87.52249988555909
2026-08-24,114.8000030517578,116.6999969482422,114.1999969482422,115.1999969482422,190161.0,ALLEI.ST,87.6869998550415
2026-08-25,115.5,116.3000030517578,115.0,115.4000015258789,113130.0,ALLEI.ST,87.8507498550415
2026-08-26,115.6999969482422,119.1999969482422,115.6999969482422,117.3000030517578,483817.0,ALLEI.ST,88.03374988555908
2026-08-27,117.5,121.9000015258789,117.3000030517578,121.9000015258789,342204.0,ALLEI.ST,88.24624988555908
2026-08-28,121.4000015258789,122.5999984741211,120.4000015258789,120.5999984741211,202687.0,ALLEI.ST,88.45724987030029
2026-08-31,120.5999984741211,122.9000015258789,119.9000015258789,122.4000015258789,338123.0,ALLEI.ST,88.67574989318848
2026-09-01,122.1999969482422,122.4000015258789,119.5999984741211,120.3000030517578,303404.0,ALLEI.ST,88.87849990844727
2026-09-02,120.0,120.3000030517578,118.0,118.4000015258789,273494.0,ALLEI.ST,89.05899990081787
2026-09-03,118.8000030517578,121.5,118.4000015258789,119.0,253928.0,ALLEI.ST,89.24524990081787
2026-09-04,118.8000030517578,119.5999984741211,117.0999984741211,118.5,250766.0,ALLEI.ST,89.43174991607665
2026-09-07,118.9000015258789,119.0999984741211,117.5999984741211,117.5999984741211,131192.0,ALLEI.ST,89.61524990081787
2026-09-08,117.5999984741211,119.0999984741211,116.5,117.0,187792.0,ALLEI.ST,89.79749988555908
2026-09-09,117.0,118.0,116.0999984741211,116.0999984741211,190563.0,ALLEI.ST,89.9822498703003
2026-09-10,116.9000015258789,117.4000015258789,113.9000015258789,114.3000030517578,286555.0,ALLEI.ST,90.15374988555908
2026-09-11,114.6999969482422,116.9000015258789,113.6999969482422,114.0,191876.0,ALLEI.ST,90.31874988555909
2026-09-14,113.5,114.1999969482422,111.0,111.0,251248.0,ALLEI.ST,90.47649990081787
2026-09-15,110.9000015258789,114.4000015258789,110.5,114.0,344114.0,ALLEI.ST,90.63899990081786
2026-09-16,114.0,116.0999984741211,113.9000015258789,115.5999984741211,179158.0,ALLEI.ST,90.80424987792969
2026-09-17,115.69999694824219,118.19999694824219,115.69999694824219,117.69999694824219,102028.0,ALLEI.ST,90.9782498550415
2026-09-18,117.69999694824219,117.69999694824219,114.0999984741211,114.0999984741211,399496.0,ALLEI.ST,91.13874984741211
2026-09-21,114.19999694824219,118.0999984741211,113.80000305175781,116.19999694824219,178604.0,ALLEI.ST,91.31024982452392
2026-09-22,116.19999694824219,118.80000305175781,116.0999984741211,118.0999984741211,120249.0,ALLEI.ST,91.48799980163574
2026-09-23,118.19999694824219,118.5999984741211,115.9000015258789,117.0999984741211,108327.0,ALLEI.ST,91.66349979400634
2026-08-17,40.34999847412109,40.5,38.95000076293945,39.45000076293945,353040.0,ANOD-B.ST,68.60549995422365
2026-08-18,39.400001525878906,41.70000076293945,39.150001525878906,40.650001525878906,851671.0,ANOD-B.ST,68.24174995422364
2026-08-19,40.5,41.5,39.54999923706055,41.45000076293945,382507.0,ANOD-B.ST,67.88799997329713
2026-08-20,41.400001525878906,42.0,40.45000076293945,41.95000076293945,320567.0,ANOD-B.ST,67.54874996185303
2026-08-21,41.900001525878906,42.20000076293945,41.54999923706055,41.70000076293945,213052.0,ANOD-B.ST,67.21024995803833
2026-08-24,41.5,42.79999923706055,41.0,42.650001525878906,385301.0,ANOD-B.ST,66.86849996566774
2026-08-25,42.54999923706055,43.75,42.20000076293945,43.59999847412109,381400.0,ANOD-B.ST,66.53749994277955
2026-08-26,43.54999923706055,43.70000076293945,42.70000076293945,43.650001525878906,303237.0,ANOD-B.ST,66.21674993515016
2026-08-27,43.650001525878906,45.75,43.650001525878906,45.650001525878906,527331.0,ANOD-B.ST,65.91399995803835
2026-08-28,45.650001525878906,46.150001525878906,45.0,45.54999923706055,511691.0,ANOD-B.ST,65.62374996185304
2026-08-31,45.34999847412109,46.25,44.95000076293945,46.25,4808136.0,ANOD-B.ST,65.34599994659425
2026-09-01,46.29999923706055,46.650001525878906,45.59999847412109,46.29999923706055,547278.0,ANOD-B.ST,65.06249994277955
2026-09-02,46.09999847412109,47.84999847412109,45.59999847412109,47.75,465177.0,ANOD-B.ST,64.77924993515016
2026-09-03,47.70000076293945,48.95000076293945,46.84999847412109,48.20000076293945,776032.0,ANOD-B.ST,64.49524993896485
2026-09-04,48.20000076293945,48.75,47.25,48.25,732838.0,ANOD-B.ST,64.22049995422364
2026-09-07,47.900001525878906,49.25,47.25,48.20000076293945,493380.0,ANOD-B.ST,63.94749994277955
2026-09-08,48.20000076293945,50.0,47.5,48.59999847412109,896092.0,ANOD-B.ST,63.69149991989136
2026-09-09,48.20000076293945,48.79999923706055,47.29999923706055,47.45000076293945,442133.0,ANOD-B.ST,63.440249938964854
2026-09-10,47.79999923706055,47.79999923706055,46.70000076293945,47.150001525878906,622889.0,ANOD-B.ST,63.18499996185304
2026-09-11,47.150001525878906,48.5,46.79999923706055,48.45000076293945,246414.0,ANOD-B.ST,62.934749965667734
2026-09-14,49.04999923706055,50.09999847412109,47.84999847412109,48.04999923706055,398743.0,ANOD-B.ST,62.67949996948243
2026-09-15,47.900001525878906,47.900001525878906,45.70000076293945,47.29999923706055,450952.0,ANOD-B.ST,62.41399995803834
2026-09-16,47.29999923706055,47.54999923706055,46.0,47.5,609229.0,ANOD-B.ST,62.149499950408945
2026-09-17,47.75,50.20000076293945,47.650001525878906,50.099998474121094,539528.0,ANOD-B.ST,61.90349992752076
2026-09-18,49.900001525878906,50.0,48.45000076293945,48.45000076293945,1026376.0,ANOD-B.ST,61.64574993133546
2026-09-21,49.5,50.79999923706055,48.95000076293945,49.79999923706055,563557.0,ANOD-B.ST,61.40174993515016
2026-09-22,49.599998474121094,50.5,48.150001525878906,48.650001525878906,456788.0,ANOD-B.ST,61.14749994277955
2026-09-23,48.900001525878906,51.0,48.70000076293945,50.79999923706055,416464.0,ANOD-B.ST,60.90799995422364
2026-08-17,27.600000381469727,27.920000076293945,27.239999771118164,27.65999984741211,141227.0,ARJO-B.ST,27.522499961853033
2026-08-18,27.57999992370605,28.3799991607666,27.57999992370605,28.26000022888184,262437.0,ARJO-B.ST,27.509899959564212
2026-08-19,28.200000762939453,28.420000076293945,28.0,28.26000022888184,157105.0,ARJO-B.ST,27.49929996490479
2026-08-20,28.34000015258789,28.700000762939453,28.200000762939453,28.700000762939453,318735.0,ARJO-B.ST,27.4905999660492
2026-08-21,28.5,28.57999992370605,28.100000381469727,28.459999084472656,247089.0,ARJO-B.ST,27.480399961471562
2026-08-24,28.520000457763672,28.6200008392334,28.13999938964844,28.13999938964844,198984.0,ARJO-B.ST,27.470099954605107
2026-08-25,28.13999938964844,28.600000381469727,28.100000381469727,28.3799991607666,276897.0,ARJO-B.ST,27.46169995307923
2026-08-26,28.3799991607666,28.39999961853028,27.920000076293945,28.07999992370605,188190.0,ARJO-B.ST,27.447699956893924
2026-08-27,28.07999992370605,28.07999992370605,27.81999969482422,28.059999465942383,252890.0,ARJO-B.ST,27.433099956512457
2026-08-28,28.0,28.36000061035156,28.0,28.26000022888184,137126.0,ARJO-B.ST,27.420099954605107
2026-08-31,28.3799991607666,28.440000534057617,27.959999084472656,28.100000381469727,291832.0,ARJO-B.ST,27.406799955368047
2026-09-01,28.100000381469727,29.600000381469727,28.100000381469727,29.36000061035156,724390.0,ARJO-B.ST,27.401099958419806
2026-09-02,29.36000061035156,29.3799991607666,28.76000022888184,29.100000381469727,358390.0,ARJO-B.ST,27.390799961090092
2026-09-03,28.84000015258789,29.57999992370605,28.71999931335449,28.780000686645508,279480.0,ARJO-B.ST,27.378699960708623
2026-09-04,28.84000015258789,28.959999084472656,28.420000076293945,28.700000762939453,429457.0,ARJO-B.ST,27.365799961090094
2026-09-07,28.700000762939453,28.89999961853028,28.3799991607666,28.3799991607666,400284.0,ARJO-B.ST,27.353799953460697
2026-09-08,28.3799991607666,28.3799991607666,27.739999771118164,27.739999771118164,255638.0,ARJO-B.ST,27.33929995536805
2026-09-09,27.479999542236328,28.0,27.459999084472656,28.0,226859.0,ARJO-B.ST,27.328599958419804
2026-09-10,27.5,28.07999992370605,27.5,27.780000686645508,260264.0,ARJO-B.ST,27.313999958038334
2026-09-11,27.920000076293945,27.940000534057617,27.5,27.559999465942383,104092.0,ARJO-B.ST,27.296499958038336
2026-09-14,27.5,28.020000457763672,27.5,27.76000022888184,117360.0,ARJO-B.ST,27.280599956512457
2026-09-15,27.899999618530273,28.059999465942383,27.479999542236328,28.059999465942383,299677.0,ARJO-B.ST,27.263399953842168
2026-09-16,27.920000076293945,28.579999923706055,27.84000015258789,28.31999969482422,324630.0,ARJO-B.ST,27.247199954986577
2026-09-17,28.399999618530273,28.559999465942383,27.979999542236328,28.299999237060547,644736.0,ARJO-B.ST,27.228099956512455
2026-09-18,28.299999237060547,28.459999084472656,27.920000076293945,28.020000457763672,360422.0,ARJO-B.ST,27.206599960327154
2026-09-21,28.0,28.68000030517578,28.0,28.520000457763672,277359.0,ARJO-B.ST,27.18849996566773
2026-09-22,28.479999542236328,28.899999618530273,28.360000610351562,28.899999618530273,268795.0,ARJO-B.ST,27.171599969863895
2026-09-23,28.739999771118164,29.020000457763672,28.65999984741211,28.81999969482422,197694.0,ARJO-B.ST,27.15549996376038
2026-08-17,356.1000061035156,356.6000061035156,351.5,351.8999938964844,909552.0,ASSA-B.ST,353.8454998779296
2026-08-18,350.0,350.79998779296875,344.29998779296875,346.70001220703125,1120813.0,ASSA-B.ST,353.7659999084472
2026-08-19,346.6000061035156,349.8999938964844,345.1000061035156,348.8999938964844,1146619.0,ASSA-B.ST,353.69699981689445
2026-08-20,347.8999938964844,353.5,347.5,352.3999938964844,1190232.0,ASSA-B.ST,353.65199981689443
2026-08-21,354.20001220703125,355.6000061035156,352.6000061035156,354.3999938964844,1270344.0,ASSA-B.ST,353.61949981689446
2026-08-24,354.29998779296875,355.20001220703125,350.70001220703125,350.70001220703125,808046.0,ASSA-B.ST,353.57949981689444
2026-08-25,351.6000061035156,354.5,350.29998779296875,353.0,1006230.0,ASSA-B.ST,353.5484997558594
2026-08-26,352.0,358.20001220703125,352.0,355.70001220703125,1359705.0,ASSA-B.ST,353.54449981689453
2026-08-27,355.6000061035156,356.79998779296875,352.6000061035156,356.6000061035156,1115828.0,ASSA-B.ST,353.5449998474121
2026-08-28,356.79998779296875,360.6000061035156,356.79998779296875,357.20001220703125,1373738.0,ASSA-B.ST,353.55149993896487
2026-08-31,357.20001220703125,360.7000122070313,356.5,357.20001220703125,1695611.0,ASSA-B.ST,353.56149993896486
2026-09-01,355.5,357.3999938964844,351.5,351.5,1642359.0,ASSA-B.ST,353.55449996948244
2026-09-02,351.0,351.5,345.5,350.5,1118262.0,ASSA-B.ST,353.5144999694824
2026-09-03,350.1000061035156,353.8999938964844,348.8999938964844,350.70001220703125,1362434.0,ASSA-B.ST,353.45900009155275
2026-09-04,351.3999938964844,353.5,349.70001220703125,352.20001220703125,926597.0,ASSA-B.ST,353.4375001525879
2026-09-07,352.0,354.20001220703125,351.0,351.0,690239.0,ASSA-B.ST,353.41400009155274
2026-09-08,349.6000061035156,354.79998779296875,349.20001220703125,354.0,581362.0,ASSA-B.ST,353.42600006103515
2026-09-09,351.29998779296875,352.8999938964844,339.70001220703125,341.70001220703125,3283208.0,ASSA-B.ST,353.41850006103516
2026-09-10,342.70001220703125,345.1000061035156,340.3999938964844,341.29998779296875,983376.0,ASSA-B.ST,353.39800003051755
2026-09-11,340.6000061035156,342.5,337.70001220703125,341.1000061035156,1291245.0,ASSA-B.ST,353.3690000915527
2026-09-14,338.79998779296875,343.5,338.29998779296875,341.6000061035156,1307014.0,ASSA-B.ST,353.33550018310547
2026-09-15,340.5,344.1000061035156,335.70001220703125,344.1000061035156,1890908.0,ASSA-B.ST,353.2945002746582
2026-09-16,344.1000061035156,347.70001220703125,343.79998779296875,343.79998779296875,1459191.0,ASSA-B.ST,353.24000015258787
2026-09-17,346.3999938964844,348.70001220703125,343.29998779296875,346.1000061035156,2097102.0,ASSA-B.ST,353.1870001220703
2026-09-18,349.5,352.3999938964844,347.1000061035156,347.79998779296875,2485570.0,ASSA-B.ST,353.13300003051756
2026-09-21,350.0,355.79998779296875,349.70001220703125,354.70001220703125,1407831.0,ASSA-B.ST,353.11350006103515
2026-09-22,355.0,361.1000061035156,354.5,359.29998779296875,1673250.0,ASSA-B.ST,353.1275
2026-09-23,360.8999938964844,361.5,355.79998779296875,357.1000061035156,1035928.0,ASSA-B.ST,353.14550003051755
2026-08-17,209.5,209.8000030517578,206.6999969482422,207.8000030517578,2702757.0,ATCO-A.ST,180.06500022888184
2026-08-18,205.5,205.8999938964844,202.0,202.3000030517578,3507225.0,ATCO-A.ST,180.22500022888184
2026-08-19,202.3000030517578,203.1000061035156,198.8000030517578,200.1999969482422,4178482.0,ATCO-A.ST,180.39250022888183
2026-08-20,200.0,201.6999969482422,199.3999938964844,201.1999969482422,4010711.0,ATCO-A.ST,180.57500022888183
2026-08-21,202.1000061035156,205.6000061035156,201.3000030517578,204.6999969482422,2878291.0,ATCO-A.ST,180.77375022888182
2026-08-24,204.0,206.1999969482422,203.0,203.3999938964844,2226452.0,ATCO-A.ST,180.99000022888183
2026-08-25,205.5,207.1999969482422,204.1000061035156,204.1000061035156,3394632.0,ATCO-A.ST,181.21675025939942
2026-08-26,204.6999969482422,208.8000030517578,204.3000030517578,206.6000061035156,4053943.0,ATCO-A.ST,181.4632502746582
2026-08-27,207.1000061035156,209.6999969482422,206.6000061035156,208.5,4018956.0,ATCO-A.ST,181.71250030517578
2026-08-28,208.3000030517578,209.8999938964844,206.8999938964844,207.8999938964844,4593291.0,ATCO-A.ST,181.968500289917
2026-08-31,207.3000030517578,208.1000061035156,205.3000030517578,206.0,5879983.0,ATCO-A.ST,182.22150032043456
2026-09-01,206.0,206.6000061035156,198.4499969482422,199.5,5377020.0,ATCO-A.ST,182.432250289917
2026-09-02,198.1999969482422,199.8999938964844,197.1000061035156,198.6499938964844,3836923.0,ATCO-A.ST,182.627250289917
2026-09-03,198.5500030517578,201.8999938964844,197.8999938964844,200.6000061035156,4050701.0,ATCO-A.ST,182.82550033569336
2026-09-04,201.1000061035156,202.1000061035156,200.0,201.8000030517578,2072707.0,ATCO-A.ST,183.04700035095215
2026-09-07,202.1000061035156,206.6999969482422,202.1000061035156,205.6999969482422,2312793.0,ATCO-A.ST,183.30050033569336
2026-09-08,205.5,209.1999969482422,204.8999938964844,208.8000030517578,3070654.0,ATCO-A.ST,183.57650032043458
2026-09-09,207.0,208.0,202.8000030517578,204.1000061035156,3589582.0,ATCO-A.ST,183.84525032043456
2026-09-10,204.1000061035156,205.1999969482422,200.1999969482422,201.5,2997181.0,ATCO-A.ST,184.09650032043456
2026-09-11,202.1999969482422,204.8999938964844,201.1000061035156,202.8000030517578,2556224.0,ATCO-A.ST,184.34525032043456
2026-09-14,200.0,200.5,191.8500061035156,193.25,4937704.0,ATCO-A.ST,184.547250289917
2026-09-15,193.5,194.6999969482422,190.8000030517578,193.25,3838978.0,ATCO-A.ST,184.74525032043456
2026-09-16,195.0,196.39999389648438,194.1999969482422,195.75,3536168.0,ATCO-A.ST,184.93925033569337
2026-09-17,196.64999389648438,199.6999969482422,196.3000030517578,199.14999389648438,4070310.0,ATCO-A.ST,185.15375030517578
2026-09-18,199.14999389648438,200.89999389648438,196.3000030517578,197.1999969482422,6959345.0,ATCO-A.ST,185.34650032043456
2026-09-21,199.4499969482422,202.6999969482422,199.25,202.0,2956015.0,ATCO-A.ST,185.55550033569335
2026-09-22,202.60000610351562,210.60000610351562,202.60000610351562,209.0,4604692.0,ATCO-A.ST,185.79325035095215
2026-09-23,209.60000610351562,210.5,205.3000030517578,207.10000610351562,2305110.0,ATCO-A.ST,186.02275039672853
2026-08-17,181.1999969482422,182.3000030517578,180.1999969482422,180.5500030517578,804926.0,ATCO-B.ST,158.89674987792966
2026-08-18,179.1999969482422,179.25,176.3000030517578,176.85000610351562,1082169.0,ATCO-B.ST,159.02324989318845
2026-08-19,176.85000610351562,177.35000610351562,173.6999969482422,174.5,934828.0,ATCO-B.ST,159.16074989318847
2026-08-20,174.5,176.0,174.14999389648438,175.5,747423.0,ATCO-B.ST,159.31099990844726
2026-08-21,175.75,179.25,175.75,178.0500030517578,918474.0,ATCO-B.ST,159.47274993896482
2026-08-24,177.5500030517578,179.25,176.9499969482422,176.9499969482422,751455.0,ATCO-B.ST,159.64374992370603
2026-08-25,178.0,180.6000061035156,177.9499969482422,178.35000610351562,1200023.0,ATCO-B.ST,159.82999992370603
2026-08-26,178.4499969482422,181.8999938964844,178.39999389648438,179.89999389648438,1150653.0,ATCO-B.ST,160.02999992370604
2026-08-27,180.25,182.8500061035156,179.9499969482422,181.3500061035156,1115347.0,ATCO-B.ST,160.2317499542236
2026-08-28,181.6999969482422,183.1000061035156,180.6000061035156,181.0,847852.0,ATCO-B.ST,160.43749992370604
2026-08-31,180.8000030517578,181.0,178.10000610351562,178.39999389648438,3623033.0,ATCO-B.ST,160.63749992370603
2026-09-01,178.5,179.3000030517578,172.89999389648438,173.10000610351562,1563733.0,ATCO-B.ST,160.80249992370602
2026-09-02,172.5,173.9499969482422,171.5500030517578,172.3000030517578,958568.0,ATCO-B.ST,160.94974990844725
2026-09-03,172.5500030517578,175.35000610351562,172.1999969482422,174.6999969482422,1077877.0,ATCO-B.ST,161.10349990844725
2026-09-04,174.6999969482422,175.9499969482422,174.0500030517578,175.9499969482422,939514.0,ATCO-B.ST,161.27824989318844
2026-09-07,175.8000030517578,179.85000610351562,175.6999969482422,178.85000610351562,1138508.0,ATCO-B.ST,161.47699989318846
2026-09-08,179.35000610351562,181.3500061035156,178.14999389648438,180.6999969482422,1710161.0,ATCO-B.ST,161.68824989318847
2026-09-09,179.14999389648438,180.25,175.9499969482422,176.6999969482422,1226471.0,ATCO-B.ST,161.89299987792967
2026-09-10,176.75,178.25,173.75,174.5500030517578,986771.0,ATCO-B.ST,162.08249992370602
2026-09-11,175.0,177.5500030517578,174.3000030517578,175.14999389648438,1590581.0,ATCO-B.ST,162.27074989318845
2026-09-14,173.14999389648438,173.5,167.0500030517578,168.35000610351562,1732409.0,ATCO-B.ST,162.42574989318845
2026-09-15,169.0,169.89999389648438,166.5,168.85000610351562,1501629.0,ATCO-B.ST,162.5802499389648
2026-09-16,169.85000610351562,171.14999389648438,169.64999389648438,170.14999389648438,1589967.0,ATCO-B.ST,162.72074989318847
2026-09-17,170.39999389648438,173.3000030517578,170.39999389648438,172.4499969482422,1467011.0,ATCO-B.ST,162.87749984741208
2026-09-18,172.25,173.9499969482422,170.10000610351562,171.0500030517578,2254783.0,ATCO-B.ST,163.01674987792967
2026-09-21,173.14999389648438,176.1999969482422,172.9499969482422,175.5,1158872.0,ATCO-B.ST,163.17274986267088
2026-09-22,176.0500030517578,182.9499969482422,176.0500030517578,182.0,1429594.0,ATCO-B.ST,163.3577498626709
2026-09-23,182.3000030517578,183.25,178.5,180.0,849066.0,ATCO-B.ST,163.53499984741208
2026-08-17,26.200000762939453,26.200000762939453,25.700000762939453,25.89999961853028,3541819.0,ATRLJ-B.ST,30.677800016403204
2026-08-18,25.89999961853028,26.100000381469727,25.64999961853028,25.950000762939453,168797.0,ATRLJ-B.ST,30.630900011062625
2026-08-19,25.950000762939453,25.950000762939453,25.5,25.850000381469727,271333.0,ATRLJ-B.ST,30.586625003814703
2026-08-20,25.850000381469727,26.0,25.600000381469727,25.700000762939453,201933.0,ATRLJ-B.ST,30.541800003051762
2026-08-21,25.700000762939453,26.100000381469727,25.549999237060547,25.850000381469727,192770.0,ATRLJ-B.ST,30.497600011825565
2026-08-24,25.799999237060547,25.950000762939453,25.600000381469727,25.75,280506.0,ATRLJ-B.ST,30.4550500202179
2026-08-25,25.75,26.049999237060547,25.549999237060547,25.700000762939453,170542.0,ATRLJ-B.ST,30.413450021743778
2026-08-26,25.700000762939453,25.75,25.450000762939453,25.549999237060547,274492.0,ATRLJ-B.ST,30.37265002250672
2026-08-27,25.600000381469727,25.799999237060547,25.39999961853028,25.600000381469727,637988.0,ATRLJ-B.ST,30.3331000328064
2026-08-28,25.600000381469727,26.25,25.450000762939453,25.75,283015.0,ATRLJ-B.ST,30.292775039672858
2026-08-31,25.75,25.75,25.0,25.100000381469727,1065837.0,ATRLJ-B.ST,30.24920004844666
2026-09-01,25.299999237060547,25.450000762939453,24.950000762939453,25.350000381469727,439229.0,ATRLJ-B.ST,30.210450057983405
2026-09-02,25.100000381469727,25.350000381469727,25.0,25.200000762939453,317974.0,ATRLJ-B.ST,30.170950069427494
2026-09-03,25.14999961853028,25.799999237060547,25.14999961853028,25.600000381469727,880642.0,ATRLJ-B.ST,30.132500066757206
2026-09-04,25.600000381469727,26.0,25.39999961853028,25.850000381469727,392683.0,ATRLJ-B.ST,30.094600067138675
2026-09-07,26.0,26.0,25.5,25.850000381469727,254785.0,ATRLJ-B.ST,30.05772507667542
2026-09-08,25.850000381469727,25.850000381469727,25.5,25.600000381469727,222534.0,ATRLJ-B.ST,30.0188000869751
2026-09-09,25.600000381469727,25.64999961853028,25.25,25.299999237060547,244216.0,ATRLJ-B.ST,29.980925083160404
2026-09-10,25.299999237060547,25.549999237060547,24.850000381469727,24.850000381469727,415561.0,ATRLJ-B.ST,29.940350084304814
2026-09-11,24.89999961853028,25.100000381469727,24.799999237060547,25.049999237060547,189094.0,ATRLJ-B.ST,29.9030000782013
2026-09-14,24.950000762939453,25.049999237060547,24.549999237060547,24.600000381469727,193659.0,ATRLJ-B.ST,29.861050071716313
2026-09-15,24.549999237060547,24.649999618530273,24.049999237060547,24.149999618530273,455459.0,ATRLJ-B.ST,29.81567507743836
2026-09-16,24.200000762939453,24.600000381469727,24.200000762939453,24.5,318029.0,ATRLJ-B.ST,29.771575078964236
2026-09-17,24.950000762939453,25.350000381469727,24.700000762939453,25.049999237060547,434081.0,ATRLJ-B.ST,29.728150072097783
2026-09-18,25.200000762939453,25.25,24.799999237060547,24.850000381469727,552627.0,ATRLJ-B.ST,29.682325077056888
2026-09-21,24.850000381469727,25.299999237060547,24.600000381469727,25.149999618530273,723119.0,ATRLJ-B.ST,29.640650072097785
2026-09-22,25.350000381469727,25.350000381469727,24.950000762939453,25.049999237060547,1321712.0,ATRLJ-B.ST,29.59955006599427
2026-09-23,24.799999237060547,25.25,24.399999618530273,24.5,339275.0,ATRLJ-B.ST,29.55677506446839
2026-08-17,109.5999984741211,111.4000015258789,107.9000015258789,111.4000015258789,202401.0,ATT.ST,99.32174991607666
2026-08-18,111.0,112.5999984741211,110.9000015258789,112.4000015258789,184406.0,ATT.ST,99.48724990844727
2026-08-19,112.1999969482422,117.5999984741211,112.1999969482422,116.4000015258789,338746.0,ATT.ST,99.67124992370606
2026-08-20,118.1999969482422,120.0999984741211,113.5,117.6999969482422,585647.0,ATT.ST,99.86274990081787
2026-08-21,116.8000030517578,121.3000030517578,116.3000030517578,117.0,702633.0,ATT.ST,100.04224990844726
2026-08-24,117.0,119.1999969482422,116.4000015258789,117.6999969482422,202861.0,ATT.ST,100.22724990844726
2026-08-25,119.4000015258789,119.6999969482422,116.4000015258789,117.9000015258789,336169.0,ATT.ST,100.41224990844727
2026-08-26,118.0,120.8000030517578,117.6999969482422,119.4000015258789,269293.0,ATT.ST,100.60824993133545
2026-08-27,119.0,121.0,118.5,119.1999969482422,1780549.0,ATT.ST,100.80724990844726
2026-08-28,117.9000015258789,120.4000015258789,116.9000015258789,120.0,285000.0,ATT.ST,101.00974990844726
2026-08-31,119.8000030517578,122.3000030517578,118.6999969482422,119.4000015258789,398693.0,ATT.ST,101.20274990081788
2026-09-01,119.4000015258789,123.1999969482422,119.4000015258789,123.1999969482422,397985.0,ATT.ST,101.41624988555908
2026-09-02,123.0999984741211,123.4000015258789,120.6999969482422,121.6999969482422,510162.0,ATT.ST,101.6142498779297
2026-09-03,122.5999984741211,123.3000030517578,122.1999969482422,123.0,176572.0,ATT.ST,101.8177498626709
2026-09-04,122.9000015258789,122.9000015258789,120.0,121.5,175686.0,ATT.ST,102.0157498550415
2026-09-07,121.8000030517578,122.3000030517578,120.5,122.0,509967.0,ATT.ST,102.2182498550415
2026-09-08,122.0999984741211,122.1999969482422,119.6999969482422,120.6999969482422,185597.0,ATT.ST,102.41424983978271
2026-09-09,120.8000030517578,123.0,119.9000015258789,122.0999984741211,582807.0,ATT.ST,102.62024982452392
2026-09-10,123.0,126.8000030517578,122.9000015258789,125.6999969482422,348396.0,ATT.ST,102.84624980926513
2026-09-11,125.6999969482422,126.3000030517578,124.8000030517578,125.0999984741211,186847.0,ATT.ST,103.07074981689453
2026-09-14,124.5999984741211,127.1999969482422,122.6999969482422,122.8000030517578,264641.0,ATT.ST,103.28024982452392
2026-09-15,122.5999984741211,123.5999984741211,120.69999694824219,122.80000305175781,412402.0,ATT.ST,103.48724983215332
2026-09-16,123.5999984741211,128.39999389648438,123.5999984741211,128.0,284832.0,ATT.ST,103.71274982452393
2026-09-17,127.9000015258789,128.60000610351562,126.4000015258789,127.0,151798.0,ATT.ST,103.93524982452392
2026-09-18,126.5,128.1999969482422,125.69999694824219,127.30000305175781,366482.0,ATT.ST,104.15774982452393
2026-09-21,127.80000305175781,130.0,126.80000305175781,129.10000610351562,252472.0,ATT.ST,104.38274986267089
2026-09-22,128.39999389648438,129.39999389648438,127.0999984741211,129.3000030517578,243389.0,ATT.ST,104.6102498626709
2026-09-23,128.8000030517578,129.6999969482422,127.9000015258789,128.89999389648438,149438.0,ATT.ST,104.84574981689452
2026-08-17,235.8000030517578,236.3999938964844,234.0,234.3999938964844,303523.0,AXFO.ST,283.71399986267085
2026-08-18,234.8999938964844,236.1999969482422,234.0,235.8999938964844,226703.0,AXFO.ST,283.5789998626709
2026-08-19,235.8000030517578,237.6000061035156,235.5,237.1000061035156,281188.0,AXFO.ST,283.4494998931885
2026-08-20,241.1999969482422,243.3999938964844,240.8999938964844,243.3999938964844,837680.0,AXFO.ST,283.3639998626709
2026-08-21,243.3000030517578,244.8000030517578,242.8000030517578,243.8999938964844,265745.0,AXFO.ST,283.2874997711182
2026-08-24,244.6000061035156,247.0,244.6000061035156,246.6000061035156,531857.0,AXFO.ST,283.22549980163575
2026-08-25,246.6999969482422,247.6999969482422,246.3000030517578,247.1000061035156,280820.0,AXFO.ST,283.1629998016357
2026-08-26,247.3000030517578,248.1999969482422,246.5,247.3999938964844,229091.0,AXFO.ST,283.09899971008304
2026-08-27,247.1999969482422,248.3000030517578,245.6000061035156,248.3000030517578,206604.0,AXFO.ST,283.0329997253418
2026-08-28,248.1000061035156,249.8999938964844,246.1999969482422,246.8999938964844,455664.0,AXFO.ST,282.9394996643066
2026-08-31,246.8000030517578,247.1999969482422,244.6999969482422,244.6999969482422,557039.0,AXFO.ST,282.826499710083
2026-09-01,244.0,246.3000030517578,242.5,244.1000061035156,481877.0,AXFO.ST,282.7079998016357
2026-09-02,244.8999938964844,245.3999938964844,243.0,243.3000030517578,293920.0,AXFO.ST,282.59099975585934
2026-09-03,243.3000030517578,244.6999969482422,242.3000030517578,243.3999938964844,336677.0,AXFO.ST,282.47549972534176
2026-09-04,243.5,244.3999938964844,242.6000061035156,243.3999938964844,281222.0,AXFO.ST,282.35799972534176
2026-09-07,242.1999969482422,242.6000061035156,239.1999969482422,239.1999969482422,379647.0,AXFO.ST,282.2249997711181
2026-09-08,240.1999969482422,242.3000030517578,240.0,240.3000030517578,422880.0,AXFO.ST,282.09849975585934
2026-09-09,239.1000061035156,240.1999969482422,237.1000061035156,238.3999938964844,390665.0,AXFO.ST,281.97549972534176
2026-09-10,238.0,241.1000061035156,238.0,238.1000061035156,261280.0,AXFO.ST,281.83349975585935
2026-09-11,238.1000061035156,240.0,236.8999938964844,236.8999938964844,293259.0,AXFO.ST,281.6724996948242
2026-09-14,242.6999969482422,248.1999969482422,241.6999969482422,246.1000061035156,712989.0,AXFO.ST,281.5374996948242
2026-09-15,250.0,252.0,247.8000030517578,249.89999389648438,769564.0,AXFO.ST,281.4244996643066
2026-09-16,248.5,252.5,248.3000030517578,252.5,565562.0,AXFO.ST,281.3229997253418
2026-09-17,249.39999389648438,252.60000610351562,247.5,251.0,608416.0,AXFO.ST,281.20599975585935
2026-09-18,250.1999969482422,251.0,248.1999969482422,248.5,579948.0,AXFO.ST,281.0744998168945
2026-09-21,248.39999389648438,254.5,248.1999969482422,254.10000610351562,466104.0,AXFO.ST,280.9949998474121
2026-09-22,254.1999969482422,257.20001220703125,253.6999969482422,256.20001220703125,423141.0,AXFO.ST,280.9144999694824
2026-09-23,256.20001220703125,258.0,255.1999969482422,257.8999938964844,434404.0,AXFO.ST,280.8464999389648
2026-08-17,399.7000122070313,404.0,397.7999877929688,401.7000122070313,218004.0,AZA.ST,358.23949996948244
2026-08-18,401.7000122070313,402.7000122070313,393.7999877929688,395.7999877929688,285396.0,AZA.ST,358.32849990844727
2026-08-19,396.6000061035156,397.3999938964844,389.1000061035156,391.5,351464.0,AZA.ST,358.3979998779297
2026-08-20,391.0,397.5,388.3999938964844,396.2000122070313,186882.0,AZA.ST,358.51399993896484
2026-08-21,396.3999938964844,401.2999877929688,394.6000061035156,400.0,206895.0,AZA.ST,358.65599990844726
2026-08-24,399.7999877929688,401.7999877929688,397.5,399.1000061035156,136548.0,AZA.ST,358.8144999694824
2026-08-25,400.7000122070313,404.1000061035156,399.6000061035156,401.6000061035156,243657.0,AZA.ST,358.98350006103516
2026-08-26,402.2999877929688,406.5,399.7999877929688,400.1000061035156,166404.0,AZA.ST,359.15900009155274
2026-08-27,400.2000122070313,404.3999938964844,399.3999938964844,403.2999877929688,164977.0,AZA.ST,359.365
2026-08-28,405.0,408.2999877929688,403.1000061035156,408.2999877929688,152124.0,AZA.ST,359.6294999694824
2026-08-31,407.5,409.0,402.2000122070313,402.7000122070313,159498.0,AZA.ST,359.87350006103514
2026-09-01,403.7999877929688,407.2999877929688,396.8999938964844,398.8999938964844,361585.0,AZA.ST,360.08150009155275
2026-09-02,397.0,399.0,383.5,388.2999877929688,350395.0,AZA.ST,360.19850006103513
2026-09-03,388.3999938964844,401.0,388.2999877929688,399.7999877929688,304493.0,AZA.ST,360.3705000305176
2026-09-04,398.7000122070313,399.3999938964844,391.6000061035156,397.5,196953.0,AZA.ST,360.5605000305176
2026-09-07,396.5,398.2999877929688,394.2000122070313,394.2000122070313,133386.0,AZA.ST,360.7625001525879
2026-09-08,394.2000122070313,396.5,389.2000122070313,393.3999938964844,162895.0,AZA.ST,360.97300018310546
2026-09-09,392.0,392.0,383.5,385.5,217288.0,AZA.ST,361.16800018310545
2026-09-10,385.3999938964844,393.6000061035156,385.0,387.2000122070313,158565.0,AZA.ST,361.36400024414064
2026-09-11,388.7000122070313,394.2999877929688,387.2000122070313,392.8999938964844,129741.0,AZA.ST,361.52300018310547
2026-09-14,389.1000061035156,395.1000061035156,388.1000061035156,390.3999938964844,131989.0,AZA.ST,361.70650009155275
2026-09-15,388.8999938964844,392.20001220703125,382.1000061035156,391.1000061035156,136704.0,AZA.ST,361.8575001525879
2026-09-16,391.1000061035156,393.6000061035156,386.6000061035156,388.20001220703125,147845.0,AZA.ST,361.99600021362306
2026-09-17,387.79998779296875,392.0,387.29998779296875,390.1000061035156,216543.0,AZA.ST,362.1270002746582
2026-09-18,390.1000061035156,392.6000061035156,386.20001220703125,386.29998779296875,374788.0,AZA.ST,362.2125001525879
2026-09-21,390.0,397.8999938964844,388.1000061035156,396.29998779296875,244538.0,AZA.ST,362.3395001220703
2026-09-22,396.29998779296875,402.0,388.0,390.0,187908.0,AZA.ST,362.47050018310546
2026-09-23,395.0,395.0,379.20001220703125,379.79998779296875,321440.0,AZA.ST,362.5755001831055
2026-08-17,1497.0,1505.0,1479.0,1489.0,833130.0,AZN.ST,1721.4375
2026-08-18,1490.0,1528.0,1487.5,1528.0,513566.0,AZN.ST,1721.2425
2026-08-19,1532.0,1561.0,1526.0,1553.0,598237.0,AZN.ST,1721.25
2026-08-20,1561.0,1561.5,1531.5,1560.5,622527.0,AZN.ST,1721.2925
2026-08-21,1548.0,1579.0,1540.0,1577.5,591907.0,AZN.ST,1721.3825
2026-08-24,1579.0,1579.0,1556.0,1568.0,378485.0,AZN.ST,1721.4525
2026-08-25,1582.5,1609.0,1571.5,1609.0,784369.0,AZN.ST,1721.7875
2026-08-26,1608.5,1612.0,1582.5,1588.0,498423.0,AZN.ST,1721.925
2026-08-27,1587.0,1587.0,1562.0,1571.5,429938.0,AZN.ST,1721.9775
2026-08-28,1573.0,1576.5,1550.0,1559.0,377982.0,AZN.ST,1721.7425
2026-08-31,1561.0,1570.0,1554.0,1563.5,352573.0,AZN.ST,1721.49
2026-09-01,1524.0,1573.5,1513.5,1555.5,742814.0,AZN.ST,1721.0575
2026-09-02,1561.0,1585.0,1542.0,1560.5,593574.0,AZN.ST,1720.46
2026-09-03,1569.0,1587.5,1553.5,1570.5,502662.0,AZN.ST,1719.9475
2026-09-04,1575.0,1577.0,1548.0,1555.5,541536.0,AZN.ST,1719.3775
2026-09-07,1556.5,1587.0,1552.0,1566.5,631486.0,AZN.ST,1718.805
2026-09-08,1565.5,1575.5,1542.0,1546.5,937894.0,AZN.ST,1718.0475
2026-09-09,1544.5,1556.0,1507.0,1519.0,787463.0,AZN.ST,1717.21
2026-09-10,1511.5,1541.0,1509.0,1541.0,396139.0,AZN.ST,1716.4125
2026-09-11,1544.5,1565.0,1535.5,1538.0,405962.0,AZN.ST,1715.5725
2026-09-14,1537.0,1611.0,1536.0,1592.0,951921.0,AZN.ST,1714.8725
2026-09-15,1611.0,1613.5,1572.5,1594.0,433678.0,AZN.ST,1714.115
2026-09-16,1590.0,1619.5,1589.5,1593.0,606290.0,AZN.ST,1713.215
2026-09-17,1604.0,1627.5,1602.0,1626.5,646049.0,AZN.ST,1712.4675
2026-09-18,1628.0,1654.5,1628.0,1638.5,654041.0,AZN.ST,1711.9075
2026-09-21,1638.0,1661.5,1626.5,1645.5,393752.0,AZN.ST,1711.3875
2026-09-22,1656.5,1668.5,1639.0,1667.0,395513.0,AZN.ST,1711.0875
2026-09-23,1655.5,1662.0,1632.0,1639.5,348686.0,AZN.ST,1710.7075
2026-08-17,59.59999847412109,59.79999923706055,59.59999847412109,59.79999923706055,349658.0,BAHN-B.ST,54.03649988174441
2026-08-18,59.70000076293945,59.79999923706055,59.59999847412109,59.70000076293945,620770.0,BAHN-B.ST,54.04499988555911
2026-08-19,59.59999847412109,59.70000076293945,59.59999847412109,59.59999847412109,167500.0,BAHN-B.ST,54.046999874115016
2026-08-20,59.59999847412109,59.70000076293945,59.59999847412109,59.70000076293945,93832.0,BAHN-B.ST,54.04999988555911
2026-08-21,59.59999847412109,59.70000076293945,59.59999847412109,59.59999847412109,197286.0,BAHN-B.ST,54.056499881744415
2026-08-24,59.59999847412109,59.70000076293945,59.5,59.5,188225.0,BAHN-B.ST,54.058499889373806
2026-08-25,59.5,59.59999847412109,59.5,59.5,229939.0,BAHN-B.ST,54.06199989318849
2026-08-26,59.5,59.59999847412109,59.29999923706055,59.400001525878906,213711.0,BAHN-B.ST,54.06549989700319
2026-08-27,59.400001525878906,59.5,59.29999923706055,59.29999923706055,96102.0,BAHN-B.ST,54.07299989700319
2026-08-28,59.29999923706055,59.5,59.29999923706055,59.400001525878906,87628.0,BAHN-B.ST,54.085999908447285
2026-08-31,59.29999923706055,59.400001525878906,59.09999847412109,59.20000076293945,232037.0,BAHN-B.ST,54.09849990844728
2026-09-01,59.20000076293945,59.29999923706055,59.20000076293945,59.20000076293945,166946.0,BAHN-B.ST,54.10799991607668
2026-09-02,59.29999923706055,59.29999923706055,59.20000076293945,59.20000076293945,125341.0,BAHN-B.ST,54.127499923706075
2026-09-03,59.20000076293945,59.29999923706055,59.20000076293945,59.20000076293945,120138.0,BAHN-B.ST,54.14449993133547
2026-09-04,59.20000076293945,59.5,59.20000076293945,59.29999923706055,73038.0,BAHN-B.ST,54.16849992752077
2026-09-07,59.400001525878906,59.59999847412109,59.29999923706055,59.59999847412109,64867.0,BAHN-B.ST,54.19149991989138
2026-09-08,59.5,59.59999847412109,59.29999923706055,59.59999847412109,72996.0,BAHN-B.ST,54.22349990844728
2026-09-09,59.5,59.59999847412109,59.400001525878906,59.59999847412109,91139.0,BAHN-B.ST,54.25299989700319
2026-09-10,59.59999847412109,59.59999847412109,59.5,59.5,41654.0,BAHN-B.ST,54.2859998893738
2026-09-11,59.5,59.59999847412109,59.5,59.59999847412109,51973.0,BAHN-B.ST,54.3159998893738
2026-09-14,59.5,59.70000076293945,59.5,59.70000076293945,80796.0,BAHN-B.ST,54.34199989318849
2026-09-15,59.5,59.70000076293945,59.5,59.599998474121094,72734.0,BAHN-B.ST,54.3724998855591
2026-09-16,59.599998474121094,59.70000076293945,59.5,59.70000076293945,120179.0,BAHN-B.ST,54.398499889373795
2026-09-17,59.5,59.70000076293945,59.5,59.70000076293945,110923.0,BAHN-B.ST,54.419499893188494
2026-09-18,59.70000076293945,59.70000076293945,59.5,59.599998474121094,333078.0,BAHN-B.ST,54.4359998893738
2026-09-21,59.599998474121094,59.70000076293945,59.5,59.599998474121094,94258.0,BAHN-B.ST,54.4509998893738
2026-09-22,59.599998474121094,59.70000076293945,59.599998474121094,59.599998474121094,57789.0,BAHN-B.ST,54.47699987411501
2026-09-23,59.70000076293945,59.70000076293945,59.599998474121094,59.70000076293945,66586.0,BAHN-B.ST,54.5029998779297
2026-08-17,53.220001220703125,53.220001220703125,52.59999847412109,53.040000915527344,2114822.0,BALD-B.ST,59.86193483352662
2026-08-18,52.79999923706055,53.59999847412109,52.58000183105469,53.0,1771076.0,BALD-B.ST,59.759934825897226
2026-08-19,52.84000015258789,53.0,51.79999923706055,52.720001220703125,2100158.0,BALD-B.ST,59.6683348274231
2026-08-20,52.77999877929688,53.18000030517578,52.459999084472656,52.84000015258789,1534753.0,BALD-B.ST,59.57793483734132
2026-08-21,52.58000183105469,53.52000045776367,52.36000061035156,53.52000045776367,2077786.0,BALD-B.ST,59.491834850311285
2026-08-24,53.52000045776367,53.7400016784668,52.880001068115234,53.34000015258789,2658026.0,BALD-B.ST,59.41043483734132
2026-08-25,53.0,53.41999816894531,52.7599983215332,53.34000015258789,1954981.0,BALD-B.ST,59.334334850311286
2026-08-26,53.5,53.59999847412109,52.63999938964844,53.2400016784668,1897110.0,BALD-B.ST,59.256934852600104
2026-08-27,53.09999847412109,53.93999862670898,52.7400016784668,53.70000076293945,2991698.0,BALD-B.ST,59.18613485336304
2026-08-28,53.77999877929688,54.18000030517578,53.13999938964844,53.400001525878906,3857398.0,BALD-B.ST,59.11313486099244
2026-08-31,52.91999816894531,53.380001068115234,52.29999923706055,52.63999938964844,38816576.0,BALD-B.ST,59.03513486862184
2026-09-01,52.41999816894531,53.09999847412109,52.18000030517578,52.65999984741211,2418631.0,BALD-B.ST,58.964934883117685
2026-09-02,52.65999984741211,52.93999862670898,51.59999847412109,52.2400016784668,3141725.0,BALD-B.ST,58.89183488845826
2026-09-03,52.400001525878906,53.59999847412109,52.09999847412109,53.18000030517578,3490248.0,BALD-B.ST,58.820534877777106
2026-09-04,53.040000915527344,53.720001220703125,52.41999816894531,53.720001220703125,2250955.0,BALD-B.ST,58.75353487014772
2026-09-07,53.060001373291016,54.31999969482422,52.43999862670898,54.15999984741211,2992847.0,BALD-B.ST,58.69013488769532
2026-09-08,54.15999984741211,54.7400016784668,53.7599983215332,54.08000183105469,2462568.0,BALD-B.ST,58.61783489227296
2026-09-09,53.81999969482422,54.2599983215332,53.34000015258789,53.619998931884766,2606063.0,BALD-B.ST,58.54553487777711
2026-09-10,53.43999862670898,54.13999938964844,51.68000030517578,51.7400016784668,4296767.0,BALD-B.ST,58.46313488006593
2026-09-11,51.68000030517578,51.959999084472656,51.119998931884766,51.34000015258789,1836741.0,BALD-B.ST,58.38573488235475
2026-09-14,51.41999816894531,51.77999877929688,50.43999862670898,50.560001373291016,1824278.0,BALD-B.ST,58.30093490600587
2026-09-15,50.29999923706055,50.400001525878906,49.29999923706055,50.02000045776367,3927812.0,BALD-B.ST,58.21073492050172
2026-09-16,49.939998626708984,50.63999938964844,49.939998626708984,50.2599983215332,2396713.0,BALD-B.ST,58.1230348968506
2026-09-17,50.2599983215332,50.63999938964844,49.90999984741211,50.52000045776367,2549350.0,BALD-B.ST,58.033734912872326
2026-09-18,50.5,50.5,49.290000915527344,49.290000915527344,4013802.0,BALD-B.ST,57.938084926605235
2026-09-21,49.400001525878906,50.31999969482422,49.209999084472656,50.31999969482422,2110941.0,BALD-B.ST,57.85008493423463
2026-09-22,50.29999923706055,50.439998626708984,49.54999923706055,49.54999923706055,1723339.0,BALD-B.ST,57.76263492584229
2026-09-23,49.72999954223633,49.7599983215332,48.720001220703125,49.11000061035156,1807183.0,BALD-B.ST,57.675784912109386
2026-08-17,298.5,300.0,295.5,297.0,39260.0,BEIA-B.ST,278.735
2026-08-18,297.0,298.5,292.5,293.0,52837.0,BEIA-B.ST,278.7275
2026-08-19,290.5,293.0,289.5,290.5,56350.0,BEIA-B.ST,278.7275
2026-08-20,293.5,295.0,290.0,292.5,46240.0,BEIA-B.ST,278.755
2026-08-21,292.5,297.0,292.5,295.0,20079.0,BEIA-B.ST,278.77
2026-08-24,294.0,295.0,290.0,290.5,17388.0,BEIA-B.ST,278.7675
2026-08-25,294.0,301.5,292.0,297.0,41415.0,BEIA-B.ST,278.7825
2026-08-26,299.5,302.0,296.5,298.5,24628.0,BEIA-B.ST,278.815
2026-08-27,299.0,300.0,294.0,295.5,22485.0,BEIA-B.ST,278.85
2026-08-28,295.5,306.5,295.5,303.5,222385.0,BEIA-B.ST,278.95
2026-08-31,304.5,305.5,301.0,301.5,28447.0,BEIA-B.ST,279.0375
2026-09-01,301.0,301.5,298.0,300.0,23960.0,BEIA-B.ST,279.0925
2026-09-02,299.5,305.0,297.0,300.5,13850.0,BEIA-B.ST,279.16
2026-09-03,300.0,306.0,299.0,300.0,16056.0,BEIA-B.ST,279.215
2026-09-04,301.5,301.5,297.0,300.5,24980.0,BEIA-B.ST,279.3025
2026-09-07,300.5,304.5,300.5,302.5,13397.0,BEIA-B.ST,279.415
2026-09-08,303.0,308.5,300.5,306.0,23285.0,BEIA-B.ST,279.5625
2026-09-09,304.0,307.5,302.5,304.0,17510.0,BEIA-B.ST,279.7275
2026-09-10,305.0,306.5,296.5,296.5,18874.0,BEIA-B.ST,279.8475
2026-09-11,296.5,298.5,295.5,297.5,12239.0,BEIA-B.ST,279.9725
2026-09-14,297.5,297.5,290.0,290.5,17667.0,BEIA-B.ST,280.065
2026-09-15,291.0,291.5,284.0,290.5,20280.0,BEIA-B.ST,280.15
2026-09-16,289.0,294.5,289.0,294.0,13604.0,BEIA-B.ST,280.2175
2026-09-17,295.0,299.0,295.0,296.5,11902.0,BEIA-B.ST,280.295
2026-09-18,297.0,299.0,291.5,291.5,35161.0,BEIA-B.ST,280.3525
2026-09-21,294.5,306.0,294.5,304.0,24399.0,BEIA-B.ST,280.4675
2026-09-22,304.5,309.5,301.5,307.0,32263.0,BEIA-B.ST,280.5975
2026-09-23,309.5,313.5,304.5,309.0,32332.0,BEIA-B.ST,280.73
2026-08-17,131.3000030517578,131.60000610351562,129.60000610351562,129.60000610351562,651585.0,BEIJ-B.ST,138.17750022888185
2026-08-18,129.0,129.89999389648438,127.5999984741211,127.6999969482422,926049.0,BEIJ-B.ST,138.03525024414066
2026-08-19,128.5,129.39999389648438,126.9000015258789,127.0,1123942.0,BEIJ-B.ST,137.90350021362306
2026-08-20,127.3000030517578,129.6999969482422,126.8000030517578,129.1999969482422,936058.0,BEIJ-B.ST,137.78925018310548
2026-08-21,129.1999969482422,131.39999389648438,129.1999969482422,130.3000030517578,896798.0,BEIJ-B.ST,137.6840001678467
2026-08-24,130.5,133.0,130.1999969482422,131.0,904904.0,BEIJ-B.ST,137.5860001373291
2026-08-25,131.0,133.6999969482422,130.6999969482422,132.0,1366584.0,BEIJ-B.ST,137.4940001678467
2026-08-26,132.1999969482422,135.60000610351562,131.8000030517578,134.89999389648438,719504.0,BEIJ-B.ST,137.4260001373291
2026-08-27,135.1999969482422,136.5,133.60000610351562,135.39999389648438,1465671.0,BEIJ-B.ST,137.34950012207034
2026-08-28,135.60000610351562,138.89999389648438,135.60000610351562,138.10000610351562,638374.0,BEIJ-B.ST,137.29425018310548
2026-08-31,138.0,138.89999389648438,136.6999969482422,138.60000610351562,1060732.0,BEIJ-B.ST,137.24475021362306
2026-09-01,137.10000610351562,138.6999969482422,135.0,135.60000610351562,1107484.0,BEIJ-B.ST,137.16025024414066
2026-09-02,135.0,137.0,134.6999969482422,136.0,1321504.0,BEIJ-B.ST,137.05525024414064
2026-09-03,136.39999389648438,139.39999389648438,136.0,138.10000610351562,692198.0,BEIJ-B.ST,136.9512503051758
2026-09-04,138.60000610351562,139.39999389648438,136.6999969482422,138.89999389648438,495935.0,BEIJ-B.ST,136.881000289917
2026-09-07,140.10000610351562,142.60000610351562,139.0,139.0,1231351.0,BEIJ-B.ST,136.82400032043458
2026-09-08,138.89999389648438,140.0,137.5,139.0,457046.0,BEIJ-B.ST,136.77850028991702
2026-09-09,138.1999969482422,141.10000610351562,138.1999969482422,140.39999389648438,945966.0,BEIJ-B.ST,136.75650024414065
2026-09-10,139.0,140.60000610351562,137.89999389648438,137.89999389648438,1133081.0,BEIJ-B.ST,136.71275024414064
2026-09-11,138.10000610351562,140.1999969482422,137.10000610351562,137.10000610351562,886077.0,BEIJ-B.ST,136.66775024414065
2026-09-14,136.3000030517578,137.0,133.3000030517578,133.6999969482422,559274.0,BEIJ-B.ST,136.60750022888186
2026-09-15,133.6999969482422,134.8000030517578,130.8000030517578,133.60000610351562,579364.0,BEIJ-B.ST,136.55250022888185
2026-09-16,134.10000610351562,135.60000610351562,132.5,135.60000610351562,770389.0,BEIJ-B.ST,136.49175025939942
2026-09-17,135.6999969482422,141.39999389648438,135.6999969482422,139.0,885858.0,BEIJ-B.ST,136.43975028991701
2026-09-18,140.0,144.8000030517578,139.8000030517578,142.6999969482422,1801685.0,BEIJ-B.ST,136.40275024414063
2026-09-21,144.0,147.89999389648438,144.0,147.1999969482422,1051163.0,BEIJ-B.ST,136.38700019836426
2026-09-22,147.39999389648438,150.0,146.0,149.1999969482422,730948.0,BEIJ-B.ST,136.3890001678467
2026-09-23,148.89999389648438,149.8000030517578,147.5,147.6999969482422,577877.0,BEIJ-B.ST,136.38975013732912
2026-08-17,286.0,286.5,283.0,285.0,8667.0,BERG-B.ST,296.4675
2026-08-18,282.5,286.5,282.0,282.5,15159.0,BERG-B.ST,296.2
2026-08-19,282.5,282.5,272.0,274.0,12198.0,BERG-B.ST,295.8675
2026-08-20,278.5,278.5,274.0,276.0,4018.0,BERG-B.ST,295.555
2026-08-21,275.0,279.0,274.5,275.0,7916.0,BERG-B.ST,295.23
2026-08-24,275.5,279.5,275.5,279.5,8831.0,BERG-B.ST,294.945
2026-08-25,280.0,284.5,279.0,281.5,6990.0,BERG-B.ST,294.6825
2026-08-26,282.0,286.0,275.5,275.5,12426.0,BERG-B.ST,294.4175
2026-08-27,279.5,279.5,274.5,278.0,13849.0,BERG-B.ST,294.2075
2026-08-28,276.5,277.5,270.5,273.5,35545.0,BERG-B.ST,293.9825
2026-08-31,275.5,275.5,263.5,265.0,21771.0,BERG-B.ST,293.73
2026-09-01,265.0,267.5,259.0,263.5,13854.0,BERG-B.ST,293.445
2026-09-02,265.5,267.0,260.0,267.0,19137.0,BERG-B.ST,293.19
2026-09-03,267.5,273.0,265.0,269.0,11520.0,BERG-B.ST,292.9475
2026-09-04,268.0,270.5,261.5,263.0,21852.0,BERG-B.ST,292.685
2026-09-07,263.0,268.0,262.0,265.0,9165.0,BERG-B.ST,292.455
2026-09-08,263.5,266.5,259.5,260.5,14781.0,BERG-B.ST,292.2275
2026-09-09,259.5,259.5,253.0,257.0,16202.0,BERG-B.ST,292.0025
2026-09-10,256.5,262.0,253.5,253.5,17155.0,BERG-B.ST,291.76
2026-09-11,257.0,257.0,250.5,255.0,12386.0,BERG-B.ST,291.5175
2026-09-14,255.0,256.0,250.5,253.0,12733.0,BERG-B.ST,291.28
2026-09-15,252.5,257.5,252.0,257.5,17475.0,BERG-B.ST,291.0475
2026-09-16,258.0,263.0,256.0,263.0,20404.0,BERG-B.ST,290.8075
2026-09-17,262.0,265.5,260.5,262.0,12765.0,BERG-B.ST,290.5625
2026-09-18,261.0,263.5,257.5,257.5,9717.0,BERG-B.ST,290.2875
2026-09-21,259.5,262.5,258.5,260.5,8820.0,BERG-B.ST,290.0
2026-09-22,262.0,264.5,260.5,262.0,18663.0,BERG-B.ST,289.7275
2026-09-23,262.0,263.0,259.0,260.0,7885.0,BERG-B.ST,289.455
2026-08-17,91.5,93.8499984741211,91.0,93.25,405629.0,BETS-B.ST,106.67525005340576
2026-08-18,93.0,93.25,91.0500030517578,91.4499969482422,298827.0,BETS-B.ST,106.36600002288819
2026-08-19,91.1999969482422,91.8000030517578,89.8499984741211,91.75,342315.0,BETS-B.ST,106.06375003814698
2026-08-20,91.75,93.75,90.9000015258789,93.25,259145.0,BETS-B.ST,105.77900005340577
2026-08-21,93.25,93.8499984741211,92.5999984741211,93.25,167267.0,BETS-B.ST,105.49225002288819
2026-08-24,93.1500015258789,93.9000015258789,92.8499984741211,93.6999969482422,157360.0,BETS-B.ST,105.21725002288818
2026-08-25,93.8000030517578,94.9499969482422,93.3000030517578,94.3000030517578,239004.0,BETS-B.ST,104.94475002288819
2026-08-26,94.0999984741211,94.1500015258789,92.4000015258789,92.5999984741211,265147.0,BETS-B.ST,104.68124999999998
2026-08-27,92.5999984741211,93.5500030517578,92.0,92.6500015258789,194389.0,BETS-B.ST,104.4139999771118
2026-08-28,92.4499969482422,93.0500030517578,91.9499969482422,92.9499969482422,224794.0,BETS-B.ST,104.1552499771118
2026-08-31,92.5500030517578,92.8499984741211,92.0,92.5500030517578,346877.0,BETS-B.ST,103.8989999771118
2026-09-01,92.8499984741211,92.8499984741211,91.0,92.1500015258789,278745.0,BETS-B.ST,103.6382499694824
2026-09-02,92.1500015258789,92.8000030517578,91.4499969482422,92.8000030517578,219852.0,BETS-B.ST,103.3922499847412
2026-09-03,92.5500030517578,94.6999969482422,90.1999969482422,94.0500030517578,743809.0,BETS-B.ST,103.1494999694824
2026-09-04,94.1500015258789,94.75,93.4000015258789,94.0500030517578,221248.0,BETS-B.ST,102.91474998474119
2026-09-07,93.6500015258789,95.6500015258789,93.4000015258789,95.0,210730.0,BETS-B.ST,102.68624999999999
2026-09-08,94.9499969482422,95.6999969482422,93.1500015258789,93.5500030517578,325393.0,BETS-B.ST,102.44749999999998
2026-09-09,93.0999984741211,94.5,92.8000030517578,94.3000030517578,271789.0,BETS-B.ST,102.22499999999998
2026-09-10,93.9499969482422,95.4499969482422,93.75,94.5,277174.0,BETS-B.ST,101.99300003051756
2026-09-11,94.5,94.5999984741211,93.5,94.5500030517578,196986.0,BETS-B.ST,101.76475006103514
2026-09-14,94.5500030517578,95.8499984741211,94.0,94.5500030517578,244434.0,BETS-B.ST,101.5330001068115
2026-09-15,94.3499984741211,95.69999694824219,94.25,95.5999984741211,233655.0,BETS-B.ST,101.30650012969971
2026-09-16,95.0,96.94999694824219,94.4000015258789,96.94999694824219,249166.0,BETS-B.ST,101.07775012969971
2026-09-17,96.94999694824219,98.19999694824219,96.80000305175781,97.75,352366.0,BETS-B.ST,100.84800014495849
2026-09-18,97.69999694824219,98.5,97.0999984741211,97.0999984741211,812477.0,BETS-B.ST,100.61200012207031
2026-09-21,98.0,98.6500015258789,96.80000305175781,98.0999984741211,357353.0,BETS-B.ST,100.3790001296997
2026-09-22,98.0,99.8499984741211,97.5,99.75,382215.0,BETS-B.ST,100.14825016021729
2026-09-23,100.0,100.4000015258789,98.05000305175781,98.05000305175781,284310.0,BETS-B.ST,99.90600017547608
2026-08-17,147.0,147.3000030517578,143.3000030517578,143.3000030517578,44706.0,BILI-A.ST,133.48349990844724
2026-08-18,143.5,145.3000030517578,143.3000030517578,144.0,108941.0,BILI-A.ST,133.53049987792966
2026-08-19,144.0,144.3000030517578,142.89999389648438,144.0,41911.0,BILI-A.ST,133.57599990844724
2026-08-20,144.0,144.6999969482422,143.10000610351562,143.39999389648438,36152.0,BILI-A.ST,133.62699989318847
2026-08-21,143.0,144.39999389648438,143.0,144.0,54343.0,BILI-A.ST,133.67499992370603
2026-08-24,143.6999969482422,144.3000030517578,143.39999389648438,143.89999389648438,42574.0,BILI-A.ST,133.72999992370603
2026-08-25,144.3000030517578,145.0,143.5,144.6999969482422,119812.0,BILI-A.ST,133.78749992370604
2026-08-26,144.89999389648438,146.8000030517578,144.6999969482422,145.6999969482422,129657.0,BILI-A.ST,133.86799987792966
2026-08-27,145.89999389648438,147.5,145.0,146.0,68888.0,BILI-A.ST,133.95899986267088
2026-08-28,147.8000030517578,148.5,146.0,148.0,174063.0,BILI-A.ST,134.0684998703003
2026-08-31,148.10000610351562,149.8000030517578,145.5,146.39999389648438,190801.0,BILI-A.ST,134.1709998321533
2026-09-01,146.39999389648438,147.6999969482422,145.60000610351562,146.5,343778.0,BILI-A.ST,134.2724998474121
2026-09-02,146.3000030517578,146.6999969482422,145.1999969482422,145.8000030517578,57750.0,BILI-A.ST,134.36299987792967
2026-09-03,145.8000030517578,146.6999969482422,144.6999969482422,145.89999389648438,70271.0,BILI-A.ST,134.4549998474121
2026-09-04,147.0,147.89999389648438,144.8000030517578,147.5,149693.0,BILI-A.ST,134.56149986267087
2026-09-07,147.5,148.5,145.5,147.8000030517578,53848.0,BILI-A.ST,134.67499988555906
2026-09-08,147.6999969482422,148.60000610351562,145.6999969482422,145.6999969482422,58738.0,BILI-A.ST,134.7924998855591
2026-09-09,145.6999969482422,146.8000030517578,145.10000610351562,145.39999389648438,77283.0,BILI-A.ST,134.91599987030028
2026-09-10,145.39999389648438,147.6999969482422,145.39999389648438,146.10000610351562,52457.0,BILI-A.ST,135.0449998855591
2026-09-11,146.60000610351562,148.10000610351562,145.5,146.89999389648438,53330.0,BILI-A.ST,135.1839998626709
2026-09-14,147.0,148.0,145.89999389648438,147.1999969482422,50113.0,BILI-A.ST,135.3164998626709
2026-09-15,147.3000030517578,147.89999389648438,145.3000030517578,146.89999389648438,59549.0,BILI-A.ST,135.4399998474121
2026-09-16,149.1999969482422,154.6999969482422,148.8000030517578,154.3000030517578,109467.0,BILI-A.ST,135.5914998626709
2026-09-17,153.60000610351562,155.6999969482422,153.10000610351562,153.1999969482422,67499.0,BILI-A.ST,135.7324998474121
2026-09-18,153.0,153.1999969482422,147.0,147.89999389648438,164402.0,BILI-A.ST,135.84299980163576
2026-09-21,148.3000030517578,150.89999389648438,148.0,150.3000030517578,70281.0,BILI-A.ST,135.96699981689454
2026-09-22,150.60000610351562,151.1999969482422,148.5,149.5,62594.0,BILI-A.ST,136.08749980926513
2026-09-23,149.3000030517578,149.39999389648438,147.10000610351562,147.3000030517578,74188.0,BILI-A.ST,136.19949981689453
2026-08-17,113.9000015258789,116.0,113.9000015258789,115.1999969482422,223006.0,BIOG-B.ST,112.93749984741211
2026-08-18,115.4000015258789,116.0999984741211,115.0,115.5999984741211,110599.0,BIOG-B.ST,112.99649982452392
2026-08-19,116.1999969482422,117.8000030517578,114.8000030517578,115.0,187690.0,BIOG-B.ST,113.05449981689453
2026-08-20,115.1999969482422,115.8000030517578,114.1999969482422,114.6999969482422,149864.0,BIOG-B.ST,113.11999980926514
2026-08-21,114.5,116.5,113.8000030517578,115.9000015258789,138106.0,BIOG-B.ST,113.19349983215332
2026-08-24,115.6999969482422,116.8000030517578,114.9000015258789,116.3000030517578,74183.0,BIOG-B.ST,113.2724998474121
2026-08-25,116.0,117.8000030517578,115.9000015258789,117.0999984741211,119517.0,BIOG-B.ST,113.3549998474121
2026-08-26,117.0999984741211,117.1999969482422,115.5,115.5,731149.0,BIOG-B.ST,113.42799983978271
2026-08-27,115.9000015258789,116.5,114.9000015258789,115.8000030517578,80205.0,BIOG-B.ST,113.5177498626709
2026-08-28,115.8000030517578,116.8000030517578,115.0,115.3000030517578,61319.0,BIOG-B.ST,113.60699989318847
2026-08-31,115.9000015258789,116.3000030517578,113.5,114.6999969482422,304574.0,BIOG-B.ST,113.68824989318847
2026-09-01,114.0,114.5999984741211,113.0,113.6999969482422,175237.0,BIOG-B.ST,113.75674987792969
2026-09-02,113.6999969482422,114.6999969482422,112.9000015258789,113.4000015258789,92997.0,BIOG-B.ST,113.81124988555908
2026-09-03,113.4000015258789,114.9000015258789,111.1999969482422,111.5,102894.0,BIOG-B.ST,113.8522498703003
2026-09-04,111.5999984741211,113.5,111.1999969482422,113.4000015258789,118962.0,BIOG-B.ST,113.90324989318847
2026-09-07,113.4000015258789,113.4000015258789,111.0999984741211,111.1999969482422,121521.0,BIOG-B.ST,113.93874988555908
2026-09-08,111.6999969482422,111.6999969482422,110.0,110.4000015258789,104616.0,BIOG-B.ST,113.9742498779297
2026-09-09,110.1999969482422,111.0999984741211,109.1999969482422,109.9000015258789,104051.0,BIOG-B.ST,114.01974987030029
2026-09-10,109.9000015258789,110.3000030517578,107.9000015258789,108.5,215144.0,BIOG-B.ST,114.0597498703003
2026-09-11,108.3000030517578,109.1999969482422,107.5999984741211,107.5999984741211,125619.0,BIOG-B.ST,114.0922498703003
2026-09-14,107.5999984741211,108.8000030517578,107.0,107.3000030517578,80643.0,BIOG-B.ST,114.1222498703003
2026-09-15,107.5999984741211,107.69999694824219,106.19999694824219,107.30000305175781,200842.0,BIOG-B.ST,114.15324989318847
2026-09-16,107.30000305175781,107.69999694824219,105.4000015258789,107.19999694824219,326526.0,BIOG-B.ST,114.18949989318848
2026-09-17,107.5999984741211,108.4000015258789,107.0,108.0999984741211,381040.0,BIOG-B.ST,114.22749988555908
2026-09-18,108.19999694824219,111.0999984741211,107.80000305175781,110.0,254052.0,BIOG-B.ST,114.27199989318848
2026-09-21,110.0,110.30000305175781,109.19999694824219,109.5999984741211,71506.0,BIOG-B.ST,114.31549987792968
2026-09-22,110.0,110.19999694824219,107.80000305175781,109.0999984741211,100993.0,BIOG-B.ST,114.35149986267089
2026-09-23,109.0999984741211,111.19999694824219,108.80000305175781,110.19999694824219,200311.0,BIOG-B.ST,114.40324985504151
2026-08-17,535.0,535.0,523.5999755859375,529.4000244140625,583518.0,BOL.ST,536.4744987487794
2026-08-18,528.0,528.0,517.5999755859375,518.2000122070312,1083922.0,BOL.ST,536.9369987487794
2026-08-19,521.0,534.7999877929688,518.0,534.2000122070312,932297.0,BOL.ST,537.4509988403322
2026-08-20,534.7999877929688,539.7999877929688,521.5999755859375,539.4000244140625,874074.0,BOL.ST,537.9639990234376
2026-08-21,547.7999877929688,568.7999877929688,546.4000244140625,565.5999755859375,1900643.0,BOL.ST,538.6379989624024
2026-08-24,565.5999755859375,578.0,565.4000244140625,569.2000122070312,933143.0,BOL.ST,539.3389990234376
2026-08-25,570.5999755859375,575.5999755859375,563.5999755859375,574.7999877929688,690204.0,BOL.ST,540.097498931885
2026-08-26,579.7999877929688,594.0,579.7999877929688,583.4000244140625,924940.0,BOL.ST,540.9599990844728
2026-08-27,571.2000122070312,572.7999877929688,560.4000244140625,566.7999877929688,1381792.0,BOL.ST,541.7334989929201
2026-08-28,571.5999755859375,579.7999877929688,565.4000244140625,573.2000122070312,1119690.0,BOL.ST,542.5139990234377
2026-08-31,572.0,573.7999877929688,562.0,564.5999755859375,994664.0,BOL.ST,543.2474989318849
2026-09-01,568.5999755859375,577.7999877929688,548.4000244140625,551.2000122070312,1191925.0,BOL.ST,543.88099899292
2026-09-02,544.0,552.4000244140625,536.4000244140625,542.7999877929688,1178387.0,BOL.ST,544.4589988708498
2026-09-03,545.0,558.7999877929688,541.4000244140625,549.4000244140625,833720.0,BOL.ST,545.0194990539552
2026-09-04,541.4000244140625,549.7999877929688,527.0,547.5999755859375,1078364.0,BOL.ST,545.5839988708498
2026-09-07,547.5999755859375,551.5999755859375,543.4000244140625,550.0,506748.0,BOL.ST,546.1839988708498
2026-09-08,553.0,588.0,552.0,584.7999877929688,1272121.0,BOL.ST,546.9784988403321
2026-09-09,584.0,584.0,569.2000122070312,571.2000122070312,869701.0,BOL.ST,547.7729989624025
2026-09-10,573.2000122070312,580.2000122070312,539.0,546.7999877929688,1495635.0,BOL.ST,548.4069989013674
2026-09-11,550.0,555.7999877929688,542.2000122070312,550.0,758042.0,BOL.ST,549.0579989624025
2026-09-14,541.0,542.7999877929688,522.7999877929688,525.5999755859375,887851.0,BOL.ST,549.6354988098146
2026-09-15,524.7999877929688,528.0,511.79998779296875,515.2000122070312,1077722.0,BOL.ST,550.1004988098146
2026-09-16,528.4000244140625,532.4000244140625,520.5999755859375,522.4000244140625,1464473.0,BOL.ST,550.5729989624025
2026-09-17,526.2000122070312,541.4000244140625,524.2000122070312,539.4000244140625,1288466.0,BOL.ST,551.0454991149904
2026-09-18,538.7999877929688,547.5999755859375,529.5999755859375,531.4000244140625,1378008.0,BOL.ST,551.4989991760256
2026-09-21,538.0,550.2000122070312,533.7999877929688,534.5999755859375,796074.0,BOL.ST,551.9129991149904
2026-09-22,538.0,549.4000244140625,535.4000244140625,539.4000244140625,926902.0,BOL.ST,552.3279992675783
2026-09-23,541.4000244140625,541.4000244140625,525.0,528.5999755859375,767611.0,BOL.ST,552.7009991455079
2026-08-17,62.70000076293945,63.5,61.0,61.0,42274.0,BORG.ST,64.15450012207032
2026-08-18,61.0,62.09999847412109,59.59999847412109,59.59999847412109,32342.0,BORG.ST,64.13250011444093
2026-08-19,60.09999847412109,60.09999847412109,58.79999923706055,58.900001525878906,33302.0,BORG.ST,64.10800012588501
2026-08-20,59.29999923706055,59.29999923706055,58.0,58.5,29404.0,BORG.ST,64.08100011825563
2026-08-21,58.70000076293945,61.0,58.70000076293945,60.70000076293945,29498.0,BORG.ST,64.06700012207033
2026-08-24,60.400001525878906,60.400001525878906,60.0,60.09999847412109,12046.0,BORG.ST,64.04850011825562
2026-08-25,60.20000076293945,60.59999847412109,60.0,60.5,18238.0,BORG.ST,64.03200012207031
2026-08-26,59.900001525878906,60.400001525878906,59.400001525878906,60.20000076293945,16160.0,BORG.ST,64.01800012588502
2026-08-27,60.09999847412109,60.09999847412109,58.400001525878906,58.400001525878906,31960.0,BORG.ST,63.99100013732911
2026-08-28,58.59999847412109,58.70000076293945,57.70000076293945,57.70000076293945,40173.0,BORG.ST,63.95800012588502
2026-08-31,57.70000076293945,58.5,57.20000076293945,57.20000076293945,34005.0,BORG.ST,63.92450012207032
2026-09-01,57.20000076293945,57.900001525878906,57.20000076293945,57.59999847412109,11921.0,BORG.ST,63.889500122070324
2026-09-02,57.59999847412109,57.900001525878906,57.5,57.900001525878906,8469.0,BORG.ST,63.855500144958505
2026-09-03,57.900001525878906,57.900001525878906,57.20000076293945,57.59999847412109,24078.0,BORG.ST,63.80850013732911
2026-09-04,57.70000076293945,57.900001525878906,57.0,57.09999847412109,21972.0,BORG.ST,63.75200012207032
2026-09-07,57.79999923706055,60.0,57.59999847412109,60.0,31666.0,BORG.ST,63.73750011444093
2026-09-08,59.900001525878906,61.0,58.900001525878906,59.09999847412109,25783.0,BORG.ST,63.732000102996835
2026-09-09,59.400001525878906,59.59999847412109,58.29999923706055,58.5,18673.0,BORG.ST,63.72950010299684
2026-09-10,58.79999923706055,59.20000076293945,57.20000076293945,57.29999923706055,23582.0,BORG.ST,63.722500095367444
2026-09-11,57.400001525878906,57.79999923706055,57.09999847412109,57.29999923706055,22294.0,BORG.ST,63.709000091552745
2026-09-14,57.29999923706055,57.79999923706055,56.29999923706055,56.400001525878906,25322.0,BORG.ST,63.69650009155274
2026-09-15,56.70000076293945,57.099998474121094,56.29999923706055,56.400001525878906,12727.0,BORG.ST,63.68400009155275
2026-09-16,56.5,57.099998474121094,56.29999923706055,57.099998474121094,13653.0,BORG.ST,63.66650009155274
2026-09-17,57.29999923706055,57.70000076293945,56.70000076293945,57.0,26270.0,BORG.ST,63.64200008392335
2026-09-18,57.20000076293945,57.29999923706055,56.20000076293945,56.20000076293945,11134.0,BORG.ST,63.605500087738044
2026-09-21,56.29999923706055,56.5,56.0,56.20000076293945,11245.0,BORG.ST,63.57400009155274
2026-09-22,56.20000076293945,56.599998474121094,55.400001525878906,55.400001525878906,19053.0,BORG.ST,63.533500099182135
2026-09-23,55.599998474121094,56.599998474121094,54.5,54.599998474121094,30606.0,BORG.ST,63.49250009536744
2026-08-17,132.3000030517578,132.6999969482422,131.3000030517578,131.8000030517578,267796.0,BRAV.ST,103.70874984741211
2026-08-18,131.1999969482422,133.60000610351562,130.6999969482422,131.89999389648438,343031.0,BRAV.ST,103.95474983215333
2026-08-19,131.89999389648438,133.10000610351562,131.6999969482422,132.60000610351562,194665.0,BRAV.ST,104.2052498626709
2026-08-20,131.39999389648438,132.89999389648438,131.39999389648438,132.39999389648438,170668.0,BRAV.ST,104.45949981689454
2026-08-21,132.6999969482422,136.1999969482422,132.3000030517578,135.3000030517578,172057.0,BRAV.ST,104.7274998474121
2026-08-24,136.0,136.39999389648438,133.1999969482422,134.10000610351562,246945.0,BRAV.ST,104.99499988555908
2026-08-25,134.5,136.3000030517578,133.5,134.89999389648438,278980.0,BRAV.ST,105.27099987030029
2026-08-26,136.10000610351562,137.6999969482422,135.10000610351562,136.6999969482422,506607.0,BRAV.ST,105.55999984741212
2026-08-27,136.8000030517578,137.1999969482422,135.0,136.39999389648438,227969.0,BRAV.ST,105.84574981689452
2026-08-28,136.89999389648438,139.89999389648438,136.89999389648438,139.5,537962.0,BRAV.ST,106.15024982452393
2026-08-31,139.39999389648438,140.0,138.8000030517578,139.6999969482422,1103056.0,BRAV.ST,106.45149982452392
2026-09-01,139.89999389648438,140.60000610351562,138.5,138.5,591200.0,BRAV.ST,106.74399982452393
2026-09-02,138.0,140.5,138.0,138.5,678159.0,BRAV.ST,107.03549983978272
2026-09-03,139.0,140.60000610351562,138.5,139.5,271655.0,BRAV.ST,107.32999984741211
2026-09-04,138.8000030517578,140.39999389648438,138.39999389648438,140.0,322643.0,BRAV.ST,107.6264998626709
2026-09-07,140.39999389648438,143.6999969482422,139.39999389648438,142.39999389648438,560242.0,BRAV.ST,107.93749984741211
2026-09-08,141.89999389648438,142.89999389648438,139.89999389648438,140.10000610351562,157789.0,BRAV.ST,108.23799987792968
2026-09-09,143.0,146.1999969482422,142.89999389648438,143.60000610351562,791858.0,BRAV.ST,108.56149990081786
2026-09-10,143.10000610351562,144.10000610351562,141.6999969482422,142.5,194464.0,BRAV.ST,108.87649990081788
2026-09-11,142.5,145.60000610351562,141.60000610351562,144.60000610351562,272199.0,BRAV.ST,109.20074993133545
2026-09-14,143.89999389648438,144.6999969482422,137.89999389648438,138.8000030517578,634232.0,BRAV.ST,109.49474994659424
2026-09-15,139.1999969482422,140.5,137.89999389648438,140.39999389648438,261470.0,BRAV.ST,109.79449993133545
2026-09-16,140.3000030517578,141.89999389648438,140.10000610351562,141.6999969482422,224812.0,BRAV.ST,110.10124992370605
2026-09-17,141.10000610351562,143.6999969482422,140.60000610351562,142.89999389648438,253733.0,BRAV.ST,110.41924987792969
2026-09-18,142.89999389648438,143.89999389648438,141.60000610351562,143.10000610351562,687481.0,BRAV.ST,110.73024990081787
2026-09-21,143.10000610351562,143.89999389648438,142.3000030517578,143.39999389648438,273607.0,BRAV.ST,111.0469998550415
2026-09-22,144.0,145.1999969482422,142.8000030517578,145.1999969482422,257362.0,BRAV.ST,111.36224983215332
2026-09-23,145.0,145.5,143.6999969482422,145.5,733872.0,BRAV.ST,111.68949981689452
2026-08-17,184.0,189.0,182.0,184.6000061035156,65459.0,BTS-B.ST,155.13899978637693
2026-08-18,182.6000061035156,188.6000061035156,182.1999969482422,185.0,3958.0,BTS-B.ST,155.11199981689452
2026-08-19,185.3999938964844,185.3999938964844,179.1999969482422,183.0,4905.0,BTS-B.ST,155.07099983215332
2026-08-20,183.8000030517578,188.0,182.8000030517578,183.1999969482422,16067.0,BTS-B.ST,155.03699981689454
2026-08-21,183.3999938964844,186.3999938964844,181.8000030517578,183.6000061035156,8077.0,BTS-B.ST,155.0189998626709
2026-08-24,183.0,183.6000061035156,180.3999938964844,182.8000030517578,19287.0,BTS-B.ST,154.99099990844726
2026-08-25,182.0,187.1999969482422,180.1999969482422,185.0,11689.0,BTS-B.ST,154.95599990844727
2026-08-26,187.0,187.8000030517578,183.0,184.3999938964844,9752.0,BTS-B.ST,154.9199998474121
2026-08-27,184.3999938964844,190.3999938964844,184.3999938964844,188.3999938964844,25516.0,BTS-B.ST,154.90599983215333
2026-08-28,190.0,208.0,188.3999938964844,200.5,54138.0,BTS-B.ST,154.9674998474121
2026-08-31,199.6000061035156,203.0,197.6000061035156,198.8000030517578,28991.0,BTS-B.ST,155.0414998626709
2026-09-01,198.8000030517578,200.0,194.6000061035156,194.6000061035156,37961.0,BTS-B.ST,155.09449989318847
2026-09-02,196.0,196.6000061035156,192.6000061035156,193.6000061035156,14025.0,BTS-B.ST,155.13149993896485
2026-09-03,194.0,200.5,194.0,199.6000061035156,44034.0,BTS-B.ST,155.39549995422362
2026-09-04,202.5,202.5,199.6000061035156,202.5,40161.0,BTS-B.ST,155.68299995422365
2026-09-07,203.5,206.5,198.8000030517578,199.3999938964844,20909.0,BTS-B.ST,155.97599990844728
2026-09-08,200.0,200.5,195.0,195.6000061035156,29479.0,BTS-B.ST,156.26899993896484
2026-09-09,196.0,197.6000061035156,194.3999938964844,196.3999938964844,25738.0,BTS-B.ST,156.58499992370605
2026-09-10,195.0,197.8000030517578,194.6000061035156,194.6000061035156,8178.0,BTS-B.ST,156.88299995422364
2026-09-11,192.6000061035156,195.0,190.1999969482422,192.3999938964844,7119.0,BTS-B.ST,157.18199989318848
2026-09-14,192.1999969482422,198.3999938964844,192.1999969482422,196.3999938964844,29106.0,BTS-B.ST,157.5089998626709
2026-09-15,196.89999389648438,197.0,192.8000030517578,194.0,67102.0,BTS-B.ST,157.82299987792967
2026-09-16,196.39999389648438,201.5,195.0,201.0,29627.0,BTS-B.ST,158.15099990844726
2026-09-17,201.0,210.0,201.0,205.0,22776.0,BTS-B.ST,158.50099990844726
2026-09-18,206.0,206.0,196.1999969482422,196.1999969482422,10815.0,BTS-B.ST,158.81499992370607
2026-09-21,198.1999969482422,208.0,198.1999969482422,206.5,16732.0,BTS-B.ST,159.17749992370605
2026-09-22,207.0,207.0,201.5,202.0,8787.0,BTS-B.ST,159.51949989318848
2026-09-23,201.0,208.0,201.0,204.0,5082.0,BTS-B.ST,159.86949989318848
2026-08-17,136.0,136.0,134.6999969482422,135.0500030517578,1467075.0,CAST.ST,116.57575023651125
2026-08-18,134.6999969482422,135.89999389648438,134.1999969482422,135.25,2334504.0,CAST.ST,116.69150024414064
2026-08-19,135.0500030517578,135.35000610351562,133.64999389648438,135.35000610351562,913288.0,CAST.ST,116.81550025939943
2026-08-20,134.64999389648438,134.9499969482422,133.10000610351562,133.60000610351562,1458783.0,CAST.ST,116.93575027465822
2026-08-21,133.25,134.0,132.3000030517578,133.0,1378243.0,CAST.ST,117.05475028991701
2026-08-24,133.0,134.5500030517578,133.0,133.89999389648438,1831731.0,CAST.ST,117.18500026702883
2026-08-25,133.9499969482422,134.89999389648438,133.35000610351562,133.64999389648438,804694.0,CAST.ST,117.32000022888185
2026-08-26,133.64999389648438,134.10000610351562,132.85000610351562,133.25,1374335.0,CAST.ST,117.45650024414064
2026-08-27,133.14999389648438,133.60000610351562,132.3000030517578,133.35000610351562,1028245.0,CAST.ST,117.59525028228762
2026-08-28,133.5,134.35000610351562,133.14999389648438,133.5,1030595.0,CAST.ST,117.73275028228761
2026-08-31,133.0,133.4499969482422,131.25,131.25,1643672.0,CAST.ST,117.85575027465822
2026-09-01,131.0,132.35000610351562,130.5,131.6999969482422,1739024.0,CAST.ST,117.99225025177003
2026-09-02,131.6999969482422,132.14999389648438,130.85000610351562,131.35000610351562,1397913.0,CAST.ST,118.12500026702882
2026-09-03,131.39999389648438,134.6999969482422,131.39999389648438,133.4499969482422,1385863.0,CAST.ST,118.25825023651124
2026-09-04,132.89999389648438,133.5500030517578,131.39999389648438,132.89999389648438,1238679.0,CAST.ST,118.38875019073488
2026-09-07,132.39999389648438,133.1999969482422,131.39999389648438,132.64999389648438,1118369.0,CAST.ST,118.51800014495852
2026-09-08,132.60000610351562,132.9499969482422,132.0,132.0,1026647.0,CAST.ST,118.6452501296997
2026-09-09,131.8000030517578,132.1999969482422,131.0,131.39999389648438,1127409.0,CAST.ST,118.77450008392334
2026-09-10,131.0,132.3000030517578,129.85000610351562,129.85000610351562,1735870.0,CAST.ST,118.89550010681153
2026-09-11,129.85000610351562,130.8000030517578,128.5,130.25,849788.0,CAST.ST,119.02400009155274
2026-09-14,130.25,131.0,129.0,129.25,779776.0,CAST.ST,119.14150009155273
2026-09-15,128.1999969482422,129.14999389648438,126.5,127.9000015258789,1083030.0,CAST.ST,119.24975009918212
2026-09-16,127.5,128.75,127.5,127.94999694824219,941484.0,CAST.ST,119.35900009155273
2026-09-17,127.94999694824219,128.5,126.80000305175781,126.9000015258789,1564591.0,CAST.ST,119.45725009918213
2026-09-18,126.4000015258789,127.3499984741211,125.55000305175781,125.55000305175781,4776869.0,CAST.ST,119.54775012969971
2026-09-21,125.80000305175781,127.30000305175781,125.44999694824219,127.0,1201917.0,CAST.ST,119.6467501449585
2026-09-22,127.0,128.35000610351562,126.5,127.94999694824219,1309941.0,CAST.ST,119.7577501296997
2026-09-23,128.5,128.5,126.3499984741211,126.75,816194.0,CAST.ST,119.86575012207031
2026-08-17,395.0,395.0,386.2000122070313,388.2000122070313,70734.0,CATE.ST,439.5890002441406
2026-08-18,388.0,393.6000061035156,386.7999877929688,390.7999877929688,44777.0,CATE.ST,439.1780001831055
2026-08-19,392.2000122070313,392.3999938964844,385.6000061035156,388.2000122070313,32205.0,CATE.ST,438.7740002441406
2026-08-20,388.3999938964844,391.0,387.3999938964844,388.2000122070313,29853.0,CATE.ST,438.38500030517577
2026-08-21,388.0,392.7999877929688,387.0,388.2000122070313,41248.0,CATE.ST,438.01100036621096
2026-08-24,388.2000122070313,393.3999938964844,386.7999877929688,389.7999877929688,42775.0,CATE.ST,437.65700027465823
2026-08-25,389.7999877929688,392.7999877929688,386.7999877929688,387.0,45287.0,CATE.ST,437.3220002746582
2026-08-26,387.3999938964844,390.3999938964844,385.2000122070313,388.0,89810.0,CATE.ST,436.97900024414065
2026-08-27,388.0,390.3999938964844,385.0,386.6000061035156,26244.0,CATE.ST,436.6600003051758
2026-08-28,383.2000122070313,389.7999877929688,383.2000122070313,388.2000122070313,37313.0,CATE.ST,436.33500030517575
2026-08-31,388.2000122070313,388.2000122070313,377.7999877929688,379.2000122070313,82361.0,CATE.ST,435.94900039672854
2026-09-01,378.6000061035156,384.3999938964844,377.6000061035156,383.3999938964844,47633.0,CATE.ST,435.62900039672854
2026-09-02,383.0,384.0,379.6000061035156,384.0,198664.0,CATE.ST,435.30700042724607
2026-09-03,384.7999877929688,393.0,384.7999877929688,388.0,53509.0,CATE.ST,434.9880004882813
2026-09-04,388.0,389.2000122070313,381.0,384.7999877929688,75294.0,CATE.ST,434.6450004577637
2026-09-07,383.0,388.6000061035156,380.6000061035156,387.0,39760.0,CATE.ST,434.3250004577637
2026-09-08,387.0,387.2000122070313,380.7999877929688,380.7999877929688,57827.0,CATE.ST,433.97000045776366
2026-09-09,380.0,381.7999877929688,374.7999877929688,374.7999877929688,34437.0,CATE.ST,433.61300033569336
2026-09-10,375.3999938964844,380.3999938964844,374.0,376.3999938964844,92422.0,CATE.ST,433.26000030517577
2026-09-11,375.2000122070313,379.3999938964844,372.6000061035156,376.6000061035156,56345.0,CATE.ST,432.95400039672853
2026-09-14,378.0,378.7999877929688,369.7999877929688,369.7999877929688,65025.0,CATE.ST,432.6050003051758
2026-09-15,369.6000061035156,372.79998779296875,363.79998779296875,370.0,405036.0,CATE.ST,432.24800033569335
2026-09-16,370.3999938964844,374.79998779296875,365.3999938964844,368.0,40623.0,CATE.ST,431.88600036621096
2026-09-17,367.6000061035156,369.79998779296875,365.20001220703125,366.6000061035156,40975.0,CATE.ST,431.4870004272461
2026-09-18,365.3999938964844,367.6000061035156,362.79998779296875,366.3999938964844,181842.0,CATE.ST,431.07400039672854
2026-09-21,365.20001220703125,375.3999938964844,365.20001220703125,374.6000061035156,48622.0,CATE.ST,430.7320004272461
2026-09-22,374.20001220703125,376.79998779296875,366.20001220703125,367.3999938964844,59443.0,CATE.ST,430.37900039672854
2026-09-23,367.3999938964844,368.0,360.79998779296875,363.0,49602.0,CATE.ST,430.0340003967285
2026-08-17,143.5,143.5,141.89999389648438,142.0,270149.0,CIBUS.ST,150.58425033569338
2026-08-18,142.0,142.4499969482422,141.5,141.5,228504.0,CIBUS.ST,150.4512503051758
2026-08-19,141.64999389648438,141.89999389648438,140.3000030517578,141.25,252526.0,CIBUS.ST,150.3267503356934
2026-08-20,141.64999389648438,142.10000610351562,141.14999389648438,141.5500030517578,203529.0,CIBUS.ST,150.20250038146975
2026-08-21,141.5500030517578,143.35000610351562,141.5500030517578,142.1999969482422,169860.0,CIBUS.ST,150.08075035095217
2026-08-24,142.4499969482422,142.89999389648438,141.1999969482422,141.6999969482422,269170.0,CIBUS.ST,149.96575035095216
2026-08-25,141.89999389648438,142.9499969482422,141.5500030517578,142.9499969482422,222011.0,CIBUS.ST,149.85300033569337
2026-08-26,142.4499969482422,142.64999389648438,141.14999389648438,141.85000610351562,219256.0,CIBUS.ST,149.7355003356934
2026-08-27,141.85000610351562,142.35000610351562,141.25,142.1999969482422,180106.0,CIBUS.ST,149.6165003204346
2026-08-28,142.25,142.9499969482422,141.75,142.39999389648438,171701.0,CIBUS.ST,149.4987503051758
2026-08-31,141.75,141.75,140.5,140.5,303623.0,CIBUS.ST,149.3665003204346
2026-09-01,140.5,141.5500030517578,139.39999389648438,141.35000610351562,210160.0,CIBUS.ST,149.25875038146975
2026-09-02,141.35000610351562,141.89999389648438,139.3000030517578,140.0,342181.0,CIBUS.ST,149.14500038146974
2026-09-03,140.0,142.9499969482422,140.0,141.0500030517578,692434.0,CIBUS.ST,149.0255004119873
2026-09-04,141.1999969482422,141.89999389648438,140.1999969482422,141.75,478413.0,CIBUS.ST,148.91425041198733
2026-09-07,140.85000610351562,142.5,140.3000030517578,141.8000030517578,249676.0,CIBUS.ST,148.8110004425049
2026-09-08,142.14999389648438,142.39999389648438,141.14999389648438,141.1999969482422,219784.0,CIBUS.ST,148.7032504272461
2026-09-09,141.10000610351562,141.39999389648438,139.3000030517578,139.3000030517578,253614.0,CIBUS.ST,148.59925041198733
2026-09-10,139.5,140.9499969482422,138.5,138.5,254328.0,CIBUS.ST,148.4895004272461
2026-09-11,138.85000610351562,139.9499969482422,138.1999969482422,138.89999389648438,258868.0,CIBUS.ST,148.38900039672853
2026-09-14,138.89999389648438,139.9499969482422,137.6999969482422,138.0500030517578,308008.0,CIBUS.ST,148.27525039672852
2026-09-15,137.89999389648438,138.0500030517578,136.0,136.89999389648438,312080.0,CIBUS.ST,148.14775039672853
2026-09-16,137.10000610351562,138.60000610351562,137.10000610351562,137.9499969482422,168345.0,CIBUS.ST,148.02975036621095
2026-09-17,138.75,138.9499969482422,137.5500030517578,138.4499969482422,173654.0,CIBUS.ST,147.90800033569337
2026-09-18,138.4499969482422,138.4499969482422,136.9499969482422,137.0500030517578,308962.0,CIBUS.ST,147.77725036621095
2026-09-21,137.10000610351562,138.89999389648438,136.60000610351562,138.6999969482422,187867.0,CIBUS.ST,147.65175033569338
2026-09-22,138.85000610351562,139.5,136.5500030517578,136.8000030517578,258438.0,CIBUS.ST,147.53575035095216
2026-09-23,137.10000610351562,137.60000610351562,134.4499969482422,135.0,348659.0,CIBUS.ST,147.43725036621095
2026-08-17,55.150001525878906,55.5,54.70000076293945,55.25,161171.0,CLA-B.ST,47.46030002593996
2026-08-18,55.29999923706055,56.0,55.0,55.29999923706055,218116.0,CLA-B.ST,47.55390001296999
2026-08-19,55.29999923706055,55.650001525878906,54.84999847412109,55.0,167240.0,CLA-B.ST,47.646200008392356
2026-08-20,55.25,55.650001525878906,54.79999923706055,55.29999923706055,128770.0,CLA-B.ST,47.74370000839235
2026-08-21,55.20000076293945,56.29999923706055,54.95000076293945,56.150001525878906,133555.0,CLA-B.ST,47.846150016784684
2026-08-24,56.0,56.34999847412109,55.59999847412109,56.04999923706055,120591.0,CLA-B.ST,47.94940000534059
2026-08-25,55.79999923706055,56.04999923706055,54.400001525878906,55.09999847412109,410460.0,CLA-B.ST,48.04829999923708
2026-08-26,55.09999847412109,56.84999847412109,55.09999847412109,56.70000076293945,343243.0,CLA-B.ST,48.1548999977112
2026-08-27,56.650001525878906,56.95000076293945,55.95000076293945,56.59999847412109,254056.0,CLA-B.ST,48.26479999542238
2026-08-28,56.650001525878906,57.84999847412109,56.650001525878906,56.95000076293945,265002.0,CLA-B.ST,48.3786499977112
2026-08-31,57.0,57.34999847412109,56.400001525878906,57.34999847412109,330845.0,CLA-B.ST,48.49449998855593
2026-09-01,57.29999923706055,57.45000076293945,56.45000076293945,57.150001525878906,216140.0,CLA-B.ST,48.60924999237062
2026-09-02,57.29999923706055,57.400001525878906,55.54999923706055,55.900001525878906,203431.0,CLA-B.ST,48.71645000457765
2026-09-03,56.09999847412109,56.900001525878906,55.75,55.95000076293945,131023.0,CLA-B.ST,48.82370000839235
2026-09-04,56.0,56.400001525878906,55.54999923706055,56.29999923706055,87462.0,CLA-B.ST,48.9309000015259
2026-09-07,56.0,56.0,54.20000076293945,54.29999923706055,388125.0,CLA-B.ST,49.031100006103536
2026-09-08,54.29999923706055,55.04999923706055,52.34999847412109,53.0,340645.0,CLA-B.ST,49.12680000305178
2026-09-09,53.150001525878906,53.70000076293945,52.650001525878906,52.84999847412109,272450.0,CLA-B.ST,49.22034999847414
2026-09-10,52.84999847412109,53.400001525878906,52.650001525878906,53.04999923706055,156218.0,CLA-B.ST,49.31409999847414
2026-09-11,53.20000076293945,54.04999923706055,52.900001525878906,53.650001525878906,253122.0,CLA-B.ST,49.40165000915529
2026-09-14,53.650001525878906,54.25,53.25,53.75,304834.0,CLA-B.ST,49.486900005340594
2026-09-15,53.75,53.75,52.150001525878906,52.650001525878906,201174.0,CLA-B.ST,49.564450016021745
2026-09-16,52.650001525878906,53.70000076293945,52.400001525878906,53.25,209726.0,CLA-B.ST,49.63800001144411
2026-09-17,53.25,54.0,53.20000076293945,53.650001525878906,170198.0,CLA-B.ST,49.7132500267029
2026-09-18,53.20000076293945,53.349998474121094,52.5,52.79999923706055,210443.0,CLA-B.ST,49.7817500305176
2026-09-21,52.849998474121094,53.900001525878906,52.150001525878906,53.20000076293945,200459.0,CLA-B.ST,49.851150035858176
2026-09-22,53.25,53.5,52.650001525878906,53.099998474121094,232482.0,CLA-B.ST,49.922750034332296
2026-09-23,53.099998474121094,53.400001525878906,52.70000076293945,53.04999923706055,152570.0,CLA-B.ST,49.99500003814699
2026-08-17,424.3999938964844,428.7999877929688,417.0,427.7999877929688,82675.0,CLAS-B.ST,373.5720002746582
2026-08-18,427.3999938964844,435.3999938964844,425.0,431.0,46599.0,CLAS-B.ST,373.9620002746582
2026-08-19,431.0,433.7999877929688,427.3999938964844,433.6000061035156,29475.0,CLAS-B.ST,374.36400024414064
2026-08-20,433.6000061035156,437.0,430.0,431.2000122070313,30590.0,CLAS-B.ST,374.76700027465813
2026-08-21,431.2000122070313,439.7999877929688,430.6000061035156,437.7999877929688,43580.0,CLAS-B.ST,375.1990002441406
2026-08-24,437.7999877929688,439.7999877929688,435.2000122070313,436.6000061035156,18673.0,CLAS-B.ST,375.6470002746582
2026-08-25,438.0,441.0,430.7999877929688,435.2000122070313,57303.0,CLAS-B.ST,376.09600036621094
2026-08-26,443.0,459.0,443.0,452.0,100960.0,CLAS-B.ST,376.67300033569336
2026-08-27,453.7999877929688,457.0,451.0,455.6000061035156,47940.0,CLAS-B.ST,377.2680003356933
2026-08-28,456.6000061035156,469.0,454.7999877929688,466.6000061035156,360394.0,CLAS-B.ST,377.92600036621087
2026-08-31,466.0,470.0,459.0,461.7999877929688,153361.0,CLAS-B.ST,378.50800033569334
2026-09-01,460.0,460.2000122070313,447.0,459.2000122070313,73426.0,CLAS-B.ST,379.06600036621086
2026-09-02,457.3999938964844,458.7999877929688,442.6000061035156,444.2000122070313,114346.0,CLAS-B.ST,379.47100036621094
2026-09-03,467.7999877929688,479.2000122070313,461.7999877929688,474.6000061035156,238232.0,CLAS-B.ST,380.0170004272461
2026-09-04,463.6000061035156,466.7999877929688,446.0,450.2000122070313,184725.0,CLAS-B.ST,380.4500004577637
2026-09-07,448.6000061035156,448.6000061035156,440.3999938964844,440.3999938964844,98018.0,CLAS-B.ST,380.85600036621094
2026-09-08,440.6000061035156,441.3999938964844,428.6000061035156,429.7999877929688,90922.0,CLAS-B.ST,381.2410003662109
2026-09-09,428.0,430.2000122070313,420.3999938964844,420.3999938964844,78861.0,CLAS-B.ST,381.5920002746582
2026-09-10,422.0,429.7999877929688,421.7999877929688,425.0,65844.0,CLAS-B.ST,381.98300033569336
2026-09-11,426.7999877929688,437.3999938964844,426.0,433.2000122070313,76389.0,CLAS-B.ST,382.38600036621085
2026-09-14,426.0,430.6000061035156,422.3999938964844,428.7999877929688,58108.0,CLAS-B.ST,382.76600036621085
2026-09-15,428.0,429.3999938964844,415.79998779296875,416.79998779296875,87195.0,CLAS-B.ST,383.10900024414053
2026-09-16,418.20001220703125,429.20001220703125,416.3999938964844,425.20001220703125,68877.0,CLAS-B.ST,383.42300033569336
2026-09-17,425.20001220703125,427.6000061035156,417.79998779296875,419.20001220703125,96029.0,CLAS-B.ST,383.7050004577636
2026-09-18,420.0,420.79998779296875,414.79998779296875,415.20001220703125,86555.0,CLAS-B.ST,383.9500004577637
2026-09-21,418.6000061035156,424.20001220703125,416.0,423.0,74437.0,CLAS-B.ST,384.2410005187987
2026-09-22,423.3999938964844,427.79998779296875,419.0,421.0,59989.0,CLAS-B.ST,384.5190005493164
2026-09-23,422.3999938964844,426.79998779296875,417.0,420.20001220703125,106327.0,CLAS-B.ST,384.80500061035156
2026-08-17,48.08000183105469,48.43999862670898,47.70000076293945,48.13999938964844,124322.0,COOR.ST,52.77629985809328
2026-08-18,48.08000183105469,48.41999816894531,47.77999877929688,47.900001525878906,242705.0,COOR.ST,52.773099861145035
2026-08-19,47.7400016784668,48.52000045776367,47.720001220703125,48.380001068115234,53337.0,COOR.ST,52.777399864196795
2026-08-20,48.220001220703125,48.5,47.79999923706055,48.0,421063.0,COOR.ST,52.7778998565674
2026-08-21,47.86000061035156,48.52000045776367,47.81999969482422,48.29999923706055,86725.0,COOR.ST,52.77749984741213
2026-08-24,50.79999923706055,51.25,49.52000045776367,49.81999969482422,662982.0,COOR.ST,52.79309984207155
2026-08-25,49.93999862670898,50.150001525878906,49.540000915527344,49.63999938964844,171590.0,COOR.ST,52.816899833679216
2026-08-26,49.70000076293945,49.93999862670898,49.36000061035156,49.720001220703125,117587.0,COOR.ST,52.84409984588625
2026-08-27,50.29999923706055,50.29999923706055,49.5,49.77999877929688,199760.0,COOR.ST,52.857999839782735
2026-08-28,49.79999923706055,50.5,49.70000076293945,50.34999847412109,146680.0,COOR.ST,52.88084983825686
2026-08-31,50.25,50.45000076293945,49.880001068115234,50.09999847412109,135913.0,COOR.ST,52.90174983978273
2026-09-01,50.0,50.34999847412109,49.560001373291016,50.150001525878906,183739.0,COOR.ST,52.92509984970095
2026-09-02,50.20000076293945,50.20000076293945,49.7599983215332,50.0,161434.0,COOR.ST,52.948299846649185
2026-09-03,50.0,50.34999847412109,49.959999084472656,50.34999847412109,126277.0,COOR.ST,52.97544984817507
2026-09-04,50.34999847412109,50.900001525878906,50.150001525878906,50.900001525878906,367551.0,COOR.ST,53.000149860382095
2026-09-07,50.29999923706055,50.900001525878906,50.20000076293945,50.34999847412109,155002.0,COOR.ST,53.02399984359743
2026-09-08,50.400001525878906,50.5,50.0,50.400001525878906,185837.0,COOR.ST,53.05119985580446
2026-09-09,50.20000076293945,50.95000076293945,50.150001525878906,50.900001525878906,101653.0,COOR.ST,53.0863998603821
2026-09-10,51.0,51.150001525878906,50.25,50.34999847412109,86049.0,COOR.ST,53.117149848938006
2026-09-11,50.34999847412109,50.650001525878906,49.91999816894531,50.59999847412109,55203.0,COOR.ST,53.14784984588625
2026-09-14,50.54999923706055,50.79999923706055,50.0,50.0,138025.0,COOR.ST,53.1631498527527
2026-09-15,50.0,50.95000076293945,49.70000076293945,50.5,96309.0,COOR.ST,53.181549854278586
2026-09-16,50.5,51.04999923706055,49.70000076293945,50.900001525878906,59622.0,COOR.ST,53.19394987106325
2026-09-17,50.95000076293945,51.900001525878906,50.849998474121094,51.54999923706055,136176.0,COOR.ST,53.210899868011495
2026-09-18,51.54999923706055,51.54999923706055,50.45000076293945,50.70000076293945,101341.0,COOR.ST,53.220499877929704
2026-09-21,50.599998474121094,50.900001525878906,50.04999923706055,50.650001525878906,109809.0,COOR.ST,53.231149883270284
2026-09-22,50.599998474121094,51.0,50.400001525878906,50.599998474121094,109666.0,COOR.ST,53.242149868011495
2026-09-23,50.70000076293945,50.79999923706055,50.099998474121094,50.599998474121094,137497.0,COOR.ST,53.25894985198976
2026-08-17,137.1999969482422,138.60000610351562,130.1999969482422,132.60000610351562,10851.0,CTT.ST,148.99850017547607
2026-08-18,132.1999969482422,132.1999969482422,130.1999969482422,130.39999389648438,3093.0,CTT.ST,148.7055001449585
2026-08-19,131.60000610351562,131.60000610351562,127.1999969482422,127.1999969482422,3357.0,CTT.ST,148.37750011444092
2026-08-20,129.60000610351562,129.60000610351562,126.5999984741211,127.1999969482422,6828.0,CTT.ST,148.07350009918213
2026-08-21,127.0,133.8000030517578,127.0,133.8000030517578,5867.0,CTT.ST,147.80150012969972
2026-08-24,132.39999389648438,134.39999389648438,131.60000610351562,132.8000030517578,4244.0,CTT.ST,147.51850017547608
2026-08-25,134.0,135.60000610351562,133.60000610351562,135.39999389648438,5335.0,CTT.ST,147.2555001449585
2026-08-26,137.0,143.8000030517578,137.0,139.39999389648438,34321.0,CTT.ST,147.0125001144409
2026-08-27,140.39999389648438,145.39999389648438,140.1999969482422,143.0,22813.0,CTT.ST,146.78250011444092
2026-08-28,143.1999969482422,145.60000610351562,141.60000610351562,145.0,19595.0,CTT.ST,146.5565001296997
2026-08-31,145.0,148.0,143.39999389648438,147.0,14601.0,CTT.ST,146.35250011444091
2026-09-01,147.39999389648438,149.8000030517578,140.39999389648438,141.0,14637.0,CTT.ST,146.11950008392333
2026-09-02,141.39999389648438,145.8000030517578,141.39999389648438,145.60000610351562,7646.0,CTT.ST,145.91250011444092
2026-09-03,145.60000610351562,145.8000030517578,136.0,138.1999969482422,15943.0,CTT.ST,145.66450008392334
2026-09-04,138.0,141.8000030517578,138.0,140.8000030517578,2936.0,CTT.ST,145.43550006866454
2026-09-07,140.60000610351562,143.39999389648438,138.8000030517578,142.60000610351562,3921.0,CTT.ST,145.2265001296997
2026-09-08,142.39999389648438,142.39999389648438,136.8000030517578,137.0,11479.0,CTT.ST,144.9895001602173
2026-09-09,137.0,137.60000610351562,133.0,134.39999389648438,19040.0,CTT.ST,144.74850009918214
2026-09-10,134.39999389648438,134.60000610351562,130.0,130.0,7106.0,CTT.ST,144.49150012969972
2026-09-11,130.1999969482422,135.0,130.1999969482422,132.60000610351562,6292.0,CTT.ST,144.24950016021728
2026-09-14,132.60000610351562,133.8000030517578,130.60000610351562,133.8000030517578,3652.0,CTT.ST,144.0195001602173
2026-09-15,132.0,133.8000030517578,131.1999969482422,132.60000610351562,3085.0,CTT.ST,143.8045001602173
2026-09-16,131.0,134.1999969482422,131.0,132.1999969482422,2268.0,CTT.ST,143.5855001449585
2026-09-17,132.1999969482422,135.1999969482422,132.1999969482422,134.39999389648438,5524.0,CTT.ST,143.37750011444092
2026-09-18,133.8000030517578,133.8000030517578,131.60000610351562,133.39999389648438,1910.0,CTT.ST,143.13950008392334
2026-09-21,132.8000030517578,134.0,130.1999969482422,131.60000610351562,5019.0,CTT.ST,142.87250011444092
2026-09-22,131.60000610351562,134.60000610351562,130.8000030517578,132.8000030517578,4824.0,CTT.ST,142.6095001602173
2026-09-23,133.0,134.39999389648438,131.39999389648438,133.60000610351562,1698.0,CTT.ST,142.32250019073487
2026-08-17,67.0,67.0,65.75,65.9000015258789,102468.0,DIOS.ST,65.40850019454957
2026-08-18,65.8499984741211,66.55000305175781,65.25,66.25,66508.0,DIOS.ST,65.40475019454956
2026-08-19,66.0999984741211,66.25,65.5,65.80000305175781,92746.0,DIOS.ST,65.40075021743775
2026-08-20,65.80000305175781,66.1500015258789,65.30000305175781,65.5,105487.0,DIOS.ST,65.39675020217896
2026-08-21,65.80000305175781,66.25,65.4000015258789,65.9000015258789,65029.0,DIOS.ST,65.39650022506714
2026-08-24,65.80000305175781,65.94999694824219,65.0999984741211,65.19999694824219,92281.0,DIOS.ST,65.39800020217896
2026-08-25,65.05000305175781,65.5,64.80000305175781,64.94999694824219,182586.0,DIOS.ST,65.39725019454957
2026-08-26,64.80000305175781,65.25,64.5,64.5999984741211,166993.0,DIOS.ST,65.39925020217896
2026-08-27,64.5999984741211,65.05000305175781,64.25,64.80000305175781,153527.0,DIOS.ST,65.40475021362306
2026-08-28,64.9000015258789,65.5,64.6500015258789,64.8499984741211,101010.0,DIOS.ST,65.40950019836427
2026-08-31,64.8499984741211,64.8499984741211,63.59999847412109,64.19999694824219,452724.0,DIOS.ST,65.40850017547608
2026-09-01,64.19999694824219,64.3499984741211,63.650001525878906,64.3499984741211,267812.0,DIOS.ST,65.4127501678467
2026-09-02,64.30000305175781,64.5999984741211,63.59999847412109,63.900001525878906,125883.0,DIOS.ST,65.41650016784669
2026-09-03,63.900001525878906,65.05000305175781,63.70000076293945,64.69999694824219,135479.0,DIOS.ST,65.4210001564026
2026-09-04,64.6500015258789,64.80000305175781,64.19999694824219,64.75,108403.0,DIOS.ST,65.4235001564026
2026-09-07,64.69999694824219,64.9000015258789,64.1500015258789,64.5999984741211,69366.0,DIOS.ST,65.4272501564026
2026-09-08,64.3499984741211,64.55000305175781,63.84999847412109,64.0,159984.0,DIOS.ST,65.4272501564026
2026-09-09,63.79999923706055,64.0999984741211,63.45000076293945,63.650001525878906,446212.0,DIOS.ST,65.42700016021729
2026-09-10,63.79999923706055,64.0999984741211,63.150001525878906,63.150001525878906,177945.0,DIOS.ST,65.42375017166138
2026-09-11,63.09999847412109,63.34999847412109,62.650001525878906,62.95000076293945,119763.0,DIOS.ST,65.42225017547608
2026-09-14,62.95000076293945,63.400001525878906,62.5,62.650001525878906,368167.0,DIOS.ST,65.41725017547608
2026-09-15,62.45000076293945,62.75,61.849998474121094,62.25,294249.0,DIOS.ST,65.40900016784668
2026-09-16,62.400001525878906,63.0,62.20000076293945,62.5,104860.0,DIOS.ST,65.39850017547609
2026-09-17,62.5,63.150001525878906,62.349998474121094,63.0,124634.0,DIOS.ST,65.38850017547608
2026-09-18,62.849998474121094,63.04999923706055,62.349998474121094,62.349998474121094,222051.0,DIOS.ST,65.37350017547608
2026-09-21,62.45000076293945,63.5,62.400001525878906,63.099998474121094,84820.0,DIOS.ST,65.36575016021729
2026-09-22,63.099998474121094,63.29999923706055,62.20000076293945,62.29999923706055,129725.0,DIOS.ST,65.35700014114381
2026-09-23,62.25,62.45000076293945,61.25,61.70000076293945,296410.0,DIOS.ST,65.3467501449585
2026-08-17,24.18000030517578,24.18000030517578,23.420000076293945,23.700000762939453,824792.0,DOM.ST,34.702300033569344
2026-08-18,23.81999969482422,23.81999969482422,23.13999938964844,23.280000686645508,643775.0,DOM.ST,34.57550004005432
2026-08-19,23.200000762939453,23.799999237060547,22.940000534057617,23.65999984741211,489288.0,DOM.ST,34.4549000453949
2026-08-20,23.65999984741211,23.700000762939453,23.020000457763672,23.239999771118164,395366.0,DOM.ST,34.337600040435795
2026-08-21,23.31999969482422,23.8799991607666,23.280000686645508,23.84000015258789,478470.0,DOM.ST,34.22320003509522
2026-08-24,23.84000015258789,23.84000015258789,22.89999961853028,22.89999961853028,607641.0,DOM.ST,34.104200029373175
2026-08-25,22.979999542236328,23.39999961853028,22.799999237060547,22.799999237060547,560758.0,DOM.ST,33.9933000278473
2026-08-26,22.799999237060547,22.81999969482422,22.299999237060547,22.3799991607666,767621.0,DOM.ST,33.882700023651125
2026-08-27,22.6200008392334,22.6200008392334,21.959999084472656,22.059999465942383,878598.0,DOM.ST,33.7713000202179
2026-08-28,22.059999465942383,22.68000030517578,22.059999465942383,22.6200008392334,838707.0,DOM.ST,33.66910001754761
2026-08-31,22.6200008392334,22.86000061035156,22.299999237060547,22.299999237060547,883481.0,DOM.ST,33.56560001373291
2026-09-01,22.459999084472656,23.040000915527344,22.299999237060547,22.459999084472656,790635.0,DOM.ST,33.46180000305176
2026-09-02,22.459999084472656,22.459999084472656,21.940000534057617,22.07999992370605,631308.0,DOM.ST,33.355000009536745
2026-09-03,22.299999237060547,23.26000022888184,22.020000457763672,23.26000022888184,1177045.0,DOM.ST,33.254100017547614
2026-09-04,23.39999961853028,23.700000762939453,23.07999992370605,23.65999984741211,760205.0,DOM.ST,33.15970001220703
2026-09-07,23.559999465942383,23.739999771118164,23.299999237060547,23.5,514135.0,DOM.ST,33.06940000534058
2026-09-08,23.559999465942383,23.559999465942383,23.100000381469727,23.299999237060547,596732.0,DOM.ST,32.980000000000004
2026-09-09,23.239999771118164,23.239999771118164,22.600000381469727,22.940000534057617,3182102.0,DOM.ST,32.89599999427796
2026-09-10,22.940000534057617,23.31999969482422,22.600000381469727,22.700000762939453,389078.0,DOM.ST,32.80900000572205
2026-09-11,23.18000030517578,23.18000030517578,22.100000381469727,22.5,543889.0,DOM.ST,32.72420001029969
2026-09-14,22.440000534057617,22.68000030517578,22.34000015258789,22.479999542236328,476331.0,DOM.ST,32.63610001564027
2026-09-15,22.299999237060547,22.31999969482422,21.540000915527344,21.540000915527344,1234621.0,DOM.ST,32.53870001792908
2026-09-16,21.420000076293945,21.799999237060547,21.31999969482422,21.65999984741211,1151961.0,DOM.ST,32.437700014114384
2026-09-17,21.799999237060547,22.219999313354492,21.540000915527344,22.139999389648438,748405.0,DOM.ST,32.34340001106263
2026-09-18,22.079999923706055,22.239999771118164,21.239999771118164,21.239999771118164,1555266.0,DOM.ST,32.242200012207036
2026-09-21,21.31999969482422,21.700000762939453,21.200000762939453,21.200000762939453,453065.0,DOM.ST,32.12740001678467
2026-09-22,21.200000762939453,22.280000686645508,21.079999923706055,21.860000610351562,612227.0,DOM.ST,32.019500026702886
2026-09-23,21.860000610351562,22.079999923706055,21.239999771118164,21.479999542236328,522841.0,DOM.ST,31.909700031280522
2026-08-17,79.0999984741211,79.30000305175781,77.9000015258789,77.9000015258789,48250.0,DUNI.ST,92.37800003051758
2026-08-18,78.4000015258789,78.4000015258789,77.5,77.69999694824219,23274.0,DUNI.ST,92.2275
2026-08-19,77.9000015258789,78.5,77.5999984741211,78.4000015258789,20785.0,DUNI.ST,92.0825
2026-08-20,78.30000305175781,79.0999984741211,77.9000015258789,79.0999984741211,33908.0,DUNI.ST,91.935
2026-08-21,79.4000015258789,79.69999694824219,78.5,79.30000305175781,32261.0,DUNI.ST,91.80050003051758
2026-08-24,79.4000015258789,79.80000305175781,78.9000015258789,79.0,21349.0,DUNI.ST,91.66550003051758
2026-08-25,79.5,80.30000305175781,79.19999694824219,80.0999984741211,21587.0,DUNI.ST,91.54000003814697
2026-08-26,80.5,80.5,79.19999694824219,79.80000305175781,42675.0,DUNI.ST,91.41900005340577
2026-08-27,80.0999984741211,80.5,79.19999694824219,80.5,37265.0,DUNI.ST,91.30850006103516
2026-08-28,80.5,81.5,80.5,81.30000305175781,43917.0,DUNI.ST,91.19700008392334
2026-08-31,81.4000015258789,81.69999694824219,79.80000305175781,79.80000305175781,40670.0,DUNI.ST,91.07400009155273
2026-09-01,80.0,80.19999694824219,79.0,79.0,39006.0,DUNI.ST,90.96600009918212
2026-09-02,79.0,79.4000015258789,78.9000015258789,79.19999694824219,18534.0,DUNI.ST,90.85800006866455
2026-09-03,79.4000015258789,80.0,78.5,78.9000015258789,48905.0,DUNI.ST,90.75050006866455
2026-09-04,78.80000305175781,79.0999984741211,78.0,78.9000015258789,75945.0,DUNI.ST,90.65100006103516
2026-09-07,79.0,79.0,77.4000015258789,78.19999694824219,75517.0,DUNI.ST,90.54950004577637
2026-09-08,78.5,78.9000015258789,78.0999984741211,78.0999984741211,35946.0,DUNI.ST,90.45450004577637
2026-09-09,78.4000015258789,78.4000015258789,76.80000305175781,76.80000305175781,50900.0,DUNI.ST,90.35750007629395
2026-09-10,77.0,77.69999694824219,75.69999694824219,75.9000015258789,63181.0,DUNI.ST,90.25700008392334
2026-09-11,76.30000305175781,76.80000305175781,76.0999984741211,76.19999694824219,37502.0,DUNI.ST,90.15950008392333
2026-09-14,76.19999694824219,76.80000305175781,76.0,76.0999984741211,19923.0,DUNI.ST,90.05700008392334
2026-09-15,76.19999694824219,76.69999694824219,75.5999984741211,76.0,68564.0,DUNI.ST,89.95250007629394
2026-09-16,76.19999694824219,77.30000305175781,76.19999694824219,77.30000305175781,80379.0,DUNI.ST,89.84550010681153
2026-09-17,77.5,78.30000305175781,77.19999694824219,77.9000015258789,49763.0,DUNI.ST,89.74300010681152
2026-09-18,78.19999694824219,78.19999694824219,76.4000015258789,76.5,54154.0,DUNI.ST,89.63150009155274
2026-09-21,76.5999984741211,77.0,76.19999694824219,76.19999694824219,32814.0,DUNI.ST,89.51650009155273
2026-09-22,76.5999984741211,76.9000015258789,76.0,76.0,50713.0,DUNI.ST,89.39750007629395
2026-09-23,76.5,76.5999984741211,74.0999984741211,74.5,64310.0,DUNI.ST,89.27550006866456
2026-08-17,75.0999984741211,75.19999694824219,72.44999694824219,73.3499984741211,325921.0,DYVOX.ST,84.22774986267088
2026-08-18,73.44999694824219,73.9000015258789,72.19999694824219,73.55000305175781,327043.0,DYVOX.ST,84.06249988555906
2026-08-19,73.3499984741211,75.0999984741211,72.25,74.69999694824219,188216.0,DYVOX.ST,83.92499988555906
2026-08-20,74.55000305175781,75.94999694824219,73.9000015258789,75.94999694824219,211853.0,DYVOX.ST,83.80074985504149
2026-08-21,76.0,77.6500015258789,74.30000305175781,75.0999984741211,245534.0,DYVOX.ST,83.6737498474121
2026-08-24,74.9000015258789,75.5999984741211,74.25,74.9000015258789,146956.0,DYVOX.ST,83.55774986267087
2026-08-25,75.4000015258789,77.19999694824219,74.5999984741211,76.69999694824219,235797.0,DYVOX.ST,83.45899986267088
2026-08-26,76.5999984741211,77.5,76.0,76.4000015258789,153227.0,DYVOX.ST,83.36799987792966
2026-08-27,76.4000015258789,77.1500015258789,74.94999694824219,77.1500015258789,207326.0,DYVOX.ST,83.29099987030027
2026-08-28,77.30000305175781,78.0,75.69999694824219,77.0,283901.0,DYVOX.ST,83.20899986267088
2026-08-31,77.0,77.0,74.69999694824219,74.80000305175781,275041.0,DYVOX.ST,83.11499988555906
2026-09-01,75.0,75.6500015258789,73.69999694824219,74.5999984741211,154790.0,DYVOX.ST,83.02399986267088
2026-09-02,74.55000305175781,75.0,73.5,73.8499984741211,118957.0,DYVOX.ST,82.92299983978269
2026-09-03,73.80000305175781,78.0,73.5999984741211,77.8499984741211,238219.0,DYVOX.ST,82.84699981689451
2026-09-04,78.0,78.69999694824219,76.4000015258789,77.0,132628.0,DYVOX.ST,82.76274982452391
2026-09-07,76.94999694824219,77.0999984741211,75.5,76.0,101781.0,DYVOX.ST,82.68199981689452
2026-09-08,76.0,76.44999694824219,74.25,74.25,147394.0,DYVOX.ST,82.6009998321533
2026-09-09,74.19999694824219,74.44999694824219,73.05000305175781,73.69999694824219,164099.0,DYVOX.ST,82.52374980926511
2026-09-10,73.5,73.94999694824219,72.1500015258789,73.6500015258789,200829.0,DYVOX.ST,82.44749980926512
2026-09-11,73.0,76.44999694824219,72.3499984741211,75.75,200126.0,DYVOX.ST,82.37549980163573
2026-09-14,75.0999984741211,76.19999694824219,72.3499984741211,73.69999694824219,217356.0,DYVOX.ST,82.30049980163572
2026-09-15,73.69999694824219,74.19999694824219,72.0,73.1500015258789,162907.0,DYVOX.ST,82.20724979400634
2026-09-16,73.1500015258789,73.5999984741211,71.9000015258789,72.4000015258789,182795.0,DYVOX.ST,82.10174980163575
2026-09-17,72.30000305175781,73.75,71.94999694824219,72.05000305175781,136733.0,DYVOX.ST,81.99724983215332
2026-09-18,72.05000305175781,74.0,72.05000305175781,73.0,244956.0,DYVOX.ST,81.87724983215332
2026-09-21,73.0999984741211,76.30000305175781,73.0999984741211,75.1500015258789,164393.0,DYVOX.ST,81.7599998474121
2026-09-22,75.25,77.30000305175781,75.0,77.30000305175781,112532.0,DYVOX.ST,81.67099987030029
2026-09-23,78.25,78.75,76.5,76.8499984741211,308126.0,DYVOX.ST,81.5677498626709
2026-08-17,45.79999923706055,46.150001525878906,45.54999923706055,46.04999923706055,81939.0,EAST.ST,46.974500007629416
2026-08-18,46.04999923706055,46.34999847412109,45.54999923706055,45.70000076293945,153274.0,EAST.ST,46.94550001144411
2026-08-19,45.79999923706055,45.900001525878906,45.150001525878906,45.75,54720.0,EAST.ST,46.91575000762941
2026-08-20,45.5,45.900001525878906,45.5,45.900001525878906,64168.0,EAST.ST,46.88825000762941
2026-08-21,45.70000076293945,46.09999847412109,45.5,45.84999847412109,51749.0,EAST.ST,46.86399999618532
2026-08-24,45.75,45.900001525878906,45.20000076293945,45.70000076293945,40378.0,EAST.ST,46.842500000000015
2026-08-25,45.650001525878906,45.95000076293945,45.5,45.650001525878906,38171.0,EAST.ST,46.82325000762941
2026-08-26,45.650001525878906,46.09999847412109,45.5,45.70000076293945,67849.0,EAST.ST,46.803750019073505
2026-08-27,45.70000076293945,46.0,45.09999847412109,45.29999923706055,44770.0,EAST.ST,46.78325000762941
2026-08-28,45.25,46.0,45.150001525878906,45.59999847412109,135961.0,EAST.ST,46.76750000000002
2026-08-31,45.54999923706055,45.75,44.79999923706055,45.150001525878906,135231.0,EAST.ST,46.74750000000002
2026-09-01,45.29999923706055,45.84999847412109,44.84999847412109,45.70000076293945,75601.0,EAST.ST,46.73175001144411
2026-09-02,45.70000076293945,45.95000076293945,45.0,45.34999847412109,52492.0,EAST.ST,46.71649999618532
2026-09-03,45.5,46.0,45.34999847412109,45.70000076293945,91907.0,EAST.ST,46.69950000762941
2026-09-04,45.75,46.29999923706055,45.45000076293945,46.04999923706055,58547.0,EAST.ST,46.68475000381471
2026-09-07,46.150001525878906,46.150001525878906,45.70000076293945,46.0,34096.0,EAST.ST,46.66975000381471
2026-09-08,45.900001525878906,47.20000076293945,45.650001525878906,46.900001525878906,87109.0,EAST.ST,46.66050001144411
2026-09-09,46.650001525878906,46.900001525878906,46.09999847412109,46.20000076293945,45308.0,EAST.ST,46.651500015258804
2026-09-10,46.09999847412109,46.59999847412109,45.54999923706055,45.54999923706055,41995.0,EAST.ST,46.63900001525881
2026-09-11,45.70000076293945,45.79999923706055,45.25,45.34999847412109,51831.0,EAST.ST,46.627250003814716
2026-09-14,45.34999847412109,45.75,44.400001525878906,44.5,108369.0,EAST.ST,46.60925001144411
2026-09-15,44.5,45.04999923706055,44.150001525878906,44.79999923706055,182637.0,EAST.ST,46.592000007629416
2026-09-16,45.04999923706055,45.349998474121094,44.75,44.79999923706055,51157.0,EAST.ST,46.57100000381472
2026-09-17,44.95000076293945,45.150001525878906,44.79999923706055,44.900001525878906,37804.0,EAST.ST,46.54800001144411
2026-09-18,44.75,45.0,44.25,44.25,274764.0,EAST.ST,46.51925001144411
2026-09-21,44.150001525878906,45.25,44.0,45.0,126524.0,EAST.ST,46.49675001144411
2026-09-22,44.75,45.29999923706055,44.54999923706055,44.70000076293945,56397.0,EAST.ST,46.47550001144411
2026-09-23,44.650001525878906,44.70000076293945,43.70000076293945,43.900001525878906,83708.0,EAST.ST,46.4532500267029
2026-08-17,53.650001525878906,54.650001525878906,53.150001525878906,53.59999847412109,1136612.0,EKTA-B.ST,53.83824995040895
2026-08-18,53.34999847412109,55.150001525878906,53.25,54.70000076293945,797977.0,EKTA-B.ST,53.862249946594254
2026-08-19,54.400001525878906,56.04999923706055,54.34999847412109,55.54999923706055,1282250.0,EKTA-B.ST,53.89579994201662
2026-08-20,55.79999923706055,56.09999847412109,55.0,55.34999847412109,1271911.0,EKTA-B.ST,53.92714992523195
2026-08-21,55.70000076293945,56.20000076293945,55.0,56.150001525878906,1061775.0,EKTA-B.ST,53.96449993133547
2026-08-24,56.04999923706055,56.400001525878906,55.400001525878906,55.59999847412109,759141.0,EKTA-B.ST,54.00079992294313
2026-08-25,55.95000076293945,56.04999923706055,55.20000076293945,56.04999923706055,1387894.0,EKTA-B.ST,54.04354991912844
2026-08-26,56.0,56.0,54.400001525878906,54.79999923706055,969846.0,EKTA-B.ST,54.08494991302492
2026-08-27,56.0,56.09999847412109,51.400001525878906,53.150001525878906,4625743.0,EKTA-B.ST,54.12259992599489
2026-08-28,54.09999847412109,55.70000076293945,53.59999847412109,54.45000076293945,1932653.0,EKTA-B.ST,54.17034992218019
2026-08-31,54.45000076293945,54.900001525878906,53.650001525878906,54.29999923706055,1262435.0,EKTA-B.ST,54.2223499107361
2026-09-01,54.0,54.150001525878906,52.70000076293945,52.95000076293945,1596669.0,EKTA-B.ST,54.2695999145508
2026-09-02,52.400001525878906,53.20000076293945,51.95000076293945,52.70000076293945,1252183.0,EKTA-B.ST,54.31169992446901
2026-09-03,52.59999847412109,53.75,52.34999847412109,53.0,991164.0,EKTA-B.ST,54.35129991531374
2026-09-04,51.84999847412109,52.70000076293945,51.650001525878906,52.29999923706055,739811.0,EKTA-B.ST,54.383099918365495
2026-09-07,52.29999923706055,52.84999847412109,51.20000076293945,51.20000076293945,1281124.0,EKTA-B.ST,54.41339992523195
2026-09-08,51.400001525878906,51.400001525878906,49.70000076293945,49.79999923706055,3483623.0,EKTA-B.ST,54.44109992980959
2026-09-09,49.29999923706055,50.04999923706055,48.5,50.04999923706055,1653971.0,EKTA-B.ST,54.47584993362429
2026-09-10,49.79999923706055,50.25,49.36000061035156,49.93999862670898,1037428.0,EKTA-B.ST,54.510449924469015
2026-09-11,49.959999084472656,49.959999084472656,48.959999084472656,49.02000045776367,1463719.0,EKTA-B.ST,54.54274991989138
2026-09-14,49.02000045776367,50.54999923706055,48.79999923706055,50.04999923706055,1175076.0,EKTA-B.ST,54.5810999107361
2026-09-15,50.0,52.25,49.29999923706055,52.25,2082667.0,EKTA-B.ST,54.625149917602556
2026-09-16,52.29999923706055,52.54999923706055,51.45000076293945,51.70000076293945,934285.0,EKTA-B.ST,54.66094991683962
2026-09-17,51.70000076293945,51.95000076293945,51.20000076293945,51.75,1277831.0,EKTA-B.ST,54.64469991683962
2026-09-18,51.45000076293945,52.5,51.29999923706055,51.599998474121094,1590931.0,EKTA-B.ST,54.61019990921022
2026-09-21,51.54999923706055,51.900001525878906,51.25,51.45000076293945,584038.0,EKTA-B.ST,54.57744991302492
2026-09-22,51.650001525878906,52.400001525878906,51.20000076293945,52.349998474121094,804769.0,EKTA-B.ST,54.55694990158083
2026-09-23,52.400001525878906,52.599998474121094,51.900001525878906,52.0,599643.0,EKTA-B.ST,54.53869989395143
2026-08-17,75.81999969482422,77.23999786376953,74.0,74.41999816894531,851425.0,EMBRAC-B.ST,63.19013687133789
2026-08-18,74.0999984741211,76.30000305175781,73.26000213623047,75.19999694824219,743028.0,EMBRAC-B.ST,63.051636848449704
2026-08-19,74.91999816894531,74.91999816894531,71.69999694824219,73.12000274658203,1050076.0,EMBRAC-B.ST,62.90543685913086
2026-08-20,72.69999694824219,73.77999877929688,71.44000244140625,72.05999755859375,436098.0,EMBRAC-B.ST,62.76053684234619
2026-08-21,71.68000030517578,75.4800033569336,71.13999938964844,75.05999755859375,1159749.0,EMBRAC-B.ST,62.63433681488037
2026-08-24,74.69999694824219,74.94000244140625,73.5,74.13999938964844,301201.0,EMBRAC-B.ST,62.5090368270874
2026-08-25,74.18000030517578,76.83999633789062,74.18000030517578,74.31999969482422,743492.0,EMBRAC-B.ST,62.390386810302736
2026-08-26,74.33999633789062,75.0,72.77999877929688,73.86000061035156,664464.0,EMBRAC-B.ST,62.27548683166504
2026-08-27,73.63999938964844,73.9000015258789,72.0,72.44000244140625,674626.0,EMBRAC-B.ST,62.16168685913086
2026-08-28,72.26000213623047,73.41999816894531,71.91999816894531,73.37999725341797,495673.0,EMBRAC-B.ST,62.06878684997559
2026-08-31,73.04000091552734,73.04000091552734,70.91999816894531,71.66000366210938,903709.0,EMBRAC-B.ST,61.977086868286136
2026-09-01,71.30000305175781,74.16000366210938,71.19999694824219,73.26000213623047,1281701.0,EMBRAC-B.ST,61.89513687133789
2026-09-02,72.95999908447266,73.69999694824219,71.63999938964844,73.66000366210938,579183.0,EMBRAC-B.ST,61.811486892700195
2026-09-03,73.54000091552734,76.0,73.41999816894531,75.0,622324.0,EMBRAC-B.ST,61.741836891174316
2026-09-04,75.36000061035156,75.36000061035156,73.4800033569336,74.04000091552734,624027.0,EMBRAC-B.ST,61.661236877441404
2026-09-07,73.55999755859375,75.16000366210938,73.55999755859375,74.62000274658203,435831.0,EMBRAC-B.ST,61.59418689727783
2026-09-08,74.55999755859375,75.80000305175781,74.30000305175781,75.73999786376953,406827.0,EMBRAC-B.ST,61.542536888122555
2026-09-09,75.66000366210938,77.81999969482422,75.22000122070312,77.08000183105469,645539.0,EMBRAC-B.ST,61.50713687896729
2026-09-10,76.22000122070312,77.91999816894531,75.9000015258789,77.73999786376953,472895.0,EMBRAC-B.ST,61.470836868286135
2026-09-11,77.69999694824219,80.0999984741211,77.5,79.94000244140625,536376.0,EMBRAC-B.ST,61.45658687591553
2026-09-14,79.9800033569336,84.62000274658203,79.9800033569336,84.62000274658203,1102361.0,EMBRAC-B.ST,61.47218688964844
2026-09-15,83.94000244140625,85.69999694824219,83.91999816894531,84.66000366210938,944240.0,EMBRAC-B.ST,61.48613689422607
2026-09-16,84.76000213623047,85.5,82.80000305175781,84.45999908447266,663079.0,EMBRAC-B.ST,61.5027368927002
2026-09-17,84.5,86.0,84.0199966430664,84.83999633789062,594066.0,EMBRAC-B.ST,61.497786865234374
2026-09-18,84.81999969482422,86.08000183105469,81.0999984741211,82.12000274658203,1896356.0,EMBRAC-B.ST,61.45538688659668
2026-09-21,81.54000091552734,83.5199966430664,81.33999633789062,82.22000122070312,396522.0,EMBRAC-B.ST,61.40828689575196
2026-09-22,82.41999816894531,86.19999694824219,82.23999786376953,86.19999694824219,504602.0,EMBRAC-B.ST,61.38388687133789
2026-09-23,86.19999694824219,86.76000213623047,84.5999984741211,86.41999816894531,326297.0,EMBRAC-B.ST,61.36898685455322
2026-08-17,250.8999938964844,251.6999969482422,248.6000061035156,250.1000061035156,802235.0,EPI-A.ST,241.29200035095215
2026-08-18,248.8999938964844,251.5,247.1000061035156,247.1999969482422,1427340.0,EPI-A.ST,241.40950035095216
2026-08-19,248.1000061035156,250.3000030517578,247.3999938964844,249.1000061035156,1073573.0,EPI-A.ST,241.5380004119873
2026-08-20,249.1000061035156,259.6000061035156,248.8000030517578,257.6000061035156,2225033.0,EPI-A.ST,241.7845004272461
2026-08-21,257.29998779296875,264.6000061035156,256.8999938964844,262.29998779296875,1173347.0,EPI-A.ST,242.07700035095215
2026-08-24,262.29998779296875,268.0,261.70001220703125,265.29998779296875,1016901.0,EPI-A.ST,242.39750030517578
2026-08-25,265.29998779296875,273.29998779296875,265.29998779296875,268.8999938964844,1536157.0,EPI-A.ST,242.7545002746582
2026-08-26,268.29998779296875,275.29998779296875,268.20001220703125,272.79998779296875,1368074.0,EPI-A.ST,243.13250022888184
2026-08-27,273.5,276.0,272.1000061035156,273.29998779296875,1226972.0,EPI-A.ST,243.5020001983643
2026-08-28,274.20001220703125,276.0,268.6000061035156,268.6000061035156,1418408.0,EPI-A.ST,243.86550025939945
2026-08-31,268.6000061035156,270.0,264.6000061035156,264.6000061035156,1386130.0,EPI-A.ST,244.2052503204346
2026-09-01,265.0,267.6000061035156,258.0,258.29998779296875,1232194.0,EPI-A.ST,244.50625022888187
2026-09-02,257.3999938964844,258.29998779296875,252.8999938964844,256.20001220703125,1368921.0,EPI-A.ST,244.78425025939944
2026-09-03,257.20001220703125,263.70001220703125,255.3000030517578,259.20001220703125,1750700.0,EPI-A.ST,245.0827503204346
2026-09-04,259.6000061035156,262.29998779296875,258.0,262.29998779296875,1340490.0,EPI-A.ST,245.41250022888184
2026-09-07,262.29998779296875,264.8999938964844,261.79998779296875,262.70001220703125,683199.0,EPI-A.ST,245.7470002746582
2026-09-08,262.0,270.3999938964844,261.29998779296875,268.5,1138172.0,EPI-A.ST,246.11900024414064
2026-09-09,267.70001220703125,269.8999938964844,262.20001220703125,263.79998779296875,1179133.0,EPI-A.ST,246.49300018310547
2026-09-10,263.79998779296875,264.6000061035156,253.0,254.1000061035156,1961851.0,EPI-A.ST,246.81700019836427
2026-09-11,255.1999969482422,257.1000061035156,249.6999969482422,254.6999969482422,1140785.0,EPI-A.ST,247.1365001678467
2026-09-14,253.1000061035156,253.1000061035156,244.3999938964844,245.3000030517578,1262372.0,EPI-A.ST,247.4050001525879
2026-09-15,246.6999969482422,250.5,242.8000030517578,248.3000030517578,1283554.0,EPI-A.ST,247.6660001373291
2026-09-16,251.5,253.5,250.10000610351562,252.1999969482422,1604143.0,EPI-A.ST,247.92650009155273
2026-09-17,253.39999389648438,258.0,252.89999389648438,256.20001220703125,1388926.0,EPI-A.ST,248.19550018310548
2026-09-18,256.1000061035156,257.0,251.3000030517578,252.10000610351562,1497695.0,EPI-A.ST,248.44450019836427
2026-09-21,255.10000610351562,258.6000061035156,254.0,257.29998779296875,954411.0,EPI-A.ST,248.71800010681153
2026-09-22,257.3999938964844,264.20001220703125,256.3999938964844,264.1000061035156,1099904.0,EPI-A.ST,249.02700012207032
2026-09-23,264.79998779296875,265.20001220703125,260.70001220703125,262.1000061035156,797031.0,EPI-A.ST,249.33400016784668
2026-08-17,212.8000030517578,214.0,211.0,211.3999938964844,161555.0,EPI-B.ST,209.617000579834
2026-08-18,211.3999938964844,213.1999969482422,209.1999969482422,211.0,850380.0,EPI-B.ST,209.6760005950928
2026-08-19,212.6000061035156,214.1999969482422,211.8000030517578,213.3999938964844,314145.0,EPI-B.ST,209.75150054931643
2026-08-20,213.0,220.3999938964844,212.6000061035156,218.8000030517578,409016.0,EPI-B.ST,209.9210005950928
2026-08-21,219.6000061035156,224.8000030517578,218.8000030517578,222.3999938964844,348361.0,EPI-B.ST,210.12250053405765
2026-08-24,223.6000061035156,228.1999969482422,223.0,226.1999969482422,380115.0,EPI-B.ST,210.36350051879887
2026-08-25,226.1999969482422,232.1999969482422,226.1999969482422,228.3999938964844,260199.0,EPI-B.ST,210.6390004730225
2026-08-26,229.0,234.1999969482422,228.0,231.3999938964844,238571.0,EPI-B.ST,210.9300004577637
2026-08-27,232.0,234.1999969482422,231.0,232.0,255042.0,EPI-B.ST,211.21500045776372
2026-08-28,232.6000061035156,234.3999938964844,228.6000061035156,228.6000061035156,175766.0,EPI-B.ST,211.4940004730225
2026-08-31,228.6000061035156,229.6000061035156,224.8000030517578,225.0,510862.0,EPI-B.ST,211.7485004425049
2026-09-01,225.0,227.6000061035156,219.6000061035156,219.6000061035156,285087.0,EPI-B.ST,211.9690004730225
2026-09-02,219.3999938964844,220.0,215.1999969482422,217.3999938964844,305300.0,EPI-B.ST,212.1640004730225
2026-09-03,219.0,223.6000061035156,216.8000030517578,220.1999969482422,133302.0,EPI-B.ST,212.3730004882813
2026-09-04,221.1999969482422,222.6000061035156,219.6000061035156,222.1999969482422,142675.0,EPI-B.ST,212.6120005035401
2026-09-07,222.6000061035156,224.6000061035156,222.0,223.0,137072.0,EPI-B.ST,212.85500053405767
2026-09-08,222.0,229.6000061035156,222.0,227.8000030517578,241455.0,EPI-B.ST,213.12500053405765
2026-09-09,227.8000030517578,229.6000061035156,223.1999969482422,224.0,241576.0,EPI-B.ST,213.39550056457523
2026-09-10,224.0,225.1999969482422,215.6000061035156,216.3999938964844,293686.0,EPI-B.ST,213.62500053405765
2026-09-11,216.3999938964844,218.6000061035156,212.6000061035156,217.0,278187.0,EPI-B.ST,213.85800056457524
2026-09-14,214.0,214.8000030517578,208.0,208.8000030517578,224476.0,EPI-B.ST,214.0485005950928
2026-09-15,209.1999969482422,213.1999969482422,206.8000030517578,211.1999969482422,181953.0,EPI-B.ST,214.22400054931643
2026-09-16,211.1999969482422,215.60000610351562,211.1999969482422,213.1999969482422,382101.0,EPI-B.ST,214.39050056457523
2026-09-17,213.0,218.1999969482422,212.8000030517578,216.1999969482422,266840.0,EPI-B.ST,214.56600051879886
2026-09-18,215.8000030517578,217.39999389648438,212.39999389648438,213.8000030517578,635198.0,EPI-B.ST,214.72750053405764
2026-09-21,215.1999969482422,218.60000610351562,214.8000030517578,217.39999389648438,205671.0,EPI-B.ST,214.90500053405765
2026-09-22,217.8000030517578,223.60000610351562,217.39999389648438,223.39999389648438,253756.0,EPI-B.ST,215.11950050354008
2026-09-23,223.39999389648438,224.1999969482422,220.60000610351562,221.39999389648438,207990.0,EPI-B.ST,215.3330004882813
2026-08-17,26.25,27.700000762939453,25.5,25.600000381469727,92079.0,EQL.ST,44.1305999851227
2026-08-18,25.64999961853028,27.549999237060547,24.799999237060547,25.700000762939453,32702.0,EQL.ST,43.9625999927521
2026-08-19,27.39999961853028,27.39999961853028,26.14999961853028,26.700000762939453,51812.0,EQL.ST,43.80460000038149
2026-08-20,26.850000381469727,27.200000762939453,25.0,25.0,27390.0,EQL.ST,43.63460000038149
2026-08-21,25.200000762939453,26.549999237060547,25.200000762939453,26.049999237060547,7489.0,EQL.ST,43.46935000419619
2026-08-24,26.450000762939453,27.25,26.450000762939453,26.799999237060547,12707.0,EQL.ST,43.29984999656679
2026-08-25,26.89999961853028,27.25,26.5,27.049999237060547,8104.0,EQL.ST,43.12509999275209
2026-08-26,26.799999237060547,28.299999237060547,26.799999237060547,28.25,33830.0,EQL.ST,42.95984999656679
2026-08-27,28.200000762939453,28.200000762939453,26.5,27.299999237060547,26248.0,EQL.ST,42.82134999275209
2026-08-28,27.299999237060547,27.299999237060547,24.549999237060547,26.0,84560.0,EQL.ST,42.67884999275209
2026-08-31,26.049999237060547,27.100000381469727,25.799999237060547,27.049999237060547,32403.0,EQL.ST,42.546599988937395
2026-09-01,27.049999237060547,27.049999237060547,25.799999237060547,25.799999237060547,21420.0,EQL.ST,42.404599981308
2026-09-02,26.0,26.0,24.75,25.299999237060547,16955.0,EQL.ST,42.2655999851227
2026-09-03,24.799999237060547,26.549999237060547,24.799999237060547,26.5,8083.0,EQL.ST,42.137599992752094
2026-09-04,26.549999237060547,26.549999237060547,25.39999961853028,26.049999237060547,12852.0,EQL.ST,42.0068499851227
2026-09-07,25.700000762939453,27.64999961853028,25.700000762939453,27.5,35905.0,EQL.ST,41.873349981308
2026-09-08,27.5,28.14999961853028,27.200000762939453,27.200000762939453,39765.0,EQL.ST,41.736349992752096
2026-09-09,27.950000762939453,27.950000762939453,26.5,26.950000762939453,24530.0,EQL.ST,41.5990999889374
2026-09-10,26.950000762939453,27.14999961853028,26.299999237060547,26.5,31411.0,EQL.ST,41.466599988937396
2026-09-11,26.39999961853028,26.799999237060547,25.700000762939453,25.75,12307.0,EQL.ST,41.3328499889374
2026-09-14,25.75,26.0,25.600000381469727,25.799999237060547,8908.0,EQL.ST,41.20134999275209
2026-09-15,25.700000762939453,26.100000381469727,25.700000762939453,25.700000762939453,2949.0,EQL.ST,41.07185000419618
2026-09-16,25.799999237060547,25.799999237060547,24.649999618530273,25.0,12372.0,EQL.ST,40.93185000419618
2026-09-17,25.75,25.75,24.549999237060547,25.200000762939453,5393.0,EQL.ST,40.78785000801087
2026-09-18,25.600000381469727,25.649999618530273,24.549999237060547,24.549999237060547,8912.0,EQL.ST,40.63560000419618
2026-09-21,24.049999237060547,24.5,22.200000762939453,23.399999618530273,23694.0,EQL.ST,40.47809999465943
2026-09-22,23.350000381469727,23.600000381469727,23.049999237060547,23.200000762939453,24727.0,EQL.ST,40.33260000228883
2026-09-23,23.049999237060547,23.850000381469727,22.850000381469727,23.350000381469727,9062.0,EQL.ST,40.195850000381476
2026-08-17,343.29998779296875,344.0,334.70001220703125,336.3999938964844,1239859.0,EQT.ST,311.9074996948242
2026-08-18,334.20001220703125,338.1000061035156,333.29998779296875,335.8999938964844,640460.0,EQT.ST,311.9134996032715
2026-08-19,336.20001220703125,342.5,332.3999938964844,340.0,1229594.0,EQT.ST,311.9634996032715
2026-08-20,338.70001220703125,339.20001220703125,334.70001220703125,337.0,936338.0,EQT.ST,312.0089996337891
2026-08-21,335.29998779296875,340.70001220703125,333.6000061035156,336.79998779296875,1337731.0,EQT.ST,312.0554995727539
2026-08-24,337.79998779296875,338.6000061035156,333.8999938964844,336.8999938964844,845406.0,EQT.ST,312.09199951171877
2026-08-25,337.0,339.1000061035156,334.6000061035156,336.6000061035156,1134654.0,EQT.ST,312.14399948120115
2026-08-26,338.29998779296875,340.3999938964844,333.70001220703125,336.8999938964844,988269.0,EQT.ST,312.2009994506836
2026-08-27,337.0,339.5,332.79998779296875,337.1000061035156,1253236.0,EQT.ST,312.27399948120114
2026-08-28,337.1000061035156,340.1000061035156,335.6000061035156,339.1000061035156,1375249.0,EQT.ST,312.3639994812012
2026-08-31,338.3999938964844,338.70001220703125,333.3999938964844,333.3999938964844,1261959.0,EQT.ST,312.435499420166
2026-09-01,331.3999938964844,331.5,319.3999938964844,322.79998779296875,1883052.0,EQT.ST,312.4074993896484
2026-09-02,319.79998779296875,319.79998779296875,313.1000061035156,318.1000061035156,2159113.0,EQT.ST,312.3044993591309
2026-09-03,320.0,327.29998779296875,320.0,322.8999938964844,1279191.0,EQT.ST,312.21549926757814
2026-09-04,323.0,326.6000061035156,317.79998779296875,319.29998779296875,1414025.0,EQT.ST,312.14549926757815
2026-09-07,318.29998779296875,318.79998779296875,312.1000061035156,312.1000061035156,1089337.0,EQT.ST,312.0309992980957
2026-09-08,311.1000061035156,318.5,309.20001220703125,318.5,1714824.0,EQT.ST,311.9884992980957
2026-09-09,315.0,319.3999938964844,313.5,315.1000061035156,1152086.0,EQT.ST,311.9764993286133
2026-09-10,316.1000061035156,319.8999938964844,308.5,311.3999938964844,1113143.0,EQT.ST,311.9369993591309
2026-09-11,310.0,310.8999938964844,307.0,309.3999938964844,1036574.0,EQT.ST,311.8789993286133
2026-09-14,307.8999938964844,312.20001220703125,305.1000061035156,308.0,924028.0,EQT.ST,311.8489993286133
2026-09-15,305.0,305.70001220703125,295.29998779296875,302.6000061035156,1790614.0,EQT.ST,311.7589993286133
2026-09-16,303.20001220703125,305.6000061035156,300.5,303.29998779296875,1534924.0,EQT.ST,311.659499206543
2026-09-17,304.0,305.70001220703125,300.5,304.0,1137398.0,EQT.ST,311.52999923706057
2026-09-18,304.79998779296875,306.20001220703125,297.3999938964844,299.8999938964844,3727626.0,EQT.ST,311.3764991760254
2026-09-21,303.0,304.79998779296875,300.70001220703125,303.6000061035156,845454.0,EQT.ST,311.25949920654296
2026-09-22,304.79998779296875,308.5,301.1000061035156,301.1000061035156,1669136.0,EQT.ST,311.164499206543
2026-09-23,302.70001220703125,303.70001220703125,297.3999938964844,297.8999938964844,1075050.0,EQT.ST,311.04849914550783
2026-08-17,98.0999984741211,98.0999984741211,96.86000061035156,97.13999938964844,5643515.0,ERIC-B.ST,101.70649982452393
2026-08-18,96.9000015258789,97.45999908447266,96.33999633789062,96.5199966430664,5549350.0,ERIC-B.ST,101.7422998046875
2026-08-19,96.5199966430664,97.58000183105467,95.63999938964844,96.77999877929688,5915846.0,ERIC-B.ST,101.76839981079101
2026-08-20,96.0,96.72000122070312,95.13999938964844,96.62000274658205,5525887.0,ERIC-B.ST,101.77589981079102
2026-08-21,96.5199966430664,97.8000030517578,96.08000183105467,96.63999938964844,5547235.0,ERIC-B.ST,101.7767998123169
2026-08-24,96.41999816894533,97.16000366210938,95.9800033569336,96.72000122070312,4974085.0,ERIC-B.ST,101.78139980316162
2026-08-25,97.0,98.16000366210938,96.87999725341795,97.63999938964844,4810703.0,ERIC-B.ST,101.7821997833252
2026-08-26,98.0,98.3000030517578,95.3000030517578,95.6999969482422,7816677.0,ERIC-B.ST,101.78529975891114
2026-08-27,96.5,97.81999969482422,95.4000015258789,96.1999969482422,9772785.0,ERIC-B.ST,101.79689975738525
2026-08-28,97.0999984741211,97.55999755859376,95.91999816894533,96.76000213623048,5056105.0,ERIC-B.ST,101.81029975891113
2026-08-31,96.5,97.33999633789062,96.12000274658205,96.72000122070312,7267325.0,ERIC-B.ST,101.83129978179932
2026-09-01,97.0,98.4800033569336,96.22000122070312,96.4800033569336,7775864.0,ERIC-B.ST,101.85189979553223
2026-09-02,96.9800033569336,97.5999984741211,95.72000122070312,96.63999938964844,6984645.0,ERIC-B.ST,101.86569980621339
2026-09-03,96.83999633789062,97.73999786376952,96.4000015258789,96.8000030517578,7612257.0,ERIC-B.ST,101.87679981231689
2026-09-04,96.5199966430664,97.81999969482422,96.5199966430664,97.05999755859376,4509440.0,ERIC-B.ST,101.8927997970581
2026-09-07,97.05999755859376,97.87999725341795,97.0,97.23999786376952,3364030.0,ERIC-B.ST,101.91419979095458
2026-09-08,96.5999984741211,97.58000183105467,96.12000274658205,97.26000213623048,7576434.0,ERIC-B.ST,101.93909980773925
2026-09-09,97.0999984741211,98.13999938964844,96.5,96.77999877929688,7645713.0,ERIC-B.ST,101.97119979858398
2026-09-10,97.0,97.41999816894533,95.9000015258789,97.23999786376952,5692201.0,ERIC-B.ST,102.00849979400635
2026-09-11,97.3000030517578,98.9000015258789,96.87999725341795,98.66000366210938,7691183.0,ERIC-B.ST,102.04869979858398
2026-09-14,98.95999908447266,100.0,98.04000091552734,98.04000091552734,7554552.0,ERIC-B.ST,102.08859981536865
2026-09-15,97.94000244140625,98.87999725341797,97.05999755859375,98.0999984741211,7411990.0,ERIC-B.ST,102.12789981842042
2026-09-16,98.0999984741211,99.63999938964844,98.0999984741211,98.95999908447266,8033442.0,ERIC-B.ST,102.16809982299804
2026-09-17,99.5,102.19999694824219,99.4800033569336,101.25,8570042.0,ERIC-B.ST,102.21794982910156
2026-09-18,101.25,101.6500015258789,99.13999938964844,99.9800033569336,12018563.0,ERIC-B.ST,102.2606498336792
2026-09-21,99.5999984741211,101.30000305175781,99.37999725341797,100.30000305175781,5901192.0,ERIC-B.ST,102.30674983978271
2026-09-22,97.27999877929688,98.36000061035156,94.9000015258789,96.5199966430664,16982492.0,ERIC-B.ST,102.3330498123169
2026-09-23,96.86000061035156,97.37999725341797,95.5,97.37999725341797,6700285.0,ERIC-B.ST,102.36364978790283
2026-08-17,276.1000061035156,276.6000061035156,268.3999938964844,268.3999938964844,1232479.0,ESSITY-B.ST,264.122999420166
2026-08-18,268.3999938964844,271.1000061035156,267.70001220703125,270.8999938964844,1508195.0,ESSITY-B.ST,264.137999420166
2026-08-19,270.5,271.20001220703125,268.6000061035156,271.20001220703125,977046.0,ESSITY-B.ST,264.1824995422363
2026-08-20,270.8999938964844,273.5,270.20001220703125,273.20001220703125,925046.0,ESSITY-B.ST,264.23449966430667
2026-08-21,273.1000061035156,275.1000061035156,272.20001220703125,273.5,2406086.0,ESSITY-B.ST,264.28899963378905
2026-08-24,275.5,282.6000061035156,274.8999938964844,281.20001220703125,1676097.0,ESSITY-B.ST,264.3904997253418
2026-08-25,281.5,283.6000061035156,280.0,280.70001220703125,1074789.0,ESSITY-B.ST,264.49399978637695
2026-08-26,281.20001220703125,282.3999938964844,280.20001220703125,281.1000061035156,881044.0,ESSITY-B.ST,264.59149978637697
2026-08-27,279.0,280.0,277.0,279.79998779296875,1059830.0,ESSITY-B.ST,264.67499969482424
2026-08-28,279.79998779296875,281.20001220703125,279.6000061035156,280.20001220703125,1207540.0,ESSITY-B.ST,264.7604997253418
2026-08-31,280.20001220703125,281.79998779296875,279.6000061035156,280.70001220703125,1480726.0,ESSITY-B.ST,264.8264997863769
2026-09-01,280.70001220703125,283.1000061035156,279.0,279.20001220703125,1631045.0,ESSITY-B.ST,264.898999786377
2026-09-02,278.79998779296875,278.8999938964844,273.70001220703125,274.8999938964844,1476981.0,ESSITY-B.ST,264.94349975585936
2026-09-03,270.6000061035156,274.0,270.29998779296875,273.1000061035156,1412248.0,ESSITY-B.ST,264.97449981689454
2026-09-04,271.6000061035156,272.29998779296875,270.1000061035156,272.20001220703125,981007.0,ESSITY-B.ST,265.0104998779297
2026-09-07,270.29998779296875,270.70001220703125,268.5,268.5,1154863.0,ESSITY-B.ST,265.0454998779297
2026-09-08,268.5,270.5,268.29998779296875,268.6000061035156,743269.0,ESSITY-B.ST,265.0794999694824
2026-09-09,266.5,268.5,262.20001220703125,263.1000061035156,1236448.0,ESSITY-B.ST,265.10899993896487
2026-09-10,263.0,264.20001220703125,261.8999938964844,262.70001220703125,1308297.0,ESSITY-B.ST,265.1344999694824
2026-09-11,262.70001220703125,263.8999938964844,260.70001220703125,261.29998779296875,901116.0,ESSITY-B.ST,265.1594999694824
2026-09-14,261.79998779296875,268.3999938964844,261.70001220703125,267.1000061035156,1513043.0,ESSITY-B.ST,265.19050003051757
2026-09-15,265.3999938964844,266.70001220703125,262.20001220703125,263.79998779296875,1627336.0,ESSITY-B.ST,265.21
2026-09-16,262.5,264.6000061035156,261.70001220703125,263.70001220703125,1241969.0,ESSITY-B.ST,265.2185000610352
2026-09-17,264.5,266.29998779296875,263.6000061035156,264.29998779296875,1169077.0,ESSITY-B.ST,265.2275
2026-09-18,263.29998779296875,263.8999938964844,261.29998779296875,261.6000061035156,1988553.0,ESSITY-B.ST,265.2280000305176
2026-09-21,261.70001220703125,263.3999938964844,260.29998779296875,262.29998779296875,1027651.0,ESSITY-B.ST,265.23349990844724
2026-09-22,262.8999938964844,268.70001220703125,262.8999938964844,265.6000061035156,1194057.0,ESSITY-B.ST,265.245
2026-09-23,265.6000061035156,266.0,262.70001220703125,262.70001220703125,940760.0,ESSITY-B.ST,265.25050003051757
2026-08-17,771.4000244140625,794.7999877929688,766.5999755859375,787.5999755859375,1118459.0,EVO.ST,637.6990002441407
2026-08-18,787.5999755859375,796.2000122070312,781.0,781.0,1019113.0,EVO.ST,638.2380001831057
2026-08-19,779.2000122070312,783.0,770.7999877929688,781.7999877929688,612362.0,EVO.ST,638.8630001831057
2026-08-20,777.4000244140625,814.4000244140625,772.5999755859375,805.0,808830.0,EVO.ST,639.6320001220705
2026-08-21,805.0,823.0,805.0,820.0,709105.0,EVO.ST,640.4850000000001
2026-08-24,820.0,832.2000122070312,820.0,826.7999877929688,584949.0,EVO.ST,641.4429998779299
2026-08-25,822.2000122070312,841.2000122070312,822.0,839.0,649028.0,EVO.ST,642.428999938965
2026-08-26,839.0,839.5999755859375,832.5999755859375,832.5999755859375,506013.0,EVO.ST,643.4399996948243
2026-08-27,829.7999877929688,840.4000244140625,820.7999877929688,831.0,564173.0,EVO.ST,644.437999572754
2026-08-28,833.7999877929688,841.7999877929688,827.7999877929688,836.7999877929688,445333.0,EVO.ST,645.4859994506837
2026-08-31,834.5999755859375,838.0,828.4000244140625,832.5999755859375,1509706.0,EVO.ST,646.4789993286134
2026-09-01,832.5999755859375,837.4000244140625,825.0,829.7999877929688,472152.0,EVO.ST,647.395999145508
2026-09-02,828.7999877929688,837.0,822.2000122070312,829.4000244140625,636226.0,EVO.ST,648.2889993286134
2026-09-03,829.4000244140625,853.7999877929688,825.7999877929688,845.4000244140625,643240.0,EVO.ST,649.2629995727541
2026-09-04,846.5999755859375,851.0,840.2000122070312,846.0,431370.0,EVO.ST,650.2839996337892
2026-09-07,841.7999877929688,863.4000244140625,840.0,859.5999755859375,422917.0,EVO.ST,651.4129995727541
2026-09-08,855.0,868.7999877929688,854.7999877929688,862.0,480807.0,EVO.ST,652.6099996948244
2026-09-09,851.0,865.7999877929688,835.4000244140625,859.0,659338.0,EVO.ST,653.8189996337892
2026-09-10,864.4000244140625,872.5999755859375,862.0,864.4000244140625,490221.0,EVO.ST,654.9949996948244
2026-09-11,865.0,877.0,863.7999877929688,875.2000122070312,498731.0,EVO.ST,656.2469998168947
2026-09-14,877.0,897.5999755859375,877.0,891.7999877929688,611659.0,EVO.ST,657.5459997558595
2026-09-15,891.5999755859375,895.7999877929688,884.0,890.0,497527.0,EVO.ST,658.8059997558595
2026-09-16,890.0,902.2000122070312,886.7999877929688,898.5999755859375,589005.0,EVO.ST,660.1049996948244
2026-09-17,903.0,911.0,896.2000122070312,900.0,610370.0,EVO.ST,661.4049996948244
2026-09-18,901.2000122070312,901.4000244140625,864.5999755859375,865.7999877929688,2857821.0,EVO.ST,662.4839996337892
2026-09-21,857.2000122070312,867.0,847.4000244140625,867.0,656905.0,EVO.ST,663.592999572754
2026-09-22,864.0,865.4000244140625,845.4000244140625,865.4000244140625,686012.0,EVO.ST,664.6529995727541
2026-09-23,865.2000122070312,869.5999755859375,857.4000244140625,857.4000244140625,357720.0,EVO.ST,665.7339996337892
2026-08-17,77.1500015258789,77.3499984741211,76.0999984741211,76.30000305175781,243767.0,FABG.ST,79.2067499923706
2026-08-18,76.1500015258789,76.94999694824219,75.8499984741211,76.3499984741211,360148.0,FABG.ST,79.15699996948243
2026-08-19,76.4000015258789,76.80000305175781,75.0,75.55000305175781,197820.0,FABG.ST,79.11
2026-08-20,75.30000305175781,75.80000305175781,75.0,75.25,182155.0,FABG.ST,79.06325000762939
2026-08-21,75.25,76.0,74.80000305175781,75.5999984741211,197667.0,FABG.ST,79.01900001525878
2026-08-24,74.94999694824219,74.94999694824219,73.3499984741211,74.30000305175781,647954.0,FABG.ST,78.97225002288819
2026-08-25,74.25,74.5999984741211,73.80000305175781,74.1500015258789,316556.0,FABG.ST,78.9290000152588
2026-08-26,74.0999984741211,74.4000015258789,73.25,73.4000015258789,270337.0,FABG.ST,78.88500003814697
2026-08-27,73.25,73.5999984741211,72.8499984741211,73.55000305175781,521089.0,FABG.ST,78.84450004577637
2026-08-28,73.55000305175781,74.19999694824219,73.0999984741211,73.30000305175781,172122.0,FABG.ST,78.79600006103516
2026-08-31,73.0999984741211,73.0999984741211,71.44999694824219,71.6500015258789,659758.0,FABG.ST,78.73400005340577
2026-09-01,71.6500015258789,72.19999694824219,71.19999694824219,72.0999984741211,906811.0,FABG.ST,78.68625003814697
2026-09-02,72.0,72.3499984741211,71.5,71.9000015258789,486287.0,FABG.ST,78.63600006103516
2026-09-03,71.75,73.0999984741211,71.75,72.55000305175781,714321.0,FABG.ST,78.58850006103516
2026-09-04,72.55000305175781,73.0,72.0,72.8499984741211,304493.0,FABG.ST,78.54150005340576
2026-09-07,71.9000015258789,72.5999984741211,71.75,72.25,363529.0,FABG.ST,78.49400005340576
2026-09-08,72.55000305175781,72.5999984741211,72.0,72.05000305175781,418902.0,FABG.ST,78.44650005340576
2026-09-09,72.0,72.19999694824219,71.25,71.25,625056.0,FABG.ST,78.39850006103515
2026-09-10,71.0,71.5,70.05000305175781,70.05000305175781,720464.0,FABG.ST,78.34425006866455
2026-09-11,70.0999984741211,70.6500015258789,69.55000305175781,70.1500015258789,292896.0,FABG.ST,78.29625007629394
2026-09-14,70.05000305175781,70.5,69.3499984741211,69.44999694824219,406570.0,FABG.ST,78.24100006103515
2026-09-15,69.4000015258789,69.55000305175781,68.75,69.0999984741211,775951.0,FABG.ST,78.18175006866456
2026-09-16,68.80000305175781,69.55000305175781,68.80000305175781,69.0999984741211,184027.0,FABG.ST,78.12050006866455
2026-09-17,68.9000015258789,69.6500015258789,68.5999984741211,69.6500015258789,961360.0,FABG.ST,78.05800006866455
2026-09-18,69.5,69.5,68.69999694824219,69.1500015258789,1125722.0,FABG.ST,77.99100006103515
2026-09-21,69.19999694824219,69.8499984741211,68.80000305175781,69.5999984741211,322350.0,FABG.ST,77.92900005340576
2026-09-22,69.55000305175781,70.0,69.0999984741211,69.25,265171.0,FABG.ST,77.86975006103516
2026-09-23,69.25,69.3499984741211,67.94999694824219,68.30000305175781,553013.0,FABG.ST,77.80625007629395
2026-08-17,340.0,347.5,338.0,340.0,1735.0,FOI-B.ST,452.07
2026-08-18,339.5,347.0,337.5,340.0,1808.0,FOI-B.ST,451.225
2026-08-19,337.0,344.0,337.0,341.5,1041.0,FOI-B.ST,450.44
2026-08-20,342.5,342.5,337.5,340.5,759.0,FOI-B.ST,449.7275
2026-08-21,337.0,342.5,335.0,340.0,1767.0,FOI-B.ST,449.0175
2026-08-24,340.0,343.0,337.0,338.0,2102.0,FOI-B.ST,448.0825
2026-08-25,342.0,342.0,330.5,332.5,3590.0,FOI-B.ST,447.2575
2026-08-26,332.5,335.0,320.0,324.5,5498.0,FOI-B.ST,446.4875
2026-08-27,322.0,329.5,317.0,320.0,4805.0,FOI-B.ST,445.66
2026-08-28,319.0,322.0,313.0,317.0,5836.0,FOI-B.ST,444.8425
2026-08-31,313.5,316.5,309.0,315.5,3179.0,FOI-B.ST,444.01
2026-09-01,310.5,324.5,308.0,323.5,5412.0,FOI-B.ST,443.2075
2026-09-02,322.5,324.5,310.5,311.0,3801.0,FOI-B.ST,442.3125
2026-09-03,312.0,312.0,306.0,308.0,4319.0,FOI-B.ST,441.2825
2026-09-04,308.5,314.5,305.5,311.0,38730.0,FOI-B.ST,440.2975
2026-09-07,308.5,311.0,303.0,304.0,5277.0,FOI-B.ST,439.3125
2026-09-08,304.0,305.0,302.0,305.0,3658.0,FOI-B.ST,438.2825
2026-09-09,307.0,307.0,298.0,300.0,12310.0,FOI-B.ST,437.2575
2026-09-10,300.0,304.5,297.5,298.5,1354.0,FOI-B.ST,436.2875
2026-09-11,300.0,300.0,294.5,294.5,2240.0,FOI-B.ST,435.2625
2026-09-14,296.0,301.5,295.0,301.0,1877.0,FOI-B.ST,434.2625
2026-09-15,300.5,302.5,296.5,300.0,2240.0,FOI-B.ST,433.3325
2026-09-16,300.0,301.5,292.5,292.5,9082.0,FOI-B.ST,432.355
2026-09-17,292.5,304.0,292.5,299.5,4592.0,FOI-B.ST,431.3925
2026-09-18,299.5,300.0,297.0,297.0,1185.0,FOI-B.ST,430.385
2026-09-21,298.0,300.0,290.5,298.5,3803.0,FOI-B.ST,429.3425
2026-09-22,298.5,298.5,292.5,294.0,3188.0,FOI-B.ST,428.1675
2026-09-23,295.0,299.5,292.0,294.0,2264.0,FOI-B.ST,426.9575
2026-08-17,19.040000915527344,20.0,19.040000915527344,19.8799991607666,24079.0,GENO.ST,19.69374997138977
2026-08-18,19.8799991607666,19.959999084472656,19.1200008392334,19.57999992370605,24485.0,GENO.ST,19.675649967193603
2026-08-19,19.200000762939453,19.780000686645508,19.0,19.600000381469727,179005.0,GENO.ST,19.6591499710083
2026-08-20,19.57999992370605,20.5,19.57999992370605,19.84000015258789,269687.0,GENO.ST,19.64459997177124
2026-08-21,19.979999542236328,20.39999961853028,19.540000915527344,20.100000381469727,570848.0,GENO.ST,19.632599973678587
2026-08-24,20.350000381469727,20.5,19.920000076293945,20.0,41734.0,GENO.ST,19.617349977493287
2026-08-25,20.049999237060547,20.200000762939453,19.920000076293945,20.14999961853028,20547.0,GENO.ST,19.604849977493288
2026-08-26,20.100000381469727,20.75,19.81999969482422,20.700000762939453,86342.0,GENO.ST,19.595599985122682
2026-08-27,20.799999237060547,21.0,20.299999237060547,20.700000762939453,42305.0,GENO.ST,19.59309998512268
2026-08-28,20.950000762939453,22.5,20.950000762939453,22.39999961853028,152218.0,GENO.ST,19.59484998703003
2026-08-31,22.39999961853028,22.799999237060547,21.950000762939453,22.14999961853028,128833.0,GENO.ST,19.600349988937378
2026-09-01,22.0,22.100000381469727,21.100000381469727,21.39999961853028,170706.0,GENO.ST,19.60409998893738
2026-09-02,21.600000381469727,21.89999961853028,20.39999961853028,21.100000381469727,79242.0,GENO.ST,19.60709999084473
2026-09-03,20.799999237060547,21.600000381469727,20.799999237060547,21.5,452685.0,GENO.ST,19.609099988937384
2026-09-04,21.549999237060547,21.549999237060547,20.549999237060547,20.89999961853028,47953.0,GENO.ST,19.60834999084473
2026-09-07,21.200000762939453,22.049999237060547,21.100000381469727,21.299999237060547,90883.0,GENO.ST,19.611349983215337
2026-09-08,21.299999237060547,21.600000381469727,20.350000381469727,20.75,192004.0,GENO.ST,19.611099987030034
2026-09-09,20.75,21.350000381469727,20.299999237060547,20.700000762939453,210822.0,GENO.ST,19.61459999084473
2026-09-10,20.75,21.0,20.600000381469727,20.950000762939453,28944.0,GENO.ST,19.617849998474124
2026-09-11,21.0,21.0,20.350000381469727,20.39999961853028,50813.0,GENO.ST,19.619600000381475
2026-09-14,20.600000381469727,20.950000762939453,19.84000015258789,20.100000381469727,84735.0,GENO.ST,19.620100002288822
2026-09-15,20.200000762939453,20.399999618530273,19.84000015258789,20.299999237060547,44581.0,GENO.ST,19.621999998092654
2026-09-16,20.149999618530273,20.5,20.149999618530273,20.350000381469727,152118.0,GENO.ST,19.6210000038147
2026-09-17,20.200000762939453,20.350000381469727,20.0,20.299999237060547,28429.0,GENO.ST,19.618750000000006
2026-09-18,20.299999237060547,20.299999237060547,19.799999237060547,20.0,25353.0,GENO.ST,19.61524999618531
2026-09-21,19.81999969482422,20.049999237060547,19.600000381469727,19.920000076293945,40743.0,GENO.ST,19.61384999275208
2026-09-22,19.739999771118164,19.979999542236328,19.079999923706055,19.299999237060547,178214.0,GENO.ST,19.607349987030034
2026-09-23,19.239999771118164,19.3799991607666,19.0,19.059999465942383,36942.0,GENO.ST,19.60294998168946
2026-08-17,238.5,239.6999969482422,237.6000061035156,239.6999969482422,285795.0,GETI-B.ST,205.7820001983643
2026-08-18,239.6999969482422,241.6999969482422,238.6999969482422,240.6000061035156,425170.0,GETI-B.ST,205.87050025939945
2026-08-19,239.6999969482422,245.5,239.3999938964844,244.1000061035156,298204.0,GETI-B.ST,205.97500030517583
2026-08-20,243.5,246.6000061035156,242.6999969482422,246.1000061035156,223916.0,GETI-B.ST,206.081000366211
2026-08-21,246.3999938964844,246.3999938964844,242.3000030517578,244.3000030517578,520816.0,GETI-B.ST,206.17750038146977
2026-08-24,244.3999938964844,245.0,242.6999969482422,245.0,277121.0,GETI-B.ST,206.28600036621097
2026-08-25,245.0,245.8000030517578,243.0,243.3000030517578,409940.0,GETI-B.ST,206.39150039672856
2026-08-26,243.3000030517578,245.3999938964844,241.3999938964844,245.0,562359.0,GETI-B.ST,206.50900039672854
2026-08-27,244.3999938964844,245.6000061035156,242.0,245.3999938964844,210478.0,GETI-B.ST,206.6405003356934
2026-08-28,245.5,248.3999938964844,245.3000030517578,247.3999938964844,822788.0,GETI-B.ST,206.78600028991704
2026-08-31,242.8000030517578,246.0,242.1999969482422,243.8999938964844,795607.0,GETI-B.ST,206.91900024414065
2026-09-01,243.5,246.8000030517578,242.3999938964844,243.1999969482422,770689.0,GETI-B.ST,207.05200019836428
2026-09-02,242.8000030517578,245.0,240.1999969482422,245.0,393250.0,GETI-B.ST,207.17400016784669
2026-09-03,244.5,246.3000030517578,242.3999938964844,244.1999969482422,442920.0,GETI-B.ST,207.28900016784667
2026-09-04,243.6000061035156,244.3999938964844,240.3999938964844,241.8000030517578,338307.0,GETI-B.ST,207.3995001983643
2026-09-07,246.8000030517578,247.8000030517578,243.3999938964844,243.6000061035156,416992.0,GETI-B.ST,207.54100021362305
2026-09-08,243.6000061035156,243.6000061035156,239.0,239.6000061035156,415781.0,GETI-B.ST,207.67800025939945
2026-09-09,238.3000030517578,239.1999969482422,236.6999969482422,238.1000061035156,567957.0,GETI-B.ST,207.83300025939943
2026-09-10,237.8000030517578,239.0,235.8000030517578,235.8000030517578,407617.0,GETI-B.ST,207.97350028991698
2026-09-11,236.5,238.1999969482422,234.3999938964844,234.3999938964844,474133.0,GETI-B.ST,208.11250022888183
2026-09-14,234.8000030517578,238.8999938964844,234.8000030517578,238.0,486459.0,GETI-B.ST,208.26450019836426
2026-09-15,237.60000610351562,239.10000610351562,235.5,238.10000610351562,460021.0,GETI-B.ST,208.40200019836425
2026-09-16,239.0,240.89999389648438,237.39999389648438,240.1999969482422,1031106.0,GETI-B.ST,208.5475001525879
2026-09-17,239.6999969482422,241.3000030517578,238.10000610351562,238.6999969482422,525510.0,GETI-B.ST,208.6725001525879
2026-09-18,238.6999969482422,239.5,235.39999389648438,236.1999969482422,2359262.0,GETI-B.ST,208.7760001373291
2026-09-21,236.1999969482422,241.5,236.1999969482422,240.8000030517578,584408.0,GETI-B.ST,208.90550018310546
2026-09-22,241.6999969482422,245.5,240.0,245.5,558848.0,GETI-B.ST,209.05300018310547
2026-09-23,245.1999969482422,245.8000030517578,242.8000030517578,245.8000030517578,392527.0,GETI-B.ST,209.22300018310546
2026-08-17,136.60000610351562,137.39999389648438,133.8000030517578,135.60000610351562,50270.0,HANZA.ST,141.83900009155275
2026-08-18,135.60000610351562,136.1999969482422,132.39999389648438,132.39999389648438,71196.0,HANZA.ST,141.8530000305176
2026-08-19,132.39999389648438,133.8000030517578,131.0,131.0,85144.0,HANZA.ST,141.8290000152588
2026-08-20,131.1999969482422,132.39999389648438,130.0,130.8000030517578,65123.0,HANZA.ST,141.85100002288817
2026-08-21,131.0,136.60000610351562,130.60000610351562,134.8000030517578,84629.0,HANZA.ST,141.8910000228882
2026-08-24,135.0,138.60000610351562,134.0,137.60000610351562,124234.0,HANZA.ST,141.92300006866455
2026-08-25,138.60000610351562,142.0,138.60000610351562,139.39999389648438,103239.0,HANZA.ST,141.97700000762939
2026-08-26,139.39999389648438,142.8000030517578,138.39999389648438,142.0,77621.0,HANZA.ST,142.0470000076294
2026-08-27,143.39999389648438,145.0,142.8000030517578,143.8000030517578,64659.0,HANZA.ST,142.13300003051756
2026-08-28,144.1999969482422,147.1999969482422,144.1999969482422,146.0,72296.0,HANZA.ST,142.2360000228882
2026-08-31,146.0,147.8000030517578,143.60000610351562,144.39999389648438,129013.0,HANZA.ST,142.35
2026-09-01,143.39999389648438,144.0,140.60000610351562,141.39999389648438,138155.0,HANZA.ST,142.43699996948243
2026-09-02,141.39999389648438,143.39999389648438,140.0,140.8000030517578,97249.0,HANZA.ST,142.52
2026-09-03,141.0,147.60000610351562,140.60000610351562,144.60000610351562,130270.0,HANZA.ST,142.64300003051758
2026-09-04,145.0,149.8000030517578,145.0,149.0,117335.0,HANZA.ST,142.77500003814697
2026-09-07,149.39999389648438,155.0,149.0,150.0,121801.0,HANZA.ST,142.90500003814697
2026-09-08,150.60000610351562,152.60000610351562,147.39999389648438,150.0,81365.0,HANZA.ST,143.0430000305176
2026-09-09,149.60000610351562,152.39999389648438,147.8000030517578,148.1999969482422,51569.0,HANZA.ST,143.1790000152588
2026-09-10,149.0,151.39999389648438,148.60000610351562,151.0,112149.0,HANZA.ST,143.3370000076294
2026-09-11,150.8000030517578,153.1999969482422,148.39999389648438,152.8000030517578,76757.0,HANZA.ST,143.5070000076294
2026-09-14,152.8000030517578,152.8000030517578,147.39999389648438,148.0,77456.0,HANZA.ST,143.665
2026-09-15,148.39999389648438,150.0,144.0,148.1999969482422,98344.0,HANZA.ST,143.8209999847412
2026-09-16,148.1999969482422,154.60000610351562,148.1999969482422,152.39999389648438,110382.0,HANZA.ST,143.99899993896486
2026-09-17,152.1999969482422,154.8000030517578,151.8000030517578,154.1999969482422,130070.0,HANZA.ST,144.17899993896484
2026-09-18,154.39999389648438,157.60000610351562,153.1999969482422,154.8000030517578,137954.0,HANZA.ST,144.36299995422362
2026-09-21,155.39999389648438,156.1999969482422,151.8000030517578,152.60000610351562,71233.0,HANZA.ST,144.53699996948242
2026-09-22,152.60000610351562,157.0,152.60000610351562,156.39999389648438,71759.0,HANZA.ST,144.72499992370606
2026-09-23,156.39999389648438,159.8000030517578,156.39999389648438,159.1999969482422,92516.0,HANZA.ST,144.92599990844727
2026-08-17,95.16000366210938,95.16000366210938,94.36000061035156,94.73999786376952,2313593.0,HEXA-B.ST,97.0817420578003
2026-08-18,94.5,94.91999816894533,93.76000213623048,94.81999969482422,3274525.0,HEXA-B.ST,96.95509204864501
2026-08-19,94.62000274658205,99.0,94.36000061035156,99.0,4913419.0,HEXA-B.ST,96.85334205627441
2026-08-20,98.55999755859376,98.77999877929688,97.5,98.5199966430664,3011391.0,HEXA-B.ST,96.75719203948975
2026-08-21,98.66000366210938,100.5,98.08000183105467,100.1500015258789,3362638.0,HEXA-B.ST,96.67369205474853
2026-08-24,100.0,100.6999969482422,99.1999969482422,100.6999969482422,3359633.0,HEXA-B.ST,96.59444202423096
2026-08-25,100.5500030517578,101.4499969482422,99.86000061035156,100.8000030517578,3161046.0,HEXA-B.ST,96.51444202423096
2026-08-26,100.75,101.9000015258789,99.62000274658205,100.3000030517578,3403208.0,HEXA-B.ST,96.43969203948974
2026-08-27,100.8000030517578,101.9000015258789,100.0999984741211,101.75,3086903.0,HEXA-B.ST,96.37294204711914
2026-08-28,102.1999969482422,102.5,99.9000015258789,100.4499969482422,3218577.0,HEXA-B.ST,96.30144203186035
2026-08-31,100.3000030517578,100.5999984741211,99.4000015258789,100.0500030517578,5172276.0,HEXA-B.ST,96.22794204711914
2026-09-01,99.86000061035156,100.3499984741211,98.22000122070312,98.31999969482422,4437049.0,HEXA-B.ST,96.13804203033447
2026-09-02,97.95999908447266,97.95999908447266,96.33999633789062,97.13999938964844,3636651.0,HEXA-B.ST,96.03249202728271
2026-09-03,97.12000274658205,99.1999969482422,96.9800033569336,97.72000122070312,3053161.0,HEXA-B.ST,95.93834201812744
2026-09-04,98.22000122070312,98.22000122070312,96.31999969482422,96.31999969482422,3710311.0,HEXA-B.ST,95.85169200897217
2026-09-07,96.41999816894533,96.63999938964844,95.5199966430664,95.58000183105467,1782523.0,HEXA-B.ST,95.76659202575684
2026-09-08,95.36000061035156,95.86000061035156,93.9000015258789,95.16000366210938,2924323.0,HEXA-B.ST,95.68964202880859
2026-09-09,94.83999633789062,95.12000274658205,93.62000274658205,93.62000274658205,3546080.0,HEXA-B.ST,95.6147420501709
2026-09-10,93.31999969482422,94.91999816894533,92.9000015258789,93.5999984741211,2505903.0,HEXA-B.ST,95.5344920349121
2026-09-11,93.27999877929688,94.13999938964844,92.72000122070312,93.87999725341795,2247421.0,HEXA-B.ST,95.4533920288086
2026-09-14,93.76000213623048,94.4800033569336,93.1999969482422,93.76000213623048,3250260.0,HEXA-B.ST,95.37119205474853
2026-09-15,93.13999938964844,93.9000015258789,92.23999786376953,93.23999786376953,3719840.0,HEXA-B.ST,95.27739204406738
2026-09-16,93.5199966430664,94.54000091552734,92.45999908447266,93.68000030517578,3894829.0,HEXA-B.ST,95.18654205322265
2026-09-17,94.4000015258789,95.5199966430664,93.5199966430664,95.30000305175781,3083669.0,HEXA-B.ST,95.10329208374023
2026-09-18,94.5999984741211,95.62000274658203,94.23999786376953,95.55999755859375,10455074.0,HEXA-B.ST,95.02084205627442
2026-09-21,95.5199966430664,97.08000183105469,95.30000305175781,95.80000305175781,3707784.0,HEXA-B.ST,94.9478420639038
2026-09-22,96.37999725341797,99.33999633789062,96.0199966430664,98.81999969482422,3566567.0,HEXA-B.ST,94.89594207763672
2026-09-23,99.44000244140625,99.91999816894531,98.08000183105469,98.80000305175781,2950109.0,HEXA-B.ST,94.84894210815429
2026-08-17,484.0,494.2000122070313,484.0,491.6000061035156,21460.0,HMS.ST,468.1639999389648
2026-08-18,484.0,504.5,484.0,488.0,34784.0,HMS.ST,467.98399993896487
2026-08-19,487.3999938964844,494.3999938964844,485.0,488.2000122070313,34003.0,HMS.ST,467.765
2026-08-20,488.0,494.0,484.3999938964844,491.0,54087.0,HMS.ST,467.6025
2026-08-21,484.6000061035156,498.6000061035156,484.6000061035156,494.7999877929688,19209.0,HMS.ST,467.38649993896485
2026-08-24,495.6000061035156,497.3999938964844,487.2000122070313,489.6000061035156,28628.0,HMS.ST,467.1894999694824
2026-08-25,492.0,504.0,492.0,497.2000122070313,27637.0,HMS.ST,467.06800003051757
2026-08-26,498.7999877929688,518.0,498.7999877929688,509.5,37393.0,HMS.ST,467.0430000305176
2026-08-27,512.5,522.0,512.5,516.0,40208.0,HMS.ST,467.0530000305176
2026-08-28,516.0,527.5,516.0,524.5,70225.0,HMS.ST,467.1080000305176
2026-08-31,523.0,524.0,513.5,519.5,77285.0,HMS.ST,467.1605000305176
2026-09-01,519.5,520.0,507.0,515.0,93074.0,HMS.ST,467.1505000305176
2026-09-02,512.0,515.5,497.3999938964844,502.0,201093.0,HMS.ST,467.0555000305176
2026-09-03,503.0,518.5,503.0,514.0,70284.0,HMS.ST,467.01300003051756
2026-09-04,510.0,519.5,510.0,513.0,27069.0,HMS.ST,467.0530000305176
2026-09-07,513.5,528.0,513.5,527.5,30388.0,HMS.ST,467.23449996948244
2026-09-08,525.0,526.0,513.0,522.0,122599.0,HMS.ST,467.4325
2026-09-09,519.0,527.5,516.0,525.0,29952.0,HMS.ST,467.69050003051757
2026-09-10,525.0,533.0,517.5,522.5,43058.0,HMS.ST,467.9519999694824
2026-09-11,527.0,534.0,521.0,532.0,30005.0,HMS.ST,468.2509999084473
2026-09-14,527.0,530.0,518.0,521.0,59325.0,HMS.ST,468.5439999389648
2026-09-15,521.0,521.0,505.5,519.5,34262.0,HMS.ST,468.81149993896486
2026-09-16,524.0,530.0,520.5,528.5,38308.0,HMS.ST,469.0869999694824
2026-09-17,530.5,536.0,524.5,528.0,24528.0,HMS.ST,469.3350000000001
2026-09-18,525.5,540.0,525.5,535.0,44053.0,HMS.ST,469.61500000000007
2026-09-21,535.0,551.5,535.0,544.0,36006.0,HMS.ST,469.97899993896493
2026-09-22,546.0,554.5,534.5,554.0,83937.0,HMS.ST,470.4589999389649
2026-09-23,556.0,564.0,549.0,557.5,33529.0,HMS.ST,471.0014999389649
2026-08-17,317.0,317.0,310.0,310.0,2302.0,HOLM-A.ST,331.395
2026-08-18,311.0,315.0,310.0,314.0,10891.0,HOLM-A.ST,331.23
2026-08-19,315.0,330.0,310.0,330.0,5982.0,HOLM-A.ST,331.12
2026-08-20,320.0,323.0,313.0,322.0,6774.0,HOLM-A.ST,330.975
2026-08-21,321.0,321.0,317.0,320.0,8131.0,HOLM-A.ST,330.815
2026-08-24,320.0,323.0,318.0,322.0,3580.0,HOLM-A.ST,330.65
2026-08-25,325.0,326.0,322.0,322.0,8255.0,HOLM-A.ST,330.505
2026-08-26,322.0,322.0,315.0,320.0,995.0,HOLM-A.ST,330.345
2026-08-27,322.0,323.0,320.0,320.0,2304.0,HOLM-A.ST,330.18
2026-08-28,325.0,328.0,322.0,325.0,2882.0,HOLM-A.ST,330.055
2026-08-31,323.0,329.0,322.0,327.0,3417.0,HOLM-A.ST,329.94
2026-09-01,328.0,329.0,323.0,325.0,2075.0,HOLM-A.ST,329.8
2026-09-02,325.0,327.0,323.0,327.0,678.0,HOLM-A.ST,329.655
2026-09-03,330.0,330.0,321.0,322.0,811.0,HOLM-A.ST,329.475
2026-09-04,323.0,328.0,323.0,325.0,1344.0,HOLM-A.ST,329.315
2026-09-07,327.0,327.0,322.0,322.0,947.0,HOLM-A.ST,329.185
2026-09-08,322.0,326.0,322.0,323.0,1193.0,HOLM-A.ST,329.045
2026-09-09,323.0,326.0,320.0,320.0,432.0,HOLM-A.ST,328.935
2026-09-10,322.0,323.0,320.0,322.0,447.0,HOLM-A.ST,328.795
2026-09-11,319.0,322.0,318.0,319.0,3806.0,HOLM-A.ST,328.675
2026-09-14,319.0,319.0,300.0,300.0,324.0,HOLM-A.ST,328.46
2026-09-15,320.0,325.0,314.0,317.0,1900.0,HOLM-A.ST,328.335
2026-09-16,321.0,322.0,318.0,318.0,3032.0,HOLM-A.ST,328.2
2026-09-17,322.0,322.0,319.0,322.0,2983.0,HOLM-A.ST,328.08
2026-09-18,322.0,322.0,316.0,316.0,2293.0,HOLM-A.ST,327.925
2026-09-21,319.0,323.0,316.0,323.0,1429.0,HOLM-A.ST,327.81
2026-09-22,323.0,328.0,322.0,328.0,1528.0,HOLM-A.ST,327.72
2026-09-23,327.0,334.0,327.0,328.0,4369.0,HOLM-A.ST,327.655
2026-08-17,89.69999694824219,90.1500015258789,89.0999984741211,89.19999694824219,190805.0,HPOL-B.ST,79.21849990844727
2026-08-18,89.0999984741211,89.69999694824219,88.80000305175781,89.3499984741211,277042.0,HPOL-B.ST,79.23149990081787
2026-08-19,89.3499984741211,89.6500015258789,88.80000305175781,89.5,262220.0,HPOL-B.ST,79.25424991607666
2026-08-20,90.0,90.0,88.6500015258789,89.5,383364.0,HPOL-B.ST,79.27149990081787
2026-08-21,89.55000305175781,90.75,89.30000305175781,90.3000030517578,189385.0,HPOL-B.ST,79.28899990081787
2026-08-24,90.0,90.9499969482422,89.94999694824219,90.4000015258789,212721.0,HPOL-B.ST,79.30824989318847
2026-08-25,90.3499984741211,91.3000030517578,90.1500015258789,90.3499984741211,335014.0,HPOL-B.ST,79.33349987030029
2026-08-26,90.25,92.3499984741211,90.1500015258789,91.9000015258789,235339.0,HPOL-B.ST,79.37599987030029
2026-08-27,91.9000015258789,93.2750015258789,91.6999969482422,93.1999969482422,453298.0,HPOL-B.ST,79.4207498550415
2026-08-28,93.0999984741211,95.9499969482422,93.0999984741211,95.3499984741211,1340735.0,HPOL-B.ST,79.4777498626709
2026-08-31,95.1999969482422,97.1999969482422,95.0,96.75,1229789.0,HPOL-B.ST,79.54199985504151
2026-09-01,96.75,97.1999969482422,95.9499969482422,97.0,364687.0,HPOL-B.ST,79.6077498626709
2026-09-02,96.0,96.3000030517578,95.0500030517578,95.9000015258789,405990.0,HPOL-B.ST,79.66424987792969
2026-09-03,95.9000015258789,96.5999984741211,95.75,96.3499984741211,222692.0,HPOL-B.ST,79.72649986267089
2026-09-04,96.5,96.5999984741211,94.9000015258789,95.9499969482422,297329.0,HPOL-B.ST,79.79299983978271
2026-09-07,95.9000015258789,95.9000015258789,94.9499969482422,94.9499969482422,235445.0,HPOL-B.ST,79.86049983978272
2026-09-08,94.3499984741211,96.1999969482422,94.3499984741211,95.4000015258789,341048.0,HPOL-B.ST,79.93549983978272
2026-09-09,94.4000015258789,96.1500015258789,94.4000015258789,95.5999984741211,325809.0,HPOL-B.ST,80.01049983978271
2026-09-10,95.0,96.0,93.1500015258789,93.25,320090.0,HPOL-B.ST,80.06599983215332
2026-09-11,93.4000015258789,94.4499969482422,93.25,94.0500030517578,194137.0,HPOL-B.ST,80.12424983978272
2026-09-14,94.0,94.0,92.1500015258789,92.6500015258789,111265.0,HPOL-B.ST,80.1739998626709
2026-09-15,92.44999694824219,93.44999694824219,91.5,92.9000015258789,1243885.0,HPOL-B.ST,80.2172498703003
2026-09-16,92.30000305175781,94.19999694824219,92.30000305175781,93.8499984741211,698085.0,HPOL-B.ST,80.26049987792969
2026-09-17,93.80000305175781,96.05000305175781,93.80000305175781,95.4000015258789,267016.0,HPOL-B.ST,80.31049987792969
2026-09-18,94.80000305175781,95.4000015258789,94.3499984741211,94.80000305175781,288943.0,HPOL-B.ST,80.35349990844726
2026-09-21,94.5999984741211,95.30000305175781,94.4000015258789,95.19999694824219,328598.0,HPOL-B.ST,80.39774990081787
2026-09-22,95.19999694824219,96.8499984741211,95.1500015258789,96.3499984741211,226895.0,HPOL-B.ST,80.44549987792969
2026-09-23,99.0,99.5,97.5,97.75,377847.0,HPOL-B.ST,80.50674987792969
2026-08-17,41.29999923706055,41.84999847412109,40.650001525878906,41.02999877929688,580762.0,HTRO.ST,31.5347000026703
2026-08-18,40.59999847412109,41.59999847412109,39.970001220703125,40.34000015258789,666507.0,HTRO.ST,31.626850004196175
2026-08-19,40.38999938964844,40.400001525878906,38.29999923706055,38.59000015258789,888815.0,HTRO.ST,31.709300003051766
2026-08-20,38.59999847412109,38.7400016784668,37.77999877929688,38.220001220703125,777430.0,HTRO.ST,31.789850006103524
2026-08-21,38.06999969482422,40.0099983215332,37.95000076293945,39.13999938964844,1067619.0,HTRO.ST,31.87375000000001
2026-08-24,38.810001373291016,39.13999938964844,37.959999084472656,38.58000183105469,849700.0,HTRO.ST,31.95795001029969
2026-08-25,38.58000183105469,40.06999969482422,38.58000183105469,39.150001525878906,1046537.0,HTRO.ST,32.051150016784675
2026-08-26,39.15999984741211,40.91999816894531,39.09999847412109,40.22999954223633,1168459.0,HTRO.ST,32.15450001716615
2026-08-27,40.59999847412109,42.380001068115234,40.59999847412109,41.310001373291016,1226196.0,HTRO.ST,32.2648000240326
2026-08-28,41.2599983215332,42.20000076293945,41.15999984741211,41.619998931884766,641321.0,HTRO.ST,32.37965002059937
2026-08-31,41.86000061035156,42.16999816894531,40.18999862670898,40.18999862670898,7507770.0,HTRO.ST,32.49127501487733
2026-09-01,40.150001525878906,40.75,37.95000076293945,38.810001373291016,1480289.0,HTRO.ST,32.59602501869202
2026-09-02,38.81999969482422,39.310001373291016,38.27000045776367,38.93999862670898,818659.0,HTRO.ST,32.70232501029969
2026-09-03,38.79999923706055,39.650001525878906,38.18000030517578,38.72999954223633,951699.0,HTRO.ST,32.80792500495911
2026-09-04,38.7400016784668,39.540000915527344,38.06999969482422,38.06999969482422,711772.0,HTRO.ST,32.910625
2026-09-07,38.209999084472656,39.65999984741211,38.13999938964844,38.970001220703125,1014484.0,HTRO.ST,33.0197500038147
2026-09-08,38.970001220703125,39.2599983215332,38.5099983215332,39.150001525878906,539308.0,HTRO.ST,33.13102500915528
2026-09-09,39.09000015258789,39.150001525878906,38.220001220703125,39.150001525878906,626300.0,HTRO.ST,33.243275012969974
2026-09-10,38.97999954223633,39.45000076293945,38.34000015258789,39.0,544639.0,HTRO.ST,33.35302501678467
2026-09-11,39.33000183105469,39.58000183105469,38.41999816894531,39.209999084472656,710766.0,HTRO.ST,33.4638750076294
2026-09-14,38.66999816894531,38.7400016784668,37.41999816894531,38.02000045776367,1389763.0,HTRO.ST,33.569925012588506
2026-09-15,37.95000076293945,38.0,36.11000061035156,37.20000076293945,1209789.0,HTRO.ST,33.67227501869202
2026-09-16,37.29999923706055,38.4900016784668,37.25,37.97999954223633,850312.0,HTRO.ST,33.77477501869202
2026-09-17,38.0,38.869998931884766,37.470001220703125,37.470001220703125,835044.0,HTRO.ST,33.86320002555848
2026-09-18,37.47999954223633,38.400001525878906,37.130001068115234,37.130001068115234,1609031.0,HTRO.ST,33.94140003204346
2026-09-21,37.13999938964844,39.7400016784668,37.130001068115234,39.7400016784668,1421412.0,HTRO.ST,34.034250040054324
2026-09-22,39.7400016784668,41.45000076293945,39.33000183105469,41.45000076293945,1639508.0,HTRO.ST,34.136750040054324
2026-09-23,41.40999984741211,42.16999816894531,41.119998931884766,41.79999923706055,1173607.0,HTRO.ST,34.24365003585816
2026-08-17,120.5999984741211,120.8000030517578,119.4000015258789,119.4000015258789,91173.0,HUFV-A.ST,123.55449993133544
2026-08-18,119.5,120.5999984741211,119.4000015258789,120.5,119338.0,HUFV-A.ST,123.51199993133545
2026-08-19,120.5,120.8000030517578,119.1999969482422,120.5999984741211,196662.0,HUFV-A.ST,123.47849990844726
2026-08-20,119.8000030517578,122.1999969482422,118.8000030517578,120.0999984741211,298291.0,HUFV-A.ST,123.44599990844726
2026-08-21,119.5999984741211,122.3000030517578,119.5,120.5999984741211,161579.0,HUFV-A.ST,123.41399990081787
2026-08-24,121.0,121.1999969482422,119.0999984741211,120.5999984741211,198698.0,HUFV-A.ST,123.38599990844726
2026-08-25,120.8000030517578,121.3000030517578,120.1999969482422,120.5,119895.0,HUFV-A.ST,123.36099990844727
2026-08-26,120.5999984741211,121.1999969482422,119.0999984741211,119.0999984741211,164369.0,HUFV-A.ST,123.33049991607666
2026-08-27,119.0999984741211,119.5,118.0999984741211,119.0999984741211,126591.0,HUFV-A.ST,123.29699989318847
2026-08-28,119.0,120.1999969482422,118.5999984741211,118.6999969482422,148531.0,HUFV-A.ST,123.24949989318847
2026-08-31,118.6999969482422,118.6999969482422,117.1999969482422,117.5,296435.0,HUFV-A.ST,123.18849990844727
2026-09-01,117.5,118.1999969482422,117.0,118.0999984741211,282052.0,HUFV-A.ST,123.13699993133545
2026-09-02,117.8000030517578,118.5,117.3000030517578,118.0999984741211,130263.0,HUFV-A.ST,123.08199989318848
2026-09-03,118.5,119.3000030517578,117.8000030517578,119.3000030517578,277315.0,HUFV-A.ST,123.03149993896484
2026-09-04,119.5,119.8000030517578,118.4000015258789,119.5999984741211,139933.0,HUFV-A.ST,122.97449993133544
2026-09-07,119.1999969482422,119.1999969482422,118.0,118.3000030517578,171827.0,HUFV-A.ST,122.91449993133546
2026-09-08,118.5999984741211,118.5999984741211,117.3000030517578,117.4000015258789,158056.0,HUFV-A.ST,122.84499992370606
2026-09-09,117.0999984741211,117.6999969482422,116.0999984741211,116.4000015258789,223532.0,HUFV-A.ST,122.77999996185302
2026-09-10,116.5,117.0999984741211,115.3000030517578,115.4000015258789,171529.0,HUFV-A.ST,122.70899993896484
2026-09-11,115.4000015258789,116.5,115.0999984741211,116.0999984741211,186643.0,HUFV-A.ST,122.64649990081787
2026-09-14,116.3000030517578,116.5999984741211,115.5,115.5,107232.0,HUFV-A.ST,122.57899990081788
2026-09-15,115.5,116.0,114.0999984741211,115.9000015258789,340165.0,HUFV-A.ST,122.51749992370605
2026-09-16,116.0999984741211,117.80000305175781,115.69999694824219,116.5,212168.0,HUFV-A.ST,122.46099990844726
2026-09-17,116.5999984741211,116.80000305175781,115.69999694824219,116.30000305175781,566913.0,HUFV-A.ST,122.39999992370605
2026-09-18,117.0,117.0,115.30000305175781,115.30000305175781,1757173.0,HUFV-A.ST,122.33349990844727
2026-09-21,115.80000305175781,117.0,115.5,116.9000015258789,223033.0,HUFV-A.ST,122.28499992370605
2026-09-22,117.0,117.4000015258789,116.0999984741211,116.4000015258789,120344.0,HUFV-A.ST,122.24099994659424
2026-09-23,116.4000015258789,116.5999984741211,115.30000305175781,116.19999694824219,123075.0,HUFV-A.ST,122.20149993896484
2026-08-17,240.0,240.0,237.1999969482422,238.0,269119.0,INDT.ST,222.42600021362304
2026-08-18,237.3999938964844,240.1999969482422,235.8000030517578,239.3999938964844,235433.0,INDT.ST,222.2970001220703
2026-08-19,238.8000030517578,243.1999969482422,237.6000061035156,240.8000030517578,507297.0,INDT.ST,222.1810001373291
2026-08-20,240.1999969482422,243.8000030517578,240.1999969482422,241.1999969482422,262827.0,INDT.ST,222.08700012207032
2026-08-21,240.6000061035156,245.8000030517578,240.3999938964844,244.1999969482422,235932.0,INDT.ST,222.0210001373291
2026-08-24,244.3999938964844,247.0,242.8000030517578,244.8000030517578,179920.0,INDT.ST,221.97500015258788
2026-08-25,244.8000030517578,249.8000030517578,244.6000061035156,248.1999969482422,304779.0,INDT.ST,221.9600001525879
2026-08-26,248.1999969482422,250.3999938964844,247.3999938964844,249.1999969482422,261154.0,INDT.ST,221.9710001373291
2026-08-27,249.3999938964844,251.0,247.1999969482422,250.3999938964844,256467.0,INDT.ST,222.00000007629396
2026-08-28,250.3999938964844,253.8000030517578,250.3999938964844,252.0,674898.0,INDT.ST,222.05900009155275
2026-08-31,251.8000030517578,254.3999938964844,251.0,252.3999938964844,463095.0,INDT.ST,222.14100006103516
2026-09-01,252.8000030517578,253.0,245.8000030517578,247.1999969482422,290789.0,INDT.ST,222.1840000152588
2026-09-02,245.6000061035156,248.0,243.1999969482422,247.0,347417.0,INDT.ST,222.2040000152588
2026-09-03,249.3999938964844,251.0,246.1999969482422,249.3999938964844,297244.0,INDT.ST,222.2309999847412
2026-09-04,250.0,250.3999938964844,246.8000030517578,249.6000061035156,279789.0,INDT.ST,222.29
2026-09-07,248.0,251.8000030517578,247.6000061035156,247.6000061035156,151275.0,INDT.ST,222.355
2026-09-08,247.0,249.6000061035156,245.8000030517578,248.6000061035156,152150.0,INDT.ST,222.44400001525878
2026-09-09,247.6000061035156,248.8000030517578,243.0,246.0,241470.0,INDT.ST,222.5490000152588
2026-09-10,246.0,248.1999969482422,243.8000030517578,243.8000030517578,236677.0,INDT.ST,222.63
2026-09-11,243.8000030517578,243.8000030517578,240.0,241.1999969482422,246251.0,INDT.ST,222.705
2026-09-14,241.0,244.6000061035156,239.3999938964844,241.6000061035156,199042.0,INDT.ST,222.78600006103517
2026-09-15,241.60000610351562,242.1999969482422,234.60000610351562,242.1999969482422,525990.0,INDT.ST,222.85400001525878
2026-09-16,243.1999969482422,247.0,241.8000030517578,246.8000030517578,309405.0,INDT.ST,222.93
2026-09-17,246.8000030517578,249.60000610351562,246.0,247.8000030517578,441606.0,INDT.ST,223.00200004577636
2026-09-18,247.39999389648438,249.60000610351562,244.0,244.8000030517578,961877.0,INDT.ST,223.05600006103515
2026-09-21,244.8000030517578,249.39999389648438,244.8000030517578,248.8000030517578,229692.0,INDT.ST,223.12900009155274
2026-09-22,249.8000030517578,256.0,248.0,255.8000030517578,319300.0,INDT.ST,223.2460001373291
2026-09-23,255.0,257.0,253.0,253.60000610351562,244447.0,INDT.ST,223.35800018310547
2026-08-17,520.5,524.0,518.5,521.5,71092.0,INDU-A.ST,474.2559999084473
2026-08-18,521.0,522.0,516.0,520.5,45806.0,INDU-A.ST,474.86449996948244
2026-08-19,520.0,523.0,518.5,520.0,75177.0,INDU-A.ST,475.4764999389648
2026-08-20,520.0,522.5,518.0,521.0,50361.0,INDU-A.ST,476.0944999694824
2026-08-21,522.0,532.0,521.0,531.5,106051.0,INDU-A.ST,476.75399993896485
2026-08-24,530.0,536.5,529.0,535.0,31373.0,INDU-A.ST,477.45
2026-08-25,536.5,541.5,536.0,541.5,75511.0,INDU-A.ST,478.1755000305176
2026-08-26,541.5,543.5,538.0,540.0,75272.0,INDU-A.ST,478.90650009155274
2026-08-27,542.5,544.0,539.5,543.5,71465.0,INDU-A.ST,479.63300003051756
2026-08-28,544.5,552.5,544.5,548.0,97848.0,INDU-A.ST,480.3919999694824
2026-08-31,545.5,550.5,543.5,543.5,178848.0,INDU-A.ST,481.13649993896485
2026-09-01,544.0,547.5,536.5,536.5,106503.0,INDU-A.ST,481.8169999694824
2026-09-02,535.0,535.5,528.0,530.0,107512.0,INDU-A.ST,482.43
2026-09-03,532.5,540.0,531.0,540.0,79494.0,INDU-A.ST,483.08399993896484
2026-09-04,539.0,541.5,536.5,541.0,51839.0,INDU-A.ST,483.76
2026-09-07,541.5,543.0,540.0,540.5,31452.0,INDU-A.ST,484.4494999694824
2026-09-08,540.5,547.5,537.5,547.0,85116.0,INDU-A.ST,485.1875
2026-09-09,542.5,547.5,536.5,540.5,95614.0,INDU-A.ST,485.9560000610352
2026-09-10,540.5,544.0,533.5,535.0,159969.0,INDU-A.ST,486.6730000305176
2026-09-11,536.0,538.0,532.0,536.5,212552.0,INDU-A.ST,487.39650009155275
2026-09-14,533.5,536.5,529.0,529.5,70630.0,INDU-A.ST,488.0930000305176
2026-09-15,528.0,531.0,518.5,529.0,74974.0,INDU-A.ST,488.75800003051756
2026-09-16,530.0,537.0,530.0,537.0,97373.0,INDU-A.ST,489.44100006103514
2026-09-17,538.5,545.5,538.5,544.5,70909.0,INDU-A.ST,490.15150009155275
2026-09-18,543.0,545.5,538.5,539.5,214496.0,INDU-A.ST,490.83900009155275
2026-09-21,545.5,549.5,542.5,545.5,49349.0,INDU-A.ST,491.5845001220703
2026-09-22,546.0,551.5,543.0,550.5,90092.0,INDU-A.ST,492.3690000915527
2026-09-23,550.0,553.0,543.5,545.5,60548.0,INDU-A.ST,493.13050003051757
2026-08-17,3.885999917984009,3.885999917984009,3.740000009536743,3.808000087738037,27985952.0,INTRUM.ST,28.99532342791558
2026-08-18,3.809999942779541,3.809999942779541,3.650000095367432,3.681999921798706,15342661.0,INTRUM.ST,28.75213342905045
2026-08-19,3.700000047683716,3.700000047683716,3.555999994277954,3.619999885559082,18716126.0,INTRUM.ST,28.52118342161179
2026-08-20,3.618000030517578,3.687999963760376,3.562000036239624,3.5799999237060547,14299264.0,INTRUM.ST,28.28338342428208
2026-08-21,3.5999999046325684,3.638000011444092,3.5239999294281006,3.594000101089477,16480746.0,INTRUM.ST,28.085453423261647
2026-08-24,3.5999999046325684,3.6659998893737793,3.568000078201294,3.569999933242798,11287391.0,INTRUM.ST,27.88665341377259
2026-08-25,3.5920000076293945,3.711999893188477,3.569999933242798,3.690000057220459,26948090.0,INTRUM.ST,27.699003407955175
2026-08-26,3.7100000381469727,3.799999952316284,3.680000066757202,3.680000066757202,23883708.0,INTRUM.ST,27.511153408288962
2026-08-27,3.694000005722046,3.812000036239624,3.578000068664551,3.75600004196167,43871789.0,INTRUM.ST,27.319233411550528
2026-08-28,3.5,3.900000095367432,3.45199990272522,3.900000095367432,81194409.0,INTRUM.ST,27.130283418893818
2026-08-31,4.001999855041504,4.059999942779541,3.736000061035156,3.7920000553131104,60911810.0,INTRUM.ST,26.940043418407445
2026-09-01,3.7799999713897705,3.924000024795532,3.7179999351501465,3.796000003814697,16882805.0,INTRUM.ST,26.753423423767096
2026-09-02,3.8320000171661377,3.8320000171661377,3.6559998989105225,3.6559998989105225,19795344.0,INTRUM.ST,26.570953415632253
2026-09-03,3.696000099182129,3.880000114440918,3.677999973297119,3.7799999713897705,22353387.0,INTRUM.ST,26.388853411674503
2026-09-04,3.799999952316284,3.8980000019073486,3.7160000801086426,3.8980000019073486,21593187.0,INTRUM.ST,26.205343419313436
2026-09-07,3.8980000019073486,4.050000190734863,3.858000040054321,4.0,26569867.0,INTRUM.ST,26.028493424654013
2026-09-08,4.0,4.179999828338623,3.953999996185303,4.165999889373779,33830200.0,INTRUM.ST,25.85807342410088
2026-09-09,4.1579999923706055,4.260000228881836,4.02400016784668,4.02400016784668,31903801.0,INTRUM.ST,25.687443417310718
2026-09-10,4.052000045776367,4.164000034332275,3.9700000286102295,4.099999904632568,22020555.0,INTRUM.ST,25.518093410730366
2026-09-11,4.131999969482422,4.150000095367432,3.992000102996826,4.013999938964844,14440367.0,INTRUM.ST,25.350363403558735
2026-09-14,3.992000102996826,4.010000228881836,3.921999931335449,3.9600000381469727,18713281.0,INTRUM.ST,25.186563397645955
2026-09-15,3.9200000762939453,3.992000102996826,3.7760000228881836,3.869999885559082,26929937.0,INTRUM.ST,25.014713388681415
2026-09-16,3.880000114440918,4.01200008392334,3.8499999046325684,3.9600000381469727,12969961.0,INTRUM.ST,24.841013385057455
2026-09-17,3.940000057220459,3.9760000705718994,3.8580000400543213,3.880000114440918,17133529.0,INTRUM.ST,24.666863390207297
2026-09-18,3.880000114440918,3.888000011444092,3.746000051498413,3.7699999809265137,30315181.0,INTRUM.ST,24.489663394689565
2026-09-21,3.7760000228881836,3.8239998817443848,3.7179999351501465,3.742000102996826,13704734.0,INTRUM.ST,24.31362339138985
2026-09-22,3.742000102996826,3.7839999198913574,3.578000068664551,3.618000030517578,25393145.0,INTRUM.ST,24.137463399171835
2026-09-23,3.618000030517578,3.628000020980835,3.444000005722046,3.5460000038146973,32007504.0,INTRUM.ST,23.96589339613915
2026-08-17,407.1000061035156,408.7999877929688,405.3999938964844,406.2999877929688,461232.0,INVE-A.ST,357.83449935913086
2026-08-18,405.5,407.5,403.2999877929688,406.3999938964844,404017.0,INVE-A.ST,358.2814993286133
2026-08-19,406.2000122070313,407.7999877929688,405.0,406.3999938964844,201672.0,INVE-A.ST,358.7359992980957
2026-08-20,406.0,407.0,404.2999877929688,405.3999938964844,253256.0,INVE-A.ST,359.1914993286133
2026-08-21,405.3999938964844,410.0,404.1000061035156,408.2000122070313,233101.0,INVE-A.ST,359.6524993896484
2026-08-24,408.2000122070313,408.7000122070313,406.2000122070313,407.8999938964844,199416.0,INVE-A.ST,360.12499938964845
2026-08-25,408.3999938964844,410.8999938964844,408.3999938964844,410.0,278399.0,INVE-A.ST,360.6014993286133
2026-08-26,410.3999938964844,411.6000061035156,408.2999877929688,408.7999877929688,212655.0,INVE-A.ST,361.08049926757815
2026-08-27,409.5,411.2999877929688,407.6000061035156,408.8999938964844,262390.0,INVE-A.ST,361.5529992675781
2026-08-28,411.6000061035156,414.3999938964844,411.1000061035156,412.6000061035156,219330.0,INVE-A.ST,362.0529992675781
2026-08-31,412.0,413.0,407.5,409.0,452858.0,INVE-A.ST,362.54499923706055
2026-09-01,407.8999938964844,410.2000122070313,404.8999938964844,405.0,284813.0,INVE-A.ST,363.0009992980957
2026-09-02,404.2999877929688,404.2999877929688,399.5,402.5,341984.0,INVE-A.ST,363.4184992980957
2026-09-03,402.5,406.7000122070313,402.5,405.8999938964844,309842.0,INVE-A.ST,363.8464993286133
2026-09-04,406.0,407.2999877929688,403.8999938964844,404.2000122070313,208884.0,INVE-A.ST,364.267999420166
2026-09-07,405.2999877929688,405.6000061035156,402.1000061035156,402.1000061035156,154871.0,INVE-A.ST,364.690499420166
2026-09-08,402.2999877929688,405.0,400.2999877929688,403.7999877929688,221637.0,INVE-A.ST,365.140499420166
2026-09-09,402.0,404.3999938964844,398.0,400.0,252256.0,INVE-A.ST,365.6074993896484
2026-09-10,400.0,403.6000061035156,398.2999877929688,399.5,196075.0,INVE-A.ST,366.065499420166
2026-09-11,399.5,401.6000061035156,398.7000122070313,399.2000122070313,274843.0,INVE-A.ST,366.505499420166
2026-09-14,397.0,400.6000061035156,395.1000061035156,395.6000061035156,366317.0,INVE-A.ST,366.92949951171875
2026-09-15,395.1000061035156,397.0,389.0,394.5,280725.0,INVE-A.ST,367.3279995727539
2026-09-16,395.20001220703125,398.8999938964844,395.20001220703125,398.1000061035156,371431.0,INVE-A.ST,367.7269996643066
2026-09-17,400.0,403.6000061035156,400.0,401.0,419614.0,INVE-A.ST,368.1304997253418
2026-09-18,400.29998779296875,403.3999938964844,399.20001220703125,401.0,499914.0,INVE-A.ST,368.5299996948242
2026-09-21,403.70001220703125,406.29998779296875,400.8999938964844,401.1000061035156,1021054.0,INVE-A.ST,368.9374996948242
2026-09-22,402.29998779296875,405.3999938964844,399.8999938964844,402.79998779296875,1724295.0,INVE-A.ST,369.36199966430667
2026-09-23,403.70001220703125,407.20001220703125,400.0,402.0,248395.0,INVE-A.ST,369.7794996643066
2026-08-17,174.3000030517578,174.60000610351562,170.1999969482422,172.89999389648438,925271.0,INWI.ST,153.85750022888186
2026-08-18,172.60000610351562,173.1999969482422,171.39999389648438,172.10000610351562,54032.0,INWI.ST,153.96300025939942
2026-08-19,172.0,174.39999389648438,169.8000030517578,172.60000610351562,1567544.0,INWI.ST,154.08050025939943
2026-08-20,172.39999389648438,174.60000610351562,171.89999389648438,174.60000610351562,57510.0,INWI.ST,154.21950027465823
2026-08-21,174.6999969482422,176.1999969482422,174.0,174.0,56021.0,INWI.ST,154.3600003051758
2026-08-24,174.0,174.5,171.60000610351562,171.6999969482422,50523.0,INWI.ST,154.4990003204346
2026-08-25,171.8000030517578,176.5,171.8000030517578,175.10000610351562,76817.0,INWI.ST,154.65450035095216
2026-08-26,175.6999969482422,176.39999389648438,174.1999969482422,175.39999389648438,76595.0,INWI.ST,154.823500289917
2026-08-27,176.39999389648438,178.0,174.0,177.6999969482422,242452.0,INWI.ST,155.01700027465822
2026-08-28,178.39999389648438,181.8000030517578,177.8000030517578,181.5,128840.0,INWI.ST,155.23400024414065
2026-08-31,181.1000061035156,181.3999938964844,175.89999389648438,176.1999969482422,125979.0,INWI.ST,155.42250022888186
2026-09-01,176.10000610351562,179.0,176.10000610351562,177.5,49718.0,INWI.ST,155.62000022888185
2026-09-02,178.0,178.1999969482422,175.10000610351562,175.60000610351562,72294.0,INWI.ST,155.79800025939943
2026-09-03,176.10000610351562,183.1000061035156,175.1999969482422,182.1999969482422,92394.0,INWI.ST,156.00750022888187
2026-09-04,182.1000061035156,183.8999938964844,181.3999938964844,183.8000030517578,55473.0,INWI.ST,156.22150024414066
2026-09-07,183.3000030517578,184.3999938964844,182.3999938964844,183.0,39692.0,INWI.ST,156.43150024414064
2026-09-08,182.3999938964844,182.5,180.0,180.3999938964844,147504.0,INWI.ST,156.64100021362307
2026-09-09,180.3000030517578,181.8000030517578,179.39999389648438,181.1000061035156,67859.0,INWI.ST,156.86750022888185
2026-09-10,181.1000061035156,182.5,179.89999389648438,179.89999389648438,85546.0,INWI.ST,157.08200019836428
2026-09-11,179.8000030517578,182.6000061035156,179.10000610351562,182.6000061035156,69198.0,INWI.ST,157.30500022888185
2026-09-14,181.3999938964844,182.0,178.0,179.3000030517578,88521.0,INWI.ST,157.50500022888184
2026-09-15,178.8000030517578,179.5,175.10000610351562,177.39999389648438,79076.0,INWI.ST,157.67100021362307
2026-09-16,177.60000610351562,180.60000610351562,177.39999389648438,180.60000610351562,82586.0,INWI.ST,157.84650024414066
2026-09-17,180.60000610351562,183.39999389648438,180.60000610351562,183.0,59134.0,INWI.ST,158.04300025939943
2026-09-18,182.89999389648438,183.60000610351562,179.0,179.8000030517578,185023.0,INWI.ST,158.21850028991702
2026-09-21,183.0,185.6999969482422,183.0,185.10000610351562,116706.0,INWI.ST,158.41900032043458
2026-09-22,186.5,187.0,184.1999969482422,184.6999969482422,51352.0,INWI.ST,158.6125003051758
2026-09-23,185.8000030517578,185.89999389648438,180.89999389648438,183.39999389648438,91587.0,INWI.ST,158.803500289917
2026-08-17,180.0,186.0,180.0,181.8000030517578,55347.0,KAMBI.ST,137.293999671936
2026-08-18,180.6000061035156,182.3999938964844,179.39999389648438,180.0,25147.0,KAMBI.ST,137.601499671936
2026-08-19,179.39999389648438,182.6000061035156,176.8000030517578,178.0,52785.0,KAMBI.ST,137.928999671936
2026-08-20,178.0,180.0,173.0,176.60000610351562,80784.0,KAMBI.ST,138.258999710083
2026-08-21,176.1999969482422,178.8000030517578,175.0,176.8000030517578,36131.0,KAMBI.ST,138.59499973297116
2026-08-24,174.60000610351562,176.60000610351562,173.39999389648438,174.8000030517578,35143.0,KAMBI.ST,138.91499973297115
2026-08-25,175.0,176.39999389648438,173.39999389648438,175.60000610351562,34249.0,KAMBI.ST,139.24099975585935
2026-08-26,175.1999969482422,175.60000610351562,171.1999969482422,172.0,42521.0,KAMBI.ST,139.56499977111815
2026-08-27,171.0,173.8000030517578,168.60000610351562,172.8000030517578,57237.0,KAMBI.ST,139.85699977874754
2026-08-28,172.8000030517578,174.60000610351562,170.0,174.39999389648438,44069.0,KAMBI.ST,140.15399974822995
2026-08-31,174.60000610351562,180.8000030517578,174.1999969482422,175.8000030517578,63822.0,KAMBI.ST,140.46699977874755
2026-09-01,173.1999969482422,175.8000030517578,172.60000610351562,174.8000030517578,26268.0,KAMBI.ST,140.74849979400634
2026-09-02,173.8000030517578,175.39999389648438,171.60000610351562,172.60000610351562,46023.0,KAMBI.ST,141.0089998245239
2026-09-03,173.1999969482422,176.0,172.60000610351562,175.39999389648438,28690.0,KAMBI.ST,141.27099979400634
2026-09-04,175.1999969482422,176.1999969482422,172.60000610351562,175.1999969482422,50638.0,KAMBI.ST,141.54099979400632
2026-09-07,175.0,175.1999969482422,171.39999389648438,173.60000610351562,34076.0,KAMBI.ST,141.8079998397827
2026-09-08,172.8000030517578,174.39999389648438,170.8000030517578,173.1999969482422,19500.0,KAMBI.ST,142.08449981689452
2026-09-09,171.60000610351562,174.60000610351562,170.0,174.60000610351562,30384.0,KAMBI.ST,142.38249984741208
2026-09-10,174.39999389648438,178.39999389648438,171.8000030517578,173.39999389648438,95294.0,KAMBI.ST,142.6614998245239
2026-09-11,173.0,176.1999969482422,169.8000030517578,171.8000030517578,19435.0,KAMBI.ST,142.9379998397827
2026-09-14,170.8000030517578,177.39999389648438,170.8000030517578,174.39999389648438,37005.0,KAMBI.ST,143.2294998168945
2026-09-15,173.39999389648438,183.8000030517578,172.8000030517578,183.0,94763.0,KAMBI.ST,143.5584998321533
2026-09-16,183.60000610351562,187.1999969482422,181.60000610351562,184.39999389648438,51681.0,KAMBI.ST,143.85849979400632
2026-09-17,180.60000610351562,187.8000030517578,180.60000610351562,186.8000030517578,31426.0,KAMBI.ST,144.1514998245239
2026-09-18,183.39999389648438,185.8000030517578,180.0,180.0,126456.0,KAMBI.ST,144.40949985504147
2026-09-21,181.0,181.8000030517578,174.0,174.39999389648438,42798.0,KAMBI.ST,144.61149982452392
2026-09-22,175.0,179.39999389648438,175.0,179.39999389648438,30745.0,KAMBI.ST,144.8249998092651
2026-09-23,180.0,184.0,177.39999389648438,180.39999389648438,37568.0,KAMBI.ST,145.03199977874755
2026-08-17,92.1999969482422,94.0999984741211,91.5999984741211,92.1999969482422,74656.0,KNOW.ST,102.6835000228882
2026-08-18,91.5999984741211,94.3000030517578,91.5999984741211,92.9000015258789,29647.0,KNOW.ST,102.53700004577638
2026-08-19,92.9000015258789,93.9000015258789,92.1999969482422,92.9000015258789,78112.0,KNOW.ST,102.38450004577639
2026-08-20,92.9000015258789,94.5999984741211,92.5,94.5999984741211,31232.0,KNOW.ST,102.2505000305176
2026-08-21,93.0,95.0,93.0,94.0999984741211,19600.0,KNOW.ST,102.1110000228882
2026-08-24,94.0,94.8000030517578,93.4000015258789,94.1999969482422,13269.0,KNOW.ST,101.9760000228882
2026-08-25,94.6999969482422,95.1999969482422,93.5999984741211,94.6999969482422,13205.0,KNOW.ST,101.85049999237063
2026-08-26,95.0,95.0,93.8000030517578,93.8000030517578,15873.0,KNOW.ST,101.73650001525881
2026-08-27,93.8000030517578,96.0,93.5,96.0,17026.0,KNOW.ST,101.64150001525881
2026-08-28,96.0,98.9000015258789,95.0,96.0,58678.0,KNOW.ST,101.56450000762942
2026-08-31,95.5,97.0,94.0,94.5,12759.0,KNOW.ST,101.48200000762941
2026-09-01,94.0999984741211,94.1999969482422,93.0999984741211,93.0999984741211,17724.0,KNOW.ST,101.40049999237063
2026-09-02,93.0,94.8000030517578,91.8000030517578,93.5,21554.0,KNOW.ST,101.30099998474122
2026-09-03,93.5,96.1999969482422,93.5,95.4000015258789,22970.0,KNOW.ST,101.21099998474124
2026-09-04,95.4000015258789,95.4000015258789,94.0,94.0,72213.0,KNOW.ST,101.11799999237063
2026-09-07,94.0,94.9000015258789,93.6999969482422,94.0,17732.0,KNOW.ST,101.03799999237063
2026-09-08,94.0,94.4000015258789,93.0,93.1999969482422,60296.0,KNOW.ST,100.97399997711183
2026-09-09,92.9000015258789,93.1999969482422,90.3000030517578,91.8000030517578,43893.0,KNOW.ST,100.90500000000002
2026-09-10,91.0,94.0,90.8000030517578,93.0999984741211,35506.0,KNOW.ST,100.84549999237062
2026-09-11,93.5,97.8000030517578,93.0999984741211,96.3000030517578,47644.0,KNOW.ST,100.80299999237063
2026-09-14,96.0,97.6999969482422,94.6999969482422,95.0,24301.0,KNOW.ST,100.75399997711182
2026-09-15,94.0,95.80000305175781,94.0,95.0999984741211,12534.0,KNOW.ST,100.70249996185302
2026-09-16,94.5999984741211,96.69999694824219,94.30000305175781,95.9000015258789,25470.0,KNOW.ST,100.64799995422364
2026-09-17,95.9000015258789,96.30000305175781,94.0999984741211,94.69999694824219,18492.0,KNOW.ST,100.59249992370606
2026-09-18,94.69999694824219,95.4000015258789,91.9000015258789,92.4000015258789,21169.0,KNOW.ST,100.49849994659424
2026-09-21,92.4000015258789,93.80000305175781,92.4000015258789,92.5,19959.0,KNOW.ST,100.40899993896484
2026-09-22,92.9000015258789,94.19999694824219,92.5,92.69999694824219,100186.0,KNOW.ST,100.30949993133545
2026-09-23,94.19999694824219,96.69999694824219,93.4000015258789,94.19999694824219,47330.0,KNOW.ST,100.22049991607666
2026-08-17,229.0,230.3999938964844,228.0,228.6000061035156,110865.0,LAGR-B.ST,223.67699981689452
2026-08-18,228.0,228.0,223.0,223.3999938964844,156713.0,LAGR-B.ST,223.60199981689453
2026-08-19,223.3999938964844,224.6000061035156,218.8000030517578,219.8000030517578,232998.0,LAGR-B.ST,223.51699981689453
2026-08-20,220.0,223.3999938964844,218.6000061035156,222.0,168101.0,LAGR-B.ST,223.4549998474121
2026-08-21,223.0,225.3999938964844,221.3999938964844,224.1999969482422,237896.0,LAGR-B.ST,223.4049998474121
2026-08-24,224.1999969482422,227.3999938964844,223.8000030517578,225.1999969482422,181704.0,LAGR-B.ST,223.3639998626709
2026-08-25,225.1999969482422,231.1999969482422,225.1999969482422,229.0,163153.0,LAGR-B.ST,223.34599983215332
2026-08-26,226.0,228.6000061035156,226.0,227.0,169707.0,LAGR-B.ST,223.33699981689452
2026-08-27,227.0,228.6000061035156,226.0,227.6000061035156,144644.0,LAGR-B.ST,223.3299998474121
2026-08-28,228.3999938964844,229.8000030517578,227.8000030517578,228.6000061035156,113993.0,LAGR-B.ST,223.36499984741212
2026-08-31,227.3999938964844,227.8000030517578,223.1999969482422,225.0,678860.0,LAGR-B.ST,223.40199981689454
2026-09-01,225.0,226.0,221.1999969482422,221.8000030517578,428828.0,LAGR-B.ST,223.41099983215332
2026-09-02,220.3999938964844,222.1999969482422,219.0,219.8000030517578,347618.0,LAGR-B.ST,223.3879998779297
2026-09-03,220.8000030517578,227.1999969482422,220.3999938964844,225.6000061035156,267371.0,LAGR-B.ST,223.37599990844726
2026-09-04,226.0,228.0,222.6000061035156,222.6000061035156,135578.0,LAGR-B.ST,223.39799995422362
2026-09-07,223.0,227.8000030517578,223.0,227.1999969482422,224592.0,LAGR-B.ST,223.4569999694824
2026-09-08,227.0,228.1999969482422,225.0,226.6000061035156,311771.0,LAGR-B.ST,223.53199996948243
2026-09-09,227.1999969482422,227.1999969482422,220.3999938964844,223.0,199552.0,LAGR-B.ST,223.60799995422363
2026-09-10,223.0,224.1999969482422,219.0,220.8000030517578,182668.0,LAGR-B.ST,223.67299995422363
2026-09-11,220.8000030517578,221.6000061035156,217.6000061035156,221.0,260658.0,LAGR-B.ST,223.7359999847412
2026-09-14,220.0,221.0,213.1999969482422,213.1999969482422,228625.0,LAGR-B.ST,223.7659999847412
2026-09-15,213.1999969482422,215.0,209.1999969482422,213.60000610351562,199902.0,LAGR-B.ST,223.78900001525878
2026-09-16,214.60000610351562,220.0,214.60000610351562,218.39999389648438,288124.0,LAGR-B.ST,223.81
2026-09-17,218.39999389648438,221.0,217.39999389648438,218.60000610351562,253546.0,LAGR-B.ST,223.82
2026-09-18,218.8000030517578,223.39999389648438,218.8000030517578,219.8000030517578,356564.0,LAGR-B.ST,223.83700004577636
2026-09-21,222.0,225.8000030517578,221.1999969482422,224.0,130294.0,LAGR-B.ST,223.87600006103514
2026-09-22,224.1999969482422,228.8000030517578,223.39999389648438,228.60000610351562,148314.0,LAGR-B.ST,223.94800010681152
2026-09-23,228.60000610351562,230.39999389648438,226.1999969482422,228.1999969482422,211299.0,LAGR-B.ST,224.02400009155272
2026-08-17,318.79998779296875,319.20001220703125,314.20001220703125,315.0,278810.0,LIFCO-B.ST,318.1099989318847
2026-08-18,313.0,315.3999938964844,312.20001220703125,312.20001220703125,371359.0,LIFCO-B.ST,317.7659989929199
2026-08-19,312.6000061035156,315.20001220703125,309.20001220703125,313.3999938964844,280105.0,LIFCO-B.ST,317.4569989013672
2026-08-20,313.20001220703125,315.20001220703125,311.0,313.20001220703125,204157.0,LIFCO-B.ST,317.1759989929199
2026-08-21,313.20001220703125,317.6000061035156,312.79998779296875,316.3999938964844,246753.0,LIFCO-B.ST,316.89799896240237
2026-08-24,315.79998779296875,319.20001220703125,314.20001220703125,316.79998779296875,237944.0,LIFCO-B.ST,316.64099884033203
2026-08-25,318.0,319.6000061035156,315.3999938964844,317.20001220703125,252814.0,LIFCO-B.ST,316.4049989318848
2026-08-26,318.0,320.79998779296875,316.0,317.6000061035156,276994.0,LIFCO-B.ST,316.1929989624023
2026-08-27,318.3999938964844,318.3999938964844,314.6000061035156,316.6000061035156,312298.0,LIFCO-B.ST,315.9759989929199
2026-08-28,317.0,320.79998779296875,317.0,319.3999938964844,464740.0,LIFCO-B.ST,315.80799896240234
2026-08-31,319.0,322.20001220703125,317.3999938964844,317.3999938964844,490205.0,LIFCO-B.ST,315.6549989318848
2026-09-01,317.20001220703125,320.3999938964844,313.3999938964844,314.20001220703125,503748.0,LIFCO-B.ST,315.4649989318848
2026-09-02,312.79998779296875,315.6000061035156,311.3999938964844,311.3999938964844,346526.0,LIFCO-B.ST,315.22299896240236
2026-09-03,313.0,316.6000061035156,312.20001220703125,315.3999938964844,232620.0,LIFCO-B.ST,314.97099899291993
2026-09-04,315.3999938964844,316.0,312.0,314.20001220703125,235501.0,LIFCO-B.ST,314.7609989929199
2026-09-07,315.0,320.0,313.79998779296875,316.79998779296875,201382.0,LIFCO-B.ST,314.5779989624023
2026-09-08,315.3999938964844,316.6000061035156,312.0,313.0,441023.0,LIFCO-B.ST,314.40299896240236
2026-09-09,311.3999938964844,314.79998779296875,304.0,306.3999938964844,339501.0,LIFCO-B.ST,314.24799896240233
2026-09-10,306.3999938964844,309.20001220703125,305.79998779296875,306.79998779296875,307186.0,LIFCO-B.ST,314.0689988708496
2026-09-11,308.0,308.0,302.20001220703125,302.79998779296875,302159.0,LIFCO-B.ST,313.8689988708496
2026-09-14,302.0,306.6000061035156,301.0,303.3999938964844,303985.0,LIFCO-B.ST,313.67499877929686
2026-09-15,301.3999938964844,304.0,297.0,303.79998779296875,450869.0,LIFCO-B.ST,313.47499877929687
2026-09-16,305.0,307.79998779296875,303.20001220703125,306.0,304092.0,LIFCO-B.ST,313.26899871826174
2026-09-17,306.20001220703125,310.0,305.20001220703125,306.79998779296875,648150.0,LIFCO-B.ST,313.04699859619143
2026-09-18,306.3999938964844,311.0,305.20001220703125,306.6000061035156,638689.0,LIFCO-B.ST,312.82999862670897
2026-09-21,308.0,313.6000061035156,308.0,309.79998779296875,266353.0,LIFCO-B.ST,312.6429985046387
2026-09-22,311.0,316.79998779296875,310.20001220703125,316.20001220703125,297959.0,LIFCO-B.ST,312.499998626709
2026-09-23,315.0,317.6000061035156,314.0,316.20001220703125,388312.0,LIFCO-B.ST,312.369998626709
2026-08-17,241.0,241.0,234.5,234.5,26453.0,LIME.ST,242.825
2026-08-18,230.0,243.0,230.0,239.0,20473.0,LIME.ST,242.2625
2026-08-19,238.0,239.0,234.5,238.5,17469.0,LIME.ST,241.62
2026-08-20,239.0,249.5,237.5,246.0,74943.0,LIME.ST,241.0425
2026-08-21,247.0,251.0,245.5,248.5,40914.0,LIME.ST,240.4575
2026-08-24,249.0,250.0,245.5,247.0,30767.0,LIME.ST,239.905
2026-08-25,246.0,257.0,246.0,251.0,142750.0,LIME.ST,239.335
2026-08-26,252.0,253.0,240.0,242.5,38032.0,LIME.ST,238.765
2026-08-27,246.0,261.0,246.0,259.5,51602.0,LIME.ST,238.3175
2026-08-28,259.5,264.0,253.0,256.5,21609.0,LIME.ST,237.9175
2026-08-31,255.5,259.0,254.0,258.0,35616.0,LIME.ST,237.505
2026-09-01,257.5,258.0,251.5,254.0,24725.0,LIME.ST,237.055
2026-09-02,253.5,253.5,244.5,246.0,19768.0,LIME.ST,236.59
2026-09-03,249.0,255.0,249.0,253.0,28089.0,LIME.ST,236.16
2026-09-04,253.0,255.5,251.0,252.5,18808.0,LIME.ST,235.7575
2026-09-07,252.0,252.0,246.5,248.5,20303.0,LIME.ST,235.345
2026-09-08,247.5,247.5,234.0,237.0,103394.0,LIME.ST,234.925
2026-09-09,235.5,239.5,235.0,237.0,28774.0,LIME.ST,234.5425
2026-09-10,235.0,239.5,235.0,236.0,12435.0,LIME.ST,234.1525
2026-09-11,235.0,236.5,232.0,235.5,20926.0,LIME.ST,233.765
2026-09-14,235.0,245.0,234.5,243.5,23813.0,LIME.ST,233.4175
2026-09-15,236.0,245.0,236.0,245.0,21097.0,LIME.ST,233.06
2026-09-16,245.0,245.0,238.0,242.5,11700.0,LIME.ST,232.6775
2026-09-17,242.5,248.0,242.5,245.5,17632.0,LIME.ST,232.345
2026-09-18,240.0,247.0,240.0,242.0,18073.0,LIME.ST,231.955
2026-09-21,245.5,250.0,242.0,246.0,21637.0,LIME.ST,231.5825
2026-09-22,243.5,251.0,242.5,242.5,19706.0,LIME.ST,231.21
2026-09-23,243.0,246.0,236.0,239.0,44880.0,LIME.ST,230.835
2026-08-17,518.0,522.5,514.0,518.5,66263.0,LOOMIS.ST,432.3150001525879
2026-08-18,516.5,518.5,514.0,515.5,56831.0,LOOMIS.ST,432.96050018310547
2026-08-19,514.0,516.0,510.0,515.5,63085.0,LOOMIS.ST,433.6220001220703
2026-08-20,514.0,523.0,514.0,518.0,61199.0,LOOMIS.ST,434.27900009155275
2026-08-21,517.0,524.0,514.5,524.0,94612.0,LOOMIS.ST,434.97600006103517
2026-08-24,522.5,528.0,521.5,523.0,41372.0,LOOMIS.ST,435.67100006103516
2026-08-25,523.0,529.5,521.5,528.0,61963.0,LOOMIS.ST,436.4890000915527
2026-08-26,528.0,531.5,525.5,529.5,131348.0,LOOMIS.ST,437.3225001525879
2026-08-27,529.5,533.0,526.0,533.0,58919.0,LOOMIS.ST,438.18350021362306
2026-08-28,533.5,536.5,532.5,533.0,46418.0,LOOMIS.ST,439.0655001831055
2026-08-31,533.0,542.0,530.0,541.5,133521.0,LOOMIS.ST,439.9640002441406
2026-09-01,539.5,540.5,529.0,531.5,81358.0,LOOMIS.ST,440.8045002746582
2026-09-02,531.5,531.5,518.0,521.0,69045.0,LOOMIS.ST,441.5795002746582
2026-09-03,522.0,532.5,521.5,529.5,38893.0,LOOMIS.ST,442.3980003356934
2026-09-04,529.5,530.5,522.0,529.0,57423.0,LOOMIS.ST,443.22600036621094
2026-09-07,529.5,529.5,522.5,525.0,32932.0,LOOMIS.ST,444.0350003051758
2026-09-08,524.0,532.5,524.0,525.0,47214.0,LOOMIS.ST,444.8450003051758
2026-09-09,521.5,527.0,517.0,522.5,69908.0,LOOMIS.ST,445.6785003662109
2026-09-10,520.5,529.0,520.0,528.5,44509.0,LOOMIS.ST,446.5330003356934
2026-09-11,528.5,531.0,526.5,531.0,42116.0,LOOMIS.ST,447.4100003051758
2026-09-14,528.5,538.5,525.0,531.5,40504.0,LOOMIS.ST,448.2705003356934
2026-09-15,532.0,535.0,526.5,533.0,85231.0,LOOMIS.ST,449.09850036621094
2026-09-16,534.0,544.0,532.5,543.5,92736.0,LOOMIS.ST,449.95300033569333
2026-09-17,543.0,553.0,543.0,551.5,104648.0,LOOMIS.ST,450.8595002746582
2026-09-18,551.5,554.0,547.0,549.0,150665.0,LOOMIS.ST,451.73650024414064
2026-09-21,548.5,555.0,544.0,555.0,67063.0,LOOMIS.ST,452.61150024414064
2026-09-22,553.5,556.0,551.5,554.0,49259.0,LOOMIS.ST,453.47050018310546
2026-09-23,553.0,568.0,552.5,568.0,121209.0,LOOMIS.ST,454.4045001220703
2026-08-17,246.8999938964844,248.0,242.0,246.3000030517578,267741.0,LUMI.ST,228.09499969482422
2026-08-18,246.0,246.0,239.1999969482422,241.5,404489.0,LUMI.ST,228.5819996643066
2026-08-19,236.1999969482422,247.0,235.5,244.1000061035156,516891.0,LUMI.ST,229.0569996643066
2026-08-20,241.1999969482422,248.3999938964844,236.6000061035156,247.5,576756.0,LUMI.ST,229.5054996490478
2026-08-21,250.0,263.79998779296875,250.0,261.1000061035156,954090.0,LUMI.ST,230.04899971008297
2026-08-24,261.0,266.5,259.5,260.70001220703125,519965.0,LUMI.ST,230.59299980163576
2026-08-25,261.5,264.1000061035156,259.5,262.20001220703125,338112.0,LUMI.ST,231.1564998626709
2026-08-26,264.0,269.1000061035156,262.6000061035156,264.29998779296875,827967.0,LUMI.ST,231.73099983215332
2026-08-27,264.1000061035156,267.70001220703125,262.20001220703125,265.8999938964844,549613.0,LUMI.ST,232.29999977111817
2026-08-28,269.5,272.8999938964844,265.29998779296875,271.3999938964844,641172.0,LUMI.ST,232.81599975585937
2026-08-31,270.1000061035156,271.3999938964844,255.1999969482422,256.3999938964844,582958.0,LUMI.ST,233.26299972534179
2026-09-01,258.6000061035156,259.70001220703125,244.1000061035156,246.6999969482422,637626.0,LUMI.ST,233.62949974060058
2026-09-02,244.6999969482422,252.0,242.3999938964844,248.8000030517578,378166.0,LUMI.ST,234.01849975585938
2026-09-03,246.0,251.6000061035156,244.3000030517578,249.8000030517578,429216.0,LUMI.ST,234.39249977111817
2026-09-04,245.8999938964844,249.1999969482422,241.0,246.1999969482422,492446.0,LUMI.ST,234.77349975585938
2026-09-07,246.1000061035156,247.6999969482422,243.8999938964844,247.3999938964844,194859.0,LUMI.ST,235.1424996948242
2026-09-08,250.0,264.3999938964844,248.1000061035156,263.0,786032.0,LUMI.ST,235.5954997253418
2026-09-09,262.0,265.5,253.6999969482422,256.0,469909.0,LUMI.ST,236.03599975585936
2026-09-10,259.0,261.20001220703125,239.3000030517578,243.6999969482422,1124582.0,LUMI.ST,236.38849975585939
2026-09-11,245.3999938964844,246.1000061035156,235.3999938964844,235.6000061035156,657947.0,LUMI.ST,236.70099975585939
2026-09-14,231.3000030517578,232.1000061035156,222.1999969482422,225.8000030517578,1005041.0,LUMI.ST,237.0144997406006
2026-09-15,228.8000030517578,229.10000610351562,221.8000030517578,222.8000030517578,504483.0,LUMI.ST,237.2854997253418
2026-09-16,227.1999969482422,229.5,224.60000610351562,226.10000610351562,408600.0,LUMI.ST,237.56899978637696
2026-09-17,229.0,235.0,229.0,233.60000610351562,640653.0,LUMI.ST,237.87549980163575
2026-09-18,235.39999389648438,236.89999389648438,231.1999969482422,232.60000610351562,333009.0,LUMI.ST,238.17949981689452
2026-09-21,236.10000610351562,241.3000030517578,235.39999389648438,237.89999389648438,445995.0,LUMI.ST,238.48649978637695
2026-09-22,242.5,249.89999389648438,241.1999969482422,248.60000610351562,760310.0,LUMI.ST,238.85899978637693
2026-09-23,248.60000610351562,249.5,239.39999389648438,243.0,359073.0,LUMI.ST,239.21949981689454
2026-08-17,548.0,552.0,545.0,548.0,4490.0,MCAP.ST,517.8819998168946
2026-08-18,546.5,557.5,543.5,547.5,20697.0,MCAP.ST,517.4994998168945
2026-08-19,546.0,554.5,541.5,551.0,16223.0,MCAP.ST,517.1544998168945
2026-08-20,551.5,563.0,551.5,560.0,18138.0,MCAP.ST,516.8344998168945
2026-08-21,563.0,572.5,560.5,566.5,70399.0,MCAP.ST,516.5519998168945
2026-08-24,565.0,576.0,565.0,566.0,11602.0,MCAP.ST,516.3419998168945
2026-08-25,555.5,568.5,552.0,554.5,10638.0,MCAP.ST,516.1544998168945
2026-08-26,557.5,559.0,550.0,550.0,12282.0,MCAP.ST,515.9994998168945
2026-08-27,552.5,554.0,543.5,550.5,6819.0,MCAP.ST,515.9319998168945
2026-08-28,554.0,572.5,553.0,568.5,14927.0,MCAP.ST,516.0544998168946
2026-08-31,569.5,574.5,560.0,560.5,46191.0,MCAP.ST,516.1269998168946
2026-09-01,562.0,568.0,555.5,561.0,6424.0,MCAP.ST,516.1919998168945
2026-09-02,561.0,564.5,553.5,555.0,8441.0,MCAP.ST,516.2319998168946
2026-09-03,561.5,575.0,557.5,568.5,9033.0,MCAP.ST,516.3044998168946
2026-09-04,568.5,575.5,554.5,558.0,5989.0,MCAP.ST,516.3694998168945
2026-09-07,558.0,559.0,550.0,552.5,5172.0,MCAP.ST,516.4269998168945
2026-09-08,558.5,558.5,548.0,548.0,6823.0,MCAP.ST,516.5019998168946
2026-09-09,545.0,545.0,529.0,535.0,15863.0,MCAP.ST,516.5219998168945
2026-09-10,534.0,544.5,527.0,528.0,14758.0,MCAP.ST,516.4819998168946
2026-09-11,527.5,540.5,524.0,528.5,15673.0,MCAP.ST,516.4144998168945
2026-09-14,532.5,544.0,522.0,522.0,7698.0,MCAP.ST,516.3294998168946
2026-09-15,523.5,527.0,515.0,527.0,20387.0,MCAP.ST,516.2444998168945
2026-09-16,522.5,531.5,521.0,528.0,8216.0,MCAP.ST,516.1394998168945
2026-09-17,532.0,535.0,529.0,530.0,11085.0,MCAP.ST,516.0344998168945
2026-09-18,530.5,537.5,528.5,534.0,11624.0,MCAP.ST,515.9094998168945
2026-09-21,536.0,541.0,532.5,533.5,3327.0,MCAP.ST,515.8319998168945
2026-09-22,534.0,544.5,527.0,539.0,9004.0,MCAP.ST,515.7619998168946
2026-09-23,535.0,540.0,530.0,540.0,10143.0,MCAP.ST,515.7069998168945
2026-08-17,237.0,237.0,231.5,233.0,96462.0,MCOV-B.ST,215.78150009155274
2026-08-18,232.0,234.5,231.5,233.0,55368.0,MCOV-B.ST,215.62900009155274
2026-08-19,233.0,239.5,232.0,238.0,75854.0,MCOV-B.ST,215.51650009155273
2026-08-20,238.5,242.5,238.0,240.0,135003.0,MCOV-B.ST,215.41900009155273
2026-08-21,240.0,241.0,237.5,240.5,26568.0,MCOV-B.ST,215.31900009155274
2026-08-24,240.5,243.0,239.5,242.0,44317.0,MCOV-B.ST,215.23400009155273
2026-08-25,241.5,245.0,241.0,243.5,58021.0,MCOV-B.ST,215.18400009155275
2026-08-26,244.5,244.5,241.5,241.5,42552.0,MCOV-B.ST,215.17400009155273
2026-08-27,242.0,246.0,241.5,243.0,30964.0,MCOV-B.ST,215.20150009155273
2026-08-28,242.5,246.0,242.5,244.5,30050.0,MCOV-B.ST,215.24400009155272
2026-08-31,244.0,245.5,241.5,242.5,76166.0,MCOV-B.ST,215.28400009155274
2026-09-01,242.0,244.0,240.0,243.0,26962.0,MCOV-B.ST,215.31400009155274
2026-09-02,243.0,245.5,241.0,244.0,34870.0,MCOV-B.ST,215.32150009155274
2026-09-03,242.0,249.5,242.0,244.5,69573.0,MCOV-B.ST,215.32650009155273
2026-09-04,243.5,245.5,241.0,241.5,22795.0,MCOV-B.ST,215.33650009155272
2026-09-07,240.0,240.0,236.0,237.0,27080.0,MCOV-B.ST,215.32900009155273
2026-09-08,236.5,238.5,234.0,237.5,18972.0,MCOV-B.ST,215.33900009155275
2026-09-09,237.0,239.0,235.0,238.5,128014.0,MCOV-B.ST,215.38150009155274
2026-09-10,239.5,239.5,235.5,235.5,25842.0,MCOV-B.ST,215.41650009155273
2026-09-11,236.0,237.0,230.5,233.5,33015.0,MCOV-B.ST,215.44400009155274
2026-09-14,234.0,242.5,234.0,241.5,42178.0,MCOV-B.ST,215.52150009155272
2026-09-15,242.0,244.0,238.0,242.5,37958.0,MCOV-B.ST,215.59150009155275
2026-09-16,242.5,248.0,241.5,246.5,65500.0,MCOV-B.ST,215.67900009155272
2026-09-17,247.0,251.5,247.0,250.0,52551.0,MCOV-B.ST,215.79650009155273
2026-09-18,254.0,262.5,254.0,257.5,232355.0,MCOV-B.ST,215.95400009155273
2026-09-21,258.5,260.5,255.5,259.0,32083.0,MCOV-B.ST,216.07150009155274
2026-09-22,257.5,260.0,254.5,256.5,82801.0,MCOV-B.ST,216.17900009155272
2026-09-23,256.0,260.0,255.0,259.0,26282.0,MCOV-B.ST,216.30900009155275
2026-08-17,88.80000305175781,90.4000015258789,88.0,89.19999694824219,162181.0,MSAB-B.ST,69.71500007629396
2026-08-18,90.0,91.5999984741211,87.5999984741211,90.8000030517578,31293.0,MSAB-B.ST,69.83000007629396
2026-08-19,91.0,91.0,88.19999694824219,89.0,25013.0,MSAB-B.ST,69.91600006103516
2026-08-20,89.4000015258789,90.1999969482422,87.19999694824219,88.4000015258789,13654.0,MSAB-B.ST,70.00300006866456
2026-08-21,88.19999694824219,90.0,87.80000305175781,89.19999694824219,28724.0,MSAB-B.ST,70.09900005340577
2026-08-24,89.5999984741211,92.5999984741211,89.4000015258789,92.5999984741211,47944.0,MSAB-B.ST,70.20600006103517
2026-08-25,93.4000015258789,94.5999984741211,92.0,93.4000015258789,53949.0,MSAB-B.ST,70.31700008392335
2026-08-26,93.4000015258789,94.1999969482422,91.8000030517578,92.1999969482422,26896.0,MSAB-B.ST,70.42800006866456
2026-08-27,94.0,95.0,92.1999969482422,94.8000030517578,31328.0,MSAB-B.ST,70.55200008392335
2026-08-28,94.8000030517578,95.4000015258789,93.1999969482422,93.4000015258789,20937.0,MSAB-B.ST,70.67300010681153
2026-08-31,93.4000015258789,95.5999984741211,92.8000030517578,94.4000015258789,27582.0,MSAB-B.ST,70.81400012969972
2026-09-01,95.5999984741211,97.5999984741211,92.1999969482422,96.1999969482422,75836.0,MSAB-B.ST,70.95800010681154
2026-09-02,96.5999984741211,97.0,94.5999984741211,95.1999969482422,22137.0,MSAB-B.ST,71.10200008392334
2026-09-03,95.5999984741211,98.0,95.0,95.1999969482422,23697.0,MSAB-B.ST,71.26100006103516
2026-09-04,95.0,96.4000015258789,94.5999984741211,95.0,20749.0,MSAB-B.ST,71.42200006484987
2026-09-07,95.8000030517578,97.0,92.5999984741211,92.5999984741211,30446.0,MSAB-B.ST,71.57500005722046
2026-09-08,93.0,93.0,88.80000305175781,89.19999694824219,19099.0,MSAB-B.ST,71.69200002670289
2026-09-09,90.0,94.4000015258789,89.4000015258789,94.1999969482422,40616.0,MSAB-B.ST,71.8510000038147
2026-09-10,94.4000015258789,94.4000015258789,90.5999984741211,91.4000015258789,11379.0,MSAB-B.ST,71.9920000076294
2026-09-11,92.0,92.4000015258789,91.0,92.1999969482422,7330.0,MSAB-B.ST,72.12
2026-09-14,91.5999984741211,95.5999984741211,91.4000015258789,93.8000030517578,44509.0,MSAB-B.ST,72.26600002288819
2026-09-15,94.0,94.0,91.19999694824219,91.80000305175781,12811.0,MSAB-B.ST,72.41800003051759
2026-09-16,93.19999694824219,93.5999984741211,92.0,92.80000305175781,6390.0,MSAB-B.ST,72.57700004577637
2026-09-17,92.80000305175781,93.5999984741211,92.19999694824219,93.0,5488.0,MSAB-B.ST,72.72900005340577
2026-09-18,92.19999694824219,92.80000305175781,91.19999694824219,91.4000015258789,9490.0,MSAB-B.ST,72.86100006103517
2026-09-21,91.4000015258789,92.19999694824219,91.19999694824219,92.0,14964.0,MSAB-B.ST,73.00600006103517
2026-09-22,91.5999984741211,93.5999984741211,90.5999984741211,91.80000305175781,15817.0,MSAB-B.ST,73.16300006866456
2026-09-23,91.4000015258789,91.5999984741211,88.0,90.80000305175781,50408.0,MSAB-B.ST,73.31400009155274
2026-08-17,134.0,135.5,131.10000610351562,131.8000030517578,122947.0,MTG-B.ST,112.76025039672851
2026-08-18,131.8000030517578,132.1999969482422,130.0,131.3000030517578,171957.0,MTG-B.ST,112.78925041198731
2026-08-19,131.5,132.0,128.0,132.0,249138.0,MTG-B.ST,112.82175041198731
2026-08-20,132.10000610351562,132.10000610351562,129.60000610351562,130.39999389648438,103632.0,MTG-B.ST,112.85475036621094
2026-08-21,130.10000610351562,134.1999969482422,130.10000610351562,133.89999389648438,177908.0,MTG-B.ST,112.88375030517578
2026-08-24,133.0,134.0,131.60000610351562,132.8000030517578,78848.0,MTG-B.ST,112.90775032043457
2026-08-25,133.60000610351562,135.39999389648438,132.5,133.39999389648438,121750.0,MTG-B.ST,112.93425025939942
2026-08-26,136.0,136.0,131.39999389648438,133.8000030517578,129295.0,MTG-B.ST,112.9702502822876
2026-08-27,133.5,133.8000030517578,132.0,132.89999389648438,622103.0,MTG-B.ST,113.00975025177001
2026-08-28,132.89999389648438,134.39999389648438,132.10000610351562,134.1999969482422,99900.0,MTG-B.ST,113.06875022888184
2026-08-31,134.10000610351562,134.10000610351562,131.3000030517578,132.5,162089.0,MTG-B.ST,113.11725021362305
2026-09-01,132.1999969482422,133.89999389648438,131.8000030517578,133.10000610351562,157933.0,MTG-B.ST,113.16075023651123
2026-09-02,133.3000030517578,133.5,131.0,132.39999389648438,244973.0,MTG-B.ST,113.20425022125244
2026-09-03,132.39999389648438,133.60000610351562,131.5,132.0,178626.0,MTG-B.ST,113.24525020599366
2026-09-04,133.0,133.8000030517578,130.39999389648438,131.6999969482422,197248.0,MTG-B.ST,113.31825019836425
2026-09-07,131.8000030517578,132.5,129.39999389648438,130.1999969482422,108641.0,MTG-B.ST,113.38675018310546
2026-09-08,130.1999969482422,131.10000610351562,128.89999389648438,130.10000610351562,216462.0,MTG-B.ST,113.45975021362305
2026-09-09,129.6999969482422,131.8000030517578,129.5,129.5,130834.0,MTG-B.ST,113.53775020599365
2026-09-10,129.39999389648438,130.5,128.39999389648438,129.0,183657.0,MTG-B.ST,113.61425022125245
2026-09-11,129.1999969482422,132.5,128.5,132.39999389648438,243967.0,MTG-B.ST,113.70625019073486
2026-09-14,132.3000030517578,134.60000610351562,132.1999969482422,134.39999389648438,293548.0,MTG-B.ST,113.80575016021729
2026-09-15,134.10000610351562,136.8000030517578,134.10000610351562,135.0,232169.0,MTG-B.ST,113.89725017547607
2026-09-16,135.39999389648438,135.89999389648438,133.6999969482422,135.1999969482422,129343.0,MTG-B.ST,113.9887501525879
2026-09-17,135.5,138.3000030517578,134.1999969482422,134.60000610351562,242366.0,MTG-B.ST,114.07425018310546
2026-09-18,134.39999389648438,134.6999969482422,128.6999969482422,129.5,449674.0,MTG-B.ST,114.11825019836425
2026-09-21,129.5,130.89999389648438,129.5,130.10000610351562,124966.0,MTG-B.ST,114.16475021362305
2026-09-22,130.5,133.0,130.39999389648438,130.39999389648438,261138.0,MTG-B.ST,114.22425018310547
2026-09-23,130.10000610351562,131.60000610351562,128.89999389648438,131.0,226979.0,MTG-B.ST,114.29975017547608
2026-08-17,187.0,189.1999969482422,183.4499969482422,185.0,152507.0,MTRS.ST,178.53750053405764
2026-08-18,183.0,185.8000030517578,180.1999969482422,180.1999969482422,334700.0,MTRS.ST,178.62500053405765
2026-08-19,180.0,181.5500030517578,176.0,177.1999969482422,394813.0,MTRS.ST,178.71600051879886
2026-08-20,177.1999969482422,178.0500030517578,174.0,177.0,434646.0,MTRS.ST,178.8030004882813
2026-08-21,177.4499969482422,182.1000061035156,176.9499969482422,179.25,211190.0,MTRS.ST,178.87075050354008
2026-08-24,179.25,179.25,172.0500030517578,172.1999969482422,420078.0,MTRS.ST,178.92175048828128
2026-08-25,173.64999389648438,177.35000610351562,172.10000610351562,174.0500030517578,372217.0,MTRS.ST,178.96700050354008
2026-08-26,174.0,175.9499969482422,172.60000610351562,173.39999389648438,433153.0,MTRS.ST,179.06000045776372
2026-08-27,175.39999389648438,175.39999389648438,167.14999389648438,168.6999969482422,1175916.0,MTRS.ST,179.14650047302248
2026-08-28,168.6999969482422,170.8000030517578,167.14999389648438,169.5500030517578,513016.0,MTRS.ST,179.25475051879886
2026-08-31,170.35000610351562,173.39999389648438,167.0500030517578,167.9499969482422,434856.0,MTRS.ST,179.35850051879888
2026-09-01,165.39999389648438,166.6999969482422,157.3000030517578,159.5500030517578,1070368.0,MTRS.ST,179.39075050354006
2026-09-02,158.39999389648438,160.14999389648438,153.85000610351562,156.0,770225.0,MTRS.ST,179.4067504882813
2026-09-03,156.0,161.5,155.25,159.75,455581.0,MTRS.ST,179.3275004577637
2026-09-04,160.14999389648438,161.0,157.89999389648438,159.0,431390.0,MTRS.ST,179.28600044250493
2026-09-07,160.0,164.4499969482422,160.0,161.35000610351562,325034.0,MTRS.ST,179.26975044250491
2026-09-08,161.35000610351562,162.1999969482422,158.8000030517578,160.8000030517578,331490.0,MTRS.ST,179.25575042724614
2026-09-09,160.25,162.8000030517578,155.25,155.25,669613.0,MTRS.ST,179.2460004425049
2026-09-10,157.0,158.39999389648438,147.60000610351562,148.5,1202682.0,MTRS.ST,179.1965004730225
2026-09-11,148.0500030517578,149.5500030517578,145.5,147.3000030517578,928620.0,MTRS.ST,179.1155004882813
2026-09-14,143.5,144.64999389648438,139.10000610351562,140.35000610351562,867241.0,MTRS.ST,179.04875053405766
2026-09-15,141.0500030517578,141.10000610351562,136.10000610351562,137.4499969482422,1205088.0,MTRS.ST,178.93450050354008
2026-09-16,138.9499969482422,139.8000030517578,135.3000030517578,135.39999389648438,910814.0,MTRS.ST,178.82600044250492
2026-09-17,136.64999389648438,139.89999389648438,136.3000030517578,136.8000030517578,1088625.0,MTRS.ST,178.72350044250493
2026-09-18,137.0,137.8000030517578,129.1999969482422,130.0,1503990.0,MTRS.ST,178.57300041198735
2026-09-21,130.6999969482422,133.8000030517578,128.5,132.25,1041163.0,MTRS.ST,178.42775039672856
2026-09-22,132.9499969482422,135.8000030517578,129.39999389648438,133.9499969482422,916633.0,MTRS.ST,178.29700035095217
2026-09-23,134.5500030517578,138.0,132.85000610351562,136.0500030517578,863265.0,MTRS.ST,178.11625038146977
2026-08-17,332.3999938964844,334.0,329.0,330.79998779296875,154511.0,MYCR.ST,252.76994979858398
2026-08-18,326.3999938964844,326.3999938964844,319.79998779296875,321.20001220703125,168379.0,MYCR.ST,253.27519989013672
2026-08-19,321.20001220703125,321.20001220703125,311.6000061035156,314.20001220703125,169813.0,MYCR.ST,253.74019996643065
2026-08-20,315.3999938964844,317.6000061035156,313.6000061035156,316.20001220703125,148491.0,MYCR.ST,254.21620002746582
2026-08-21,316.79998779296875,319.20001220703125,314.6000061035156,318.0,169396.0,MYCR.ST,254.6887000274658
2026-08-24,312.0,318.0,312.0,315.79998779296875,186226.0,MYCR.ST,255.14694999694825
2026-08-25,318.0,324.6000061035156,317.6000061035156,321.79998779296875,273130.0,MYCR.ST,255.64269996643065
2026-08-26,322.3999938964844,336.0,322.3999938964844,330.3999938964844,284784.0,MYCR.ST,256.2146999359131
2026-08-27,334.3999938964844,338.6000061035156,332.3999938964844,335.79998779296875,213510.0,MYCR.ST,256.81519989013674
2026-08-28,337.0,340.20001220703125,336.6000061035156,338.20001220703125,202583.0,MYCR.ST,257.4609499359131
2026-08-31,337.79998779296875,337.79998779296875,325.6000061035156,325.79998779296875,270447.0,MYCR.ST,258.0501998901367
2026-09-01,325.20001220703125,325.20001220703125,311.6000061035156,311.79998779296875,501685.0,MYCR.ST,258.5596998596191
2026-09-02,311.79998779296875,312.79998779296875,302.20001220703125,302.3999938964844,231938.0,MYCR.ST,259.00419982910154
2026-09-03,302.6000061035156,310.6000061035156,300.79998779296875,306.79998779296875,212682.0,MYCR.ST,259.46319976806643
2026-09-04,307.0,313.20001220703125,306.79998779296875,313.20001220703125,481867.0,MYCR.ST,259.9769498443604
2026-09-07,317.20001220703125,325.0,315.3999938964844,324.0,153803.0,MYCR.ST,260.55319984436034
2026-09-08,320.3999938964844,323.0,316.79998779296875,319.20001220703125,112195.0,MYCR.ST,261.1141999053955
2026-09-09,319.3999938964844,321.0,312.79998779296875,318.6000061035156,167300.0,MYCR.ST,261.6846999359131
2026-09-10,320.0,328.3999938964844,318.20001220703125,318.79998779296875,243319.0,MYCR.ST,262.25369987487795
2026-09-11,319.0,322.20001220703125,315.79998779296875,320.3999938964844,130009.0,MYCR.ST,262.81294982910157
2026-09-14,314.20001220703125,314.3999938964844,308.0,308.79998779296875,254597.0,MYCR.ST,263.3431997680664
2026-09-15,310.3999938964844,311.79998779296875,305.3999938964844,307.79998779296875,345801.0,MYCR.ST,263.83669967651366
2026-09-16,311.6000061035156,317.0,310.79998779296875,315.0,396423.0,MYCR.ST,264.36844970703123
2026-09-17,314.3999938964844,320.20001220703125,314.0,318.0,194270.0,MYCR.ST,264.88044967651365
2026-09-18,319.3999938964844,323.0,317.6000061035156,320.0,411705.0,MYCR.ST,265.38544967651364
2026-09-21,323.20001220703125,339.20001220703125,323.20001220703125,335.6000061035156,193479.0,MYCR.ST,265.97344970703125
2026-09-22,336.0,339.3999938964844,331.20001220703125,337.6000061035156,125327.0,MYCR.ST,266.57719970703124
2026-09-23,337.79998779296875,343.3999938964844,336.6000061035156,340.3999938964844,363920.0,MYCR.ST,267.2044496917725
2026-08-17,191.8500061035156,192.3000030517578,191.0500030517578,191.0500030517578,1497232.0,NDA-SE.ST,174.60475021362305
2026-08-18,191.4499969482422,191.6000061035156,190.1499938964844,190.9499969482422,769340.0,NDA-SE.ST,174.75650016784667
2026-08-19,190.9499969482422,191.4499969482422,188.1000061035156,188.75,1049542.0,NDA-SE.ST,174.8985001373291
2026-08-20,188.5,189.3999938964844,187.8000030517578,189.1000061035156,1375309.0,NDA-SE.ST,175.03650016784667
2026-08-21,189.6499938964844,191.8999938964844,189.1000061035156,191.1499938964844,1398796.0,NDA-SE.ST,175.1760001373291
2026-08-24,191.25,191.4499969482422,189.3000030517578,191.1999969482422,1117426.0,NDA-SE.ST,175.32050010681152
2026-08-25,192.0500030517578,193.8000030517578,191.9499969482422,193.0,973501.0,NDA-SE.ST,175.4732501220703
2026-08-26,193.5,194.6999969482422,193.1499938964844,194.0500030517578,1576938.0,NDA-SE.ST,175.63275016784667
2026-08-27,194.0,196.1499938964844,193.1499938964844,193.8000030517578,1821033.0,NDA-SE.ST,175.81750015258788
2026-08-28,195.8000030517578,196.1999969482422,194.3000030517578,196.1999969482422,1545812.0,NDA-SE.ST,175.99650016784668
2026-08-31,196.1000061035156,197.8500061035156,196.1000061035156,196.1000061035156,1878705.0,NDA-SE.ST,176.18125022888182
2026-09-01,196.0,197.6999969482422,193.9499969482422,196.1999969482422,2350785.0,NDA-SE.ST,176.35775024414062
2026-09-02,196.4499969482422,197.8999938964844,194.3500061035156,195.6499938964844,1062096.0,NDA-SE.ST,176.5190002441406
2026-09-03,195.5500030517578,198.9499969482422,195.3000030517578,198.8000030517578,1282091.0,NDA-SE.ST,176.68550025939942
2026-09-04,197.8999938964844,199.5,197.3000030517578,199.1499938964844,938658.0,NDA-SE.ST,176.8530002593994
2026-09-07,199.1499938964844,200.3000030517578,198.3999938964844,199.3999938964844,902763.0,NDA-SE.ST,177.0342502593994
2026-09-08,199.8000030517578,199.8000030517578,197.1999969482422,198.3999938964844,1067329.0,NDA-SE.ST,177.21950019836424
2026-09-09,197.0,197.9499969482422,195.1499938964844,196.5,1104398.0,NDA-SE.ST,177.40825019836427
2026-09-10,197.8500061035156,199.3500061035156,197.5,198.6999969482422,1500860.0,NDA-SE.ST,177.60725021362305
2026-09-11,199.3999938964844,201.3000030517578,199.1999969482422,200.3000030517578,1466560.0,NDA-SE.ST,177.80250022888183
2026-09-14,200.6000061035156,202.5,198.3000030517578,198.5500030517578,1355920.0,NDA-SE.ST,177.9867502593994
2026-09-15,197.9499969482422,199.5,195.85000610351562,199.0,1560533.0,NDA-SE.ST,178.1617502593994
2026-09-16,199.9499969482422,200.8000030517578,199.10000610351562,199.6999969482422,1265037.0,NDA-SE.ST,178.33025024414061
2026-09-17,200.5,202.10000610351562,199.64999389648438,201.5,1219353.0,NDA-SE.ST,178.49900024414063
2026-09-18,201.60000610351562,201.8000030517578,197.6999969482422,198.8000030517578,3709219.0,NDA-SE.ST,178.652250289917
2026-09-21,199.60000610351562,203.10000610351562,199.60000610351562,203.0,1426010.0,NDA-SE.ST,178.8320002746582
2026-09-22,203.39999389648438,203.8000030517578,201.39999389648438,201.60000610351562,1012909.0,NDA-SE.ST,178.9967503356934
2026-09-23,202.5,203.1999969482422,199.5500030517578,200.5,1049140.0,NDA-SE.ST,179.14975036621098
2026-08-17,92.0,92.25,91.1999969482422,91.9000015258789,264110.0,NEWA-B.ST,101.67599975585938
2026-08-18,91.8000030517578,93.5500030517578,91.3499984741211,93.5500030517578,730675.0,NEWA-B.ST,101.54874977111817
2026-08-19,93.0,93.5,92.8000030517578,93.3000030517578,236812.0,NEWA-B.ST,101.42174980163574
2026-08-20,91.4000015258789,93.4000015258789,88.44999694824219,93.3499984741211,2113615.0,NEWA-B.ST,101.32099979400635
2026-08-21,93.1500015258789,93.1500015258789,89.19999694824219,89.55000305175781,1735193.0,NEWA-B.ST,101.19174980163574
2026-08-24,88.94999694824219,89.30000305175781,86.1500015258789,86.1500015258789,1020733.0,NEWA-B.ST,101.06149982452392
2026-08-25,86.5,88.0999984741211,86.4000015258789,86.44999694824219,724666.0,NEWA-B.ST,100.92924980163575
2026-08-26,86.75,88.44999694824219,86.5999984741211,87.94999694824219,428991.0,NEWA-B.ST,100.81349979400635
2026-08-27,88.0,89.19999694824219,87.19999694824219,88.80000305175781,361196.0,NEWA-B.ST,100.69749980926514
2026-08-28,88.80000305175781,90.3000030517578,88.80000305175781,89.6500015258789,372087.0,NEWA-B.ST,100.57074981689453
2026-08-31,89.6500015258789,89.80000305175781,87.55000305175781,87.69999694824219,826487.0,NEWA-B.ST,100.44974979400635
2026-09-01,87.69999694824219,88.25,86.80000305175781,87.6500015258789,480034.0,NEWA-B.ST,100.32799980163574
2026-09-02,87.6500015258789,89.69999694824219,87.19999694824219,88.4000015258789,564980.0,NEWA-B.ST,100.20149982452392
2026-09-03,88.4000015258789,90.3000030517578,87.55000305175781,89.80000305175781,499328.0,NEWA-B.ST,100.0769998550415
2026-09-04,89.9000015258789,90.0999984741211,88.19999694824219,88.5,253829.0,NEWA-B.ST,99.94999984741212
2026-09-07,88.80000305175781,89.05000305175781,88.0999984741211,88.8499984741211,238364.0,NEWA-B.ST,99.83024982452393
2026-09-08,88.75,89.0999984741211,88.05000305175781,88.5,450694.0,NEWA-B.ST,99.71424983978271
2026-09-09,88.0,88.94999694824219,87.80000305175781,87.94999694824219,208152.0,NEWA-B.ST,99.61199981689452
2026-09-10,87.69999694824219,88.1500015258789,86.4000015258789,86.55000305175781,293251.0,NEWA-B.ST,99.50374984741211
2026-09-11,86.5,87.19999694824219,86.3499984741211,86.3499984741211,216427.0,NEWA-B.ST,99.39349983215332
2026-09-14,86.3499984741211,87.1500015258789,86.25,86.3499984741211,165752.0,NEWA-B.ST,99.28124980926513
2026-09-15,86.19999694824219,86.19999694824219,84.69999694824219,84.75,320028.0,NEWA-B.ST,99.15299980163574
2026-09-16,84.75,87.25,84.75,86.9000015258789,720048.0,NEWA-B.ST,99.02649982452392
2026-09-17,90.4000015258789,91.69999694824219,90.19999694824219,91.3499984741211,797392.0,NEWA-B.ST,98.91624980926514
2026-09-18,90.69999694824219,91.4000015258789,88.75,88.75,411264.0,NEWA-B.ST,98.78899982452393
2026-09-21,89.0,90.5,88.3499984741211,90.25,255280.0,NEWA-B.ST,98.66774982452392
2026-09-22,90.0999984741211,91.69999694824219,90.0999984741211,91.4000015258789,190839.0,NEWA-B.ST,98.56424983978272
2026-09-23,91.5,91.55000305175781,89.3499984741211,89.94999694824219,162353.0,NEWA-B.ST,98.45849983215332
2026-08-17,38.29999923706055,38.77999877929688,37.970001220703125,38.09000015258789,3139725.0,NIBE-B.ST,37.19329986572266
2026-08-18,37.93999862670898,38.45000076293945,37.70000076293945,37.9900016784668,4319984.0,NIBE-B.ST,37.192649879455566
2026-08-19,37.9900016784668,38.34000015258789,37.83000183105469,37.959999084472656,4666858.0,NIBE-B.ST,37.19074987411499
2026-08-20,38.0,39.27999877929688,37.810001373291016,38.59000015258789,9401240.0,NIBE-B.ST,37.19269987106323
2026-08-21,41.75,42.59000015258789,40.959999084472656,41.9900016784668,34815607.0,NIBE-B.ST,37.214399871826174
2026-08-24,42.869998931884766,43.09000015258789,41.79999923706055,42.040000915527344,12843116.0,NIBE-B.ST,37.23904987335205
2026-08-25,42.810001373291016,43.02000045776367,42.20000076293945,42.52999877929688,8124681.0,NIBE-B.ST,37.26994987487793
2026-08-26,42.40999984741211,42.7400016784668,41.54999923706055,42.540000915527344,8364497.0,NIBE-B.ST,37.30294988632202
2026-08-27,42.54999923706055,43.15999984741211,42.08000183105469,43.119998931884766,5988036.0,NIBE-B.ST,37.33419988632202
2026-08-28,43.20000076293945,43.5099983215332,42.900001525878906,43.209999084472656,6427224.0,NIBE-B.ST,37.36699987411499
2026-08-31,43.20000076293945,43.2599983215332,42.5099983215332,42.75,7481279.0,NIBE-B.ST,37.39974987030029
2026-09-01,42.709999084472656,42.810001373291016,41.56999969482422,42.31999969482422,5892223.0,NIBE-B.ST,37.42414987564087
2026-09-02,42.29999923706055,44.650001525878906,42.27000045776367,42.9900016784668,12821517.0,NIBE-B.ST,37.4488498878479
2026-09-03,44.16999816894531,45.02999877929688,43.70000076293945,44.34000015258789,12442745.0,NIBE-B.ST,37.479449882507325
2026-09-04,44.34000015258789,44.470001220703125,43.70000076293945,43.959999084472656,5215646.0,NIBE-B.ST,37.510299873352054
2026-09-07,43.970001220703125,44.209999084472656,43.5099983215332,43.970001220703125,4021116.0,NIBE-B.ST,37.56574987411499
2026-09-08,43.79999923706055,44.68999862670898,43.560001373291016,44.5,4250272.0,NIBE-B.ST,37.62394987106323
2026-09-09,44.4900016784668,45.0,44.09000015258789,44.5,6165739.0,NIBE-B.ST,37.68694987297058
2026-09-10,44.400001525878906,44.810001373291016,43.810001373291016,44.02999877929688,3611460.0,NIBE-B.ST,37.746849870681764
2026-09-11,44.02999877929688,44.77999877929688,43.84000015258789,44.56999969482422,6009472.0,NIBE-B.ST,37.81029987335205
2026-09-14,44.310001373291016,44.43000030517578,43.540000915527344,43.7400016784668,5623166.0,NIBE-B.ST,37.86874988555908
2026-09-15,43.70000076293945,43.72999954223633,42.209999084472656,42.650001525878906,6614200.0,NIBE-B.ST,37.91604990005493
2026-09-16,42.59000015258789,43.11000061035156,42.470001220703125,42.66999816894531,5448478.0,NIBE-B.ST,37.96139989852905
2026-09-17,42.77000045776367,43.540000915527344,42.720001220703125,42.97999954223633,5119354.0,NIBE-B.ST,38.00784990310669
2026-09-18,43.0099983215332,43.689998626708984,42.7599983215332,42.97999954223633,8973871.0,NIBE-B.ST,38.053799896240236
2026-09-21,43.29999923706055,44.720001220703125,43.0,44.41999816894531,7473227.0,NIBE-B.ST,38.10139987945556
2026-09-22,44.439998626708984,45.16999816894531,44.27000045776367,45.02000045776367,4822339.0,NIBE-B.ST,38.15199987411499
2026-09-23,45.04999923706055,45.380001068115234,44.540000915527344,45.380001068115234,4401741.0,NIBE-B.ST,38.20629987716675
2026-08-17,131.39999389648438,132.0,129.0,129.8000030517578,15109.0,NMAN.ST,140.25599971771237
2026-08-18,129.1999969482422,130.8000030517578,128.39999389648438,129.0,10320.0,NMAN.ST,140.06999973297118
2026-08-19,129.1999969482422,131.0,128.0,130.1999969482422,5648.0,NMAN.ST,139.90099971771238
2026-08-20,131.0,133.0,130.1999969482422,131.39999389648438,10715.0,NMAN.ST,139.74899967193602
2026-08-21,131.39999389648438,132.39999389648438,130.60000610351562,131.60000610351562,9990.0,NMAN.ST,139.5979996871948
2026-08-24,132.1999969482422,132.1999969482422,129.39999389648438,130.8000030517578,14746.0,NMAN.ST,139.44699970245358
2026-08-25,130.1999969482422,132.60000610351562,130.1999969482422,131.39999389648438,14459.0,NMAN.ST,139.288999671936
2026-08-26,131.39999389648438,133.0,131.0,131.1999969482422,9822.0,NMAN.ST,139.133999671936
2026-08-27,133.60000610351562,135.1999969482422,131.39999389648438,133.0,28900.0,NMAN.ST,138.983999671936
2026-08-28,132.8000030517578,134.1999969482422,132.39999389648438,132.8000030517578,14090.0,NMAN.ST,138.8559997177124
2026-08-31,134.0,134.0,131.1999969482422,132.8000030517578,35208.0,NMAN.ST,138.7419997024536
2026-09-01,132.8000030517578,132.8000030517578,129.0,130.0,25536.0,NMAN.ST,138.60799968719482
2026-09-02,130.0,130.0,128.39999389648438,129.39999389648438,5225.0,NMAN.ST,138.4479996871948
2026-09-03,130.0,131.60000610351562,128.60000610351562,131.60000610351562,10723.0,NMAN.ST,138.28599971771237
2026-09-04,131.0,132.0,130.8000030517578,132.0,8038.0,NMAN.ST,138.1409997177124
2026-09-07,132.0,132.60000610351562,131.60000610351562,131.60000610351562,9692.0,NMAN.ST,138.00099971771238
2026-09-08,131.39999389648438,132.39999389648438,130.60000610351562,131.60000610351562,23498.0,NMAN.ST,137.87099971771238
2026-09-09,131.1999969482422,132.0,127.8000030517578,128.8000030517578,32645.0,NMAN.ST,137.75499973297119
2026-09-10,129.1999969482422,130.8000030517578,127.0,127.5999984741211,27190.0,NMAN.ST,137.6329997253418
2026-09-11,127.4000015258789,128.1999969482422,126.8000030517578,127.4000015258789,6041.0,NMAN.ST,137.4869997024536
2026-09-14,127.4000015258789,127.4000015258789,125.5999984741211,126.1999969482422,19311.0,NMAN.ST,137.3369997024536
2026-09-15,126.19999694824219,128.8000030517578,125.4000015258789,128.0,10663.0,NMAN.ST,137.193999671936
2026-09-16,128.60000610351562,128.8000030517578,127.80000305175781,128.1999969482422,5770.0,NMAN.ST,137.05099964141843
2026-09-17,128.39999389648438,130.0,128.0,129.8000030517578,63966.0,NMAN.ST,136.918999671936
2026-09-18,129.60000610351562,133.60000610351562,128.8000030517578,128.8000030517578,63673.0,NMAN.ST,136.7879996871948
2026-09-21,128.8000030517578,130.39999389648438,128.8000030517578,129.8000030517578,17896.0,NMAN.ST,136.6419997024536
2026-09-22,129.8000030517578,132.1999969482422,129.39999389648438,130.8000030517578,33173.0,NMAN.ST,136.49899974822995
2026-09-23,132.39999389648438,132.39999389648438,128.60000610351562,129.1999969482422,18192.0,NMAN.ST,136.36499973297117
2026-08-17,51.59999847412109,51.79999923706055,50.5,51.0,385762.0,NOLA-B.ST,53.317350120544454
2026-08-18,51.0,51.20000076293945,49.75,50.0,482633.0,NOLA-B.ST,53.25985012054445
2026-08-19,50.59999847412109,50.70000076293945,49.59999847412109,50.59999847412109,149719.0,NOLA-B.ST,53.20035011291506
2026-08-20,50.400001525878906,51.29999923706055,50.20000076293945,51.20000076293945,135386.0,NOLA-B.ST,53.14460012435915
2026-08-21,51.0,52.09999847412109,51.0,51.900001525878906,249157.0,NOLA-B.ST,53.08535013198854
2026-08-24,51.5,52.29999923706055,51.400001525878906,51.70000076293945,194720.0,NOLA-B.ST,53.029850139617935
2026-08-25,51.900001525878906,52.400001525878906,51.20000076293945,51.79999923706055,184114.0,NOLA-B.ST,52.979600143432634
2026-08-26,52.20000076293945,53.79999923706055,52.09999847412109,53.09999847412109,262701.0,NOLA-B.ST,52.94110013961794
2026-08-27,53.09999847412109,53.70000076293945,52.79999923706055,53.400001525878906,394955.0,NOLA-B.ST,52.904850139617935
2026-08-28,53.29999923706055,53.900001525878906,52.79999923706055,53.0,93220.0,NOLA-B.ST,52.870350131988545
2026-08-31,53.0,53.59999847412109,52.70000076293945,53.20000076293945,468299.0,NOLA-B.ST,52.838350143432635
2026-09-01,52.900001525878906,53.79999923706055,52.59999847412109,53.29999923706055,304244.0,NOLA-B.ST,52.80485013961794
2026-09-02,53.29999923706055,53.400001525878906,52.29999923706055,52.59999847412109,355229.0,NOLA-B.ST,52.76385013580324
2026-09-03,52.59999847412109,54.0,52.5,53.09999847412109,117570.0,NOLA-B.ST,52.72210012435915
2026-09-04,52.09999847412109,53.400001525878906,52.09999847412109,53.0,81170.0,NOLA-B.ST,52.68660013198854
2026-09-07,53.09999847412109,53.09999847412109,52.400001525878906,52.5,61503.0,NOLA-B.ST,52.65110013961794
2026-09-08,52.29999923706055,53.900001525878906,52.20000076293945,53.5,237714.0,NOLA-B.ST,52.624350147247334
2026-09-09,53.5,53.70000076293945,52.70000076293945,53.400001525878906,142712.0,NOLA-B.ST,52.60160015106203
2026-09-10,53.400001525878906,53.900001525878906,52.79999923706055,52.79999923706055,208786.0,NOLA-B.ST,52.57235013961794
2026-09-11,52.79999923706055,52.900001525878906,52.20000076293945,52.5,61582.0,NOLA-B.ST,52.53860013961794
2026-09-14,52.20000076293945,52.900001525878906,51.900001525878906,52.5,134350.0,NOLA-B.ST,52.50360013961794
2026-09-15,52.400001525878906,52.70000076293945,52.0,52.5,70667.0,NOLA-B.ST,52.46385013580324
2026-09-16,52.599998474121094,53.0,52.400001525878906,52.599998474121094,133117.0,NOLA-B.ST,52.42435012817385
2026-09-17,52.70000076293945,53.5,52.70000076293945,52.70000076293945,77353.0,NOLA-B.ST,52.38585012435915
2026-09-18,53.0,53.599998474121094,52.5,52.5,172019.0,NOLA-B.ST,52.34460012435915
2026-09-21,52.5,54.20000076293945,52.5,53.70000076293945,112752.0,NOLA-B.ST,52.30710012435915
2026-09-22,53.099998474121094,54.29999923706055,53.099998474121094,53.900001525878906,443568.0,NOLA-B.ST,52.27335012435915
2026-09-23,54.0,54.70000076293945,53.79999923706055,54.29999923706055,116898.0,NOLA-B.ST,52.244100112915056
2026-08-17,66.69999694824219,67.80000305175781,66.19999694824219,66.30000305175781,495392.0,NORION.ST,61.28074993133546
2026-08-18,66.5,66.9000015258789,65.69999694824219,65.9000015258789,284187.0,NORION.ST,61.294749946594244
2026-08-19,66.0,66.4000015258789,65.5,66.0,297673.0,NORION.ST,61.31024993896485
2026-08-20,65.80000305175781,66.5999984741211,65.19999694824219,66.30000305175781,414641.0,NORION.ST,61.30474994659425
2026-08-21,66.80000305175781,67.19999694824219,66.30000305175781,66.4000015258789,245809.0,NORION.ST,61.29174995422364
2026-08-24,66.5,67.0999984741211,65.80000305175781,66.9000015258789,245489.0,NORION.ST,61.271749954223644
2026-08-25,67.80000305175781,67.9000015258789,67.0999984741211,67.4000015258789,271532.0,NORION.ST,61.264249954223644
2026-08-26,68.0,68.30000305175781,67.4000015258789,67.4000015258789,293135.0,NORION.ST,61.25924995422364
2026-08-27,67.5,68.0,66.5,67.30000305175781,325830.0,NORION.ST,61.25674995422365
2026-08-28,67.5,69.0,67.5,68.5,350864.0,NORION.ST,61.25524993896486
2026-08-31,68.9000015258789,69.0999984741211,67.0999984741211,67.0999984741211,1172992.0,NORION.ST,61.26474994659426
2026-09-01,67.5999984741211,69.4000015258789,67.19999694824219,68.5,422567.0,NORION.ST,61.27874996185304
2026-09-02,68.0999984741211,69.5999984741211,68.0999984741211,68.80000305175781,364931.0,NORION.ST,61.290749969482434
2026-09-03,69.4000015258789,70.4000015258789,69.0999984741211,69.5,400912.0,NORION.ST,61.29724998474122
2026-09-04,69.5999984741211,71.0,69.5,70.9000015258789,329381.0,NORION.ST,61.305750007629406
2026-09-07,70.9000015258789,71.4000015258789,70.5,70.9000015258789,238406.0,NORION.ST,61.31975002288819
2026-09-08,71.0999984741211,71.5,70.5,71.0999984741211,223996.0,NORION.ST,61.332750015258796
2026-09-09,71.4000015258789,71.4000015258789,69.80000305175781,69.80000305175781,345646.0,NORION.ST,61.346250038146984
2026-09-10,69.9000015258789,70.4000015258789,69.19999694824219,69.30000305175781,369628.0,NORION.ST,61.35425006866456
2026-09-11,69.30000305175781,70.0,69.0999984741211,69.80000305175781,197514.0,NORION.ST,61.359750099182136
2026-09-14,69.80000305175781,70.30000305175781,68.80000305175781,68.80000305175781,275132.0,NORION.ST,61.378750114440926
2026-09-15,68.69999694824219,69.0999984741211,67.0,67.0,508962.0,NORION.ST,61.37825012207032
2026-09-16,67.19999694824219,68.0999984741211,67.19999694824219,68.0,451994.0,NORION.ST,61.37575012207032
2026-09-17,68.19999694824219,70.0999984741211,68.0999984741211,68.69999694824219,417402.0,NORION.ST,61.37025009155274
2026-09-18,68.9000015258789,68.9000015258789,65.19999694824219,65.19999694824219,594290.0,NORION.ST,61.34825008392335
2026-09-21,66.0999984741211,66.4000015258789,64.5,64.69999694824219,200922.0,NORION.ST,61.34975006103517
2026-09-22,64.80000305175781,66.5999984741211,64.30000305175781,65.30000305175781,484545.0,NORION.ST,61.350250091552745
2026-09-23,65.30000305175781,65.80000305175781,64.5999984741211,65.69999694824219,171068.0,NORION.ST,61.35425006866456
2026-08-17,125.5999984741211,126.8000030517578,123.8000030517578,124.0,28928.0,PACT.ST,113.42449993133545
2026-08-18,123.5999984741211,126.4000015258789,123.5999984741211,124.4000015258789,17317.0,PACT.ST,113.53649993896484
2026-08-19,124.4000015258789,124.5999984741211,122.1999969482422,123.5999984741211,51067.0,PACT.ST,113.64449993133545
2026-08-20,124.5999984741211,124.5999984741211,122.8000030517578,123.1999969482422,17897.0,PACT.ST,113.75249992370605
2026-08-21,123.0,125.5999984741211,123.0,124.4000015258789,134113.0,PACT.ST,113.86049991607666
2026-08-24,124.5999984741211,126.4000015258789,123.1999969482422,125.4000015258789,70868.0,PACT.ST,113.97049991607666
2026-08-25,125.1999969482422,129.8000030517578,125.1999969482422,128.39999389648438,60043.0,PACT.ST,114.09649990081788
2026-08-26,128.8000030517578,129.1999969482422,127.8000030517578,128.60000610351562,37767.0,PACT.ST,114.21949993133545
2026-08-27,128.60000610351562,132.0,128.0,131.39999389648438,39907.0,PACT.ST,114.35249988555908
2026-08-28,133.0,139.39999389648438,132.39999389648438,135.8000030517578,149611.0,PACT.ST,114.51849990844727
2026-08-31,135.8000030517578,137.1999969482422,134.60000610351562,135.0,88830.0,PACT.ST,114.68749992370606
2026-09-01,136.0,140.39999389648438,135.39999389648438,139.60000610351562,172781.0,PACT.ST,114.87649993896484
2026-09-02,139.8000030517578,139.8000030517578,136.0,136.39999389648438,53578.0,PACT.ST,115.04749992370606
2026-09-03,137.39999389648438,139.1999969482422,135.39999389648438,138.39999389648438,36439.0,PACT.ST,115.22249988555909
2026-09-04,139.0,141.1999969482422,137.39999389648438,139.0,34417.0,PACT.ST,115.40049987792969
2026-09-07,139.0,139.8000030517578,137.1999969482422,137.39999389648438,26756.0,PACT.ST,115.57549983978271
2026-09-08,137.39999389648438,138.0,133.1999969482422,134.0,21302.0,PACT.ST,115.74699985504151
2026-09-09,134.0,134.0,132.0,133.60000610351562,21476.0,PACT.ST,115.9309998703003
2026-09-10,134.39999389648438,135.39999389648438,132.60000610351562,134.0,26959.0,PACT.ST,116.1114998626709
2026-09-11,134.60000610351562,137.1999969482422,133.1999969482422,136.0,309186.0,PACT.ST,116.2969998550415
2026-09-14,136.8000030517578,139.0,135.60000610351562,135.60000610351562,46679.0,PACT.ST,116.46899990081788
2026-09-15,135.60000610351562,137.60000610351562,134.0,137.39999389648438,42539.0,PACT.ST,116.63999988555908
2026-09-16,137.39999389648438,139.39999389648438,136.0,139.39999389648438,58868.0,PACT.ST,116.81299983978272
2026-09-17,139.0,143.1999969482422,139.0,143.1999969482422,50861.0,PACT.ST,116.99699981689453
2026-09-18,143.0,143.1999969482422,138.39999389648438,138.8000030517578,24809.0,PACT.ST,117.1499998474121
2026-09-21,138.8000030517578,142.8000030517578,138.8000030517578,142.0,81609.0,PACT.ST,117.31499984741211
2026-09-22,142.1999969482422,142.60000610351562,138.0,139.1999969482422,49433.0,PACT.ST,117.46999984741211
2026-09-23,140.8000030517578,142.39999389648438,139.39999389648438,141.39999389648438,63555.0,PACT.ST,117.63499980926514
2026-08-17,95.8499984741211,96.5999984741211,95.1500015258789,95.5,200983.0,PEAB-B.ST,90.42124992370606
2026-08-18,95.4499969482422,96.6999969482422,95.1500015258789,95.4000015258789,160001.0,PEAB-B.ST,90.50624992370605
2026-08-19,95.1500015258789,95.9000015258789,94.8000030517578,94.9000015258789,127247.0,PEAB-B.ST,90.59124992370606
2026-08-20,95.0500030517578,96.5999984741211,94.8000030517578,95.4000015258789,149421.0,PEAB-B.ST,90.67724994659424
2026-08-21,95.4000015258789,96.0,94.4499969482422,95.5,163444.0,PEAB-B.ST,90.76849994659423
2026-08-24,95.5500030517578,96.1999969482422,95.0,95.0,165019.0,PEAB-B.ST,90.85824993133545
2026-08-25,95.25,96.3000030517578,95.0999984741211,95.75,117589.0,PEAB-B.ST,90.95599994659423
2026-08-26,95.9499969482422,96.75,95.75,96.1500015258789,151173.0,PEAB-B.ST,91.06324996948243
2026-08-27,96.4000015258789,96.9499969482422,96.1500015258789,96.6999969482422,145072.0,PEAB-B.ST,91.17449996948243
2026-08-28,97.1500015258789,99.6999969482422,97.1500015258789,98.3000030517578,455988.0,PEAB-B.ST,91.29649997711182
2026-08-31,98.4499969482422,98.5500030517578,96.8000030517578,98.3000030517578,408771.0,PEAB-B.ST,91.41974998474122
2026-09-01,98.3499984741211,98.8000030517578,97.3499984741211,98.1999969482422,284732.0,PEAB-B.ST,91.5397499847412
2026-09-02,98.3000030517578,99.0,97.0999984741211,97.5500030517578,214879.0,PEAB-B.ST,91.65049999237061
2026-09-03,97.6999969482422,98.9499969482422,97.6999969482422,98.75,213390.0,PEAB-B.ST,91.76549999237061
2026-09-04,98.8000030517578,100.5,98.1999969482422,100.5,382788.0,PEAB-B.ST,91.8859999847412
2026-09-07,100.4000015258789,101.0999984741211,99.6999969482422,99.6999969482422,161033.0,PEAB-B.ST,92.00299995422364
2026-09-08,99.8000030517578,100.4000015258789,99.1999969482422,99.75,196691.0,PEAB-B.ST,92.11674995422364
2026-09-09,99.6999969482422,100.5999984741211,98.6500015258789,98.9000015258789,338836.0,PEAB-B.ST,92.23324996948242
2026-09-10,98.9000015258789,99.75,96.9000015258789,97.9499969482422,195279.0,PEAB-B.ST,92.34474994659423
2026-09-11,97.5,98.8000030517578,97.0999984741211,97.8499984741211,155519.0,PEAB-B.ST,92.45649993896484
2026-09-14,97.6500015258789,98.0999984741211,95.5500030517578,95.75,174409.0,PEAB-B.ST,92.55699993133545
2026-09-15,95.6500015258789,96.94999694824219,94.80000305175781,96.25,197835.0,PEAB-B.ST,92.64924991607666
2026-09-16,95.94999694824219,98.3499984741211,95.55000305175781,98.0999984741211,163624.0,PEAB-B.ST,92.74449989318848
2026-09-17,98.5999984741211,100.4000015258789,98.5999984741211,99.0,370710.0,PEAB-B.ST,92.84199989318847
2026-09-18,99.25,99.3499984741211,98.30000305175781,98.30000305175781,509558.0,PEAB-B.ST,92.93874992370606
2026-09-21,99.25,100.4000015258789,98.8499984741211,99.9000015258789,367100.0,PEAB-B.ST,93.03974994659424
2026-09-22,100.0,101.69999694824219,100.0,100.9000015258789,302629.0,PEAB-B.ST,93.14874996185303
2026-09-23,101.0,101.0999984741211,99.5,100.0,200071.0,PEAB-B.ST,93.25424995422364
2026-08-17,73.69999694824219,73.80000305175781,72.30000305175781,72.80000305175781,75044.0,PLAZ-B.ST,72.36399990081787
2026-08-18,72.80000305175781,74.0,72.4000015258789,73.80000305175781,268527.0,PLAZ-B.ST,72.34749992370605
2026-08-19,73.30000305175781,73.9000015258789,72.5999984741211,73.4000015258789,52473.0,PLAZ-B.ST,72.33799991607665
2026-08-20,73.0999984741211,74.0999984741211,72.5,72.80000305175781,162935.0,PLAZ-B.ST,72.32949993133545
2026-08-21,73.0,73.5999984741211,72.5999984741211,73.5,50359.0,PLAZ-B.ST,72.32449993133545
2026-08-24,73.5,73.5,72.5,72.5,38632.0,PLAZ-B.ST,72.32149993896485
2026-08-25,72.5,72.80000305175781,72.0999984741211,72.80000305175781,85146.0,PLAZ-B.ST,72.31999996185303
2026-08-26,72.4000015258789,73.0,71.9000015258789,72.19999694824219,79784.0,PLAZ-B.ST,72.32199993133545
2026-08-27,72.0999984741211,72.5,71.69999694824219,72.4000015258789,79450.0,PLAZ-B.ST,72.32799995422363
2026-08-28,72.30000305175781,73.0999984741211,72.19999694824219,72.30000305175781,79042.0,PLAZ-B.ST,72.33399997711182
2026-08-31,72.0,72.0,70.80000305175781,71.5,191717.0,PLAZ-B.ST,72.32849998474121
2026-09-01,72.0999984741211,72.0999984741211,70.9000015258789,71.9000015258789,46257.0,PLAZ-B.ST,72.33200000762939
2026-09-02,71.9000015258789,72.0999984741211,70.9000015258789,71.19999694824219,78855.0,PLAZ-B.ST,72.3354999923706
2026-09-03,71.9000015258789,73.19999694824219,71.30000305175781,72.5999984741211,71219.0,PLAZ-B.ST,72.34299999237061
2026-09-04,72.0999984741211,72.80000305175781,71.5,72.69999694824219,49970.0,PLAZ-B.ST,72.34449996948243
2026-09-07,72.19999694824219,72.69999694824219,71.5,72.30000305175781,37229.0,PLAZ-B.ST,72.3475
2026-09-08,72.9000015258789,72.9000015258789,71.5,72.0,33637.0,PLAZ-B.ST,72.3475
2026-09-09,71.69999694824219,72.0,70.5,70.80000305175781,47426.0,PLAZ-B.ST,72.34550003051758
2026-09-10,70.5,71.5,70.0,70.19999694824219,102272.0,PLAZ-B.ST,72.34050003051757
2026-09-11,70.0999984741211,70.5999984741211,69.5999984741211,70.0999984741211,65753.0,PLAZ-B.ST,72.33900001525879
2026-09-14,70.0999984741211,70.19999694824219,68.5,69.0999984741211,188760.0,PLAZ-B.ST,72.32950000762939
2026-09-15,69.19999694824219,69.19999694824219,67.4000015258789,68.5,202212.0,PLAZ-B.ST,72.30850002288818
2026-09-16,68.0,69.30000305175781,68.0,69.0,71464.0,PLAZ-B.ST,72.28450000762939
2026-09-17,69.0,69.5999984741211,68.69999694824219,69.0999984741211,44687.0,PLAZ-B.ST,72.25450000762939
2026-09-18,68.69999694824219,69.0,67.80000305175781,68.30000305175781,197507.0,PLAZ-B.ST,72.21800003051757
2026-09-21,67.80000305175781,69.19999694824219,67.80000305175781,69.19999694824219,67341.0,PLAZ-B.ST,72.19650001525879
2026-09-22,69.0999984741211,69.5,68.5,68.9000015258789,101987.0,PLAZ-B.ST,72.17800003051758
2026-09-23,69.30000305175781,69.30000305175781,67.5,67.80000305175781,75071.0,PLAZ-B.ST,72.16150005340576
2026-08-17,173.60000610351562,173.8000030517578,171.60000610351562,172.60000610351562,78712.0,PNDX-B.ST,184.30800018310546
2026-08-18,172.60000610351562,174.0,171.8000030517578,173.0,38415.0,PNDX-B.ST,184.20600021362304
2026-08-19,168.0,173.0,168.0,171.8000030517578,54057.0,PNDX-B.ST,184.08800025939942
2026-08-20,171.1999969482422,172.8000030517578,170.8000030517578,172.39999389648438,395507.0,PNDX-B.ST,183.98200019836426
2026-08-21,172.60000610351562,175.1999969482422,172.39999389648438,173.0,25434.0,PNDX-B.ST,183.87900016784667
2026-08-24,172.8000030517578,174.0,171.60000610351562,172.60000610351562,38170.0,PNDX-B.ST,183.79500022888183
2026-08-25,172.8000030517578,174.1999969482422,172.0,173.60000610351562,118673.0,PNDX-B.ST,183.7070002746582
2026-08-26,173.0,175.39999389648438,173.0,174.1999969482422,88835.0,PNDX-B.ST,183.62300025939942
2026-08-27,173.8000030517578,176.0,173.39999389648438,174.1999969482422,53405.0,PNDX-B.ST,183.54400024414062
2026-08-28,176.1999969482422,176.1999969482422,172.39999389648438,173.8000030517578,48724.0,PNDX-B.ST,183.45400024414062
2026-08-31,173.60000610351562,173.60000610351562,169.39999389648438,169.8000030517578,89513.0,PNDX-B.ST,183.331000289917
2026-09-01,169.39999389648438,172.60000610351562,168.60000610351562,171.39999389648438,452666.0,PNDX-B.ST,183.21800025939942
2026-09-02,171.39999389648438,172.0,170.0,171.0,32000.0,PNDX-B.ST,183.11300025939943
2026-09-03,175.8000030517578,175.8000030517578,172.0,173.0,158369.0,PNDX-B.ST,183.0130002593994
2026-09-04,173.39999389648438,174.0,171.60000610351562,173.1999969482422,32549.0,PNDX-B.ST,182.92500022888183
2026-09-07,173.1999969482422,174.39999389648438,171.1999969482422,173.8000030517578,32861.0,PNDX-B.ST,182.84000022888185
2026-09-08,172.1999969482422,176.8000030517578,172.1999969482422,175.0,166175.0,PNDX-B.ST,182.76400024414062
2026-09-09,175.8000030517578,175.8000030517578,170.60000610351562,170.60000610351562,112342.0,PNDX-B.ST,182.68000030517578
2026-09-10,172.0,173.8000030517578,170.8000030517578,171.0,88098.0,PNDX-B.ST,182.60000030517577
2026-09-11,171.60000610351562,171.8000030517578,169.8000030517578,170.0,64331.0,PNDX-B.ST,182.5270002746582
2026-09-14,170.0,170.0,167.1999969482422,167.1999969482422,58093.0,PNDX-B.ST,182.4420002746582
2026-09-15,166.8000030517578,167.39999389648438,164.39999389648438,166.39999389648438,73262.0,PNDX-B.ST,182.33900024414064
2026-09-16,166.39999389648438,168.39999389648438,166.39999389648438,167.60000610351562,61598.0,PNDX-B.ST,182.2420002746582
2026-09-17,172.0,172.0,166.39999389648438,167.39999389648438,81970.0,PNDX-B.ST,182.13400024414062
2026-09-18,168.0,168.0,163.0,165.39999389648438,120431.0,PNDX-B.ST,182.00200019836427
2026-09-21,164.60000610351562,168.0,164.60000610351562,167.39999389648438,151352.0,PNDX-B.ST,181.88700019836426
2026-09-22,167.39999389648438,168.8000030517578,166.60000610351562,167.0,53466.0,PNDX-B.ST,181.77300018310547
2026-09-23,167.1999969482422,167.1999969482422,164.1999969482422,164.8000030517578,41415.0,PNDX-B.ST,181.66200019836427
2026-08-17,159.0,160.8000030517578,157.60000610351562,158.0,19848.0,REJL-B.ST,168.2065002441406
2026-08-18,156.60000610351562,159.39999389648438,156.60000610351562,158.8000030517578,13957.0,REJL-B.ST,168.00650024414062
2026-08-19,159.0,159.60000610351562,157.1999969482422,159.60000610351562,9597.0,REJL-B.ST,167.81650024414063
2026-08-20,159.60000610351562,160.0,158.0,159.0,15506.0,REJL-B.ST,167.61550025939943
2026-08-21,157.60000610351562,160.0,157.60000610351562,159.60000610351562,215058.0,REJL-B.ST,167.4155002593994
2026-08-24,159.0,161.0,159.0,160.8000030517578,32748.0,REJL-B.ST,167.2275003051758
2026-08-25,161.0,163.1999969482422,160.60000610351562,163.0,55464.0,REJL-B.ST,167.0445002746582
2026-08-26,163.0,164.0,161.39999389648438,164.0,192272.0,REJL-B.ST,166.87050025939942
2026-08-27,162.39999389648438,165.0,161.60000610351562,164.8000030517578,144272.0,REJL-B.ST,166.708500289917
2026-08-28,165.1999969482422,166.39999389648438,164.8000030517578,164.8000030517578,53609.0,REJL-B.ST,166.56150032043456
2026-08-31,165.1999969482422,165.1999969482422,159.39999389648438,160.0,33393.0,REJL-B.ST,166.38650032043458
2026-09-01,160.1999969482422,162.0,159.60000610351562,161.1999969482422,23663.0,REJL-B.ST,166.2095002746582
2026-09-02,162.0,162.0,158.39999389648438,158.60000610351562,17877.0,REJL-B.ST,166.048500289917
2026-09-03,158.0,161.0,158.0,159.60000610351562,11314.0,REJL-B.ST,165.873500289917
2026-09-04,158.8000030517578,160.1999969482422,158.0,158.8000030517578,16268.0,REJL-B.ST,165.70450027465822
2026-09-07,159.39999389648438,162.8000030517578,150.8000030517578,162.0,484328.0,REJL-B.ST,165.5515002441406
2026-09-08,161.8000030517578,162.0,154.1999969482422,155.0,84101.0,REJL-B.ST,165.37250022888185
2026-09-09,155.1999969482422,156.8000030517578,153.60000610351562,155.0,35004.0,REJL-B.ST,165.21450019836425
2026-09-10,155.39999389648438,157.60000610351562,153.60000610351562,153.60000610351562,177742.0,REJL-B.ST,165.05450019836425
2026-09-11,153.8000030517578,155.60000610351562,153.1999969482422,153.1999969482422,69298.0,REJL-B.ST,164.88150016784667
2026-09-14,152.39999389648438,154.60000610351562,152.0,153.60000610351562,19616.0,REJL-B.ST,164.70650016784668
2026-09-15,153.60000610351562,153.8000030517578,152.39999389648438,153.0,22683.0,REJL-B.ST,164.4985001373291
2026-09-16,153.39999389648438,153.39999389648438,149.1999969482422,151.0,57241.0,REJL-B.ST,164.2785001373291
2026-09-17,150.39999389648438,152.0,149.39999389648438,150.0,50678.0,REJL-B.ST,164.04550010681152
2026-09-18,150.1999969482422,150.1999969482422,146.39999389648438,147.0,34570.0,REJL-B.ST,163.7805001068115
2026-09-21,146.60000610351562,146.60000610351562,143.8000030517578,143.8000030517578,45071.0,REJL-B.ST,163.4620001220703
2026-09-22,143.60000610351562,150.0,143.60000610351562,146.39999389648438,108628.0,REJL-B.ST,163.1665000915527
2026-09-23,146.0,149.0,145.1999969482422,148.0,29292.0,REJL-B.ST,162.89150009155273
2026-08-17,694.0,700.9000244140625,682.7999877929688,691.7999877929688,1179974.0,SAAB-B.ST,582.382250518799
2026-08-18,692.0,699.2999877929688,681.5,688.0,1451806.0,SAAB-B.ST,583.2717504882814
2026-08-19,687.7000122070312,694.7000122070312,674.2000122070312,675.9000244140625,1125908.0,SAAB-B.ST,584.073250732422
2026-08-20,675.9000244140625,678.0,666.2999877929688,666.5,905474.0,SAAB-B.ST,584.8392507934572
2026-08-21,659.7999877929688,663.4000244140625,654.2000122070312,655.2000122070312,1264267.0,SAAB-B.ST,585.5622508239748
2026-08-24,655.2000122070312,662.2999877929688,640.5,642.2000122070312,1432238.0,SAAB-B.ST,586.1532508850099
2026-08-25,642.7999877929688,648.5,635.0999755859375,638.2000122070312,894011.0,SAAB-B.ST,586.7352510070803
2026-08-26,635.0,642.5999755859375,624.7999877929688,641.0999755859375,1033308.0,SAAB-B.ST,587.314250946045
2026-08-27,643.5999755859375,654.5,637.2000122070312,641.2000122070312,1219679.0,SAAB-B.ST,587.9462510681154
2026-08-28,642.5,650.0,636.7000122070312,639.5999755859375,1080369.0,SAAB-B.ST,588.5857508850099
2026-08-31,638.2999877929688,641.2999877929688,630.9000244140625,632.9000244140625,1222991.0,SAAB-B.ST,589.1727510070803
2026-09-01,630.0,630.5,604.4000244140625,611.7999877929688,1611635.0,SAAB-B.ST,589.6072508239747
2026-09-02,610.0,612.7999877929688,601.9000244140625,610.0,907612.0,SAAB-B.ST,590.0632508850099
2026-09-03,608.0,608.0,594.4000244140625,597.7000122070312,1361786.0,SAAB-B.ST,590.4302510070802
2026-09-04,597.7000122070312,603.2000122070312,586.2999877929688,589.4000244140625,957419.0,SAAB-B.ST,590.7102510070803
2026-09-07,589.0,596.5999755859375,582.4000244140625,582.4000244140625,812536.0,SAAB-B.ST,590.9952510070802
2026-09-08,583.2000122070312,583.4000244140625,566.4000244140625,577.9000244140625,1451507.0,SAAB-B.ST,591.1922511291506
2026-09-09,574.0999755859375,582.9000244140625,566.7000122070312,574.9000244140625,1391785.0,SAAB-B.ST,591.490251312256
2026-09-10,578.5999755859375,583.5,572.7999877929688,577.7000122070312,927666.0,SAAB-B.ST,591.9192514038087
2026-09-11,579.0999755859375,581.2000122070312,567.5,571.5999755859375,795346.0,SAAB-B.ST,592.2617512512209
2026-09-14,571.5999755859375,582.2000122070312,571.0,574.2000122070312,915944.0,SAAB-B.ST,592.732751312256
2026-09-15,573.7999877929688,591.4000244140625,570.2999877929688,584.7999877929688,1152878.0,SAAB-B.ST,593.3905012512208
2026-09-16,590.5999755859375,599.2000122070312,582.9000244140625,598.5,1362313.0,SAAB-B.ST,594.0880012512208
2026-09-17,602.2000122070312,616.2000122070312,598.7999877929688,612.5,1689638.0,SAAB-B.ST,594.7995011901857
2026-09-18,614.7000122070312,620.7999877929688,602.5,603.5999755859375,1666973.0,SAAB-B.ST,595.4077510070803
2026-09-21,613.5,623.7000122070312,611.4000244140625,619.7999877929688,1267740.0,SAAB-B.ST,596.1287509155275
2026-09-22,619.5,626.7000122070312,608.7999877929688,614.0,1324332.0,SAAB-B.ST,596.8847509765626
2026-09-23,618.0,633.2999877929688,615.2000122070312,632.0,1199276.0,SAAB-B.ST,597.6950009155275
2026-08-17,164.0,164.0,161.5,164.0,522.0,SAGA-A.ST,181.2
2026-08-18,162.5,166.5,162.0,166.0,2693.0,SAGA-A.ST,180.93
2026-08-19,165.5,166.0,164.5,165.0,2586.0,SAGA-A.ST,180.675
2026-08-20,165.5,166.0,164.5,165.0,1604.0,SAGA-A.ST,180.425
2026-08-21,165.0,168.0,164.5,167.5,1312.0,SAGA-A.ST,180.1825
2026-08-24,172.5,173.0,170.0,171.5,1891.0,SAGA-A.ST,179.965
2026-08-25,171.5,173.0,168.5,168.5,1963.0,SAGA-A.ST,179.7325
2026-08-26,168.5,171.0,167.0,170.5,3341.0,SAGA-A.ST,179.525
2026-08-27,171.5,172.0,170.5,171.5,2106.0,SAGA-A.ST,179.3325
2026-08-28,171.5,174.0,168.0,174.0,8219.0,SAGA-A.ST,179.1475
2026-08-31,168.5,168.5,166.0,166.0,12741.0,SAGA-A.ST,178.9225
2026-09-01,166.5,170.0,165.5,170.0,3648.0,SAGA-A.ST,178.79
2026-09-02,171.0,173.0,170.5,170.5,201.0,SAGA-A.ST,178.65
2026-09-03,172.0,178.0,172.0,178.0,52093.0,SAGA-A.ST,178.505
2026-09-04,178.5,178.5,174.5,176.0,1024.0,SAGA-A.ST,178.35
2026-09-07,176.0,176.0,173.0,175.0,874.0,SAGA-A.ST,178.205
2026-09-08,174.5,175.0,173.5,174.0,911.0,SAGA-A.ST,178.055
2026-09-09,174.0,174.0,171.0,171.0,12043.0,SAGA-A.ST,177.905
2026-09-10,171.0,176.0,171.0,173.5,903.0,SAGA-A.ST,177.7625
2026-09-11,169.5,171.5,168.0,171.0,1995.0,SAGA-A.ST,177.6275
2026-09-14,171.5,171.5,168.0,168.0,411.0,SAGA-A.ST,177.48
2026-09-15,168.5,168.5,165.0,167.0,438.0,SAGA-A.ST,177.32
2026-09-16,167.0,167.0,165.5,165.5,317.0,SAGA-A.ST,177.15
2026-09-17,167.0,168.5,165.0,165.0,1933.0,SAGA-A.ST,176.965
2026-09-18,164.5,164.5,163.5,163.5,1986.0,SAGA-A.ST,176.7725
2026-09-21,163.0,167.0,162.5,167.0,3351.0,SAGA-A.ST,176.5975
2026-09-22,167.0,168.0,167.0,167.0,125.0,SAGA-A.ST,176.4425
2026-09-23,166.0,166.0,163.0,163.0,2796.0,SAGA-A.ST,176.2725
2026-08-17,364.3999938964844,372.2000122070313,362.0,368.3999938964844,134900.0,SAVE.ST,308.8059992980957
2026-08-18,367.7999877929688,369.0,362.0,364.3999938964844,139095.0,SAVE.ST,309.22899932861327
2026-08-19,363.7999877929688,365.0,359.20001220703125,359.20001220703125,184297.0,SAVE.ST,309.6299993896484
2026-08-20,359.20001220703125,362.7999877929688,357.20001220703125,362.0,94819.0,SAVE.ST,310.052999420166
2026-08-21,362.0,370.2000122070313,361.6000061035156,369.0,328370.0,SAVE.ST,310.50599945068353
2026-08-24,367.7999877929688,370.2000122070313,366.2000122070313,367.2000122070313,118999.0,SAVE.ST,310.9669995117187
2026-08-25,367.6000061035156,370.3999938964844,365.3999938964844,365.3999938964844,93790.0,SAVE.ST,311.3969995117187
2026-08-26,368.3999938964844,370.3999938964844,363.2000122070313,364.6000061035156,93933.0,SAVE.ST,311.82599960327144
2026-08-27,364.6000061035156,366.2000122070313,361.3999938964844,362.7999877929688,137997.0,SAVE.ST,312.2489994812011
2026-08-28,366.0,367.0,362.0,367.0,334534.0,SAVE.ST,312.7149995422363
2026-08-31,367.0,368.6000061035156,361.0,361.0,303383.0,SAVE.ST,313.16399948120113
2026-09-01,360.7999877929688,363.3999938964844,356.79998779296875,358.6000061035156,232190.0,SAVE.ST,313.5819995117187
2026-09-02,358.6000061035156,359.0,345.6000061035156,349.79998779296875,305657.0,SAVE.ST,313.922999420166
2026-09-03,350.0,361.2000122070313,349.79998779296875,359.79998779296875,229564.0,SAVE.ST,314.3109992980957
2026-09-04,360.7999877929688,360.7999877929688,350.79998779296875,355.79998779296875,165035.0,SAVE.ST,314.69199920654296
2026-09-07,355.79998779296875,357.3999938964844,351.0,351.3999938964844,185112.0,SAVE.ST,315.0849992370605
2026-09-08,352.20001220703125,355.6000061035156,349.6000061035156,349.6000061035156,267147.0,SAVE.ST,315.4739993286132
2026-09-09,348.3999938964844,348.3999938964844,340.20001220703125,342.0,311890.0,SAVE.ST,315.8419993591308
2026-09-10,342.0,346.0,340.3999938964844,341.79998779296875,144312.0,SAVE.ST,316.21099929809566
2026-09-11,342.20001220703125,345.0,340.6000061035156,343.3999938964844,542244.0,SAVE.ST,316.56399932861325
2026-09-14,341.6000061035156,347.20001220703125,340.79998779296875,343.0,165356.0,SAVE.ST,316.9319993591308
2026-09-15,341.20001220703125,342.20001220703125,335.6000061035156,340.0,208970.0,SAVE.ST,317.2719993591308
2026-09-16,342.0,343.20001220703125,336.20001220703125,337.20001220703125,266686.0,SAVE.ST,317.59699935913085
2026-09-17,337.20001220703125,341.20001220703125,336.79998779296875,340.6000061035156,395199.0,SAVE.ST,317.9419993591308
2026-09-18,340.79998779296875,341.3999938964844,325.20001220703125,325.20001220703125,2809311.0,SAVE.ST,318.1949993896484
2026-09-21,338.6000061035156,347.20001220703125,337.3999938964844,343.79998779296875,371218.0,SAVE.ST,318.55899932861325
2026-09-22,343.79998779296875,347.79998779296875,338.3999938964844,340.3999938964844,254059.0,SAVE.ST,318.93399932861325
2026-09-23,341.0,341.6000061035156,331.3999938964844,331.3999938964844,353714.0,SAVE.ST,319.2719993591308
2026-08-17,108.25,108.25,107.0,107.4000015258789,992056.0,SCA-B.ST,111.92790023803711
2026-08-18,107.25,108.3499984741211,107.0,107.6500015258789,727686.0,SCA-B.ST,111.83765026092529
2026-08-19,107.5500030517578,108.0500030517578,106.8000030517578,107.8499984741211,812341.0,SCA-B.ST,111.7469002532959
2026-08-20,107.3000030517578,109.5,107.3000030517578,109.4499969482422,746253.0,SCA-B.ST,111.66690025329589
2026-08-21,109.4499969482422,111.1999969482422,109.3499984741211,111.0999984741211,1188416.0,SCA-B.ST,111.58715023040772
2026-08-24,111.0,112.5999984741211,110.75,112.25,1623248.0,SCA-B.ST,111.51465023040771
2026-08-25,112.4499969482422,113.25,112.0,112.0,3464166.0,SCA-B.ST,111.45390022277832
2026-08-26,112.25,112.5,111.5,111.9499969482422,1394209.0,SCA-B.ST,111.39165019989014
2026-08-27,111.6500015258789,112.8000030517578,111.0,112.8000030517578,1514210.0,SCA-B.ST,111.33240020751953
2026-08-28,113.1999969482422,114.3499984741211,112.9499969482422,113.6500015258789,1919814.0,SCA-B.ST,111.27165019989013
2026-08-31,113.3000030517578,114.9499969482422,113.3000030517578,114.3000030517578,4753750.0,SCA-B.ST,111.22090023040772
2026-09-01,114.75,116.5,113.8499984741211,114.9499969482422,2491729.0,SCA-B.ST,111.16565021514893
2026-09-02,114.9000015258789,115.6999969482422,114.0,115.6999969482422,2146764.0,SCA-B.ST,111.10715019226075
2026-09-03,115.3000030517578,116.4499969482422,113.8000030517578,114.0500030517578,1567793.0,SCA-B.ST,111.04165019989014
2026-09-04,114.1999969482422,116.0,113.1500015258789,116.0,1348253.0,SCA-B.ST,110.99190021514893
2026-09-07,115.8000030517578,117.0500030517578,115.3499984741211,116.5500030517578,1348168.0,SCA-B.ST,110.9641502380371
2026-09-08,116.1500015258789,118.75,116.1500015258789,118.25,2154695.0,SCA-B.ST,110.94890022277832
2026-09-09,117.9499969482422,119.3499984741211,117.5,117.9499969482422,2741636.0,SCA-B.ST,110.94590019226074
2026-09-10,116.6999969482422,118.1999969482422,116.5,117.1999969482422,2115451.0,SCA-B.ST,110.93390018463134
2026-09-11,117.1999969482422,117.8499984741211,116.5,116.5,1759876.0,SCA-B.ST,110.92615016937256
2026-09-14,116.5,117.3000030517578,115.8499984741211,116.75,1196666.0,SCA-B.ST,110.90615016937255
2026-09-15,116.69999694824219,119.9000015258789,116.05000305175781,119.80000305175781,2617616.0,SCA-B.ST,110.90440017700195
2026-09-16,119.5999984741211,119.9000015258789,118.9000015258789,119.9000015258789,1800548.0,SCA-B.ST,110.89465019226074
2026-09-17,120.4000015258789,121.30000305175781,119.5,121.0,3069975.0,SCA-B.ST,110.89365020751953
2026-09-18,120.55000305175781,122.19999694824219,120.19999694824219,120.44999694824219,3966741.0,SCA-B.ST,110.88490020751954
2026-09-21,120.75,122.0,120.19999694824219,121.69999694824219,1044133.0,SCA-B.ST,110.88015018463135
2026-09-22,122.0,125.30000305175781,122.0,125.30000305175781,2813072.0,SCA-B.ST,110.90040019989014
2026-09-23,125.6500015258789,126.94999694824219,124.1500015258789,124.80000305175781,1706215.0,SCA-B.ST,110.92390022277831
2026-08-17,144.0,146.39999389648438,143.0,145.0,42462.0,SCST.ST,127.2094998550415
2026-08-18,145.0,148.60000610351562,144.0,146.1999969482422,44387.0,SCST.ST,127.43449985504151
2026-08-19,145.23973083496094,146.23316955566406,143.25286865234375,144.04762268066406,59140.0,SCST.ST,127.64773796081543
2026-08-20,143.45155334472656,145.43841552734375,143.05418395996094,144.04762268066406,24123.0,SCST.ST,127.87197608947754
2026-08-21,143.05418395996094,145.83580017089844,142.85549926757812,144.04762268066406,43328.0,SCST.ST,128.09571418762206
2026-08-24,143.84893798828125,145.83580017089844,143.25286865234375,144.8423614501953,30481.0,SCST.ST,128.32692600250243
2026-08-25,146.03448486328125,147.0279083251953,144.04762268066406,144.6436767578125,32422.0,SCST.ST,128.56064437866212
2026-08-26,144.4449920654297,146.6305389404297,141.862060546875,144.04762268066406,59201.0,SCST.ST,128.79938247680664
2026-08-27,145.0,145.0,140.60000610351562,143.1999969482422,104274.0,SCST.ST,129.03288246154784
2026-08-28,143.1999969482422,146.0,143.0,144.60000610351562,43192.0,SCST.ST,129.28138248443602
2026-08-31,145.60000610351562,146.0,144.0,144.0,64991.0,SCST.ST,129.51888248443603
2026-09-01,145.0,145.60000610351562,142.1999969482422,145.60000610351562,70454.0,SCST.ST,129.761382522583
2026-09-02,145.1999969482422,146.60000610351562,145.0,146.1999969482422,29868.0,SCST.ST,130.00938251495361
2026-09-03,146.0,148.60000610351562,145.39999389648438,148.60000610351562,27539.0,SCST.ST,130.26888256073
2026-09-04,148.39999389648438,150.1999969482422,145.1999969482422,149.39999389648438,56712.0,SCST.ST,130.5298825454712
2026-09-07,149.8000030517578,150.0,148.0,148.1999969482422,26743.0,SCST.ST,130.79238254547118
2026-09-08,148.60000610351562,151.39999389648438,148.60000610351562,150.0,38576.0,SCST.ST,131.0653825378418
2026-09-09,149.8000030517578,152.0,149.8000030517578,150.0,31712.0,SCST.ST,131.3403825378418
2026-09-10,150.1999969482422,151.8000030517578,150.0,151.60000610351562,29508.0,SCST.ST,131.62288257598877
2026-09-11,151.1999969482422,151.39999389648438,149.8000030517578,149.8000030517578,25348.0,SCST.ST,131.89338260650635
2026-09-14,149.60000610351562,152.8000030517578,149.1999969482422,151.39999389648438,18040.0,SCST.ST,132.16988258361818
2026-09-15,151.1999969482422,151.60000610351562,145.39999389648438,147.39999389648438,62536.0,SCST.ST,132.4243825531006
2026-09-16,148.0,149.39999389648438,147.60000610351562,149.1999969482422,28684.0,SCST.ST,132.6873825454712
2026-09-17,147.8000030517578,149.1999969482422,145.39999389648438,148.0,22947.0,SCST.ST,132.94738254547119
2026-09-18,153.60000610351562,172.39999389648438,153.0,170.8000030517578,359995.0,SCST.ST,133.31938255310058
2026-09-21,170.0,172.0,166.8000030517578,171.0,102694.0,SCST.ST,133.69438255310058
2026-09-22,170.60000610351562,173.1999969482422,169.8000030517578,171.1999969482422,41880.0,SCST.ST,134.07438255310058
2026-09-23,172.39999389648438,172.39999389648438,169.60000610351562,170.0,44154.0,SCST.ST,134.44838256835936
2026-08-17,222.1999969482422,222.3999938964844,221.0,221.0,1602522.0,SEB-A.ST,191.6860001373291
2026-08-18,220.6999969482422,221.1999969482422,219.3999938964844,220.0,1656195.0,SEB-A.ST,191.87650016784667
2026-08-19,220.1000061035156,220.3999938964844,216.8000030517578,217.5,2080277.0,SEB-A.ST,192.0550001525879
2026-08-20,216.8999938964844,218.8999938964844,216.1999969482422,218.6999969482422,1714171.0,SEB-A.ST,192.24400016784668
2026-08-21,218.8000030517578,221.3999938964844,218.6000061035156,219.3999938964844,2572776.0,SEB-A.ST,192.42825012207032
2026-08-24,219.5,219.8000030517578,216.3999938964844,218.1000061035156,2159341.0,SEB-A.ST,192.61175018310547
2026-08-25,219.0,220.8999938964844,219.0,219.8000030517578,1764688.0,SEB-A.ST,192.80500022888182
2026-08-26,220.8999938964844,222.8000030517578,220.6000061035156,222.1999969482422,1925452.0,SEB-A.ST,193.01100021362305
2026-08-27,222.5,223.8999938964844,221.0,221.6000061035156,1920508.0,SEB-A.ST,193.2132502746582
2026-08-28,223.6999969482422,224.1999969482422,222.3999938964844,223.6000061035156,1579344.0,SEB-A.ST,193.4170002746582
2026-08-31,223.6000061035156,225.1999969482422,223.3999938964844,224.3999938964844,3702588.0,SEB-A.ST,193.63500022888184
2026-09-01,224.3999938964844,226.3999938964844,222.3999938964844,223.3000030517578,2145467.0,SEB-A.ST,193.84025024414063
2026-09-02,223.3000030517578,225.1999969482422,221.8999938964844,223.1999969482422,2086809.0,SEB-A.ST,194.0342502593994
2026-09-03,223.1999969482422,226.1000061035156,222.6999969482422,226.1000061035156,1876872.0,SEB-A.ST,194.231000289917
2026-09-04,226.1000061035156,226.8999938964844,224.6000061035156,226.5,1521730.0,SEB-A.ST,194.4307502746582
2026-09-07,226.1999969482422,227.3999938964844,225.5,227.0,923396.0,SEB-A.ST,194.649750289917
2026-09-08,226.6999969482422,227.1000061035156,224.8999938964844,226.6999969482422,1182922.0,SEB-A.ST,194.87625030517577
2026-09-09,225.3999938964844,225.5,223.1000061035156,224.1999969482422,2744474.0,SEB-A.ST,195.1132502746582
2026-09-10,224.6999969482422,227.3999938964844,224.6000061035156,226.6000061035156,2973070.0,SEB-A.ST,195.36150032043457
2026-09-11,227.0,229.6000061035156,226.5,228.0,2259202.0,SEB-A.ST,195.6037503051758
2026-09-14,228.0,231.3999938964844,227.6999969482422,227.8000030517578,2313737.0,SEB-A.ST,195.84725028991699
2026-09-15,227.60000610351562,229.0,224.60000610351562,227.3000030517578,2267240.0,SEB-A.ST,196.07900032043457
2026-09-16,228.3000030517578,229.8000030517578,227.6999969482422,229.1999969482422,2244337.0,SEB-A.ST,196.3107502746582
2026-09-17,229.39999389648438,231.60000610351562,229.0,230.5,2470010.0,SEB-A.ST,196.53475028991699
2026-09-18,230.6999969482422,230.6999969482422,226.60000610351562,227.8000030517578,3467842.0,SEB-A.ST,196.73575027465822
2026-09-21,229.0,235.1999969482422,228.8000030517578,234.6999969482422,2086453.0,SEB-A.ST,196.97000022888184
2026-09-22,234.8000030517578,236.0,232.60000610351562,233.1999969482422,1532623.0,SEB-A.ST,197.18900024414063
2026-09-23,234.1999969482422,234.89999389648438,230.89999389648438,232.39999389648438,1524284.0,SEB-A.ST,197.40175018310546
2026-08-17,21.450000762939453,21.799999237060547,21.299999237060547,21.5,605054.0,SECARE.ST,28.56800005912781
2026-08-18,21.350000381469727,21.64999961853028,21.299999237060547,21.5,146890.0,SECARE.ST,28.476000051498417
2026-08-19,21.5,22.049999237060547,21.39999961853028,21.850000381469727,223734.0,SECARE.ST,28.39075004577637
2026-08-20,22.0,22.39999961853028,21.75,22.0,664587.0,SECARE.ST,28.308250045776372
2026-08-21,22.0,22.299999237060547,21.89999961853028,22.200000762939453,122440.0,SECARE.ST,28.226000041961676
2026-08-24,22.14999961853028,22.25,21.850000381469727,21.950000762939453,163177.0,SECARE.ST,28.143750038146976
2026-08-25,22.0,22.350000381469727,21.89999961853028,22.299999237060547,238692.0,SECARE.ST,28.06800003051758
2026-08-26,22.299999237060547,22.299999237060547,21.950000762939453,22.200000762939453,198657.0,SECARE.ST,27.99900003433228
2026-08-27,22.14999961853028,22.39999961853028,22.0,22.14999961853028,120338.0,SECARE.ST,27.933250036239627
2026-08-28,22.299999237060547,22.39999961853028,21.950000762939453,22.200000762939453,321917.0,SECARE.ST,27.867000036239627
2026-08-31,22.200000762939453,22.75,22.049999237060547,22.64999961853028,388034.0,SECARE.ST,27.80275003433228
2026-09-01,22.450000762939453,23.299999237060547,22.350000381469727,22.549999237060547,620346.0,SECARE.ST,27.74275003433228
2026-09-02,22.64999961853028,22.700000762939453,22.049999237060547,22.450000762939453,868936.0,SECARE.ST,27.67900003433228
2026-09-03,22.5,22.64999961853028,22.100000381469727,22.25,341370.0,SECARE.ST,27.612250041961673
2026-09-04,22.299999237060547,22.5,22.100000381469727,22.200000762939453,203842.0,SECARE.ST,27.546500053405765
2026-09-07,22.14999961853028,22.200000762939453,21.89999961853028,22.0,785450.0,SECARE.ST,27.482500057220463
2026-09-08,22.0,22.14999961853028,21.64999961853028,21.75,210936.0,SECARE.ST,27.41600006103516
2026-09-09,21.75,21.89999961853028,21.450000762939453,21.450000762939453,184191.0,SECARE.ST,27.350250072479252
2026-09-10,21.350000381469727,21.700000762939453,20.950000762939453,21.700000762939453,1662156.0,SECARE.ST,27.28250007629395
2026-09-11,22.100000381469727,22.64999961853028,22.0,22.299999237060547,1438648.0,SECARE.ST,27.21250007629395
2026-09-14,22.350000381469727,22.350000381469727,21.950000762939453,22.350000381469727,332705.0,SECARE.ST,27.142750082015997
2026-09-15,22.350000381469727,22.350000381469727,21.950000762939453,22.149999618530273,260252.0,SECARE.ST,27.072250080108645
2026-09-16,22.299999237060547,22.600000381469727,22.100000381469727,22.399999618530273,361410.0,SECARE.ST,26.997500085830694
2026-09-17,22.549999237060547,23.450000762939453,22.399999618530273,23.350000381469727,670753.0,SECARE.ST,26.926000080108647
2026-09-18,23.399999618530273,23.450000762939453,20.649999618530273,22.0,2046287.0,SECARE.ST,26.84600008010865
2026-09-21,22.149999618530273,22.299999237060547,21.25,21.350000381469727,721883.0,SECARE.ST,26.7645000743866
2026-09-22,21.299999237060547,21.850000381469727,21.049999237060547,21.799999237060547,822067.0,SECARE.ST,26.68875006675721
2026-09-23,21.850000381469727,21.850000381469727,21.399999618530273,21.600000381469727,362205.0,SECARE.ST,26.609250068664554
2026-08-17,283.3999938964844,284.20001220703125,278.6000061035156,280.0,71811.0,SECT-B.ST,255.93050064086913
2026-08-18,280.0,284.79998779296875,279.0,283.0,58936.0,SECT-B.ST,255.77850067138672
2026-08-19,283.20001220703125,286.6000061035156,277.20001220703125,286.6000061035156,101861.0,SECT-B.ST,255.6735006713867
2026-08-20,285.79998779296875,286.0,278.0,281.79998779296875,76597.0,SECT-B.ST,255.539500579834
2026-08-21,281.6000061035156,285.6000061035156,273.79998779296875,278.0,209747.0,SECT-B.ST,255.3965005493164
2026-08-24,278.0,280.3999938964844,274.0,275.79998779296875,47122.0,SECT-B.ST,255.26650054931642
2026-08-25,275.0,280.6000061035156,274.79998779296875,276.20001220703125,46427.0,SECT-B.ST,255.1515005493164
2026-08-26,276.20001220703125,279.6000061035156,271.20001220703125,274.3999938964844,592287.0,SECT-B.ST,255.04050048828125
2026-08-27,274.6000061035156,283.79998779296875,272.79998779296875,283.20001220703125,64952.0,SECT-B.ST,254.979500579834
2026-08-28,284.79998779296875,297.20001220703125,284.3999938964844,287.6000061035156,170544.0,SECT-B.ST,254.954500579834
2026-08-31,288.20001220703125,300.6000061035156,286.0,295.20001220703125,275645.0,SECT-B.ST,254.95850067138673
2026-09-01,292.0,300.3999938964844,291.6000061035156,293.0,467465.0,SECT-B.ST,254.99050064086913
2026-09-02,293.0,293.0,285.20001220703125,286.3999938964844,275635.0,SECT-B.ST,254.9665005493164
2026-09-03,286.3999938964844,292.3999938964844,286.3999938964844,290.79998779296875,106461.0,SECT-B.ST,254.95050048828125
2026-09-04,300.0,308.20001220703125,285.3999938964844,290.3999938964844,468899.0,SECT-B.ST,254.94550048828125
2026-09-07,290.3999938964844,290.6000061035156,276.6000061035156,280.20001220703125,160598.0,SECT-B.ST,254.89750061035156
2026-09-08,280.20001220703125,292.79998779296875,278.79998779296875,290.6000061035156,240198.0,SECT-B.ST,254.91250061035157
2026-09-09,285.20001220703125,290.0,273.0,284.79998779296875,240264.0,SECT-B.ST,254.92150054931642
2026-09-10,284.20001220703125,292.20001220703125,284.0,286.79998779296875,126039.0,SECT-B.ST,254.95850051879881
2026-09-11,286.79998779296875,286.79998779296875,279.0,286.0,321042.0,SECT-B.ST,255.00050048828126
2026-09-14,287.0,297.0,286.0,293.79998779296875,113174.0,SECT-B.ST,255.06050048828126
2026-09-15,292.20001220703125,296.79998779296875,288.6000061035156,296.20001220703125,95291.0,SECT-B.ST,255.114500579834
2026-09-16,296.20001220703125,299.3999938964844,294.3999938964844,294.3999938964844,143494.0,SECT-B.ST,255.14350051879882
2026-09-17,294.3999938964844,302.6000061035156,293.0,301.3999938964844,255107.0,SECT-B.ST,255.2095004272461
2026-09-18,300.0,305.3999938964844,289.3999938964844,289.3999938964844,717086.0,SECT-B.ST,255.1995004272461
2026-09-21,292.79998779296875,297.6000061035156,281.20001220703125,282.79998779296875,276501.0,SECT-B.ST,255.17050033569336
2026-09-22,283.20001220703125,286.6000061035156,278.20001220703125,280.6000061035156,157017.0,SECT-B.ST,255.16550033569337
2026-09-23,280.6000061035156,282.20001220703125,277.20001220703125,278.6000061035156,135197.0,SECT-B.ST,255.17350036621093
2026-08-17,147.3000030517578,147.5,146.1999969482422,146.1999969482422,1032458.0,SECU-B.ST,153.16649993896485
2026-08-18,146.39999389648438,146.39999389648438,144.8000030517578,145.10000610351562,1108429.0,SECU-B.ST,153.17049995422363
2026-08-19,144.8000030517578,145.89999389648438,144.39999389648438,145.6999969482422,1080463.0,SECU-B.ST,153.19124992370607
2026-08-20,145.6999969482422,146.39999389648438,145.1999969482422,146.10000610351562,2922770.0,SECU-B.ST,153.21799995422364
2026-08-21,146.10000610351562,147.60000610351562,145.89999389648438,146.6999969482422,2167684.0,SECU-B.ST,153.24949996948243
2026-08-24,146.6999969482422,147.3000030517578,146.10000610351562,146.8000030517578,972377.0,SECU-B.ST,153.2825
2026-08-25,147.0,147.89999389648438,146.8000030517578,147.60000610351562,1119699.0,SECU-B.ST,153.33225006103515
2026-08-26,147.1999969482422,149.5,146.60000610351562,149.5,1265255.0,SECU-B.ST,153.39425003051758
2026-08-27,149.1999969482422,151.5,148.8000030517578,151.5,1198912.0,SECU-B.ST,153.45350006103516
2026-08-28,151.5,152.39999389648438,150.5,151.3000030517578,571598.0,SECU-B.ST,153.50850006103516
2026-08-31,151.1999969482422,152.6999969482422,150.8000030517578,152.0,1108237.0,SECU-B.ST,153.54825004577637
2026-09-01,152.0,153.10000610351562,151.6999969482422,151.89999389648438,941883.0,SECU-B.ST,153.59525001525878
2026-09-02,151.60000610351562,152.1999969482422,150.1999969482422,150.89999389648438,907568.0,SECU-B.ST,153.63174995422364
2026-09-03,150.6999969482422,152.89999389648438,150.60000610351562,150.8000030517578,784049.0,SECU-B.ST,153.66024993896485
2026-09-04,151.60000610351562,152.39999389648438,150.3000030517578,151.89999389648438,693925.0,SECU-B.ST,153.69974990844727
2026-09-07,151.5,152.3000030517578,150.5,150.5,451251.0,SECU-B.ST,153.73749992370605
2026-09-08,150.6999969482422,152.0,150.39999389648438,150.6999969482422,477010.0,SECU-B.ST,153.78624992370607
2026-09-09,150.5,152.1999969482422,149.10000610351562,149.8000030517578,1386169.0,SECU-B.ST,153.83949996948243
2026-09-10,150.0,152.0,150.0,150.3000030517578,952973.0,SECU-B.ST,153.89599998474122
2026-09-11,150.3000030517578,150.89999389648438,149.6999969482422,150.0,874373.0,SECU-B.ST,153.9515000152588
2026-09-14,150.3000030517578,153.10000610351562,150.3000030517578,152.3000030517578,997531.0,SECU-B.ST,154.00725006103517
2026-09-15,151.6999969482422,152.0,150.39999389648438,151.3000030517578,643223.0,SECU-B.ST,154.05650009155272
2026-09-16,150.39999389648438,152.6999969482422,150.3000030517578,152.6999969482422,927941.0,SECU-B.ST,154.10325004577638
2026-09-17,152.10000610351562,153.89999389648438,152.0,153.60000610351562,916178.0,SECU-B.ST,154.15275009155275
2026-09-18,153.10000610351562,154.5,152.10000610351562,152.10000610351562,3084885.0,SECU-B.ST,154.1972501373291
2026-09-21,152.5,153.39999389648438,151.6999969482422,152.10000610351562,647905.0,SECU-B.ST,154.23775016784668
2026-09-22,152.1999969482422,152.89999389648438,150.8000030517578,150.8000030517578,757996.0,SECU-B.ST,154.25175018310546
2026-09-23,151.0,151.8000030517578,149.89999389648438,150.8000030517578,635411.0,SECU-B.ST,154.27125022888185
2026-08-17,12.119999885559082,12.479999542236328,12.0600004196167,12.140000343322754,16171.0,SFAST.ST,11.762799987792967
2026-08-18,12.140000343322754,12.210000038146973,12.100000381469728,12.119999885559082,223993.0,SFAST.ST,11.771899986267087
2026-08-19,12.119999885559082,12.199999809265137,12.020000457763672,12.020000457763672,78428.0,SFAST.ST,11.78019999027252
2026-08-20,12.020000457763672,12.140000343322754,11.9399995803833,12.0600004196167,116558.0,SFAST.ST,11.787899990081785
2026-08-21,12.079999923706056,12.199999809265137,11.9399995803833,12.140000343322754,353780.0,SFAST.ST,11.795099992752073
2026-08-24,12.380000114440918,12.380000114440918,12.0600004196167,12.140000343322754,667256.0,SFAST.ST,11.802499995231626
2026-08-25,12.079999923706056,12.300000190734863,12.039999961853027,12.239999771118164,16012.0,SFAST.ST,11.810599994659421
2026-08-26,12.260000228881836,12.260000228881836,12.119999885559082,12.15999984741211,22456.0,SFAST.ST,11.818399991989134
2026-08-27,12.239999771118164,12.239999771118164,11.9399995803833,12.039999961853027,74717.0,SFAST.ST,11.82569999217987
2026-08-28,12.020000457763672,12.18000030517578,11.739999771118164,12.079999923706056,26415.0,SFAST.ST,11.833899993896482
2026-08-31,12.039999961853027,12.100000381469728,11.760000228881836,11.979999542236328,56787.0,SFAST.ST,11.841599993705747
2026-09-01,11.899999618530272,12.079999923706056,11.880000114440918,11.9399995803833,567797.0,SFAST.ST,11.84979999065399
2026-09-02,11.9399995803833,11.979999542236328,11.81999969482422,11.920000076293944,161158.0,SFAST.ST,11.858199992179868
2026-09-03,11.920000076293944,12.0600004196167,11.880000114440918,12.0,141231.0,SFAST.ST,11.866499991416928
2026-09-04,11.979999542236328,12.0600004196167,11.899999618530272,12.0600004196167,576729.0,SFAST.ST,11.874099993705748
2026-09-07,12.079999923706056,12.079999923706056,11.9399995803833,12.020000457763672,86357.0,SFAST.ST,11.881899995803831
2026-09-08,12.09000015258789,12.09000015258789,11.9399995803833,12.0,203756.0,SFAST.ST,11.889199995994566
2026-09-09,11.979999542236328,12.039999961853027,11.920000076293944,11.979999542236328,741687.0,SFAST.ST,11.896699995994565
2026-09-10,11.979999542236328,12.100000381469728,11.920000076293944,11.960000038146973,114948.0,SFAST.ST,11.90359999656677
2026-09-11,12.15999984741211,12.15999984741211,11.899999618530272,11.9399995803833,396184.0,SFAST.ST,11.908599996566771
2026-09-14,12.0,12.020000457763672,11.84000015258789,11.880000114440918,536296.0,SFAST.ST,11.912599997520445
2026-09-15,11.949999809265137,11.949999809265137,11.65999984741211,11.880000114440918,390990.0,SFAST.ST,11.91569999694824
2026-09-16,11.960000038146973,11.960000038146973,11.779999732971191,11.84000015258789,70292.0,SFAST.ST,11.917599997520444
2026-09-17,11.880000114440918,11.880000114440918,11.739999771118164,11.819999694824219,52947.0,SFAST.ST,11.919999995231626
2026-09-18,11.819999694824219,11.880000114440918,11.720000267028809,11.720000267028809,9981.0,SFAST.ST,11.922099995613095
2026-09-21,11.720000267028809,11.899999618530273,11.65999984741211,11.899999618530273,122827.0,SFAST.ST,11.927499995231626
2026-09-22,11.899999618530273,11.899999618530273,11.720000267028809,11.859999656677246,97045.0,SFAST.ST,11.932199993133542
2026-09-23,11.84000015258789,12.0,11.800000190734863,11.800000190734863,618005.0,SFAST.ST,11.936599993705748
2026-08-17,148.0500030517578,148.8000030517578,147.6999969482422,148.39999389648438,3469981.0,SHB-A.ST,136.0460000228882
2026-08-18,148.25,148.35000610351562,147.25,147.85000610351562,2844368.0,SHB-A.ST,136.16900005340577
2026-08-19,147.8000030517578,148.14999389648438,145.5,145.75,4045596.0,SHB-A.ST,136.28175006866456
2026-08-20,145.60000610351562,146.5,145.1999969482422,146.0500030517578,1704604.0,SHB-A.ST,136.39150009155273
2026-08-21,146.5,147.9499969482422,146.35000610351562,146.9499969482422,2578870.0,SHB-A.ST,136.50175006866456
2026-08-24,146.9499969482422,147.14999389648438,143.6999969482422,144.5500030517578,5060870.0,SHB-A.ST,136.60100009918213
2026-08-25,144.89999389648438,146.0500030517578,144.8000030517578,145.14999389648438,2406819.0,SHB-A.ST,136.70400005340576
2026-08-26,145.5,146.6999969482422,145.4499969482422,146.4499969482422,4707219.0,SHB-A.ST,136.80875003814697
2026-08-27,146.89999389648438,147.75,145.8000030517578,147.1999969482422,3879438.0,SHB-A.ST,136.9210000228882
2026-08-28,148.0,148.3000030517578,147.14999389648438,148.1999969482422,2795541.0,SHB-A.ST,137.0304999923706
2026-08-31,148.39999389648438,149.39999389648438,147.89999389648438,147.9499969482422,4273330.0,SHB-A.ST,137.1452499771118
2026-09-01,148.89999389648438,149.9499969482422,147.6999969482422,148.3000030517578,4634554.0,SHB-A.ST,137.2579999923706
2026-09-02,148.3000030517578,149.10000610351562,146.4499969482422,147.64999389648438,4422198.0,SHB-A.ST,137.35999996185302
2026-09-03,148.0,149.5500030517578,147.5,149.4499969482422,4134933.0,SHB-A.ST,137.46399997711183
2026-09-04,149.4499969482422,150.85000610351562,149.1999969482422,150.8000030517578,3542533.0,SHB-A.ST,137.57325000762938
2026-09-07,150.8000030517578,151.1999969482422,150.1999969482422,150.8000030517578,1773655.0,SHB-A.ST,137.692500038147
2026-09-08,150.8000030517578,151.3000030517578,148.8000030517578,150.14999389648438,3289225.0,SHB-A.ST,137.8097500228882
2026-09-09,149.3000030517578,149.5500030517578,147.89999389648438,149.10000610351562,3528620.0,SHB-A.ST,137.93550006866457
2026-09-10,149.60000610351562,150.75,149.5500030517578,149.75,3967169.0,SHB-A.ST,138.06725006103517
2026-09-11,150.35000610351562,151.75,150.35000610351562,150.85000610351562,4063068.0,SHB-A.ST,138.19900009155276
2026-09-14,150.85000610351562,153.1999969482422,150.85000610351562,151.25,3953569.0,SHB-A.ST,138.32675010681155
2026-09-15,151.0,152.14999389648438,149.39999389648438,151.60000610351562,3653666.0,SHB-A.ST,138.44525012969973
2026-09-16,151.9499969482422,152.85000610351562,151.75,152.6999969482422,3239498.0,SHB-A.ST,138.56175014495852
2026-09-17,153.0,155.0500030517578,152.75,155.0500030517578,4014057.0,SHB-A.ST,138.6820001602173
2026-09-18,155.35000610351562,155.35000610351562,152.3000030517578,153.14999389648438,6976056.0,SHB-A.ST,138.78925014495852
2026-09-21,153.60000610351562,155.60000610351562,153.5,155.39999389648438,4047406.0,SHB-A.ST,138.91175014495852
2026-09-22,155.5,156.35000610351562,154.39999389648438,154.64999389648438,3811740.0,SHB-A.ST,139.0242501449585
2026-09-23,155.1999969482422,155.85000610351562,153.0500030517578,153.39999389648438,3091674.0,SHB-A.ST,139.12850009918213
2026-08-17,87.0,87.0999984741211,84.5,84.9000015258789,219520.0,SHOT.ST,89.0105001449585
2026-08-18,84.9000015258789,85.44999694824219,83.69999694824219,83.8499984741211,299613.0,SHOT.ST,88.9912501525879
2026-08-19,83.8499984741211,88.25,83.5,87.6500015258789,1022059.0,SHOT.ST,88.99075016021729
2026-08-20,87.25,88.0,86.1500015258789,88.0,208642.0,SHOT.ST,88.99575016021728
2026-08-21,87.94999694824219,89.0,87.94999694824219,88.0,243050.0,SHOT.ST,88.97350017547608
2026-08-24,88.0,89.1500015258789,88.0,88.44999694824219,558189.0,SHOT.ST,88.95325016021728
2026-08-25,88.4000015258789,90.5500030517578,87.5999984741211,90.0999984741211,524212.0,SHOT.ST,88.94525016784668
2026-08-26,90.4000015258789,91.9000015258789,90.4000015258789,91.4499969482422,686595.0,SHOT.ST,88.9372501373291
2026-08-27,91.25,91.9000015258789,90.75,91.4000015258789,277770.0,SHOT.ST,88.9210001373291
2026-08-28,91.3000030517578,91.9000015258789,89.8499984741211,90.5999984741211,227088.0,SHOT.ST,88.9035001373291
2026-08-31,90.5,90.5999984741211,89.30000305175781,89.69999694824219,244395.0,SHOT.ST,88.88375011444091
2026-09-01,89.55000305175781,89.8499984741211,87.9000015258789,88.75,387815.0,SHOT.ST,88.84550010681153
2026-09-02,88.75,89.4000015258789,87.94999694824219,88.25,176046.0,SHOT.ST,88.80075012207031
2026-09-03,89.5,92.8000030517578,89.5,89.8499984741211,379953.0,SHOT.ST,88.75975009918213
2026-09-04,89.8499984741211,90.3000030517578,89.0999984741211,89.9000015258789,168373.0,SHOT.ST,88.72025009155273
2026-09-07,89.8499984741211,90.5,89.05000305175781,90.4499969482422,268923.0,SHOT.ST,88.68700008392334
2026-09-08,90.5,92.4000015258789,89.55000305175781,91.8000030517578,282983.0,SHOT.ST,88.66225009918213
2026-09-09,91.0,91.0500030517578,89.1500015258789,89.30000305175781,232668.0,SHOT.ST,88.64125011444092
2026-09-10,89.30000305175781,90.6999969482422,88.44999694824219,88.5999984741211,257126.0,SHOT.ST,88.66225009918213
2026-09-11,88.6500015258789,89.05000305175781,88.05000305175781,88.1500015258789,84404.0,SHOT.ST,88.68000011444092
2026-09-14,88.1500015258789,88.5999984741211,87.69999694824219,88.0999984741211,177601.0,SHOT.ST,88.69800010681152
2026-09-15,88.0,89.80000305175781,87.5,88.1500015258789,164348.0,SHOT.ST,88.70475009918214
2026-09-16,88.44999694824219,89.8499984741211,88.0,88.80000305175781,270157.0,SHOT.ST,88.70575012207031
2026-09-17,88.8499984741211,90.30000305175781,88.8499984741211,89.0999984741211,183875.0,SHOT.ST,88.69900012969971
2026-09-18,89.1500015258789,89.6500015258789,88.55000305175781,89.0999984741211,301876.0,SHOT.ST,88.6872501373291
2026-09-21,88.75,90.55000305175781,88.44999694824219,90.0999984741211,290627.0,SHOT.ST,88.67975013732911
2026-09-22,89.6500015258789,91.0999984741211,89.19999694824219,89.19999694824219,431795.0,SHOT.ST,88.67150012969971
2026-09-23,89.1500015258789,89.5999984741211,88.0999984741211,89.30000305175781,364164.0,SHOT.ST,88.6855001449585
2026-08-17,106.0,107.0,104.5,105.5,6818.0,SINT.ST,100.32650009155273
2026-08-18,104.0,107.0,104.0,107.0,3981.0,SINT.ST,100.31650009155274
2026-08-19,107.5,107.5,104.0,106.5,5817.0,SINT.ST,100.30150009155274
2026-08-20,106.5,107.5,105.0,107.5,781.0,SINT.ST,100.29400009155273
2026-08-21,107.5,107.5,105.5,106.0,2696.0,SINT.ST,100.27900009155273
2026-08-24,107.5,107.5,104.5,107.0,3507.0,SINT.ST,100.26650009155273
2026-08-25,107.0,108.0,106.0,108.0,4782.0,SINT.ST,100.25650009155274
2026-08-26,107.5,112.5,107.5,109.5,12734.0,SINT.ST,100.25650009155274
2026-08-27,109.0,111.5,108.5,108.5,2334.0,SINT.ST,100.25650009155274
2026-08-28,108.0,114.0,108.0,112.0,6681.0,SINT.ST,100.28900009155274
2026-08-31,111.5,114.0,109.0,109.0,12468.0,SINT.ST,100.31650009155274
2026-09-01,108.5,110.0,105.5,105.5,4599.0,SINT.ST,100.32900009155273
2026-09-02,107.0,110.5,106.5,109.5,4234.0,SINT.ST,100.36650009155274
2026-09-03,112.0,112.0,108.0,108.0,3663.0,SINT.ST,100.37650009155273
2026-09-04,110.5,110.5,105.5,107.0,6336.0,SINT.ST,100.40150009155273
2026-09-07,106.5,106.5,104.5,105.0,6430.0,SINT.ST,100.41150009155274
2026-09-08,106.0,108.0,103.5,108.0,11363.0,SINT.ST,100.43400009155273
2026-09-09,107.0,110.0,105.5,106.0,4560.0,SINT.ST,100.45400009155273
2026-09-10,106.5,107.0,105.0,105.5,2391.0,SINT.ST,100.46150009155274
2026-09-11,106.5,106.5,105.0,106.0,1400.0,SINT.ST,100.46150009155274
2026-09-14,106.5,107.0,104.5,104.5,3795.0,SINT.ST,100.45400009155273
2026-09-15,106.5,106.5,102.5,103.5,7750.0,SINT.ST,100.43650009155273
2026-09-16,105.0,105.5,104.0,104.0,3190.0,SINT.ST,100.41650009155273
2026-09-17,105.0,105.5,104.0,104.0,2290.0,SINT.ST,100.39400009155274
2026-09-18,105.0,105.5,103.0,103.0,2987.0,SINT.ST,100.36900009155273
2026-09-21,104.0,104.5,102.5,104.5,3566.0,SINT.ST,100.35650009155273
2026-09-22,105.5,105.5,101.0,102.5,4865.0,SINT.ST,100.32900009155273
2026-09-23,104.0,104.0,102.5,104.0,3398.0,SINT.ST,100.30900009155273
2026-08-17,440.3999938964844,457.7999877929688,439.6000061035156,457.7999877929688,327968.0,SOBI.ST,395.76800018310547
2026-08-18,458.3999938964844,465.7999877929688,454.0,464.6000061035156,382436.0,SOBI.ST,396.47100021362303
2026-08-19,464.6000061035156,469.6000061035156,462.7999877929688,465.6000061035156,282687.0,SOBI.ST,397.17400024414064
2026-08-20,467.3999938964844,469.3999938964844,456.3999938964844,461.3999938964844,199711.0,SOBI.ST,397.8420002746582
2026-08-21,461.7999877929688,462.2000122070313,457.3999938964844,460.0,249734.0,SOBI.ST,398.48400024414065
2026-08-24,458.7999877929688,458.7999877929688,450.6000061035156,452.0,175379.0,SOBI.ST,399.10800018310545
2026-08-25,454.2000122070313,469.6000061035156,453.7999877929688,469.6000061035156,290945.0,SOBI.ST,399.83800018310546
2026-08-26,469.6000061035156,469.7999877929688,462.3999938964844,464.2000122070313,194170.0,SOBI.ST,400.4970002746582
2026-08-27,463.3999938964844,470.0,460.0,467.7999877929688,208120.0,SOBI.ST,401.2020002746582
2026-08-28,468.0,471.0,466.2000122070313,466.2000122070313,186782.0,SOBI.ST,401.8870002746582
2026-08-31,463.6000061035156,463.7999877929688,449.7999877929688,449.7999877929688,590889.0,SOBI.ST,402.50600021362305
2026-09-01,450.0,459.7999877929688,450.0,457.3999938964844,420709.0,SOBI.ST,403.1500001525879
2026-09-02,457.2000122070313,463.3999938964844,454.0,455.0,322823.0,SOBI.ST,403.7430001831055
2026-09-03,456.0,465.6000061035156,456.0,460.0,190886.0,SOBI.ST,404.3420001220703
2026-09-04,460.3999938964844,461.3999938964844,453.2000122070313,454.7999877929688,280326.0,SOBI.ST,404.91900009155273
2026-09-07,454.0,455.0,450.0,450.0,129282.0,SOBI.ST,405.4680000305176
2026-09-08,455.2000122070313,461.2000122070313,451.0,457.0,323789.0,SOBI.ST,406.0690000915527
2026-09-09,453.2000122070313,454.2000122070313,442.6000061035156,443.2000122070313,251581.0,SOBI.ST,406.6250001525879
2026-09-10,445.3999938964844,446.0,438.7999877929688,438.7999877929688,139185.0,SOBI.ST,407.1500001525879
2026-09-11,437.2000122070313,445.2000122070313,432.0,438.3999938964844,147154.0,SOBI.ST,407.68000015258787
2026-09-14,438.7999877929688,452.0,438.0,448.2000122070313,207625.0,SOBI.ST,408.2530001831055
2026-09-15,448.20001220703125,449.20001220703125,435.3999938964844,439.6000061035156,209476.0,SOBI.ST,408.7690002441406
2026-09-16,441.79998779296875,446.3999938964844,438.6000061035156,439.3999938964844,251089.0,SOBI.ST,409.2700001525879
2026-09-17,444.0,448.6000061035156,440.3999938964844,445.79998779296875,322534.0,SOBI.ST,409.7930000305176
2026-09-18,445.79998779296875,453.79998779296875,443.3999938964844,447.0,478323.0,SOBI.ST,410.31
2026-09-21,448.0,452.20001220703125,439.79998779296875,443.6000061035156,370005.0,SOBI.ST,410.83400009155275
2026-09-22,443.0,450.3999938964844,440.79998779296875,448.20001220703125,247585.0,SOBI.ST,411.37000015258786
2026-09-23,444.20001220703125,449.3999938964844,439.6000061035156,439.6000061035156,243198.0,SOBI.ST,411.8790002441406
2026-08-17,60.5,60.79999923706055,59.20000076293945,59.79999923706055,26641.0,SVED-B.ST,64.10400007247925
2026-08-18,59.79999923706055,60.09999847412109,59.09999847412109,59.5,20016.0,SVED-B.ST,64.13500007629395
2026-08-19,59.5,59.5,58.20000076293945,58.900001525878906,71527.0,SVED-B.ST,64.15200008392334
2026-08-20,58.79999923706055,59.5,57.900001525878906,58.400001525878906,50988.0,SVED-B.ST,64.14950008392334
2026-08-21,58.59999847412109,59.59999847412109,58.400001525878906,59.0,26844.0,SVED-B.ST,64.14600008010865
2026-08-24,58.900001525878906,59.5,58.400001525878906,59.29999923706055,25813.0,SVED-B.ST,64.14500007629394
2026-08-25,59.29999923706055,59.70000076293945,58.70000076293945,59.70000076293945,24065.0,SVED-B.ST,64.13750007629395
2026-08-26,59.400001525878906,60.09999847412109,59.400001525878906,59.70000076293945,23317.0,SVED-B.ST,64.13550008773804
2026-08-27,60.0,60.0,58.70000076293945,59.5,53872.0,SVED-B.ST,64.13300008773804
2026-08-28,60.0,60.09999847412109,59.20000076293945,59.59999847412109,34851.0,SVED-B.ST,64.13200008392334
2026-08-31,59.79999923706055,59.900001525878906,59.0,59.20000076293945,25177.0,SVED-B.ST,64.13200008392334
2026-09-01,59.20000076293945,59.20000076293945,57.70000076293945,58.0,52195.0,SVED-B.ST,64.12250007629395
2026-09-02,58.0,58.400001525878906,57.59999847412109,58.09999847412109,40567.0,SVED-B.ST,64.11550006866455
2026-09-03,58.29999923706055,58.29999923706055,56.70000076293945,57.70000076293945,115302.0,SVED-B.ST,64.10100008010865
2026-09-04,57.79999923706055,58.400001525878906,57.70000076293945,58.09999847412109,44939.0,SVED-B.ST,64.09600008010864
2026-09-07,58.5,59.09999847412109,58.0,58.20000076293945,59866.0,SVED-B.ST,64.09550008773803
2026-09-08,58.09999847412109,58.59999847412109,57.79999923706055,58.09999847412109,13946.0,SVED-B.ST,64.09250007629394
2026-09-09,58.0,58.400001525878906,57.20000076293945,57.20000076293945,47410.0,SVED-B.ST,64.08650007247925
2026-09-10,57.5,58.5,57.29999923706055,57.400001525878906,36659.0,SVED-B.ST,64.08850008010864
2026-09-11,57.5,58.0,56.79999923706055,56.79999923706055,30803.0,SVED-B.ST,64.08000007629394
2026-09-14,56.70000076293945,57.29999923706055,56.59999847412109,56.70000076293945,70673.0,SVED-B.ST,64.07100008010865
2026-09-15,57.0,57.599998474121094,56.400001525878906,56.599998474121094,81707.0,SVED-B.ST,64.06650007247924
2026-09-16,56.599998474121094,57.0,56.5,56.5,83377.0,SVED-B.ST,64.05450006484985
2026-09-17,56.599998474121094,57.79999923706055,56.599998474121094,57.29999923706055,30150.0,SVED-B.ST,64.04300006866455
2026-09-18,57.5,57.5,56.0,56.29999923706055,76806.0,SVED-B.ST,64.02350006103515
2026-09-21,56.70000076293945,57.5,56.29999923706055,56.599998474121094,36788.0,SVED-B.ST,63.98500003814697
2026-09-22,56.599998474121094,57.20000076293945,56.29999923706055,56.29999923706055,41393.0,SVED-B.ST,63.94750003814697
2026-09-23,57.0,57.20000076293945,56.400001525878906,56.5,26105.0,SVED-B.ST,63.91300003051758
2026-08-17,126.0,126.0,125.0,125.0,1103.0,SWEC-A.ST,142.43
2026-08-18,125.0,125.5,123.5,124.0,1144.0,SWEC-A.ST,142.2575
2026-08-19,123.0,124.5,123.0,124.5,2841.0,SWEC-A.ST,142.105
2026-08-20,125.0,127.0,125.0,126.0,208.0,SWEC-A.ST,141.89
2026-08-21,126.5,128.5,126.5,128.0,2251.0,SWEC-A.ST,141.665
2026-08-24,128.0,128.0,127.0,127.5,603.0,SWEC-A.ST,141.45
2026-08-25,127.5,129.0,126.5,129.0,266.0,SWEC-A.ST,141.24
2026-08-26,129.0,129.5,128.0,128.5,984.0,SWEC-A.ST,141.0475
2026-08-27,128.0,129.5,127.5,128.0,1289.0,SWEC-A.ST,140.8525
2026-08-28,129.5,131.0,128.5,130.5,2059.0,SWEC-A.ST,140.685
2026-08-31,130.0,130.0,129.0,129.5,236.0,SWEC-A.ST,140.5325
2026-09-01,129.0,130.5,129.0,130.5,197.0,SWEC-A.ST,140.3675
2026-09-02,130.5,130.5,128.0,130.0,339.0,SWEC-A.ST,140.19
2026-09-03,130.5,134.5,130.5,131.5,2215.0,SWEC-A.ST,140.0125
2026-09-04,133.5,133.5,128.5,129.5,197.0,SWEC-A.ST,139.8325
2026-09-07,130.0,130.5,129.0,130.5,949.0,SWEC-A.ST,139.6775
2026-09-08,130.5,130.5,128.5,128.5,405.0,SWEC-A.ST,139.525
2026-09-09,128.0,129.5,126.0,128.5,798.0,SWEC-A.ST,139.3925
2026-09-10,126.5,128.0,126.5,126.5,185.0,SWEC-A.ST,139.2425
2026-09-11,127.5,127.5,125.0,126.0,198.0,SWEC-A.ST,139.0825
2026-09-14,126.5,127.0,126.0,126.5,225.0,SWEC-A.ST,138.935
2026-09-15,127.5,127.5,124.5,127.0,926.0,SWEC-A.ST,138.785
2026-09-16,127.0,128.5,127.0,127.5,247.0,SWEC-A.ST,138.6225
2026-09-17,127.0,129.5,127.0,129.5,499.0,SWEC-A.ST,138.4775
2026-09-18,127.0,128.5,125.0,125.0,650.0,SWEC-A.ST,138.305
2026-09-21,125.0,127.5,124.5,126.5,1302.0,SWEC-A.ST,138.14
2026-09-22,126.0,128.0,125.0,127.5,744.0,SWEC-A.ST,137.9675
2026-09-23,132.5,134.5,129.0,130.0,10569.0,SWEC-A.ST,137.825
2026-08-17,125.4000015258789,126.1999969482422,124.0,124.4000015258789,301285.0,SWEC-B.ST,141.62200023651124
2026-08-18,124.0,124.9000015258789,123.5,124.0,265297.0,SWEC-B.ST,141.44550022125247
2026-08-19,124.0,125.8000030517578,123.1999969482422,124.9000015258789,144493.0,SWEC-B.ST,141.28700019836427
2026-08-20,124.9000015258789,126.5999984741211,124.5999984741211,126.1999969482422,171739.0,SWEC-B.ST,141.0665001678467
2026-08-21,126.1999969482422,127.5999984741211,125.6999969482422,126.9000015258789,136545.0,SWEC-B.ST,140.83900020599367
2026-08-24,126.9000015258789,128.0,126.0,127.0999984741211,159711.0,SWEC-B.ST,140.6165001678467
2026-08-25,127.0999984741211,128.6999969482422,125.8000030517578,128.10000610351562,496115.0,SWEC-B.ST,140.40250022888185
2026-08-26,128.10000610351562,129.0,127.5999984741211,128.1999969482422,118705.0,SWEC-B.ST,140.20650024414064
2026-08-27,129.89999389648438,129.89999389648438,127.8000030517578,129.5,133846.0,SWEC-B.ST,140.01150024414065
2026-08-28,129.5,130.8000030517578,128.8000030517578,130.0,361499.0,SWEC-B.ST,139.83650024414064
2026-08-31,129.6999969482422,129.6999969482422,128.0,128.60000610351562,325706.0,SWEC-B.ST,139.6725003051758
2026-09-01,128.0,130.60000610351562,127.6999969482422,129.5,206016.0,SWEC-B.ST,139.4990003204346
2026-09-02,128.5,130.10000610351562,127.6999969482422,129.10000610351562,163270.0,SWEC-B.ST,139.31450035095216
2026-09-03,129.5,133.6999969482422,129.10000610351562,132.0,222159.0,SWEC-B.ST,139.13600036621096
2026-09-04,131.89999389648438,132.6999969482422,128.39999389648438,130.1999969482422,308659.0,SWEC-B.ST,138.9590003204346
2026-09-07,129.60000610351562,130.5,128.60000610351562,128.60000610351562,151476.0,SWEC-B.ST,138.79200035095218
2026-09-08,128.5,129.1999969482422,127.5999984741211,128.0,303842.0,SWEC-B.ST,138.63400032043458
2026-09-09,128.0,128.60000610351562,126.3000030517578,127.0,137478.0,SWEC-B.ST,138.4900003051758
2026-09-10,126.4000015258789,127.5,125.9000015258789,126.3000030517578,126049.0,SWEC-B.ST,138.33450035095217
2026-09-11,126.1999969482422,126.8000030517578,125.0999984741211,126.5999984741211,105646.0,SWEC-B.ST,138.17750034332278
2026-09-14,126.0,127.5,125.4000015258789,127.5,230268.0,SWEC-B.ST,138.0370003128052
2026-09-15,126.80000305175781,127.0,123.80000305175781,126.9000015258789,257872.0,SWEC-B.ST,137.88400032043458
2026-09-16,126.0,128.39999389648438,126.0,128.10000610351562,454247.0,SWEC-B.ST,137.72650032043458
2026-09-17,128.10000610351562,129.0,127.5,128.10000610351562,267172.0,SWEC-B.ST,137.57600036621096
2026-09-18,128.0,128.10000610351562,124.19999694824219,124.19999694824219,3250830.0,SWEC-B.ST,137.40250038146974
2026-09-21,124.9000015258789,128.0,124.9000015258789,125.80000305175781,268010.0,SWEC-B.ST,137.22750038146975
2026-09-22,125.69999694824219,127.19999694824219,125.4000015258789,126.5,269981.0,SWEC-B.ST,137.04900039672853
2026-09-23,133.1999969482422,135.0,128.6999969482422,130.1999969482422,408724.0,SWEC-B.ST,136.90450035095216
2026-08-17,379.8999938964844,381.5,378.2999877929688,379.5,1237949.0,SWED-A.ST,334.97900100708006
2026-08-18,379.0,379.7000122070313,377.2000122070313,378.1000061035156,775461.0,SWED-A.ST,335.4270010375977
2026-08-19,378.1000061035156,379.2000122070313,371.5,372.2000122070313,1286047.0,SWED-A.ST,335.841501159668
2026-08-20,372.0,373.8999938964844,371.2000122070313,372.5,1243886.0,SWED-A.ST,336.2560011291504
2026-08-21,373.2999877929688,376.0,372.7000122070313,373.6000061035156,1527561.0,SWED-A.ST,336.6705010986328
2026-08-24,373.6000061035156,373.7000122070313,366.2000122070313,368.2000122070313,2063981.0,SWED-A.ST,337.06650115966795
2026-08-25,369.0,372.6000061035156,369.0,369.0,1917300.0,SWED-A.ST,337.46200119018556
2026-08-26,370.1000061035156,375.0,369.8999938964844,374.1000061035156,1375115.0,SWED-A.ST,337.8710012817383
2026-08-27,374.2999877929688,375.6000061035156,371.1000061035156,373.2000122070313,1820732.0,SWED-A.ST,338.27900131225584
2026-08-28,376.0,376.3999938964844,372.7999877929688,376.1000061035156,1280496.0,SWED-A.ST,338.6930014038086
2026-08-31,376.1000061035156,379.5,375.7000122070313,376.2000122070313,1504307.0,SWED-A.ST,339.12600143432616
2026-09-01,378.0,381.6000061035156,375.7000122070313,378.2999877929688,1759234.0,SWED-A.ST,339.55350143432617
2026-09-02,379.2999877929688,382.2999877929688,375.8999938964844,378.1000061035156,1411777.0,SWED-A.ST,339.96900146484376
2026-09-03,378.2000122070313,382.6000061035156,377.1000061035156,382.3999938964844,1184670.0,SWED-A.ST,340.38600143432615
2026-09-04,382.2000122070313,386.7000122070313,381.3999938964844,385.8999938964844,1138328.0,SWED-A.ST,340.82800140380857
2026-09-07,385.8999938964844,389.0,384.1000061035156,388.3999938964844,798444.0,SWED-A.ST,341.30450134277345
2026-09-08,388.0,388.6000061035156,382.6000061035156,385.6000061035156,1338620.0,SWED-A.ST,341.77900131225584
2026-09-09,383.2000122070313,383.9500122070313,379.3999938964844,382.2000122070313,1491213.0,SWED-A.ST,342.265001373291
2026-09-10,382.7999877929688,386.2999877929688,382.2000122070313,384.5,1515337.0,SWED-A.ST,342.76400131225586
2026-09-11,386.3999938964844,391.2000122070313,386.0,387.2999877929688,1743472.0,SWED-A.ST,343.2610012817383
2026-09-14,387.2000122070313,397.8999938964844,386.8999938964844,392.0,2601863.0,SWED-A.ST,343.7875012207031
2026-09-15,391.5,394.5,386.70001220703125,391.3999938964844,1827132.0,SWED-A.ST,344.2910011291504
2026-09-16,392.5,396.8999938964844,392.5,396.70001220703125,1936175.0,SWED-A.ST,344.8100012207031
2026-09-17,398.0,408.20001220703125,397.8999938964844,406.79998779296875,2408096.0,SWED-A.ST,345.351501159668
2026-09-18,407.70001220703125,407.70001220703125,399.8999938964844,402.3999938964844,3661931.0,SWED-A.ST,345.86650115966796
2026-09-21,405.29998779296875,414.0,404.70001220703125,412.79998779296875,2209427.0,SWED-A.ST,346.42900115966796
2026-09-22,414.3999938964844,416.1000061035156,410.3999938964844,410.8999938964844,1575418.0,SWED-A.ST,346.9635011291504
2026-09-23,412.3999938964844,413.70001220703125,404.3999938964844,408.70001220703125,1267712.0,SWED-A.ST,347.47200119018555
2026-08-17,81.0,81.80000305175781,79.9000015258789,80.19999694824219,84530.0,SYSR.ST,79.81150005340577
2026-08-18,79.9000015258789,81.0,79.4000015258789,79.80000305175781,53401.0,SYSR.ST,79.81450008392333
2026-08-19,79.9000015258789,82.5999984741211,79.9000015258789,82.5,198658.0,SYSR.ST,79.83350009918213
2026-08-20,83.0,84.0,82.4000015258789,83.4000015258789,89873.0,SYSR.ST,79.85850009918212
2026-08-21,83.5,84.80000305175781,82.69999694824219,84.80000305175781,653219.0,SYSR.ST,79.88600009918213
2026-08-24,84.5999984741211,84.80000305175781,83.9000015258789,84.0,50114.0,SYSR.ST,79.91550010681152
2026-08-25,84.30000305175781,85.0,83.5999984741211,84.0,169328.0,SYSR.ST,79.94550010681152
2026-08-26,84.4000015258789,86.5999984741211,83.5999984741211,85.69999694824219,250003.0,SYSR.ST,79.98950008392335
2026-08-27,85.5999984741211,91.4000015258789,83.5999984741211,88.0,524945.0,SYSR.ST,80.04400009155273
2026-08-28,87.5,89.9000015258789,87.5,87.9000015258789,377617.0,SYSR.ST,80.10100009918213
2026-08-31,88.0,89.4000015258789,86.0,87.0,107198.0,SYSR.ST,80.15250011444091
2026-09-01,87.19999694824219,87.19999694824219,84.4000015258789,85.30000305175781,74195.0,SYSR.ST,80.19300014495849
2026-09-02,85.19999694824219,86.5,83.69999694824219,85.9000015258789,106447.0,SYSR.ST,80.2330001449585
2026-09-03,86.30000305175781,88.30000305175781,86.19999694824219,88.0,81417.0,SYSR.ST,80.28500015258788
2026-09-04,88.0,89.69999694824219,87.5999984741211,89.0999984741211,93656.0,SYSR.ST,80.3410001373291
2026-09-07,89.30000305175781,89.69999694824219,88.5,89.0,58450.0,SYSR.ST,80.3980001449585
2026-09-08,89.0,90.8000030517578,88.30000305175781,90.3000030517578,90547.0,SYSR.ST,80.46650016784668
2026-09-09,89.69999694824219,90.8000030517578,87.4000015258789,87.4000015258789,80159.0,SYSR.ST,80.52950016021728
2026-09-10,87.80000305175781,88.69999694824219,85.80000305175781,85.80000305175781,119519.0,SYSR.ST,80.58000019073486
2026-09-11,85.9000015258789,86.0999984741211,84.69999694824219,85.30000305175781,285220.0,SYSR.ST,80.62850021362304
2026-09-14,84.9000015258789,85.0,83.4000015258789,83.80000305175781,47588.0,SYSR.ST,80.66950023651123
2026-09-15,83.5999984741211,84.19999694824219,82.0999984741211,84.19999694824219,56156.0,SYSR.ST,80.70850021362304
2026-09-16,84.4000015258789,87.30000305175781,84.19999694824219,86.5,558874.0,SYSR.ST,80.75700019836425
2026-09-17,86.80000305175781,89.30000305175781,86.80000305175781,88.0999984741211,129279.0,SYSR.ST,80.80850017547607
2026-09-18,88.19999694824219,89.30000305175781,87.0,87.19999694824219,165398.0,SYSR.ST,80.85350017547607
2026-09-21,87.80000305175781,89.4000015258789,87.4000015258789,87.69999694824219,129784.0,SYSR.ST,80.90200016021728
2026-09-22,88.0,88.5999984741211,87.4000015258789,88.0,103616.0,SYSR.ST,80.95500015258789
2026-09-23,88.0999984741211,88.0999984741211,86.19999694824219,87.0999984741211,39760.0,SYSR.ST,81.0075001525879
2026-08-17,164.75,167.0500030517578,164.39999389648438,164.6999969482422,1680118.0,TEL2-B.ST,170.8590000152588
2026-08-18,165.8000030517578,167.8000030517578,165.1999969482422,165.9499969482422,2014632.0,TEL2-B.ST,170.9265000152588
2026-08-19,165.60000610351562,167.0500030517578,165.14999389648438,166.85000610351562,1421465.0,TEL2-B.ST,170.99925003051757
2026-08-20,166.39999389648438,168.75,165.9499969482422,167.89999389648438,1953210.0,TEL2-B.ST,171.08849998474122
2026-08-21,168.0,168.6999969482422,167.0500030517578,167.1999969482422,1676519.0,TEL2-B.ST,171.1672499847412
2026-08-24,167.85000610351562,168.6999969482422,166.4499969482422,167.75,956988.0,TEL2-B.ST,171.25375
2026-08-25,167.85000610351562,170.6999969482422,167.6999969482422,170.35000610351562,1789198.0,TEL2-B.ST,171.3530000305176
2026-08-26,170.35000610351562,170.9499969482422,169.0500030517578,170.9499969482422,1439242.0,TEL2-B.ST,171.45575004577637
2026-08-27,170.9499969482422,170.9499969482422,169.5500030517578,170.3000030517578,1799424.0,TEL2-B.ST,171.55725006103515
2026-08-28,171.0,171.6999969482422,169.39999389648438,170.8000030517578,1401919.0,TEL2-B.ST,171.65825004577636
2026-08-31,170.8000030517578,171.60000610351562,169.1999969482422,169.9499969482422,3250481.0,TEL2-B.ST,171.74850006103514
2026-09-01,169.85000610351562,171.1999969482422,167.60000610351562,169.0500030517578,1503940.0,TEL2-B.ST,171.83825004577636
2026-09-02,169.14999389648438,170.64999389648438,167.75,170.5500030517578,930637.0,TEL2-B.ST,171.94225006103517
2026-09-03,170.5500030517578,173.3000030517578,170.14999389648438,170.4499969482422,1426927.0,TEL2-B.ST,172.04075004577638
2026-09-04,170.4499969482422,170.4499969482422,168.0,168.89999389648438,950907.0,TEL2-B.ST,172.16
2026-09-07,168.35000610351562,170.3000030517578,167.5,169.75,947415.0,TEL2-B.ST,172.275
2026-09-08,170.0,172.3000030517578,169.75,171.6999969482422,1510085.0,TEL2-B.ST,172.39799995422362
2026-09-09,171.6999969482422,173.4499969482422,171.0500030517578,171.39999389648438,1527348.0,TEL2-B.ST,172.53274993896486
2026-09-10,171.0500030517578,173.3000030517578,170.5500030517578,172.0500030517578,1490190.0,TEL2-B.ST,172.6684999847412
2026-09-11,172.0500030517578,173.64999389648438,170.5,170.5,1586044.0,TEL2-B.ST,172.7934999847412
2026-09-14,171.39999389648438,174.60000610351562,171.39999389648438,173.1999969482422,1129980.0,TEL2-B.ST,172.92674995422362
2026-09-15,172.6999969482422,174.35000610351562,172.14999389648438,173.0,1927984.0,TEL2-B.ST,173.05899993896483
2026-09-16,172.9499969482422,174.5,171.85000610351562,173.39999389648438,1504095.0,TEL2-B.ST,173.18324989318847
2026-09-17,174.0,174.6999969482422,172.1999969482422,173.25,2252621.0,TEL2-B.ST,173.3017498779297
2026-09-18,171.9499969482422,172.3000030517578,166.0500030517578,168.5,24193661.0,TEL2-B.ST,173.39324989318848
2026-09-21,168.5,169.9499969482422,167.35000610351562,169.9499969482422,1268396.0,TEL2-B.ST,173.49199989318848
2026-09-22,169.9499969482422,171.14999389648438,167.0500030517578,167.0500030517578,1395751.0,TEL2-B.ST,173.58149993896484
2026-09-23,166.5500030517578,167.6999969482422,164.10000610351562,167.39999389648438,1941287.0,TEL2-B.ST,173.6694998931885
2026-08-17,211.6000061035156,211.6000061035156,207.6000061035156,208.3999938964844,125803.0,THULE.ST,225.0784999847412
2026-08-18,207.3999938964844,210.6000061035156,206.6000061035156,209.0,112530.0,THULE.ST,224.85150001525878
2026-08-19,208.6000061035156,209.0,206.3999938964844,208.1999969482422,299689.0,THULE.ST,224.61949996948243
2026-08-20,208.3999938964844,209.0,206.3999938964844,208.1999969482422,135638.0,THULE.ST,224.4134999847412
2026-08-21,208.1999969482422,210.1999969482422,207.3999938964844,209.0,109027.0,THULE.ST,224.21949996948243
2026-08-24,209.0,210.0,207.0,208.0,103745.0,THULE.ST,224.0375
2026-08-25,208.3999938964844,211.3999938964844,207.3999938964844,207.3999938964844,278524.0,THULE.ST,223.8484999847412
2026-08-26,207.8000030517578,207.8000030517578,204.8000030517578,204.8000030517578,225120.0,THULE.ST,223.65949996948243
2026-08-27,205.0,205.0,201.6000061035156,203.1999969482422,247977.0,THULE.ST,223.45849998474122
2026-08-28,202.0,207.0,201.6000061035156,204.8000030517578,483682.0,THULE.ST,223.2775
2026-08-31,203.3999938964844,206.6000061035156,202.6000061035156,205.0,591079.0,THULE.ST,223.08949996948243
2026-09-01,203.0,205.0,201.8000030517578,201.8000030517578,252248.0,THULE.ST,222.86549995422362
2026-09-02,201.0,205.0,200.0,203.8000030517578,324571.0,THULE.ST,222.61349998474122
2026-09-03,204.0,206.6000061035156,201.1999969482422,206.3999938964844,271216.0,THULE.ST,222.3884999847412
2026-09-04,206.0,208.8000030517578,203.3999938964844,207.8000030517578,207382.0,THULE.ST,222.1705000305176
2026-09-07,207.1999969482422,210.3999938964844,204.6000061035156,205.0,185919.0,THULE.ST,221.95350006103516
2026-09-08,204.6000061035156,206.0,203.3999938964844,203.6000061035156,219219.0,THULE.ST,221.76550010681152
2026-09-09,203.1999969482422,203.6000061035156,201.0,202.6000061035156,171211.0,THULE.ST,221.6065001678467
2026-09-10,203.6000061035156,204.0,200.1999969482422,201.0,162584.0,THULE.ST,221.4185001373291
2026-09-11,200.6000061035156,201.6000061035156,198.1999969482422,199.3999938964844,251910.0,THULE.ST,221.2135001373291
2026-09-14,198.8999938964844,204.6000061035156,198.0,204.6000061035156,428963.0,THULE.ST,221.03950019836427
2026-09-15,202.8000030517578,202.8000030517578,195.8000030517578,197.5,410021.0,THULE.ST,220.81400016784667
2026-09-16,197.89999389648438,200.0,197.39999389648438,198.6999969482422,300298.0,THULE.ST,220.5775001525879
2026-09-17,198.60000610351562,202.0,198.60000610351562,200.60000610351562,327444.0,THULE.ST,220.35450019836426
2026-09-18,200.8000030517578,200.8000030517578,196.1999969482422,197.1999969482422,828141.0,THULE.ST,220.09850021362305
2026-09-21,198.0,200.1999969482422,197.0,199.5,222775.0,THULE.ST,219.84000022888185
2026-09-22,199.60000610351562,201.39999389648438,196.6999969482422,196.6999969482422,469966.0,THULE.ST,219.56450019836427
2026-09-23,198.10000610351562,200.8000030517578,196.6999969482422,198.5,454542.0,THULE.ST,219.31200019836425
2026-08-17,434.3999938964844,436.2000122070313,433.3999938964844,435.0,356405.0,TREL-B.ST,391.9945001220703
2026-08-18,432.7999877929688,433.2000122070313,426.6000061035156,426.6000061035156,208477.0,TREL-B.ST,392.1245001220703
2026-08-19,427.6000061035156,428.6000061035156,424.6000061035156,425.7999877929688,198797.0,TREL-B.ST,392.26100006103513
2026-08-20,425.7999877929688,427.6000061035156,423.2000122070313,425.2000122070313,262905.0,TREL-B.ST,392.40800018310546
2026-08-21,424.2000122070313,431.0,424.2000122070313,429.7999877929688,388936.0,TREL-B.ST,392.55000015258787
2026-08-24,429.7999877929688,438.3999938964844,429.0,437.3999938964844,262968.0,TREL-B.ST,392.7495001220703
2026-08-25,437.3999938964844,444.6000061035156,437.0,442.7999877929688,292582.0,TREL-B.ST,392.99600006103515
2026-08-26,442.7999877929688,446.6000061035156,440.3999938964844,443.0,234332.0,TREL-B.ST,393.28
2026-08-27,445.2000122070313,445.6000061035156,440.2000122070313,440.6000061035156,171206.0,TREL-B.ST,393.55699996948243
2026-08-28,441.7999877929688,448.3999938964844,441.7999877929688,443.0,304395.0,TREL-B.ST,393.83
2026-08-31,445.0,456.3999938964844,445.0,450.0,531102.0,TREL-B.ST,394.1369999694824
2026-09-01,449.3999938964844,452.3999938964844,442.6000061035156,442.7999877929688,223813.0,TREL-B.ST,394.3844999694824
2026-09-02,442.0,442.0,433.0,435.7999877929688,273140.0,TREL-B.ST,394.57149993896485
2026-09-03,436.6000061035156,446.0,435.2000122070313,445.6000061035156,508024.0,TREL-B.ST,394.795
2026-09-04,445.7999877929688,453.0,444.7999877929688,451.3999938964844,325425.0,TREL-B.ST,395.1105000305176
2026-09-07,452.0,454.6000061035156,450.0,450.0,168408.0,TREL-B.ST,395.4265000915527
2026-09-08,450.0,456.6000061035156,447.7999877929688,453.7999877929688,243474.0,TREL-B.ST,395.7694999694824
2026-09-09,451.7999877929688,454.3999938964844,442.0,446.0,636235.0,TREL-B.ST,396.1125
2026-09-10,448.0,450.2000122070313,443.3999938964844,445.2000122070313,377211.0,TREL-B.ST,396.4465000915527
2026-09-11,445.2000122070313,453.2000122070313,445.2000122070313,452.0,247496.0,TREL-B.ST,396.81350006103514
2026-09-14,450.3999938964844,452.3999938964844,445.0,446.6000061035156,623047.0,TREL-B.ST,397.17350006103516
2026-09-15,446.79998779296875,448.6000061035156,442.79998779296875,446.3999938964844,658818.0,TREL-B.ST,397.51650009155276
2026-09-16,446.3999938964844,452.6000061035156,446.3999938964844,450.3999938964844,310760.0,TREL-B.ST,397.82650009155276
2026-09-17,451.3999938964844,458.79998779296875,451.3999938964844,452.79998779296875,482212.0,TREL-B.ST,398.15850006103517
2026-09-18,451.6000061035156,452.20001220703125,445.20001220703125,448.79998779296875,756581.0,TREL-B.ST,398.4655000305176
2026-09-21,451.0,454.0,447.79998779296875,448.79998779296875,344248.0,TREL-B.ST,398.7255000305176
2026-09-22,450.0,464.20001220703125,450.0,464.0,262437.0,TREL-B.ST,399.06600006103514
2026-09-23,465.0,466.20001220703125,458.20001220703125,459.0,236413.0,TREL-B.ST,399.4020001220703
2026-08-17,316.5,319.0,312.5,314.0,5902.0,VBG-B.ST,353.79149978637696
2026-08-18,314.0,317.0,311.5,313.0,10525.0,VBG-B.ST,353.7254997253418
2026-08-19,313.0,315.0,309.5,310.0,7081.0,VBG-B.ST,353.45449966430664
2026-08-20,309.5,323.0,309.0,315.5,33239.0,VBG-B.ST,353.2269996643066
2026-08-21,316.5,324.5,315.5,319.0,14039.0,VBG-B.ST,353.0079997253418
2026-08-24,320.0,322.5,316.0,316.5,7704.0,VBG-B.ST,352.78049972534177
2026-08-25,317.5,327.0,315.5,323.0,12934.0,VBG-B.ST,352.5584997558594
2026-08-26,321.5,325.0,315.5,317.5,8093.0,VBG-B.ST,352.3289997863769
2026-08-27,317.5,319.5,313.5,315.5,6454.0,VBG-B.ST,352.09149978637697
2026-08-28,315.0,322.0,314.0,315.0,14099.0,VBG-B.ST,351.8754997253418
2026-08-31,315.0,317.5,311.5,313.0,45125.0,VBG-B.ST,351.63849975585936
2026-09-01,313.0,316.5,308.0,310.5,14977.0,VBG-B.ST,351.34299972534177
2026-09-02,310.5,311.0,306.5,309.5,10515.0,VBG-B.ST,351.0204997253418
2026-09-03,309.5,313.0,306.0,310.5,42553.0,VBG-B.ST,350.70599975585935
2026-09-04,310.0,313.5,308.0,313.0,27078.0,VBG-B.ST,350.4209997558594
2026-09-07,315.0,318.0,311.0,317.5,11738.0,VBG-B.ST,350.1504997253418
2026-09-08,318.5,318.5,309.5,311.0,24704.0,VBG-B.ST,349.8604997253418
2026-09-09,310.5,310.5,302.5,302.5,51887.0,VBG-B.ST,349.54499969482424
2026-09-10,304.0,308.5,304.0,304.0,12753.0,VBG-B.ST,349.21799972534177
2026-09-11,322.0,326.0,314.0,315.0,41681.0,VBG-B.ST,348.9329997253418
2026-09-14,315.0,317.5,305.0,305.0,21993.0,VBG-B.ST,348.62599975585937
2026-09-15,305.0,308.0,301.0,306.5,12549.0,VBG-B.ST,348.25149978637694
2026-09-16,311.5,314.5,306.5,313.0,42302.0,VBG-B.ST,347.86649978637695
2026-09-17,313.5,318.0,313.0,315.5,8590.0,VBG-B.ST,347.50099975585937
2026-09-18,315.5,317.0,309.5,309.5,13810.0,VBG-B.ST,347.06849975585936
2026-09-21,309.0,314.0,308.5,308.5,13102.0,VBG-B.ST,346.6769998168945
2026-09-22,309.0,319.5,309.0,319.5,61246.0,VBG-B.ST,346.36049987792967
2026-09-23,317.5,319.0,302.5,303.5,73824.0,VBG-B.ST,345.96599990844726
2026-08-17,247.8000030517578,247.8000030517578,240.0,242.6000061035156,112199.0,VIT-B.ST,261.7400009918213
2026-08-18,242.6000061035156,253.6000061035156,241.8000030517578,251.1999969482422,144058.0,VIT-B.ST,261.21000091552736
2026-08-19,251.0,251.3999938964844,245.1999969482422,249.8000030517578,84175.0,VIT-B.ST,260.7060009002686
2026-08-20,248.1999969482422,255.0,246.6000061035156,253.1999969482422,54380.0,VIT-B.ST,260.2590008544922
2026-08-21,253.6000061035156,256.3999938964844,251.3999938964844,253.1999969482422,82281.0,VIT-B.ST,259.8260009002686
2026-08-24,255.0,257.79998779296875,249.8000030517578,256.79998779296875,102832.0,VIT-B.ST,259.4470008087158
2026-08-25,254.3999938964844,262.79998779296875,254.3999938964844,260.79998779296875,85393.0,VIT-B.ST,259.09600074768065
2026-08-26,257.79998779296875,261.0,254.6000061035156,254.6000061035156,49844.0,VIT-B.ST,258.7620008087158
2026-08-27,261.0,276.3999938964844,258.3999938964844,276.3999938964844,131843.0,VIT-B.ST,258.5500008392334
2026-08-28,276.3999938964844,282.79998779296875,272.0,279.20001220703125,163552.0,VIT-B.ST,258.398000869751
2026-08-31,276.0,278.3999938964844,272.20001220703125,276.6000061035156,128668.0,VIT-B.ST,258.2490009307861
2026-09-01,275.20001220703125,280.3999938964844,273.20001220703125,274.3999938964844,99879.0,VIT-B.ST,258.04600090026855
2026-09-02,274.3999938964844,277.3999938964844,268.79998779296875,274.6000061035156,65869.0,VIT-B.ST,257.81100090026854
2026-09-03,274.0,283.3999938964844,273.3999938964844,276.3999938964844,215866.0,VIT-B.ST,257.593000869751
2026-09-04,277.0,280.3999938964844,270.79998779296875,273.6000061035156,66530.0,VIT-B.ST,257.36600090026855
2026-09-07,273.6000061035156,275.20001220703125,267.6000061035156,271.0,47253.0,VIT-B.ST,257.1250008392334
2026-09-08,271.79998779296875,274.3999938964844,264.0,265.79998779296875,90584.0,VIT-B.ST,256.91600074768064
2026-09-09,265.6000061035156,267.3999938964844,260.6000061035156,262.0,45683.0,VIT-B.ST,256.7230007171631
2026-09-10,262.79998779296875,263.20001220703125,258.0,258.0,67482.0,VIT-B.ST,256.5020006561279
2026-09-11,258.6000061035156,259.79998779296875,255.0,259.20001220703125,42074.0,VIT-B.ST,256.2840007781982
2026-09-14,259.20001220703125,267.20001220703125,259.20001220703125,264.20001220703125,121249.0,VIT-B.ST,256.0950008392334
2026-09-15,264.20001220703125,264.79998779296875,259.20001220703125,262.3999938964844,33934.0,VIT-B.ST,255.88100074768067
2026-09-16,262.20001220703125,262.6000061035156,255.39999389648438,257.20001220703125,58622.0,VIT-B.ST,255.62800086975096
2026-09-17,257.79998779296875,267.3999938964844,255.1999969482422,264.6000061035156,57836.0,VIT-B.ST,255.40600090026857
2026-09-18,264.0,265.0,257.3999938964844,258.0,56930.0,VIT-B.ST,255.1250008392334
2026-09-21,261.6000061035156,265.6000061035156,260.3999938964844,263.3999938964844,64816.0,VIT-B.ST,254.87900077819825
2026-09-22,264.79998779296875,265.79998779296875,257.0,257.79998779296875,49608.0,VIT-B.ST,254.6250006866455
2026-09-23,260.0,264.0,259.0,262.20001220703125,89428.0,VIT-B.ST,254.39400077819823
2026-08-17,91.1999969482422,91.1999969482422,88.05000305175781,88.4000015258789,160086.0,VITR.ST,108.55550022125246
2026-08-18,87.9000015258789,89.5999984741211,87.0,89.5999984741211,75203.0,VITR.ST,108.24950019836427
2026-08-19,89.25,89.94999694824219,88.6500015258789,89.69999694824219,92786.0,VITR.ST,107.9615001678467
2026-08-20,89.69999694824219,92.4000015258789,89.69999694824219,91.8000030517578,145505.0,VITR.ST,107.6765001678467
2026-08-21,91.5999984741211,91.8000030517578,89.25,91.0500030517578,103764.0,VITR.ST,107.39575019836428
2026-08-24,91.0500030517578,91.3499984741211,89.55000305175781,91.3000030517578,102970.0,VITR.ST,107.11575019836428
2026-08-25,91.3499984741211,95.8499984741211,91.3499984741211,95.0999984741211,850298.0,VITR.ST,106.8722501754761
2026-08-26,94.8000030517578,95.8000030517578,93.9499969482422,95.0500030517578,574899.0,VITR.ST,106.6320001602173
2026-08-27,95.5,96.4499969482422,94.4000015258789,96.3499984741211,217550.0,VITR.ST,106.41325012207034
2026-08-28,96.4000015258789,98.0999984741211,95.4499969482422,95.5,398655.0,VITR.ST,106.18475013732912
2026-08-31,95.5500030517578,95.75,94.1500015258789,94.8499984741211,174419.0,VITR.ST,105.96500011444094
2026-09-01,94.6999969482422,95.4000015258789,93.1500015258789,94.4000015258789,177806.0,VITR.ST,105.74150009155274
2026-09-02,94.3000030517578,95.75,93.0500030517578,94.5500030517578,78991.0,VITR.ST,105.50175010681153
2026-09-03,94.3499984741211,96.6999969482422,94.3499984741211,96.4499969482422,268907.0,VITR.ST,105.26100006103516
2026-09-04,96.4499969482422,96.5,94.1999969482422,95.0,70182.0,VITR.ST,105.02850006103516
2026-09-07,94.9499969482422,95.0500030517578,92.8499984741211,93.5,78011.0,VITR.ST,104.78150009155273
2026-09-08,93.5,94.1999969482422,92.0500030517578,92.6999969482422,94641.0,VITR.ST,104.53000007629394
2026-09-09,92.25,93.0,91.0500030517578,92.0999984741211,191110.0,VITR.ST,104.29300006866455
2026-09-10,91.5999984741211,92.4499969482422,90.8000030517578,91.0999984741211,219660.0,VITR.ST,104.03850006103515
2026-09-11,90.6500015258789,90.6500015258789,88.80000305175781,89.44999694824219,264981.0,VITR.ST,103.77625007629396
2026-09-14,88.80000305175781,92.0999984741211,88.80000305175781,90.3499984741211,96602.0,VITR.ST,103.50750003814697
2026-09-15,89.5999984741211,91.8499984741211,89.1500015258789,91.0,152803.0,VITR.ST,103.23050006866457
2026-09-16,90.19999694824219,92.55000305175781,90.0,91.75,90654.0,VITR.ST,102.93925006866456
2026-09-17,93.5999984741211,93.5999984741211,91.75,91.80000305175781,117073.0,VITR.ST,102.64475009918215
2026-09-18,92.05000305175781,92.8499984741211,90.30000305175781,91.5,181996.0,VITR.ST,102.34725009918215
2026-09-21,90.94999694824219,92.5999984741211,90.94999694824219,92.0999984741211,64623.0,VITR.ST,102.07725006103516
2026-09-22,91.8499984741211,93.05000305175781,91.6500015258789,92.80000305175781,163064.0,VITR.ST,101.81125007629394
2026-09-23,93.05000305175781,95.6500015258789,92.69999694824219,94.75,149567.0,VITR.ST,101.56150009155276
2026-08-17,38.20000076293945,38.400001525878906,38.20000076293945,38.20000076293945,11098.0,VIVA.ST,34.15650005340578
2026-08-18,38.20000076293945,38.29999923706055,38.0,38.09999847412109,6843.0,VIVA.ST,34.161000041961685
2026-08-19,38.09999847412109,38.29999923706055,38.09999847412109,38.09999847412109,12075.0,VIVA.ST,34.164500026702896
2026-08-20,38.20000076293945,38.29999923706055,38.0,38.09999847412109,52824.0,VIVA.ST,34.163000011444105
2026-08-21,38.09999847412109,38.29999923706055,38.09999847412109,38.29999923706055,3251.0,VIVA.ST,34.16200000762941
2026-08-24,38.20000076293945,38.900001525878906,38.09999847412109,38.400001525878906,21300.0,VIVA.ST,34.16200000762941
2026-08-25,38.20000076293945,38.400001525878906,38.09999847412109,38.29999923706055,5200.0,VIVA.ST,34.170000000000016
2026-08-26,38.400001525878906,38.400001525878906,38.09999847412109,38.09999847412109,546.0,VIVA.ST,34.177500000000016
2026-08-27,38.09999847412109,38.5,38.0,38.09999847412109,13908.0,VIVA.ST,34.18649999618531
2026-08-28,39.0,39.0,38.0,38.09999847412109,11340.0,VIVA.ST,34.19599998474122
2026-08-31,37.79999923706055,38.5,36.5,38.400001525878906,26885.0,VIVA.ST,34.20399999618531
2026-09-01,38.400001525878906,38.70000076293945,38.400001525878906,38.5,16308.0,VIVA.ST,34.21000000000001
2026-09-02,38.5,39.0,38.400001525878906,38.400001525878906,2873615.0,VIVA.ST,34.22100000381471
2026-09-03,38.59999847412109,38.59999847412109,38.400001525878906,38.400001525878906,1629.0,VIVA.ST,34.235000019073496
2026-09-04,38.5,38.5,38.400001525878906,38.400001525878906,1786.0,VIVA.ST,34.2500000190735
2026-09-07,38.5,38.59999847412109,38.400001525878906,38.59999847412109,10322.0,VIVA.ST,34.2665000152588
2026-09-08,38.5,38.70000076293945,38.5,38.5,6543.0,VIVA.ST,34.282500019073495
2026-09-09,38.400001525878906,38.5,38.400001525878906,38.5,766.0,VIVA.ST,34.2990000152588
2026-09-10,38.400001525878906,38.5,38.400001525878906,38.400001525878906,2277.0,VIVA.ST,34.31550003051759
2026-09-11,38.400001525878906,38.5,38.09999847412109,38.20000076293945,485.0,VIVA.ST,34.32550003051759
2026-09-14,38.20000076293945,38.5,38.20000076293945,38.20000076293945,78.0,VIVA.ST,34.33300003051759
2026-09-15,38.29999923706055,38.5,38.20000076293945,38.20000076293945,1652.0,VIVA.ST,34.337500038146985
2026-09-16,38.20000076293945,38.5,38.20000076293945,38.20000076293945,3794.0,VIVA.ST,34.343000049591076
2026-09-17,38.20000076293945,38.70000076293945,38.20000076293945,38.20000076293945,4384.0,VIVA.ST,34.35400005340577
2026-09-18,38.29999923706055,38.400001525878906,38.20000076293945,38.20000076293945,1806.0,VIVA.ST,34.366000061035166
2026-09-21,38.20000076293945,38.5,38.099998474121094,38.099998474121094,26380.0,VIVA.ST,34.379500045776375
2026-09-22,38.099998474121094,38.599998474121094,38.099998474121094,38.599998474121094,1368.0,VIVA.ST,34.39550003051759
2026-08-17,341.0,343.0,339.3999938964844,342.0,33564.0,VOLV-A.ST,316.851000213623
2026-08-18,341.6000061035156,345.79998779296875,339.0,339.6000061035156,40859.0,VOLV-A.ST,317.2430001831055
2026-08-19,339.6000061035156,341.6000061035156,338.0,338.3999938964844,45334.0,VOLV-A.ST,317.63100021362305
2026-08-20,338.0,341.20001220703125,337.0,340.0,32402.0,VOLV-A.ST,318.01800018310547
2026-08-21,340.0,343.20001220703125,339.0,342.79998779296875,57200.0,VOLV-A.ST,318.4240000915527
2026-08-24,341.79998779296875,348.3999938964844,341.6000061035156,346.6000061035156,39889.0,VOLV-A.ST,318.8500001525879
2026-08-25,347.6000061035156,352.20001220703125,346.6000061035156,351.20001220703125,43850.0,VOLV-A.ST,319.31400024414063
2026-08-26,350.20001220703125,354.0,349.0,351.3999938964844,35235.0,VOLV-A.ST,319.7790002441406
2026-08-27,351.3999938964844,352.79998779296875,346.20001220703125,346.20001220703125,117444.0,VOLV-A.ST,320.1910003662109
2026-08-28,348.0,354.20001220703125,348.0,349.20001220703125,76356.0,VOLV-A.ST,320.6300004577637
2026-08-31,348.79998779296875,350.20001220703125,345.6000061035156,346.20001220703125,64660.0,VOLV-A.ST,321.05600051879884
2026-09-01,346.6000061035156,349.79998779296875,344.0,345.79998779296875,65032.0,VOLV-A.ST,321.4640003967285
2026-09-02,343.6000061035156,344.20001220703125,336.6000061035156,337.6000061035156,124110.0,VOLV-A.ST,321.8110003662109
2026-09-03,339.0,349.79998779296875,334.6000061035156,349.0,141274.0,VOLV-A.ST,322.21100036621095
2026-09-04,348.79998779296875,349.0,343.3999938964844,348.6000061035156,93958.0,VOLV-A.ST,322.61300033569336
2026-09-07,348.0,350.6000061035156,348.0,349.3999938964844,55642.0,VOLV-A.ST,323.0270002746582
2026-09-08,348.20001220703125,351.0,345.20001220703125,346.6000061035156,82821.0,VOLV-A.ST,323.43900024414063
2026-09-09,344.79998779296875,346.6000061035156,340.79998779296875,341.6000061035156,81991.0,VOLV-A.ST,323.8430003356934
2026-09-10,343.0,344.20001220703125,338.0,339.0,78671.0,VOLV-A.ST,324.19900039672854
2026-09-11,339.6000061035156,341.20001220703125,338.0,340.79998779296875,61347.0,VOLV-A.ST,324.5710003662109
2026-09-14,337.79998779296875,340.3999938964844,334.3999938964844,335.0,51826.0,VOLV-A.ST,324.90100036621095
2026-09-15,335.6000061035156,335.6000061035156,327.6000061035156,330.79998779296875,90014.0,VOLV-A.ST,325.18300033569335
2026-09-16,331.79998779296875,334.20001220703125,330.0,333.0,50963.0,VOLV-A.ST,325.4400003051758
2026-09-17,333.0,338.20001220703125,333.0,338.0,38470.0,VOLV-A.ST,325.7120002746582
2026-09-18,337.20001220703125,338.0,331.20001220703125,333.79998779296875,434418.0,VOLV-A.ST,325.95600021362304
2026-09-21,334.20001220703125,336.0,327.6000061035156,331.3999938964844,137546.0,VOLV-A.ST,326.19600021362305
2026-09-22,331.79998779296875,335.0,330.3999938964844,334.3999938964844,105921.0,VOLV-A.ST,326.45200012207033
2026-09-23,335.0,335.6000061035156,325.79998779296875,328.0,275075.0,VOLV-A.ST,326.6780001831055
2026-08-17,41.560001373291016,41.560001373291016,41.040000915527344,41.060001373291016,848878.0,WALL-B.ST,41.40510009765625
2026-08-18,40.97999954223633,41.58000183105469,40.81999969482422,41.31999969482422,630645.0,WALL-B.ST,41.387200088500975
2026-08-19,41.0,41.220001220703125,40.52000045776367,40.97999954223633,339499.0,WALL-B.ST,41.370600090026855
2026-08-20,40.959999084472656,41.2400016784668,40.58000183105469,40.7599983215332,486459.0,WALL-B.ST,41.35210008621216
2026-08-21,40.720001220703125,41.220001220703125,40.52000045776367,41.119998931884766,662098.0,WALL-B.ST,41.336600074768064
2026-08-24,41.02000045776367,41.43999862670898,40.7599983215332,41.27999877929688,369363.0,WALL-B.ST,41.322700061798095
2026-08-25,41.27999877929688,41.36000061035156,40.81999969482422,41.119998931884766,358131.0,WALL-B.ST,41.30900005340576
2026-08-26,41.20000076293945,41.20000076293945,40.77999877929688,40.91999816894531,734230.0,WALL-B.ST,41.293000049591065
2026-08-27,40.91999816894531,41.02000045776367,40.13999938964844,40.41999816894531,488556.0,WALL-B.ST,41.278700046539306
2026-08-28,40.400001525878906,40.7400016784668,40.08000183105469,40.08000183105469,632622.0,WALL-B.ST,41.26280006408692
2026-08-31,40.02000045776367,40.02000045776367,39.040000915527344,39.41999816894531,1253387.0,WALL-B.ST,41.242000045776365
2026-09-01,39.41999816894531,40.119998931884766,39.27999877929688,40.09999847412109,470246.0,WALL-B.ST,41.22880002975464
2026-09-02,40.02000045776367,40.27999877929688,39.70000076293945,40.13999938964844,666221.0,WALL-B.ST,41.2156000328064
2026-09-03,40.20000076293945,41.29999923706055,40.18000030517578,40.59999847412109,889305.0,WALL-B.ST,41.203200016021725
2026-09-04,40.58000183105469,40.70000076293945,40.08000183105469,40.65999984741211,664513.0,WALL-B.ST,41.19000001907349
2026-09-07,40.63999938964844,40.7599983215332,40.15999984741211,40.560001373291016,321306.0,WALL-B.ST,41.178200035095216
2026-09-08,40.560001373291016,40.59999847412109,40.0,40.13999938964844,506491.0,WALL-B.ST,41.16330003738403
2026-09-09,40.08000183105469,40.13999938964844,39.720001220703125,39.84000015258789,495769.0,WALL-B.ST,41.14900003433228
2026-09-10,39.52000045776367,40.119998931884766,39.09999847412109,39.09999847412109,515546.0,WALL-B.ST,41.1306000328064
2026-09-11,39.27999877929688,39.27999877929688,38.65999984741211,38.79999923706055,818569.0,WALL-B.ST,41.11370002746582
2026-09-14,38.77999877929688,39.0,38.5,38.52000045776367,319399.0,WALL-B.ST,41.093200035095215
2026-09-15,38.439998626708984,38.439998626708984,37.79999923706055,38.02000045776367,796197.0,WALL-B.ST,41.06820003509522
2026-09-16,38.560001373291016,38.560001373291016,37.959999084472656,38.119998931884766,414553.0,WALL-B.ST,41.043400020599364
2026-09-17,38.0,38.380001068115234,37.91999816894531,38.2599983215332,281889.0,WALL-B.ST,41.01890001296997
2026-09-18,38.2599983215332,38.2599983215332,37.63999938964844,37.63999938964844,574372.0,WALL-B.ST,40.99010000228882
2026-09-21,37.63999938964844,38.13999938964844,37.599998474121094,38.0,382547.0,WALL-B.ST,40.965400009155275
2026-09-22,38.0,38.099998474121094,37.560001373291016,37.900001525878906,361052.0,WALL-B.ST,40.942100009918214
2026-09-23,37.900001525878906,37.900001525878906,37.34000015258789,37.58000183105469,329616.0,WALL-B.ST,40.91970001220703
2026-08-17,80.1500015258789,80.1500015258789,78.94999694824219,79.30000305175781,262409.0,WIHL.ST,86.34575008392333
2026-08-18,79.30000305175781,80.0999984741211,78.69999694824219,79.4000015258789,212144.0,WIHL.ST,86.27275009155274
2026-08-19,79.55000305175781,79.75,78.30000305175781,79.0,179200.0,WIHL.ST,86.20250007629394
2026-08-20,79.1500015258789,79.44999694824219,78.19999694824219,78.25,207579.0,WIHL.ST,86.12700008392333
2026-08-21,78.4000015258789,79.44999694824219,78.05000305175781,78.75,228033.0,WIHL.ST,86.05575008392334
2026-08-24,78.75,79.05000305175781,77.69999694824219,78.44999694824219,271375.0,WIHL.ST,85.98650005340576
2026-08-25,78.25,78.9000015258789,78.0,78.55000305175781,267729.0,WIHL.ST,85.92075008392334
2026-08-26,78.55000305175781,78.75,77.75,77.8499984741211,318609.0,WIHL.ST,85.85000007629395
2026-08-27,77.8499984741211,78.55000305175781,77.5,78.25,576777.0,WIHL.ST,85.78200008392334
2026-08-28,78.44999694824219,78.94999694824219,77.9000015258789,78.94999694824219,259634.0,WIHL.ST,85.71350006103516
2026-08-31,78.1500015258789,78.3499984741211,76.80000305175781,77.0,807058.0,WIHL.ST,85.63050006866455
2026-09-01,77.05000305175781,78.5,76.80000305175781,78.30000305175781,379976.0,WIHL.ST,85.56100009918212
2026-09-02,78.5,78.80000305175781,77.05000305175781,77.5,454102.0,WIHL.ST,85.48475009918212
2026-09-03,77.5999984741211,80.0,77.55000305175781,78.9000015258789,333079.0,WIHL.ST,85.41300010681152
2026-09-04,78.0,78.69999694824219,77.05000305175781,78.55000305175781,513295.0,WIHL.ST,85.33450012207031
2026-09-07,78.0,79.30000305175781,77.3499984741211,78.9000015258789,209672.0,WIHL.ST,85.2590001296997
2026-09-08,78.80000305175781,78.82499694824219,77.69999694824219,77.69999694824219,312361.0,WIHL.ST,85.17550010681153
2026-09-09,77.6500015258789,78.0,76.80000305175781,76.9000015258789,390336.0,WIHL.ST,85.09150012969971
2026-09-10,76.9000015258789,77.3499984741211,75.80000305175781,75.80000305175781,406781.0,WIHL.ST,84.99950016021728
2026-09-11,76.1500015258789,76.75,75.5,76.19999694824219,387658.0,WIHL.ST,84.91575016021729
2026-09-14,76.5,76.9000015258789,75.0999984741211,75.1500015258789,306502.0,WIHL.ST,84.82650016784667
2026-09-15,75.30000305175781,75.30000305175781,74.0,74.80000305175781,550524.0,WIHL.ST,84.73650016784669
2026-09-16,75.5,76.44999694824219,75.1500015258789,76.1500015258789,474688.0,WIHL.ST,84.65350017547607
2026-09-17,76.0999984741211,76.5,75.3499984741211,76.0,487741.0,WIHL.ST,84.57250019073486
2026-09-18,75.8499984741211,75.8499984741211,74.1500015258789,74.4000015258789,2375805.0,WIHL.ST,84.48200019836426
2026-09-21,74.55000305175781,76.19999694824219,74.55000305175781,76.19999694824219,406191.0,WIHL.ST,84.40300018310546
2026-09-22,76.55000305175781,76.55000305175781,75.44999694824219,75.75,330596.0,WIHL.ST,84.32900016784669
2026-09-23,75.8499984741211,76.0,74.5,75.05000305175781,378613.0,WIHL.ST,84.25575019836425
2026-08-17,130.60000610351562,132.60000610351562,128.1999969482422,131.60000610351562,35432.0,ZZ-B.ST,140.06149997711182
2026-08-18,130.8000030517578,134.39999389648438,129.8000030517578,131.1999969482422,70586.0,ZZ-B.ST,140.12549995422364
2026-08-19,133.10000610351562,138.8000030517578,131.1999969482422,137.3000030517578,62139.0,ZZ-B.ST,140.22699996948242
2026-08-20,135.5,142.5,134.5,137.6999969482422,81513.0,ZZ-B.ST,140.3344999694824
2026-08-21,137.60000610351562,142.0,136.10000610351562,140.60000610351562,37960.0,ZZ-B.ST,140.4575
2026-08-24,141.60000610351562,141.89999389648438,134.39999389648438,135.60000610351562,63758.0,ZZ-B.ST,140.55550003051758
2026-08-25,149.89999389648438,158.0,142.39999389648438,145.60000610351562,557650.0,ZZ-B.ST,140.71650005340575
2026-08-26,145.8000030517578,149.6999969482422,137.89999389648438,146.39999389648438,276091.0,ZZ-B.ST,140.87650001525878
2026-08-27,147.10000610351562,151.89999389648438,134.39999389648438,138.5,230661.0,ZZ-B.ST,141.0070000076294
2026-08-28,139.5,144.3000030517578,139.3000030517578,140.39999389648438,73590.0,ZZ-B.ST,141.14599998474122
2026-08-31,139.3000030517578,141.3000030517578,137.8000030517578,138.39999389648438,39447.0,ZZ-B.ST,141.26199996948242
2026-09-01,137.5,140.10000610351562,133.0,136.6999969482422,96563.0,ZZ-B.ST,141.33849994659423
2026-09-02,136.60000610351562,138.89999389648438,136.5,137.1999969482422,39422.0,ZZ-B.ST,141.43149993896483
2026-09-03,138.10000610351562,144.89999389648438,137.39999389648438,141.6999969482422,54361.0,ZZ-B.ST,141.54499992370606
2026-09-04,142.39999389648438,142.8000030517578,138.0,138.8000030517578,20974.0,ZZ-B.ST,141.63699993133545
2026-09-07,138.8000030517578,141.89999389648438,137.10000610351562,141.10000610351562,31461.0,ZZ-B.ST,141.74349994659423
2026-09-08,140.5,143.0,137.5,141.5,73261.0,ZZ-B.ST,141.84099994659425
2026-09-09,141.0,144.0,141.0,141.5,29997.0,ZZ-B.ST,141.92549995422362
2026-09-10,141.6999969482422,143.39999389648438,139.5,140.3000030517578,29533.0,ZZ-B.ST,141.84699996948243
2026-09-11,140.89999389648438,141.5,137.0,137.10000610351562,52151.0,ZZ-B.ST,141.71550003051757
2026-09-14,137.39999389648438,139.0,136.39999389648438,137.89999389648438,52218.0,ZZ-B.ST,141.6190000152588
2026-09-15,137.10000610351562,138.39999389648438,135.60000610351562,137.0,16570.0,ZZ-B.ST,141.46300003051758
2026-09-16,137.39999389648438,137.5,133.89999389648438,133.89999389648438,32205.0,ZZ-B.ST,141.2834999847412
2026-09-17,134.1999969482422,135.89999389648438,134.0,134.3000030517578,19658.0,ZZ-B.ST,141.1030000305176
2026-09-18,134.6999969482422,136.8000030517578,131.1999969482422,133.10000610351562,49915.0,ZZ-B.ST,140.91650009155276
2026-09-21,133.8000030517578,138.0,133.0,138.0,34038.0,ZZ-B.ST,140.77450012207032
2026-09-22,137.3000030517578,138.39999389648438,135.89999389648438,137.3000030517578,37289.0,ZZ-B.ST,140.64100013732912
2026-09-23,137.10000610351562,140.5,135.8000030517578,137.89999389648438,28680.0,ZZ-B.ST,140.50550010681155
